CH3	CH4
33625	32172
33714	32188
33796	32273
33876	32360
33953	32424
33992	32524
34116	32646
34168	32706
34272	32762
34344	32848
34488	32993
34536	32989
34632	33104
34744	33224
34840	33248
34944	33288
35042	33396
35169	33460
35268	33516
35384	33666
35544	33676
35636	33808
35752	33914
35864	34000
35986	34048
36176	34184
36216	34208
36356	34312
36504	34364
36608	34516
36812	34564
36922	34693
36976	34793
37104	34956
37308	35048
37352	35178
37468	35268
37601	35360
37730	35436
37844	35568
38033	35724
38080	35800
38220	35992
38392	36068
38444	36224
38560	36252
38776	36386
38784	36580
38913	36664
39000	36740
39124	36832
39201	37004
39312	37078
39432	37204
39510	37324
39589	37408
39700	37464
39776	37628
39896	37748
39956	37772
40144	37890
40128	38000
40208	38013
40322	38180
40364	38228
40448	38304
40520	38328
40588	38488
40649	38560
40856	38602
40792	38592
40857	38708
40952	38744
41068	38832
41096	38904
41096	38856
41168	38928
41264	39018
41192	38969
41233	39018
41296	39024
41444	39120
41336	39100
41389	39096
41388	39120
41418	39112
41560	39180
41456	39189
41468	39168
41480	39124
41528	39072
41496	39148
41506	39064
41612	39051
41492	39040
41564	39032
41481	39016
41472	38984
41456	39052
41445	39040
41453	38960
41473	39008
41400	38986
41364	38904
41400	38858
41416	38877
41284	38824
41236	38845
41248	38845
41174	38745
41144	38704
41101	38696
41040	38694
41056	38706
40960	38664
41040	38556
40872	38585
40808	38489
40784	38476
40708	38376
40744	38320
40720	38316
40540	38236
40616	38145
40424	38188
40416	38136
40308	38076
40248	37937
40192	37921
40122	37873
40056	37700
40032	37672
40048	37617
39897	37582
39800	37426
39736	37381
39672	37308
39600	37200
39632	37136
39453	37017
39400	36980
39320	36856
39236	36812
39193	36748
39098	36589
39128	36500
38956	36456
38960	36412
38928	36240
38749	36209
38738	36104
38600	35944
38596	35876
38460	35820
38364	35692
38304	35568
38280	35540
38196	35368
38172	35352
38036	35172
37944	35076
37865	35044
37805	34899
37725	34772
37742	34688
37680	34608
37581	34500
37450	34364
37361	34324
37292	34184
37224	34090
37160	33964
37081	33908
37048	33824
36964	33672
36888	33568
36784	33456
36752	33388
36637	33272
36576	33226
36504	33108
36490	32988
36348	32908
36340	32808
36208	32780
36154	32644
36112	32544
35984	32520
35902	32416
35872	32337
35729	32225
35650	32160
35604	32085
35528	32064
35446	31937
35274	31900
35220	31832
35076	31728
35040	31692
34880	31636
34812	31541
34656	31488
34616	31444
34428	31408
34325	31326
34213	31264
34112	31208
33972	31122
33901	31058
33756	31022
33648	30944
33520	30944
33396	30842
33284	30844
33176	30796
33104	30698
32988	30648
32849	30624
32774	30601
32643	30532
32550	30504
32440	30406
32340	30400
32253	30321
32164	30281
32064	30248
31986	30186
31885	30148
31820	30112
31716	30056
31640	30026
31557	30036
31476	29954
31400	29904
31320	29868
31246	29848
31176	29789
31096	29768
31020	29744
30954	29696
30884	29682
30812	29672
30752	29652
30682	29624
30612	29520
30552	29504
30496	29488
30433	29460
30368	29428
30301	29428
30244	29388
30208	29368
30128	29349
30098	29336
30060	29356
30000	29385
29972	29316
29920	29305
29888	29302
29856	29360
29825	29360
29789	29356
29760	29356
29720	29308
29722	29308
29694	29357
29669	29342
29648	29344
29656	29352
29616	29404
29616	29388
29608	29408
29629	29474
29601	29456
29628	29514
29611	29572
29633	29557
29648	29592
29657	29664
29665	29648
29672	29676
29666	29787
29702	29766
29726	29808
29748	29832
29763	29926
29797	29968
29828	29975
29852	30092
29884	30139
29890	30105
29928	30196
29980	30192
29996	30265
30050	30270
30088	30333
30132	30394
30164	30368
30200	30404
30240	30456
30292	30472
30325	30476
30372	30489
30418	30577
30452	30522
30496	30580
30540	30576
30572	30640
30612	30592
30658	30596
30698	30620
30732	30683
30777	30716
30801	30672
30836	30648
30864	30660
30892	30664
30914	30744
30946	30688
30960	30684
30994	30732
31005	30726
31030	30693
31036	30702
31056	30776
31068	30704
31068	30701
31073	30756
31090	30770
31096	30694
31096	30752
31096	30708
31092	30766
31094	30717
31092	30737
31092	30680
31084	30680
31077	30738
31073	30686
31070	30692
31064	30762
31054	30760
31044	30693
31060	30672
31040	30744
31036	30688
31032	30700
31032	30704
31025	30790
31033	30704
31036	30742
31041	30736
31057	30812
31048	30754
31056	30832
31072	30788
31076	30808
31085	30892
31084	30858
31097	30864
31112	30960
31125	30944
31128	31010
31136	30994
31146	31050
31152	31113
31164	31144
31174	31122
31188	31244
31200	31240
31210	31232
31236	31321
31248	31320
31256	31368
31276	31443
31298	31464
31312	31592
31329	31616
31348	31648
31370	31761
31392	31744
31421	31872
31440	31928
31480	32032
31492	32032
31522	32171
31552	32222
31588	32268
31605	32324
31644	32420
31688	32488
31708	32574
31728	32721
31776	32726
31788	32902
31832	32888
31864	33004
31880	33048
31909	33132
31937	33196
31968	33260
32008	33333
32024	33428
32036	33474
32065	33588
32089	33600
32105	33704
32144	33736
32141	33774
32180	33848
32200	33896
32212	33949
32225	33992
32229	34104
32256	34052
32268	34104
32290	34162
32304	34232
32358	34290
32378	34328
32384	34328
32384	34294
32400	34337
32424	34332
32440	34344
32464	34296
32504	34296
32485	34354
32524	34324
32537	34368
32534	34260
32544	34216
32584	34196
32584	34185
32584	34144
32612	34128
32584	34077
32592	34052
32596	34004
32628	33944
32636	33900
32608	33920
32621	33816
32634	33758
32613	33800
32632	33710
32632	33596
32604	33556
32605	33560
32590	33504
32596	33420
32568	33313
32541	33320
32548	33220
32505	33177
32504	33108
32468	33068
32462	33008
32432	33012
32388	32944
32356	32945
32332	32828
32300	32792
32273	32728
32225	32762
32184	32624
32152	32572
32118	32592
32036	32445
31996	32384
31964	32328
31892	32266
31840	32216
31780	32120
31732	32044
31668	31992
31604	31969
31540	31790
31482	31732
31412	31642
31344	31584
31288	31561
31218	31440
31169	31366
31109	31256
31060	31181
31008	31132
30985	31133
30948	31004
30912	31032
30908	30900
30908	30872
30896	30808
30896	30837
30912	30756
30930	30732
30960	30752
31001	30728
31028	30713
31088	30670
31140	30730
31200	30704
31260	30712
31342	30754
31396	30750
31460	30720
31541	30724
31610	30772
31684	30797
31738	30826
31816	30818
31880	30816
31952	30812
31984	30880
32025	30872
32068	30862
32097	30922
32120	30892
32164	30936
32152	30928
32184	30937
32180	30940
32154	30960
32144	31000
32133	31067
32121	31009
32114	31089
32104	31044
32084	31104
32069	31108
32056	31217
32052	31248
32052	31240
32048	31296
32064	31397
32076	31468
32104	31481
32137	31556
32181	31637
32252	31716
32306	31820
32398	31988
32500	32032
32584	32145
32688	32356
32816	32409
32956	32637
33109	32724
33300	32858
33468	33032
33640	33272
33874	33460
34048	33688
34280	33852
34570	34076
34762	34208
35044	34516
35300	34733
35617	34900
35865	35084
36160	35298
36450	35600
36768	35786
37076	36076
37378	36208
37734	36444
38066	36657
38408	36882
38720	37106
38980	37352
39304	37626
39620	37848
39948	38024
40368	38261
40568	38358
40968	38620
41212	38828
41473	38952
41892	39096
42036	39288
42318	39444
42652	39616
42933	39786
43072	39940
43410	40012
43600	40165
43736	40248
43960	40346
44124	40416
44280	40496
44472	40570
44644	40644
44704	40656
44824	40736
44953	40720
45028	40736
45040	40744
45096	40792
45120	40797
45152	40720
45136	40752
45120	40716
45108	40664
45108	40584
45024	40512
44928	40464
44836	40458
44816	40384
44632	40264
44588	40173
44426	40136
44288	40028
44116	39914
43962	39841
43832	39752
43712	39649
43448	39520
43370	39476
43172	39364
43008	39262
42721	39152
42628	39044
42412	38860
42120	38820
41997	38689
41832	38608
41604	38453
41272	38392
41056	38256
40872	38088
40648	38009
40528	37924
40224	37808
40012	37680
39920	37524
39608	37420
39512	37372
39304	37250
39076	37112
38889	37032
38624	36936
38432	36841
38301	36728
38060	36684
37920	36680
37762	36616
37544	36530
37364	36408
37249	36450
37042	36418
36956	36332
36796	36297
36628	36276
36490	36268
36326	36264
36200	36324
36096	36282
35916	36384
35794	36440
35700	36498
35624	36524
35539	36524
35476	36504
35292	36634
35232	36736
35141	36800
35060	36884
35004	36824
34912	36901
34896	36997
34804	37056
34772	37176
34724	37200
34702	37288
34698	37396
34698	37569
34737	37645
34704	37656
34740	37788
34742	37844
34788	37928
34864	38074
34940	38274
34960	38320
35016	38452
35124	38448
35242	38532
35284	38744
35440	38752
35492	38834
35620	38912
35737	39020
35864	39156
36000	39244
36140	39348
36276	39472
36416	39428
36584	39612
36722	39680
36885	39800
37020	39740
37188	39916
37344	39924
37544	40112
37692	40105
37862	40104
38097	40157
38212	40305
38380	40304
38544	40492
38820	40504
38916	40452
39164	40608
39256	40570
39397	40621
39572	40764
39740	40797
39905	40952
40144	40972
40340	41080
40512	41004
40584	41192
40760	41149
41026	41232
41080	41276
41272	41377
41452	41384
41628	41544
41746	41528
41906	41512
42032	41672
42240	41548
42320	41578
42461	41648
42708	41624
42856	41498
42961	41581
43008	41440
43132	41376
43276	41314
43452	41264
43520	41208
43672	41136
43786	41128
43978	41060
44100	41020
44224	40954
44348	40880
44432	40826
44528	40760
44692	40626
44736	40620
44852	40544
44928	40464
45012	40404
45092	40376
45192	40329
45256	40336
45312	40285
45396	40242
45440	40212
45464	40192
45540	40152
45600	40132
45640	40116
45596	40088
45676	40068
45600	40056
45676	40028
45592	40012
45597	39994
45564	39988
45569	39992
45588	40000
45476	40028
45452	39996
45452	40009
45376	40072
45341	40064
45320	40082
45276	40160
45252	40140
45216	40180
45172	40260
45172	40314
45152	40308
45086	40336
45077	40416
45048	40424
44944	40506
44942	40472
44924	40512
44888	40581
44832	40529
44800	40562
44722	40572
44736	40548
44688	40520
44588	40532
44552	40513
44496	40452
44520	40472
44456	40396
44432	40324
44392	40285
44384	40298
44437	40286
44436	40192
44392	40136
44384	40164
44424	40076
44412	40088
44372	40060
44394	39972
44428	39986
44396	39912
44412	39944
44409	39852
44452	39888
44424	39816
44424	39820
44444	39776
44448	39762
44464	39672
44452	39682
44448	39656
44432	39608
44508	39504
44412	39464
44404	39412
44400	39400
44360	39284
44348	39270
44336	39173
44304	39080
44328	39018
44240	38971
44232	38905
44177	38833
44160	38724
44108	38656
44096	38576
44068	38500
44056	38378
44048	38288
43914	38184
43868	38060
43800	37933
43810	37800
43660	37680
43580	37512
43505	37329
43360	37152
43321	36964
43124	36764
42992	36548
42850	36332
42772	36089
42484	35849
42288	35604
42100	35360
41901	35092
41709	34824
41600	34560
41226	34272
41016	33996
40744	33752
40560	33460
40312	33180
40037	32916
39760	32648
39500	32384
39172	32132
38881	31880
38464	31586
38212	31333
37848	31098
37528	30857
37172	30610
36844	30372
36532	30136
36194	29904
35832	29673
35461	29464
35141	29228
34754	29008
34424	28790
34072	28574
33696	28360
33348	28148
33004	27949
32637	27736
32290	27528
31902	27322
31601	27108
31240	26908
30892	26701
30552	26500
30282	26293
29963	26082
29665	25874
29381	25664
29085	25452
28816	25236
28532	25025
28282	24796
28018	24564
27762	24332
27508	24100
27276	23856
27032	23589
26808	23332
26568	23072
26290	22805
26112	22514
25864	22240
25640	21961
25426	21672
25200	21392
24946	21108
24706	20824
24473	20544
24208	20262
23945	20000
23760	19734
23488	19480
23236	19228
22971	18977
22724	18736
22424	18514
22180	18281
21856	18068
21529	17848
21270	17648
21020	17456
20688	17251
20416	17082
20112	16894
19762	16733
19520	16556
19250	16405
18925	16256
18612	16102
18322	15964
18056	15822
17810	15699
17492	15566
17220	15440
16936	15326
16633	15212
16410	15098
16109	15008
15910	14934
15602	14873
15440	14822
15222	14792
14968	14788
14804	14787
14612	14808
14448	14840
14219	14906
14121	15005
13973	15066
13865	15214
13762	15322
13668	15408
13584	15625
13475	15778
13455	15864
13444	16086
13372	16232
13364	16376
13401	16592
13406	16760
13473	16904
13524	17132
13532	17270
13642	17469
13716	17672
13771	17826
13890	18004
13963	18224
14130	18405
14164	18585
14322	18786
14418	18960
14580	19160
14780	19452
14902	19640
15065	19922
15168	20075
15360	20377
15468	20628
15667	20843
15824	21137
15964	21394
16168	21586
16300	21918
16498	22092
16665	22430
16849	22642
16996	22910
17145	23188
17341	23381
17565	23682
17760	23920
17944	24180
18104	24392
18322	24652
18528	24924
18704	25096
18882	25310
19124	25518
19361	25748
19552	25978
19769	26216
20068	26408
20274	26664
20584	26932
20864	27158
21113	27406
21374	27620
21645	27828
21888	28102
22236	28356
22456	28552
22756	28808
23028	29028
23340	29228
23652	29459
23908	29648
24179	29849
24428	30061
24684	30252
24973	30386
25192	30556
25468	30741
25704	30888
25956	31056
26244	31196
26489	31344
26730	31516
26926	31692
27204	31824
27434	31976
27681	32164
27908	32321
28109	32424
28360	32561
28541	32792
28812	32889
29042	33020
29186	33168
29472	33376
29605	33436
29862	33596
30092	33736
30288	33865
30468	34096
30624	34184
30832	34304
30957	34448
31121	34440
31322	34560
31408	34710
31644	34813
31712	34820
31888	34952
32040	35028
32164	35048
32306	35132
32398	35182
32480	35345
32589	35312
32690	35396
32788	35472
32888	35512
33008	35650
33052	35737
33132	35713
33208	35752
33281	35912
33376	35956
33432	36004
33461	36088
33512	36109
33564	36108
33626	36153
33652	36048
33625	36156
33664	36112
33616	35988
33580	35924
33580	35898
33529	35794
33452	35712
33362	35624
33278	35564
33165	35466
33048	35328
32905	35109
32769	34970
32572	34817
32409	34704
32208	34544
32025	34324
31776	34256
31536	33960
31292	33805
31028	33700
30756	33552
30480	33270
30184	33133
29894	32993
29593	32768
29248	32637
28954	32412
28641	32300
28272	32164
27933	31938
27680	31786
27312	31660
26992	31506
26652	31325
26300	31216
25996	31024
25678	30882
25286	30764
25026	30646
24716	30481
24374	30356
24102	30264
23736	30164
23460	30070
23098	29942
22889	29864
22604	29804
22264	29696
22002	29624
21780	29568
21534	29500
21312	29440
21056	29368
20852	29280
20632	29180
20430	29076
20160	28994
20025	28892
19858	28758
19640	28648
19509	28513
19376	28362
19245	28244
19089	28100
18994	27942
18885	27778
18716	27588
18674	27424
18618	27252
18466	27088
18379	26864
18352	26656
18330	26456
18240	26282
18156	26025
18124	25865
18085	25580
18080	25424
18046	25249
17991	25018
17977	24888
17930	24644
17884	24416
17826	24308
17819	24138
17769	23956
17737	23784
17718	23620
17706	23449
17731	23237
17656	23125
17670	22968
17609	22837
17630	22712
17594	22568
17608	22476
17592	22378
17584	22281
17603	22204
17609	22179
17620	22033
17630	22018
17641	22011
17668	22065
17718	22042
17733	22116
17807	22176
17844	22216
17956	22330
18040	22370
18106	22484
18217	22556
18324	22701
18448	22868
18520	22940
18686	23029
18849	23224
19000	23344
19161	23472
19348	23632
19458	23715
19618	23858
19900	24018
20076	24044
20276	24254
20482	24388
20734	24434
20948	24640
21140	24730
21422	24925
21676	25045
21885	25176
22171	25312
22422	25457
22708	25608
22972	25756
23233	25944
23500	26091
23822	26256
24116	26420
24328	26594
24696	26765
24962	26930
25281	27088
25576	27265
25834	27452
26118	27604
26452	27800
26740	27952
27024	28140
27300	28282
27564	28472
27896	28656
28101	28850
28460	28956
28712	29117
29024	29282
29332	29514
29634	29656
29932	29832
30252	29944
30540	30122
30828	30342
31120	30473
31434	30630
31742	30786
32052	30970
32377	31176
32728	31276
33052	31476
33372	31561
33762	31757
34060	31848
34346	31952
34656	32089
34998	32184
35434	32291
35660	32412
36064	32516
36344	32612
36656	32676
36988	32772
37320	32844
37652	32976
38080	33036
38340	33144
38624	33216
39024	33314
39244	33416
39660	33520
39834	33617
40124	33732
40397	33824
40716	33945
40916	34057
41160	34176
41449	34265
41636	34406
41844	34524
42044	34617
42352	34756
42528	34860
42716	34980
42852	35114
42896	35232
42992	35312
43240	35464
43268	35568
43424	35644
43428	35760
43540	35834
43632	35956
43713	35996
43785	36108
43792	36193
43824	36264
43872	36308
43952	36372
43952	36456
44072	36524
44096	36552
44069	36626
44172	36684
44156	36716
44208	36740
44282	36784
44268	36796
44348	36824
44362	36800
44424	36792
44396	36794
44428	36752
44440	36690
44468	36636
44497	36548
44576	36456
44568	36296
44560	36152
44504	36048
44484	35868
44476	35677
44440	35544
44464	35296
44384	35124
44312	34884
44304	34632
44181	34473
44108	34164
44068	34025
43937	33760
43840	33528
43800	33208
43596	33014
43500	32732
43324	32518
43178	32273
43026	32072
42880	31872
42696	31608
42578	31344
42364	31117
42180	30896
42040	30725
41912	30448
41632	30256
41472	30064
41212	29806
41016	29609
40820	29392
40588	29165
40356	28968
40176	28824
39928	28585
39648	28420
39396	28203
39176	28033
38904	27854
38688	27666
38396	27502
38112	27404
37892	27225
37696	27082
37352	26977
37089	26856
36764	26704
36460	26556
36160	26484
35868	26336
35601	26273
35332	26146
35041	26052
34732	25916
34424	25803
34085	25712
33728	25589
33392	25484
33101	25381
32832	25288
32497	25192
32160	25086
31856	25000
31554	24898
31258	24820
30968	24733
30660	24668
30365	24606
30105	24545
29836	24498
29505	24460
29269	24424
28944	24400
28752	24392
28488	24384
28201	24400
27968	24402
27720	24430
27484	24466
27212	24507
26970	24588
26800	24616
26500	24676
26224	24756
26008	24868
25892	24912
25576	25000
25348	25154
25210	25228
24972	25373
24768	25504
24597	25570
24444	25724
24244	25877
24050	25957
23941	26116
23812	26318
23682	26502
23564	26636
23426	26852
23284	27000
23182	27198
23139	27414
23104	27624
23098	27825
23008	28040
22970	28276
23029	28520
23032	28736
23069	28944
23114	29181
23173	29312
23201	29522
23280	29728
23392	29896
23442	30072
23576	30252
23712	30396
23866	30588
23988	30728
24160	30876
24338	30970
24512	31104
24613	31256
24801	31380
25025	31452
25233	31568
25360	31648
25628	31796
25821	31856
26032	31996
26236	32069
26449	32146
26656	32268
26872	32448
27032	32505
27285	32612
27516	32745
27696	32884
27944	32988
28161	33121
28346	33304
28579	33413
28728	33568
28980	33692
29136	33852
29338	34000
29612	34216
29800	34392
30008	34497
30218	34728
30396	34912
30692	35024
30881	35220
31132	35397
31333	35648
31552	35848
31810	36000
32009	36200
32242	36417
32465	36696
32765	36924
32981	37061
33218	37314
33469	37524
33706	37712
33968	38000
34225	38220
34496	38320
34753	38540
35052	38752
35344	38968
35612	39264
35860	39360
36149	39572
36344	39800
36664	39978
36932	40020
37065	40272
37368	40400
37632	40564
37792	40712
38017	40849
38256	41108
38484	41188
38772	41436
38897	41602
39098	41792
39288	41825
39492	41978
39657	42171
39932	42336
40028	42400
40184	42592
40466	42604
40504	42835
40792	42868
40788	43028
40896	43018
41117	43121
41148	43188
41284	43297
41378	43321
41512	43460
41580	43453
41656	43592
41780	43572
41844	43620
41948	43728
42016	43736
42192	43804
42144	43921
42322	43972
42332	44056
42361	44104
42428	44220
42552	44248
42572	44336
42624	44440
42760	44528
42872	44633
42828	44780
42898	44809
42960	44960
43028	44992
43160	45048
43208	45136
43152	45202
43272	45228
43257	45268
43242	45312
43272	45296
43269	45312
43296	45248
43308	45216
43265	45220
43246	45164
43256	45064
43160	44936
43140	44801
43084	44712
43112	44588
42952	44393
42872	44265
42788	44056
42704	43912
42588	43780
42560	43536
42474	43316
42336	43217
42112	42956
41912	42696
41880	42612
41568	42356
41532	42036
41352	41960
41018	41616
40800	41444
40582	41248
40393	40952
40152	40729
39928	40568
39760	40328
39408	40164
39160	39956
38908	39610
38684	39404
38386	39280
38140	39008
37872	38770
37584	38506
37312	38297
37037	38105
36800	37980
36554	37632
36228	37426
35968	37226
35777	37064
35440	36810
35168	36610
34882	36552
34634	36204
34376	36128
34104	35816
33840	35696
33592	35552
33340	35218
33100	35016
32796	34817
32540	34637
32300	34396
32046	34232
31784	33936
31520	33760
31258	33462
31008	33213
30764	32952
30505	32714
30256	32444
30004	32188
29780	31928
29542	31694
29292	31403
29042	31097
28832	30904
28539	30541
28353	30284
28088	30060
27873	29724
27692	29445
27492	29188
27312	28924
27092	28656
26900	28413
26736	28168
26537	27980
26378	27682
26164	27420
25884	27194
25802	26972
25554	26760
25425	26532
25286	26392
25100	26182
25013	25995
24808	25744
24728	25585
24540	25416
24386	25257
24282	25114
24188	24974
24117	24862
23992	24748
23928	24657
23828	24637
23760	24578
23709	24544
23646	24481
23592	24478
23497	24509
23556	24564
23472	24582
23512	24644
23520	24709
23464	24824
23544	24950
23529	25056
23526	25140
23630	25277
23713	25401
23760	25568
23818	25716
23924	25844
23958	26002
24146	26162
24242	26333
24363	26484
24430	26661
24642	26824
24785	27008
24930	27230
25080	27377
25184	27552
25406	27734
25577	27932
25694	28140
25944	28332
26112	28544
26304	28811
26498	29052
26680	29196
26837	29420
27002	29728
27203	29942
27444	30132
27653	30376
27858	30592
28046	30885
28240	31076
28449	31380
28682	31648
28852	31825
29065	32117
29298	32317
29442	32568
29656	32825
29952	33056
30140	33312
30408	33570
30582	33881
30833	34094
31136	34334
31362	34636
31596	34872
31852	35125
32144	35417
32410	35685
32669	35880
32932	36204
33225	36408
33593	36656
33818	36900
34189	37130
34500	37396
34820	37716
35084	37796
35400	38036
35708	38240
36080	38452
36336	38588
36680	38776
36940	38988
37296	39084
37564	39348
37808	39392
38100	39504
38416	39616
38706	39744
38940	39968
39196	39952
39466	40088
39792	40176
40084	40352
40256	40348
40516	40545
40882	40504
41148	40626
41313	40780
41544	40829
41802	40832
42096	40896
42250	41036
42489	41120
42832	41192
42952	41304
43208	41328
43360	41328
43540	41384
43784	41528
43924	41624
44128	41680
44268	41752
44412	41740
44624	41784
44704	41836
44888	41992
44960	41968
45088	42070
45152	42056
45236	42176
45332	42176
45464	42272
45548	42345
45568	42328
45648	42436
45785	42472
45764	42480
45872	42460
45956	42552
45948	42500
46016	42464
46016	42504
46112	42504
46064	42456
46061	42368
46076	42248
46084	42204
46109	42068
46052	41876
45996	41752
45889	41604
45884	41376
45824	41176
45688	40981
45560	40754
45458	40460
45385	40233
45184	40001
45048	39674
44860	39434
44720	39132
44556	38858
44337	38604
44076	38284
43840	38024
43617	37728
43449	37432
43096	37168
42866	36864
42576	36596
42380	36298
42020	36024
41696	35764
41366	35468
41056	35213
40819	34936
40545	34664
40096	34400
39792	34129
39528	33878
39168	33620
38844	33336
38432	33088
38098	32820
37821	32560
37444	32312
37128	32060
36805	31820
36484	31569
36153	31326
35828	31072
35484	30820
35164	30604
34837	30358
34560	30145
34204	29912
33940	29700
33532	29481
33194	29284
32882	29106
32541	28924
32244	28744
31904	28542
31512	28364
31152	28186
30804	28013
30452	27864
30080	27697
29708	27493
29328	27330
28944	27160
28569	27005
28188	26816
27804	26637
27420	26528
27034	26297
26674	26180
26312	26028
25900	25800
25600	25646
25229	25482
24889	25360
24572	25186
24252	25076
23881	24948
23581	24720
23301	24572
22962	24454
22676	24354
22464	24218
22124	24146
21864	24016
21640	23928
21380	23766
21198	23661
20964	23573
20637	23462
20482	23334
20240	23296
20022	23195
19821	23120
19638	23004
19470	22978
19233	22916
19040	22794
18916	22808
18689	22688
18536	22632
18382	22646
18238	22618
18110	22528
17960	22567
17812	22614
17707	22586
17612	22594
17480	22616
17396	22660
17300	22720
17167	22800
17058	22900
17051	22976
17003	23076
16950	23192
16908	23298
16844	23476
16848	23533
16808	23678
16843	23820
16836	23936
16796	24088
16830	24196
16952	24284
16960	24386
17052	24537
17089	24684
17216	24766
17268	24926
17399	25028
17492	25192
17584	25261
17768	25417
17900	25504
18100	25710
18243	25912
18426	26076
18550	26169
18781	26356
18947	26500
19125	26656
19259	26912
19489	27112
19652	27340
19889	27512
20072	27724
20232	27992
20424	28224
20700	28451
20848	28696
21044	28965
21236	29192
21480	29485
21600	29716
21850	29974
22056	30240
22240	30505
22456	30837
22648	31076
22828	31360
23065	31618
23272	31850
23489	32192
23688	32464
23910	32762
24137	33061
24314	33392
24602	33708
24760	34045
25080	34354
25328	34708
25516	34992
25765	35368
26040	35736
26314	36140
26552	36320
26853	36724
27100	37092
27378	37410
27648	37624
27924	37964
28193	38259
28480	38604
28760	38828
29037	39049
29340	39348
29600	39514
29908	39744
30176	39924
30466	40124
30776	40344
31052	40540
31360	40608
31636	40784
31940	40976
32237	41118
32541	41200
32836	41344
33129	41528
33433	41612
33720	41704
34033	41701
34336	41800
34632	41996
34916	41952
35220	42017
35496	42066
35796	42113
36072	42129
36468	42162
36660	42264
36956	42140
37248	42116
37508	42120
37792	42200
38089	42080
38320	42049
38588	42016
38830	42064
39149	41994
39408	41936
39596	41908
39844	41836
39996	41737
40208	41840
40448	41784
40737	41736
40932	41608
41024	41644
41244	41588
41408	41590
41720	41484
41778	41408
42024	41360
42224	41449
42265	41296
42442	41228
42604	41192
42700	41192
42824	41064
42944	41008
43028	40904
43122	40900
43196	40728
43265	40616
43304	40576
43397	40388
43413	40288
43448	40084
43432	39872
43384	39704
43348	39588
43344	39401
43292	39170
43256	39013
43272	38798
43113	38544
43092	38360
42908	38170
42908	37912
42794	37697
42684	37456
42521	37272
42364	37032
42304	36796
42064	36568
41988	36332
41696	36132
41604	35897
41345	35668
41188	35426
40976	35220
40892	34994
40584	34761
40476	34549
40221	34320
40040	34112
39740	33900
39496	33704
39332	33509
39076	33322
38788	33140
38568	32952
38344	32800
38084	32651
37772	32501
37484	32392
37228	32272
36921	32160
36624	32076
36356	32000
36122	31905
35728	31826
35428	31762
35156	31720
34778	31624
34482	31562
34152	31544
33796	31396
33472	31368
33168	31216
32848	31134
32577	30988
32196	30872
31901	30717
31656	30564
31340	30324
31056	30116
30784	29904
30525	29708
30264	29468
30021	29217
29774	28936
29484	28688
29284	28356
29064	28116
28770	27784
28602	27520
28330	27176
28149	26868
27944	26561
27686	26296
27464	25953
27341	25651
27144	25344
26944	25046
26752	24768
26524	24472
26344	24192
26109	23882
26000	23610
25728	23342
25545	23076
25426	22848
25228	22576
24944	22344
24868	22130
24706	21904
24530	21688
24322	21505
24236	21332
24056	21169
23938	21026
23720	20889
23640	20776
23468	20701
23384	20636
23286	20586
23184	20577
23040	20577
22973	20586
22904	20640
22848	20708
22768	20792
22728	20912
22688	21041
22662	21178
22576	21350
22629	21530
22620	21708
22628	21914
22603	22100
22616	22296
22672	22504
22725	22722
22779	22994
22878	23219
22892	23420
22961	23644
23088	23874
23210	24106
23290	24372
23408	24645
23537	24898
23592	25204
23808	25452
23902	25697
24064	25958
24201	26232
24353	26520
24521	26808
24694	27090
24824	27420
25000	27680
25188	27945
25341	28261
25512	28576
25668	28824
25832	29176
26024	29456
26130	29722
26320	30040
26506	30324
26696	30621
26844	30972
27018	31202
27206	31482
27421	31804
27613	32096
27764	32396
27924	32672
28212	33024
28401	33366
28645	33600
28816	33972
29064	34272
29304	34636
29522	34976
29772	35281
29992	35648
30245	35980
30488	36377
30720	36752
30970	36997
31232	37372
31522	37728
31812	38084
32036	38420
32293	38680
32568	38968
32844	39250
33172	39416
33428	39800
33684	39952
34024	40214
34268	40416
34620	40661
34881	40904
35208	40984
35430	41208
35744	41408
36052	41629
36372	41689
36740	41888
36994	42008
37308	42188
37628	42340
38020	42432
38352	42501
38588	42716
38984	42804
39246	42909
39568	42916
39908	43000
40196	43076
40456	43164
40764	43336
41096	43384
41344	43368
41748	43400
42068	43448
42256	43508
42488	43592
42780	43562
43064	43636
43336	43712
43604	43684
43852	43676
44104	43696
44417	43720
44600	43736
44836	43776
45072	43808
45312	43872
45576	43876
45776	43936
46073	43868
46228	43892
46500	43904
46744	43912
46872	43940
47136	43882
47300	43872
47456	43798
47637	43720
47856	43640
48000	43560
48112	43472
48280	43281
48368	43172
48480	42952
48584	42784
48736	42560
48804	42320
48844	42066
48848	41808
48884	41536
48912	41236
48968	40956
48956	40657
48884	40313
48928	39996
48840	39668
48760	39320
48684	39032
48640	38672
48508	38397
48385	38044
48280	37716
48153	37312
47992	37068
47892	36736
47712	36386
47456	36096
47296	35742
47064	35440
46890	35096
46616	34788
46360	34560
46161	34217
45844	33840
45632	33550
45281	33286
45066	33072
44728	32724
44492	32476
44125	32192
43860	31892
43528	31588
43200	31352
42984	31108
42652	30876
42304	30600
41888	30338
41696	30124
41212	29920
40866	29696
40516	29465
40252	29266
39820	29081
39464	28948
39104	28724
38745	28538
38384	28364
38084	28206
37650	28040
37288	27848
36904	27648
36516	27498
36144	27336
35768	27164
35377	26962
35072	26796
34632	26652
34268	26480
33874	26316
33504	26141
33135	25978
32780	25792
32396	25657
32000	25500
31604	25344
31224	25178
30844	25036
30452	24878
30085	24732
29688	24585
29314	24438
28936	24297
28540	24161
28180	24020
27830	23890
27439	23749
27088	23624
26680	23502
26436	23368
25968	23252
25726	23132
25462	23006
25057	22904
24873	22792
24486	22704
24306	22618
23962	22528
23772	22434
23512	22350
23296	22294
23068	22244
22865	22176
22666	22177
22475	22156
22316	22108
22085	22118
21944	22136
21808	22160
21732	22184
21628	22290
21512	22312
21488	22365
21384	22436
21384	22533
21299	22693
21316	22770
21297	22850
21314	22938
21304	23001
21264	23088
21348	23248
21356	23288
21468	23400
21533	23504
21665	23642
21723	23722
21840	23864
21954	23950
22034	24096
22160	24140
22288	24280
22512	24412
22626	24596
22788	24685
22984	24868
23064	24989
23264	25245
23468	25372
23616	25568
23781	25770
23922	26024
24128	26250
24258	26481
24413	26720
24576	27004
24728	27272
24852	27548
25061	27834
25193	28164
25306	28450
25444	28796
25589	29060
25762	29360
25928	29714
26033	30032
26234	30298
26332	30656
26560	30920
26736	31236
26848	31556
27056	31856
27276	32152
27461	32461
27608	32845
27848	33104
28052	33388
28268	33796
28472	34000
28684	34300
28900	34640
29160	34956
29360	35250
29600	35580
29856	35928
30052	36130
30308	36424
30533	36736
30728	36928
30964	37252
31233	37446
31464	37726
31668	37888
31892	38184
32152	38417
32324	38618
32592	38776
32778	38993
33002	39096
33224	39314
33456	39396
33656	39540
33888	39704
34088	39874
34288	39888
34497	40096
34704	40160
34900	40300
35088	40293
35280	40389
35465	40540
35584	40614
35808	40640
35972	40808
36216	40869
36304	40869
36453	40934
36609	41016
36756	41188
36944	41224
37044	41209
37148	41276
37290	41380
37396	41520
37500	41428
37588	41592
37781	41565
37880	41584
37966	41665
38032	41672
38120	41852
38228	41801
38224	41776
38301	41840
38508	41896
38472	41868
38544	41904
38658	42044
38788	42009
38848	42002
38844	42009
38904	41960
38969	41956
39056	41960
39114	42004
39129	41964
39256	41832
39200	41892
39232	41804
39244	41728
39246	41517
39336	41392
39240	41300
39200	41140
39164	40992
39228	40922
39172	40664
39017	40449
38932	40264
38944	40196
38732	39928
38656	39693
38501	39632
38364	39292
38208	39204
38060	38944
37948	38820
37788	38536
37546	38437
37340	38132
37217	38037
36936	37736
36786	37541
36520	37336
36232	37142
35992	37074
35768	36764
35524	36688
35280	36484
35008	36144
34752	36072
34512	35748
34260	35608
33968	35392
33696	35240
33436	34931
33180	34702
32916	34490
32656	34272
32409	34065
32162	33909
31912	33657
31676	33424
31453	33220
31225	33004
31032	32796
30788	32589
30600	32386
30384	32164
30224	31954
30048	31748
29824	31520
29644	31296
29476	31081
29296	30868
29144	30600
28968	30392
28795	30184
28637	29856
28489	29626
28308	29366
28177	29084
28052	28748
27873	28488
27740	28197
27585	27896
27425	27594
27238	27304
27159	26973
26989	26677
26894	26412
26756	26128
26648	25837
26520	25568
26373	25357
26246	25053
26163	24818
26041	24594
25864	24395
25780	24221
25699	23999
25556	23838
25425	23696
25300	23520
25193	23396
25009	23252
24984	23140
24882	23062
24825	22956
24648	22894
24556	22800
24476	22778
24402	22713
24290	22672
24228	22646
24120	22634
24056	22656
23957	22637
23856	22678
23833	22736
23740	22792
23713	22872
23668	22934
23544	23056
23562	23192
23553	23296
23500	23436
23496	23596
23489	23746
23496	23926
23466	24100
23573	24272
23578	24446
23577	24636
23698	24805
23724	24982
23845	25200
23949	25328
24044	25484
24192	25658
24292	25801
24400	25978
24600	26184
24777	26283
24956	26428
25121	26654
25268	26720
25472	26894
25748	27010
25986	27194
26162	27296
26460	27446
26704	27594
26976	27720
27188	27872
27444	28084
27769	28236
28040	28320
28280	28500
28604	28685
28876	28848
29168	28932
29417	29088
29728	29322
30023	29421
30277	29641
30580	29768
30849	29932
31090	30081
31432	30245
31709	30413
31946	30600
32188	30813
32520	31004
32796	31114
33073	31284
33348	31460
33624	31652
33898	31905
34152	32025
34432	32244
34716	32498
35048	32688
35340	32929
35654	33090
35872	33386
36152	33608
36444	33834
36730	34070
37044	34222
37416	34520
37668	34692
37860	34904
38146	35108
38484	35344
38748	35562
38944	35710
39188	35930
39516	36068
39720	36280
39932	36388
40176	36541
40420	36700
40633	36824
40872	36968
41172	37072
41401	37170
41609	37332
41744	37416
41925	37468
42218	37586
42348	37649
42580	37748
42704	37794
42940	37873
43144	37944
43293	37980
43376	38048
43628	38100
43676	38144
43809	38220
43926	38256
44108	38292
44160	38354
44248	38373
44312	38406
44417	38450
44525	38473
44544	38528
44594	38544
44640	38561
44764	38584
44774	38634
44760	38632
44780	38664
44753	38680
44828	38697
44848	38704
44764	38716
44740	38765
44780	38776
44752	38788
44644	38776
44596	38808
44556	38784
44560	38780
44428	38752
44352	38736
44258	38744
44221	38672
44089	38652
43994	38569
43821	38496
43752	38388
43616	38308
43372	38164
43244	38036
43036	37920
42952	37720
42644	37560
42452	37332
42196	37168
41961	36953
41728	36712
41556	36496
41240	36212
40976	35972
40856	35716
40448	35488
40248	35204
40016	34996
39632	34728
39432	34460
39072	34233
38777	33984
38480	33788
38192	33540
37912	33328
37698	33088
37307	32888
37048	32696
36740	32504
36418	32320
36136	32128
35811	31978
35504	31792
35228	31620
34972	31480
34616	31345
34324	31164
34004	31024
33668	30884
33384	30785
33096	30633
32786	30560
32449	30388
32146	30292
31824	30212
31493	30074
31188	29984
30906	29892
30572	29794
30245	29708
29940	29644
29644	29608
29348	29488
29062	29376
28736	29308
28452	29220
28164	29161
27879	29040
27600	28944
27320	28932
27040	28748
26773	28668
26532	28530
26289	28420
25996	28282
25793	28164
25500	28096
25248	27912
25024	27789
24780	27640
24592	27524
24400	27384
24152	27244
23922	27120
23756	26968
23524	26845
23392	26700
23178	26580
22970	26457
22814	26296
22616	26244
22496	26072
22304	25924
22130	25788
21984	25693
21822	25568
21676	25449
21490	25376
21292	25220
21161	25204
21089	25092
20956	25010
20852	24950
20692	24878
20566	24822
20452	24777
20376	24760
20316	24787
20252	24745
20176	24754
20082	24768
19997	24780
19969	24805
19992	24924
19941	25042
19972	25124
19976	25218
20024	25372
20060	25500
20033	25652
20157	25813
20200	25996
20264	26186
20416	26344
20545	26498
20630	26760
20768	26914
20962	27178
21077	27309
21320	27510
21484	27721
21670	27924
21889	28096
22041	28296
22284	28448
22528	28641
22664	28820
22948	28944
23176	29169
23420	29340
23661	29514
23936	29696
24152	29864
24392	30074
24644	30206
24885	30364
25128	30536
25404	30716
25593	30893
25892	31096
26104	31248
26380	31444
26614	31608
26840	31820
27024	32024
27284	32160
27528	32369
27706	32568
27924	32716
28188	32941
28352	33152
28592	33308
28800	33512
29004	33606
29244	33772
29433	34040
29696	34186
29916	34344
30149	34520
30337	34672
30561	34842
30800	35082
31020	35300
31244	35488
31490	35680
31666	35872
31908	36080
32144	36257
32400	36470
32624	36593
32912	36880
33104	36992
33356	37250
33624	37360
33832	37520
34096	37768
34368	37972
34600	38002
34864	38146
35177	38288
35376	38456
35704	38544
35880	38720
36199	38864
36464	38936
36672	38905
37012	39000
37186	39176
37448	39212
37692	39237
37953	39296
38208	39464
38414	39368
38744	39421
38884	39560
39188	39640
39340	39620
39561	39696
39784	39626
40112	39649
40176	39768
40384	39824
40512	39856
40840	39768
40866	39820
41009	39828
41156	39936
41304	39824
41537	39937
41560	39952
41728	39913
41817	39992
41928	39996
42098	39936
42272	39884
42288	39964
42444	39900
42449	39920
42616	39936
42576	40012
42632	40020
42737	39976
42869	40000
42904	39928
42968	40016
43040	39978
43064	39916
43081	39916
43040	39872
43088	39840
43080	39816
43141	39748
43081	39648
43068	39620
43124	39468
43032	39400
43040	39236
42945	39082
42884	39008
42792	38780
42833	38617
42641	38410
42520	38239
42520	38080
42260	37812
42112	37620
41960	37400
41940	37160
41696	36954
41466	36728
41244	36481
41032	36240
40808	36004
40716	35782
40476	35556
40172	35316
39952	35088
39608	34880
39344	34668
39112	34428
38784	34260
38496	34016
38200	33808
37920	33624
37668	33400
37352	33188
37029	32996
36720	32793
36436	32608
36130	32452
35776	32236
35486	32114
35148	31918
34824	31710
34508	31540
34178	31376
33872	31229
33540	31124
33293	30965
32920	30816
32618	30724
32372	30564
32088	30442
31762	30296
31517	30237
31268	30064
31044	29933
30778	29846
30556	29721
30353	29576
30152	29464
29973	29322
29784	29176
29626	29077
29456	28865
29284	28701
29152	28524
29004	28410
28860	28216
28716	27994
28552	27802
28484	27596
28357	27402
28180	27253
28107	27038
28000	26849
27877	26704
27776	26515
27698	26297
27528	26164
27442	25957
27334	25801
27270	25690
27168	25541
27056	25420
26972	25256
26818	25148
26653	25028
26624	24938
26468	24850
26373	24770
26292	24744
26160	24680
26088	24594
25986	24581
25864	24556
25828	24544
25694	24562
25617	24568
25568	24614
25400	24622
25404	24696
25288	24786
25298	24857
25256	24945
25168	25065
25156	25253
25076	25360
25124	25520
25074	25690
25092	25850
25096	26043
25168	26264
25120	26442
25236	26609
25245	26812
25348	27012
25394	27248
25494	27432
25520	27692
25630	27802
25748	27989
25916	28188
26073	28392
26226	28642
26352	28736
26508	28897
26684	29117
26868	29224
27077	29384
27256	29532
27432	29682
27665	29894
27900	29968
28104	30112
28345	30208
28576	30320
28788	30444
29040	30520
29284	30604
29525	30688
29749	30858
30030	30912
30284	30936
30521	31004
30814	31092
31074	31148
31306	31280
31596	31260
31842	31384
32110	31452
32457	31500
32732	31577
33008	31580
33298	31644
33572	31716
33844	31768
34152	31820
34460	31896
34762	32000
35024	32112
35344	32144
35712	32288
36038	32308
36268	32395
36688	32538
36913	32604
37220	32716
37636	32798
37889	32888
38200	32992
38448	33080
38756	33192
39036	33290
39420	33378
39604	33468
39880	33554
40172	33641
40468	33712
40736	33792
40957	33848
41192	33952
41440	33984
41720	34040
41904	34098
42136	34180
42352	34240
42553	34232
42745	34277
43008	34340
43112	34408
43280	34396
43536	34476
43604	34544
43762	34576
43880	34612
44000	34646
44146	34688
44232	34716
44324	34708
44477	34776
44468	34833
44564	34888
44648	34892
44680	34936
44740	34960
44786	35000
44836	35068
44812	35024
44876	35068
44836	35080
44884	35206
44888	35141
44824	35225
44801	35204
44808	35336
44776	35296
44736	35356
44772	35432
44692	35496
44712	35456
44676	35592
44625	35604
44604	35640
44476	35728
44480	35757
44368	35764
44280	35860
44216	35876
44198	35926
44024	35904
43928	35948
43808	35924
43698	35944
43584	35936
43460	35885
43317	35897
43168	35817
42988	35800
42752	35712
42616	35648
42492	35570
42224	35476
42088	35376
41728	35282
41588	35172
41290	35040
41032	34932
40864	34804
40512	34668
40281	34538
40032	34388
39712	34244
39472	34112
39244	33953
38868	33810
38632	33668
38332	33560
38004	33388
37604	33278
37316	33144
37012	33012
36653	32842
36321	32684
35972	32560
35632	32456
35304	32308
34940	32220
34561	32080
34272	31948
33888	31860
33490	31740
33161	31656
32800	31568
32432	31456
32084	31441
31708	31305
31322	31216
30966	31139
30596	31122
30240	31028
29888	31044
29584	30928
29250	30892
28914	30808
28602	30756
28301	30800
28016	30644
27746	30612
27489	30588
27244	30507
26986	30437
26765	30382
26573	30400
26368	30272
26176	30184
25988	30105
25816	30044
25603	30021
25464	29856
25298	29768
25132	29765
25025	29620
24853	29509
24692	29424
24588	29321
24437	29238
24317	29152
24180	29028
24047	28944
23925	28836
23749	28773
23636	28707
23556	28620
23438	28592
23278	28472
23236	28449
23038	28376
22901	28308
22826	28268
22737	28216
22682	28188
22498	28156
22441	28164
22265	28137
22250	28130
22100	28160
22074	28198
21993	28196
21897	28276
21851	28282
21722	28360
21744	28402
21696	28560
21656	28557
21616	28700
21572	28824
21554	28964
21592	29072
21601	29192
21628	29324
21604	29498
21658	29581
21686	29774
21741	29882
21842	30025
21916	30072
21997	30240
22075	30368
22108	30386
22196	30528
22376	30624
22485	30665
22556	30717
22694	30718
22814	30760
22889	30828
23068	30836
23194	30846
23318	30812
23450	30834
23600	30792
23720	30776
23846	30805
23908	30702
24056	30664
24169	30632
24315	30588
24408	30516
24468	30482
24597	30492
24652	30445
24822	30420
24864	30364
25005	30352
25040	30365
25132	30324
25208	30324
25236	30326
25318	30368
25386	30340
25498	30336
25569	30345
25628	30372
25712	30404
25792	30450
25838	30501
25912	30548
26022	30616
26096	30657
26130	30728
26324	30856
26436	30936
26536	31021
26674	31097
26784	31184
26948	31328
27090	31384
27268	31465
27420	31568
27616	31688
27808	31765
28000	31888
28196	31944
28392	32028
28580	32097
28808	32172
29008	32260
29232	32292
29437	32350
29640	32440
29825	32508
30044	32552
30240	32540
30402	32572
30636	32701
30818	32682
30977	32804
31196	32732
31336	32740
31552	32776
31710	32856
31861	32832
32009	32861
32145	32897
32300	32984
32425	32965
32592	32955
32644	32972
32816	33104
32936	33117
33056	33070
33212	33076
33245	33192
33417	33136
33508	33260
33585	33276
33697	33256
33840	33371
33925	33413
34065	33426
34164	33456
34304	33504
34424	33586
34568	33662
34709	33842
34908	33889
34996	33940
35176	34138
35356	34237
35496	34384
35720	34416
35868	34620
36056	34762
36312	34904
36528	35048
36748	35117
36944	35253
37146	35492
37266	35560
37477	35744
37692	35968
37912	36020
38105	36252
38322	36396
38560	36512
38836	36624
38917	36840
39120	36914
39308	37132
39548	37176
39680	37312
39972	37508
40140	37682
40240	37816
40428	37936
40562	38016
40772	38228
40944	38320
40992	38516
41156	38688
41322	38754
41400	38948
41525	39141
41686	39204
41784	39392
41894	39584
42040	39720
42156	39812
42260	39921
42395	40152
42544	40284
42608	40440
42724	40505
42932	40720
43000	40748
43152	40954
43248	41036
43458	41184
43548	41344
43780	41376
43877	41564
44048	41644
44192	41824
44412	41889
44597	42056
44760	42172
44936	42240
45188	42449
45344	42560
45533	42632
45728	42772
45936	42908
46128	42954
46316	43076
46588	43250
46756	43298
46906	43404
47096	43561
47284	43600
47446	43752
47668	43808
47872	43864
48001	43944
48204	44072
48297	44168
48416	44232
48620	44308
48680	44384
48866	44428
48920	44493
49104	44548
49156	44616
49300	44668
49392	44741
49394	44788
49520	44804
49556	44848
49568	44898
49608	44932
49664	45008
49624	44992
49648	45056
49688	45076
49592	45050
49556	45064
49600	45100
49520	45124
49480	45136
49384	45120
49320	45132
49252	45124
49152	45068
49104	45100
49008	45048
48920	45028
48864	45024
48788	45032
48704	44984
48552	44928
48500	44908
48368	44884
48224	44860
48073	44752
47936	44680
47757	44640
47625	44568
47489	44480
47288	44360
47053	44168
46888	44081
46626	43912
46365	43706
46144	43598
45896	43414
45648	43168
45428	42928
45105	42768
44833	42533
44548	42204
44284	42020
44056	41720
43724	41460
43385	41194
43074	41040
42832	40684
42468	40528
42276	40256
41952	39950
41504	39768
41184	39444
40992	39138
40648	38916
40276	38636
39945	38408
39602	38202
39240	37908
38920	37764
38608	37524
38234	37176
37941	37020
37604	36728
37268	36485
36936	36268
36608	36000
36284	35736
35948	35552
35648	35284
35333	35048
35012	34897
34660	34596
34380	34478
34096	34272
33764	33948
33492	33850
33192	33532
32900	33400
32621	33124
32340	32916
32100	32696
31818	32534
31561	32278
31348	32144
31060	31852
30824	31712
30580	31461
30336	31144
30104	30904
29872	30683
29628	30461
29389	30220
29116	29912
28886	29649
28660	29400
28444	29144
28194	28896
27960	28696
27692	28384
27416	28142
27208	27918
26924	27700
26744	27450
26440	27156
26276	26932
26046	26708
25749	26504
25569	26297
25354	26136
25105	25926
24884	25764
24633	25562
24374	25398
24165	25240
23980	25080
23786	24961
23554	24812
23389	24714
23128	24600
23024	24512
22817	24480
22604	24349
22392	24284
22219	24208
22108	24226
21969	24168
21840	24131
21696	24122
21581	24138
21500	24176
21366	24180
21289	24294
21202	24306
21139	24444
21089	24452
21053	24569
20965	24668
20964	24843
21016	24910
21048	25058
21076	25148
21072	25258
21120	25408
21164	25534
21217	25648
21353	25776
21390	25852
21500	25984
21600	26129
21732	26256
21882	26436
22018	26465
22124	26592
22258	26676
22402	26864
22575	26997
22760	27133
22924	27216
23064	27384
23216	27498
23376	27662
23536	27836
23708	27964
23861	28108
24040	28280
24184	28486
24328	28642
24509	28912
24706	29097
24853	29220
25041	29428
25188	29636
25373	29864
25552	30082
25632	30328
25861	30552
25976	30804
26169	31060
26288	31308
26517	31514
26624	31770
26888	32020
27044	32260
27200	32508
27451	32772
27632	33008
27866	33280
28064	33524
28288	33776
28520	34032
28784	34264
29016	34556
29232	34748
29512	34960
29736	35236
30016	35428
30272	35666
30544	35872
30832	36012
31132	36184
31380	36368
31662	36608
31964	36706
32225	36844
32509	37028
32820	37116
33077	37237
33360	37354
33600	37538
33882	37682
34136	37752
34398	37732
34640	37930
34857	37984
35092	38068
35308	38226
35520	38176
35776	38288
35924	38373
36176	38464
36324	38560
36500	38609
36712	38748
36876	38753
36976	38838
37136	38968
37256	39032
37377	39088
37502	39240
37668	39360
37716	39408
37792	39464
37892	39516
38015	39664
38048	39824
38121	39801
38169	39952
38346	40048
38304	40120
38324	40177
38360	40232
38444	40360
38452	40349
38488	40380
38524	40449
38552	40648
38596	40704
38616	40676
38652	40808
38700	40844
38832	40864
38852	40844
38764	40896
38840	40796
38880	40778
38936	40802
38832	40672
38900	40729
38936	40668
38901	40440
38808	40428
38792	40336
38792	40096
38761	39941
38688	39828
38740	39588
38560	39372
38496	39156
38512	38928
38336	38820
38228	38588
38120	38345
38080	37976
37904	37764
37752	37576
37680	37216
37458	36960
37380	36761
37178	36512
36978	36196
36780	36056
36664	35736
36404	35540
36196	35293
36008	35000
35804	34794
35612	34484
35402	34312
35197	34024
34964	33800
34762	33648
34553	33328
34321	33104
34089	32868
33868	32644
33636	32472
33408	32219
33216	32042
32973	31776
32744	31572
32552	31341
32338	31164
32164	30912
31984	30718
31788	30520
31584	30320
31428	30150
31240	29941
31028	29784
30864	29558
30708	29400
30544	29152
30366	28964
30232	28773
30050	28554
29883	28349
29733	28196
29560	27928
29402	27744
29249	27497
29088	27273
28914	27057
28724	26872
28552	26622
28389	26401
28196	26185
28016	25964
27813	25760
27638	25552
27436	25357
27224	25128
27046	24925
26842	24746
26644	24545
26443	24362
26240	24222
26008	24052
25809	23864
25556	23714
25352	23584
25092	23436
24848	23305
24662	23201
24421	23117
24152	23019
24034	22894
23692	22848
23536	22764
23208	22718
22992	22661
22844	22652
22549	22637
22356	22633
22170	22684
22004	22696
21793	22732
21576	22822
21378	22925
21272	23028
21065	23192
20940	23260
20792	23421
20712	23600
20542	23732
20453	23938
20336	24122
20324	24300
20268	24491
20229	24684
20180	24893
20116	25076
20084	25261
20082	25460
20162	25644
20177	25800
20158	26084
20264	26218
20322	26416
20401	26612
20476	26756
20617	26956
20686	27112
20872	27292
20930	27478
21066	27654
21232	27824
21432	28028
21590	28200
21739	28394
21928	28570
22028	28777
22268	28956
22453	29108
22658	29345
22824	29564
22980	29720
23218	29928
23384	30150
23624	30344
23822	30556
23980	30757
24232	30950
24453	31140
24620	31362
24885	31536
25133	31737
25374	31936
25628	32157
25832	32364
26078	32560
26389	32728
26648	32926
26952	33138
27224	33344
27504	33544
27860	33786
28138	34016
28460	34198
28790	34384
29128	34632
29472	34816
29816	35082
30172	35232
30537	35496
30890	35642
31252	35816
31620	36016
32037	36282
32406	36384
32772	36544
33101	36776
33464	36952
33824	37104
34198	37258
34569	37404
34920	37461
35312	37592
35668	37789
35976	37976
36321	38066
36642	38136
36952	38248
37300	38441
37556	38480
37844	38608
38128	38736
38452	38785
38684	38901
38984	39136
39206	39205
39420	39225
39700	39328
39872	39425
40096	39648
40300	39672
40516	39780
40752	39924
40900	39969
41024	40108
41206	40068
41528	40160
41564	40348
41704	40348
41858	40406
41996	40576
42130	40666
42312	40768
42536	40768
42568	40952
42668	41016
42794	41056
42984	41194
42976	41256
43088	41240
43184	41253
43312	41352
43344	41368
43452	41456
43464	41360
43544	41312
43572	41372
43649	41322
43699	41172
43640	41148
43616	41008
43684	40860
43592	40620
43572	40544
43508	40338
43452	40040
43376	39806
43340	39564
43288	39360
43193	39052
43017	38788
42896	38500
42876	38256
42664	37960
42488	37656
42328	37340
42162	37080
41980	36796
41906	36497
41676	36192
41542	35885
41296	35608
41122	35320
40817	35037
40544	34761
40328	34488
40088	34224
39896	33976
39592	33700
39364	33446
39188	33192
38860	32928
38656	32684
38392	32440
38124	32200
37858	31952
37632	31721
37346	31492
37088	31258
36881	31035
36640	30812
36408	30594
36096	30376
35872	30177
35722	29977
35381	29780
35208	29590
34936	29412
34716	29228
34532	29057
34254	28892
34028	28732
33884	28568
33584	28408
33376	28248
33148	28094
32920	27936
32696	27776
32468	27612
32240	27440
32026	27284
31804	27117
31552	26952
31320	26796
31069	26616
30836	26452
30578	26273
30340	26112
30048	25938
29760	25778
29544	25604
29260	25448
29028	25280
28768	25125
28508	24972
28218	24817
28016	24680
27756	24528
27501	24373
27232	24252
26976	24136
26708	24010
26476	23876
26160	23758
25906	23628
25656	23532
25456	23466
25234	23357
25040	23245
24762	23186
24570	23117
24325	23048
24180	22984
23992	22941
23816	22914
23568	22880
23501	22860
23334	22896
23216	22870
23124	22888
22940	22914
22924	22940
22886	23016
22741	23078
22792	23148
22745	23208
22748	23300
22741	23408
22782	23513
22850	23612
22898	23706
22954	23868
23032	23972
23156	24070
23232	24260
23368	24320
23512	24476
23626	24584
23804	24700
23914	24821
24122	25004
24230	25082
24409	25228
24645	25350
24744	25481
24966	25640
25153	25780
25340	25920
25522	26077
25704	26228
25876	26393
26076	26564
26224	26740
26366	26933
26585	27112
26745	27368
26908	27538
26984	27708
27172	27908
27330	28120
27528	28317
27650	28536
27778	28778
27912	28958
28077	29160
28229	29376
28347	29604
28530	29845
28672	29968
28836	30164
29060	30404
29268	30560
29452	30748
29638	30953
29860	31136
30060	31404
30280	31516
30580	31762
30772	31900
31058	32093
31310	32272
31580	32468
31880	32656
32152	32818
32496	33032
32784	33168
33098	33348
33384	33497
33688	33664
34016	33792
34356	34024
34664	34152
35024	34240
35320	34436
35626	34488
35872	34676
36152	34760
36481	34800
36742	34904
37012	35064
37266	35121
37556	35296
37792	35372
38028	35528
38212	35560
38472	35764
38716	35850
38860	35922
39096	36044
39234	36192
39413	36296
39584	36456
39756	36602
39872	36752
40060	36914
40136	37020
40328	37208
40336	37323
40428	37500
40532	37652
40616	37716
40688	37880
40856	37972
40901	38112
40916	38322
40988	38372
40952	38489
40992	38648
41036	38776
41072	38772
41088	38860
41120	39008
41232	39020
41216	39060
41180	39100
41209	39128
41252	39224
41268	39146
41274	39176
41276	39180
41334	39132
41273	38968
41260	38928
41244	38760
41208	38669
41164	38457
41140	38288
41212	38074
41120	37884
40937	37684
40848	37420
40772	37208
40744	36904
40624	36601
40524	36372
40252	36041
40233	35769
40032	35424
39788	35114
39600	34808
39418	34520
39282	34204
38992	33860
38785	33538
38617	33228
38336	32908
38090	32592
37856	32288
37577	31980
37312	31660
37052	31362
36808	31060
36536	30772
36268	30472
35984	30180
35738	29889
35432	29596
35156	29308
34880	29033
34601	28748
34316	28472
34040	28178
33808	27916
33504	27640
33236	27372
32981	27132
32764	26865
32552	26596
32278	26378
32104	26128
31876	25897
31616	25668
31408	25440
31194	25218
31032	24997
30810	24801
30624	24576
30424	24380
30256	24193
30042	23989
29860	23782
29682	23608
29492	23404
29304	23228
29128	23044
28928	22879
28701	22708
28540	22541
28326	22384
28084	22200
27936	22052
27732	21904
27544	21764
27346	21633
27088	21492
26945	21367
26680	21282
26500	21176
26212	21080
26024	21004
25848	20924
25630	20861
25440	20808
25204	20764
24976	20728
24740	20696
24515	20678
24325	20672
24072	20664
23810	20685
23732	20698
23412	20712
23300	20744
23084	20785
22888	20818
22748	20896
22604	20960
22422	21036
22260	21104
22116	21214
21993	21280
21892	21408
21772	21528
21668	21696
21601	21792
21546	21961
21436	22176
21396	22350
21392	22504
21314	22670
21277	22825
21314	23025
21311	23236
21392	23438
21382	23648
21438	23876
21516	24028
21500	24234
21576	24500
21748	24632
21800	24800
21920	25034
21972	25265
22088	25424
22268	25628
22402	25854
22506	26016
22629	26248
22767	26412
22936	26612
23000	26853
23152	27052
23360	27272
23504	27506
23652	27776
23757	28000
23886	28304
24060	28545
24148	28880
24377	29104
24516	29341
24626	29648
24755	30010
24862	30261
25056	30536
25160	30880
25333	31152
25465	31456
25632	31844
25728	32100
25916	32412
26058	32729
26260	33056
26374	33341
26580	33640
26772	33952
26956	34248
27152	34572
27342	34896
27536	35232
27716	35459
27986	35780
28235	36104
28466	36376
28722	36680
28968	36953
29240	37224
29521	37516
29780	37764
30064	37928
30344	38269
30688	38465
30936	38633
31232	38908
31557	39076
31876	39161
32176	39380
32468	39512
32760	39688
33076	39800
33392	39932
33722	40080
34016	40112
34337	40256
34641	40332
34965	40297
35272	40480
35596	40576
35904	40548
36252	40633
36572	40624
36856	40652
37132	40730
37484	40648
37820	40640
38088	40696
38400	40596
38670	40736
38864	40544
39128	40672
39380	40484
39608	40458
39830	40460
40192	40384
40357	40385
40636	40292
40708	40326
41048	40249
41140	40288
41364	40160
41544	40068
41672	40120
41922	40074
41984	40000
42146	40009
42332	39956
42444	39976
42596	39936
42725	39921
42864	39888
42988	39852
43088	39768
43264	39781
43280	39696
43472	39708
43456	39628
43592	39577
43569	39528
43608	39388
43660	39316
43684	39236
43648	39104
43640	39056
43604	38888
43560	38816
43584	38662
43512	38538
43424	38332
43232	38177
43112	38016
42976	37865
42832	37688
42688	37528
42540	37328
42393	37148
42232	37008
41884	36792
41716	36608
41416	36472
41273	36264
40913	36084
40744	35928
40464	35714
40160	35564
39864	35362
39568	35246
39292	35068
38928	34900
38664	34732
38336	34588
38072	34413
37760	34260
37472	34134
37170	33956
36872	33788
36552	33700
36284	33528
35945	33360
35660	33266
35376	33140
35180	33068
34828	32882
34536	32860
34280	32712
34092	32662
33764	32548
33520	32496
33305	32445
33028	32330
32704	32235
32444	32284
32208	32140
32004	32136
31736	32012
31444	31976
31212	31913
30976	31888
30722	31802
30480	31728
30241	31656
30004	31586
29757	31548
29504	31440
29277	31428
29004	31296
28721	31194
28528	31144
28244	31040
28033	30957
27793	30937
27473	30792
27225	30712
27048	30664
26808	30626
26564	30480
26321	30424
26057	30349
25806	30288
25576	30245
25261	30192
25113	30116
24743	30096
24493	30056
24352	29976
24012	29936
23944	29922
23624	29910
23384	29828
23204	29844
22937	29825
22734	29782
22530	29805
22360	29804
22156	29824
21988	29864
21820	29880
21602	29912
21482	29936
21328	30064
21180	30094
21084	30189
20992	30292
20876	30384
20802	30506
20772	30609
20674	30740
20636	30857
20648	30972
20561	31114
20572	31136
20560	31378
20650	31497
20653	31640
20656	31764
20768	31904
20813	32013
20856	32168
21000	32256
21058	32400
21108	32500
21250	32626
21390	32770
21469	32876
21673	32972
21732	33107
21926	33116
22050	33368
22235	33488
22411	33638
22592	33730
22692	33864
22958	34098
23092	34196
23283	34360
23456	34512
23668	34656
23832	34764
24050	35012
24212	35186
24409	35362
24633	35495
24845	35712
25002	35876
25212	36016
25440	36232
25624	36393
25880	36576
26112	36668
26276	36900
26564	37120
26752	37304
27060	37521
27321	37692
27574	37896
27848	38140
28104	38308
28389	38532
28680	38824
28961	38970
29304	39256
29562	39460
29868	39720
30170	39920
30497	40120
30820	40392
31120	40520
31454	40745
31772	41016
32106	41164
32473	41264
32769	41504
33144	41729
33452	41816
33772	42004
34128	42092
34460	42154
34821	42272
35132	42440
35512	42552
35816	42650
36200	42712
36528	42816
36889	42792
37232	42948
37540	42906
37840	43024
38240	42992
38508	43069
38824	43188
39140	43168
39548	43164
39724	43300
40044	43332
40296	43284
40560	43352
40828	43424
41120	43412
41400	43416
41624	43460
41940	43472
42120	43492
42424	43606
42584	43604
42936	43640
43072	43664
43256	43658
43472	43696
43690	43684
43908	43700
44116	43732
44356	43756
44497	43814
44724	43880
44876	43840
45040	43824
45200	43908
45348	43824
45544	43852
45652	43816
45784	43764
45888	43672
46004	43664
46084	43504
46170	43396
46236	43333
46308	43104
46416	43001
46400	42754
46460	42592
46484	42348
46448	42100
46436	41841
46368	41528
46308	41204
46276	40896
46216	40620
46101	40288
46056	39920
45948	39585
45856	39244
45675	38892
45512	38552
45424	38181
45192	37836
45044	37488
44800	37100
44648	36772
44376	36376
44133	36053
43888	35728
43636	35376
43402	34988
43104	34708
42913	34324
42540	33992
42272	33687
42016	33420
41680	33088
41484	32728
41112	32489
40816	32128
40628	31846
40328	31612
40128	31304
39793	30988
39504	30720
39276	30476
39025	30168
38772	29900
38561	29666
38428	29420
38274	29148
38032	28840
37788	28624
37664	28344
37480	28082
37248	27776
37082	27509
36988	27193
36804	26932
36616	26644
36560	26312
36312	25984
36209	25729
36024	25360
35906	25069
35733	24748
35604	24408
35492	24069
35312	23730
35162	23432
34992	23097
34864	22746
34696	22428
34525	22036
34376	21797
34192	21481
34013	21144
33825	20892
33608	20586
33420	20326
33200	20009
33013	19672
32780	19534
32592	19338
32364	19038
32108	18909
31892	18563
31648	18436
31445	18264
31128	18168
30896	17962
30656	17774
30392	17698
30145	17619
29882	17512
29628	17398
29384	17346
29114	17280
28850	17229
28600	17267
28384	17202
28116	17290
27893	17255
27664	17336
27384	17360
27200	17508
26997	17545
26740	17710
26573	17836
26322	17949
26176	18112
26018	18218
25862	18414
25692	18566
25494	18728
25345	18911
25228	19068
25184	19235
25057	19420
24968	19589
24845	19753
24800	19906
24776	20063
24756	20212
24713	20376
24652	20528
24692	20676
24641	20816
24740	20962
24720	21112
24792	21260
24852	21397
24949	21533
24997	21675
25109	21821
25162	21972
25324	22116
25434	22259
25544	22420
25664	22580
25836	22737
25954	22888
26104	23048
26324	23216
26435	23378
26632	23556
26776	23732
26984	23896
27180	24088
27312	24277
27564	24460
27764	24649
27989	24858
28148	25040
28404	25264
28654	25472
28902	25700
29132	25932
29376	26176
29626	26424
29873	26697
30136	26952
30432	27234
30731	27520
30966	27795
31268	28108
31589	28365
31841	28688
32136	28980
32474	29312
32753	29584
33068	29916
33409	30164
33696	30457
34002	30785
34328	31108
34660	31362
35000	31650
35306	31929
35626	32248
35968	32560
36240	32794
36572	33096
36938	33426
37208	33649
37552	33992
37880	34228
38176	34496
38428	34784
38765	35092
39040	35360
39337	35692
39664	35952
39940	36278
40220	36496
40484	36806
40736	37141
40968	37340
41216	37690
41496	37924
41712	38236
41960	38489
42160	38708
42396	38993
42712	39168
42890	39410
43008	39696
43189	39888
43448	40032
43637	40304
43722	40450
43884	40708
44044	40838
44220	41056
44364	41201
44520	41344
44700	41476
44868	41568
44953	41624
45156	41776
45216	41841
45344	41833
45452	41860
45562	41904
45648	41836
45756	41829
45869	41713
45862	41706
45932	41524
45952	41424
45996	41273
46005	41148
46036	40912
46052	40688
45970	40458
45920	40232
45864	40004
45856	39716
45784	39448
45604	39148
45496	38849
45360	38569
45249	38266
45066	37960
44852	37660
44624	37356
44417	37056
44188	36748
43940	36464
43760	36152
43496	35872
43196	35578
42832	35305
42580	35032
42240	34736
41916	34468
41616	34194
41312	33924
40970	33665
40644	33449
40312	33208
39992	32950
39576	32733
39228	32513
38898	32288
38573	32100
38240	31902
37916	31721
37576	31541
37318	31368
36940	31224
36680	31072
36316	30930
36058	30813
35708	30684
35408	30576
35104	30450
34808	30340
34520	30244
34232	30136
33932	30056
33698	29942
33368	29856
33084	29778
32836	29704
32517	29625
32224	29486
31936	29441
31649	29341
31333	29221
31056	29098
30714	29048
30456	28948
30149	28792
29838	28717
29516	28584
29125	28496
28898	28376
28561	28333
28208	28169
27961	28069
27645	27960
27349	27864
27013	27768
26716	27677
26388	27566
26084	27520
25820	27398
25592	27300
25324	27228
24907	27150
24745	27060
24402	26996
24177	26916
23932	26876
23627	26805
23434	26792
23212	26692
22978	26688
22693	26629
22476	26644
22313	26642
22145	26612
21972	26636
21816	26666
21672	26724
21464	26760
21348	26809
21261	26885
21174	26944
21112	27073
21049	27080
20958	27160
20972	27258
20924	27316
20898	27484
20905	27492
20836	27568
20882	27748
20920	27728
20970	27864
21016	27936
21092	28015
21194	28090
21256	28146
21364	28264
21452	28341
21565	28473
21685	28598
21793	28618
21883	28700
22032	28856
22088	28980
22284	29072
22404	29216
22481	29312
22676	29464
22761	29668
22904	29724
23084	29924
23244	30080
23340	30268
23438	30384
23582	30584
23776	30722
23876	30904
24032	31076
24218	31272
24368	31448
24464	31608
24610	31808
24770	31965
24948	32133
25189	32288
25412	32496
25569	32673
25808	32876
26017	33036
26265	33272
26486	33376
26736	33584
26996	33710
27264	33888
27545	34032
27830	34176
28124	34313
28426	34440
28732	34528
29048	34612
29369	34738
29674	34776
30022	34865
30344	34956
30684	34893
31041	34960
31378	34944
31721	34884
32084	34857
32436	34836
32792	34872
33164	34744
33518	34689
33865	34656
34236	34672
34585	34528
34920	34474
35252	34444
35604	34372
35944	34424
36272	34288
36546	34268
36876	34218
37177	34184
37462	34168
37732	34160
37972	34180
38204	34224
38500	34236
38672	34210
38952	34241
39129	34308
39340	34308
39560	34380
39796	34428
40008	34497
40112	34581
40276	34648
40592	34730
40673	34809
40780	34898
40946	35001
41100	35112
41376	35210
41385	35332
41536	35432
41780	35552
41808	35673
42064	35804
42144	35912
42197	36032
42361	36136
42420	36244
42528	36344
42636	36448
42692	36544
42848	36612
42828	36692
42840	36764
42908	36832
42880	36880
42956	36896
42940	36938
42864	36956
42760	36988
42745	36986
42666	36952
42428	36936
42284	36940
42113	36900
41920	36824
41708	36768
41480	36729
41364	36656
40972	36609
40690	36544
40412	36466
40217	36385
39852	36336
39488	36233
39216	36232
38865	36128
38485	36097
38100	35994
37788	35904
37464	35888
37128	35900
36782	35760
36441	35714
36112	35753
35792	35596
35460	35646
35128	35489
34806	35538
34504	35387
34220	35446
33900	35392
33609	35260
33352	35248
33116	35170
32856	35124
32614	35077
32492	35040
32220	35032
31997	35040
31761	34976
31621	34856
31428	34776
31272	34672
31068	34664
30884	34593
30712	34440
30568	34418
30388	34340
30228	34124
30064	34077
29909	33944
29748	33784
29568	33694
29394	33501
29224	33420
29028	33200
28796	33140
28641	33013
28433	32820
28256	32624
28048	32452
27780	32356
27560	32204
27340	32048
27142	31888
26824	31736
26620	31605
26381	31474
26153	31386
25880	31220
25570	31092
25308	31001
24996	30916
24653	30796
24418	30681
24214	30589
23872	30478
23594	30416
23294	30340
23064	30268
22756	30228
22480	30153
22162	30108
21914	30081
21648	30048
21392	30048
21122	30038
20892	30044
20601	30072
20333	30077
20196	30168
19976	30174
19750	30216
19584	30260
19388	30356
19270	30440
19132	30524
19002	30570
18892	30700
18802	30690
18674	30846
18668	30912
18610	30965
18528	31033
18529	31088
18540	31128
18540	31200
18580	31212
18689	31264
18696	31288
18772	31276
18922	31388
18980	31336
19184	31333
19303	31408
19462	31392
19642	31390
19773	31428
19986	31456
20193	31502
20386	31408
20608	31576
20840	31612
20980	31648
21233	31748
21512	31812
21720	31892
21924	32036
22168	32128
22421	32104
22723	32298
22944	32404
23195	32524
23412	32640
23698	32788
23964	32900
24181	33048
24482	33174
24734	33392
24968	33492
25264	33644
25580	33760
25856	33920
26216	34152
26489	34260
26818	34468
27156	34652
27497	34764
27830	34952
28168	35092
28512	35340
28866	35433
29221	35626
29588	35776
29954	35888
30314	36132
30690	36261
31076	36377
31457	36612
31858	36733
32256	36800
32664	36928
33005	37049
33444	37245
33800	37376
34196	37432
34660	37600
35016	37680
35413	37788
35868	38012
36256	38068
36648	38300
37074	38360
37533	38644
37924	38780
38264	38796
38688	38968
39040	39220
39420	39312
39868	39548
40156	39688
40624	39781
40860	40088
41280	40129
41504	40408
41876	40572
42244	40704
42440	40896
42753	41048
43016	41204
43280	41336
43576	41588
43800	41780
44040	41864
44372	42088
44588	42270
44836	42384
44984	42576
45241	42776
45456	43032
45642	43193
45856	43361
46080	43560
46344	43696
46486	43948
46660	44066
46936	44276
47024	44480
47264	44640
47424	44780
47520	44880
47664	45008
47864	45144
47892	45260
48072	45332
48096	45408
48161	45408
48228	45472
48292	45440
48217	45408
48268	45388
48242	45312
48193	45296
48064	45148
48008	45024
47868	44897
47804	44752
47562	44588
47408	44472
47280	44230
47084	44068
46816	43846
46548	43692
46300	43404
46116	43232
45764	43024
45524	42816
45180	42576
44849	42336
44537	42144
44256	41912
43852	41600
43544	41372
43152	41148
42792	40921
42464	40676
42112	40568
41658	40320
41350	40105
40976	39876
40528	39570
40136	39424
39760	39176
39376	39018
39024	38834
38697	38570
38300	38420
37920	38206
37648	38072
37188	37988
36848	37724
36596	37556
36144	37376
35868	37360
35448	37173
35204	36936
34744	36768
34444	36680
34076	36498
33738	36328
33444	36148
33090	35920
32736	35760
32437	35617
32064	35360
31736	35168
31381	35064
31044	34824
30690	34549
30325	34402
29984	34192
29570	33937
29249	33704
28884	33456
28513	33213
28164	33016
27757	32805
27440	32588
27092	32352
26728	32133
26363	31972
26065	31720
25761	31552
25367	31316
25099	31130
24708	30960
24455	30749
24080	30586
23709	30385
23470	30244
23144	30105
22852	29898
22610	29717
22261	29601
22029	29468
21788	29304
21500	29168
21235	29084
21056	28920
20852	28812
20654	28704
20438	28553
20312	28504
20150	28448
19999	28325
19880	28316
19782	28276
19665	28218
19636	28220
19616	28216
19595	28148
19568	28148
19522	28157
19570	28125
19652	28090
19698	28168
19812	28192
19842	28222
20002	28228
20116	28208
20304	28229
20466	28285
20562	28252
20776	28260
21000	28274
21217	28268
21433	28289
21650	28296
21876	28308
22096	28332
22296	28332
22548	28324
22737	28378
23010	28396
23200	28426
23390	28462
23624	28520
23884	28572
24132	28697
24320	28722
24524	28787
24682	28872
24881	28973
25124	29064
25300	29185
25531	29388
25664	29482
25894	29588
25994	29729
26210	29932
26340	30026
26492	30214
26684	30349
26824	30522
27042	30704
27194	30868
27356	31088
27544	31228
27725	31430
27905	31605
28076	31802
28270	32068
28452	32198
28642	32402
28848	32604
29050	32793
29296	32998
29480	33184
29718	33400
29953	33576
30222	33761
30456	34002
30689	34216
30968	34284
31189	34469
31464	34722
31720	34852
32012	34928
32272	35078
32568	35294
32864	35336
33176	35460
33444	35600
33728	35796
34017	35896
34320	36004
34616	36092
34937	36321
35232	36400
35552	36533
35840	36553
36118	36648
36424	36760
36712	36901
36948	37084
37212	37093
37532	37272
37748	37346
38080	37451
38272	37568
38480	37656
38792	37730
38993	37772
39136	37940
39321	37916
39556	38104
39680	38122
40000	38224
40028	38237
40284	38304
40340	38384
40498	38552
40632	38624
40776	38668
40872	38780
41000	38772
41140	38901
41264	38877
41408	38984
41430	39088
41592	39204
41614	39232
41708	39280
41800	39417
41865	39428
42036	39516
42104	39500
42196	39556
42192	39536
42184	39632
42204	39657
42338	39576
42316	39641
42224	39553
42216	39496
42196	39400
42164	39416
42248	39256
42044	39200
42016	39080
41880	38992
41788	38788
41792	38672
41520	38560
41388	38428
41224	38228
41044	38048
40962	37886
40800	37616
40586	37488
40360	37228
40098	37102
39765	36864
39512	36688
39226	36504
39036	36224
38664	36076
38448	35832
38176	35612
37776	35416
37496	35210
37152	34965
36802	34701
36489	34513
36180	34248
35854	34104
35516	33816
35185	33572
34836	33417
34532	33124
34189	32868
33872	32648
33536	32408
33209	32256
32892	31964
32556	31812
32258	31506
31980	31296
31705	31071
31402	30832
31129	30625
30853	30465
30624	30234
30384	29964
30144	29752
29918	29544
29704	29330
29500	29177
29316	28923
29120	28708
28932	28500
28760	28285
28580	28080
28414	27920
28232	27638
28082	27484
27890	27216
27788	26997
27578	26789
27484	26601
27328	26420
27172	26170
27008	25964
26894	25768
26717	25568
26633	25396
26456	25188
26301	25016
26210	24820
26042	24621
25916	24452
25764	24280
25582	24148
25464	23964
25332	23802
25124	23670
24961	23490
24892	23372
24668	23233
24494	23102
24412	23017
24269	22908
24140	22780
23896	22688
23810	22594
23685	22512
23572	22448
23432	22392
23324	22328
23162	22292
23050	22284
22960	22254
22897	22256
22824	22320
22752	22313
22648	22360
22626	22432
22594	22476
22536	22556
22536	22643
22452	22712
22509	22852
22540	22926
22601	23025
22674	23130
22717	23256
22769	23340
22922	23460
23056	23572
23171	23696
23360	23778
23553	23864
23750	23986
23945	24064
24092	24193
24380	24248
24629	24364
24856	24414
25105	24500
25365	24577
25600	24692
25900	24754
26192	24873
26452	24960
26664	25033
26992	25122
27264	25238
27505	25375
27792	25462
27997	25597
28284	25710
28556	25836
28800	25956
29032	26081
29248	26218
29522	26360
29736	26505
29976	26665
30164	26786
30369	26948
30661	27072
30880	27224
31108	27360
31348	27511
31553	27660
31781	27812
32040	27952
32257	28112
32488	28268
32738	28420
32973	28580
33272	28732
33464	28896
33796	29064
34024	29232
34272	29390
34548	29564
34832	29736
35120	29904
35400	30074
35698	30222
36048	30388
36256	30555
36512	30706
36796	30848
37072	31004
37336	31138
37648	31289
37912	31416
38140	31566
38346	31696
38576	31828
38794	31936
39028	32080
39228	32214
39544	32356
39756	32451
39944	32580
40032	32716
40200	32864
40378	32989
40552	33104
40718	33225
40896	33364
41026	33520
41184	33652
41337	33800
41448	33960
41554	34076
41825	34260
41756	34376
41908	34537
42072	34684
42194	34844
42224	34976
42209	35137
42276	35292
42352	35421
42404	35564
42441	35709
42596	35836
42612	35960
42568	36096
42692	36220
42697	36344
42608	36488
42600	36584
42604	36708
42676	36816
42605	36956
42680	37037
42604	37148
42592	37252
42569	37360
42564	37456
42656	37540
42544	37618
42513	37657
42572	37720
42476	37720
42408	37761
42368	37808
42426	37784
42360	37760
42208	37760
42136	37708
42080	37636
42012	37512
42056	37444
41844	37336
41740	37184
41768	37108
41592	36916
41436	36793
41380	36612
41192	36460
41174	36272
41056	36096
40801	35947
40640	35730
40505	35548
40317	35364
40136	35192
39964	35012
39858	34836
39568	34649
39380	34432
39188	34268
39009	34112
38748	33909
38468	33764
38221	33569
38004	33408
37768	33249
37504	33070
37276	32906
37032	32765
36764	32614
36512	32416
36252	32300
36000	32132
35768	31948
35528	31804
35290	31652
35032	31546
34756	31404
34572	31273
34413	31091
34076	31003
33900	30872
33740	30689
33460	30605
33256	30476
33120	30314
32865	30198
32712	30100
32522	29928
32345	29844
32126	29672
31964	29530
31776	29428
31600	29289
31433	29101
31249	28966
31056	28816
30861	28672
30673	28548
30460	28368
30262	28236
30076	28064
29849	27976
29596	27768
29393	27678
29216	27494
28985	27400
28756	27260
28464	27080
28256	26984
28000	26816
27796	26748
27568	26598
27314	26492
27069	26380
26830	26284
26552	26178
26289	26088
26048	26002
25720	25952
25492	25944
25312	25808
25044	25758
24897	25708
24608	25672
24336	25704
24201	25640
23906	25592
23730	25574
23476	25626
23344	25600
23182	25665
22986	25664
22800	25705
22672	25792
22530	25885
22390	25980
22214	26084
22090	26248
22013	26425
21916	26544
21793	26716
21745	26908
21656	27108
21560	27274
21576	27524
21540	27700
21497	27952
21548	28178
21562	28389
21532	28644
21602	28836
21664	29032
21700	29284
21805	29496
21900	29663
21944	29852
22105	30032
22194	30196
22284	30356
22474	30509
22628	30641
22822	30784
22939	30912
23174	31029
23332	31152
23568	31262
23748	31380
23920	31501
24196	31605
24412	31745
24664	31828
24928	31996
25212	32108
25454	32264
25706	32400
25986	32554
26260	32752
26552	32896
26850	33104
27110	33276
27384	33464
27714	33712
27993	33872
28328	34080
28628	34360
28968	34536
29212	34796
29613	34992
29900	35274
30280	35548
30616	35780
30949	36032
31292	36312
31700	36492
32044	36724
32424	37040
32800	37181
33184	37440
33584	37644
34068	37884
34464	38200
34848	38320
35284	38540
35728	38756
36180	38848
36644	39115
37092	39266
37508	39320
38084	39424
38396	39626
38936	39620
39264	39848
39744	39916
40240	40000
40528	40036
40936	40008
41364	40164
41769	40188
42144	40236
42521	40235
42956	40304
43264	40296
43705	40285
44060	40292
44320	40364
44641	40396
44972	40416
45264	40489
45545	40492
45824	40516
46120	40572
46312	40650
46548	40672
46792	40746
47044	40760
47236	40818
47352	40888
47580	40960
47672	40992
47904	41054
48004	41120
48108	41192
48236	41260
48320	41321
48408	41393
48528	41468
48632	41544
48632	41613
48748	41716
48808	41812
48916	41898
48970	41992
49028	42096
49052	42185
49072	42292
49144	42364
49244	42457
49272	42546
49260	42632
49360	42696
49384	42768
49364	42820
49428	42872
49412	42918
49388	42964
49464	42976
49394	42976
49392	42970
49388	42968
49352	42954
49312	42904
49312	42864
49248	42812
49264	42768
49144	42696
49096	42602
48996	42520
48944	42433
48812	42332
48761	42217
48577	42088
48456	41961
48352	41838
48144	41696
48012	41564
47800	41392
47612	41256
47401	41076
47176	40912
46996	40756
46736	40584
46520	40412
46204	40212
46000	40064
45688	39876
45348	39672
45092	39457
44768	39272
44468	39076
44184	38880
43804	38618
43516	38452
43124	38176
42813	38002
42424	37740
42200	37501
41785	37296
41424	37036
40996	36792
40628	36521
40304	36340
39884	36088
39616	35844
39224	35636
38857	35424
38516	35126
38066	34904
37718	34714
37321	34456
37000	34284
36616	33993
36184	33732
35734	33488
35424	33308
35020	33021
34552	32772
34188	32521
33740	32278
33378	32034
32940	31800
32544	31516
32128	31276
31688	31040
31290	30814
30818	30532
30396	30309
29960	29980
29553	29733
29128	29465
28684	29257
28232	28965
27772	28712
27296	28466
26877	28212
26416	27980
25968	27736
25554	27493
25045	27260
24681	27040
24154	26864
23760	26620
23418	26350
22966	26156
22556	25972
22228	25737
21784	25548
21364	25352
21068	25186
20692	24956
20280	24803
19908	24596
19600	24512
19227	24368
18910	24246
18598	24052
18205	24036
17927	23910
17584	23844
17304	23789
17054	23728
16722	23665
16459	23642
16240	23571
15969	23564
15780	23568
15517	23552
15348	23476
15157	23510
14938	23498
14737	23496
14646	23448
14508	23418
14314	23430
14200	23401
14122	23320
14041	23305
13935	23260
13856	23206
13748	23154
13709	23024
13612	23029
13549	22874
13509	22862
13464	22820
13428	22714
13408	22652
13400	22492
13354	22460
13326	22461
13300	22391
13260	22430
13204	22388
13265	22291
13250	22265
13250	22262
13208	22185
13216	22204
13198	22200
13258	22180
13271	22165
13220	22200
13279	22256
13324	22314
13305	22328
13328	22396
13322	22392
13416	22453
13431	22560
13442	22700
13460	22765
13514	22849
13558	22966
13670	22988
13766	23238
13784	23316
13917	23502
14016	23620
14112	23788
14180	24024
14352	24190
14514	24364
14607	24594
14747	24772
14996	24964
15200	25122
15378	25370
15580	25508
15806	25754
16080	25905
16288	26177
16542	26306
16842	26500
17141	26656
17420	26808
17721	27010
18021	27180
18336	27332
18665	27428
18904	27544
19292	27748
19618	27872
19945	27993
20280	28172
20608	28188
20978	28372
21277	28457
21600	28616
22028	28761
22360	28884
22712	29012
23067	29148
23360	29284
23732	29424
24097	29586
24373	29740
24724	29900
25120	30070
25473	30240
25786	30442
26170	30594
26536	30768
26877	30972
27182	31124
27528	31314
27880	31504
28189	31716
28553	31908
28920	32114
29272	32332
29612	32560
29956	32820
30320	33016
30660	33248
31024	33508
31362	33720
31720	34032
32097	34205
32433	34496
32808	34672
33130	34904
33476	35128
33832	35448
34180	35638
34532	35764
34920	35992
35248	36224
35560	36340
35904	36508
36280	36712
36540	36800
36858	36945
37201	37072
37496	37198
37808	37396
38116	37468
38408	37628
38708	37652
39008	37740
39312	37960
39516	37953
39828	38144
39996	38144
40356	38234
40512	38433
40809	38480
40992	38568
41081	38728
41328	38772
41564	38874
41616	38956
41808	39052
42066	39136
42084	39324
42260	39444
42368	39548
42512	39626
42616	39741
42792	39776
42848	39925
43036	40008
43093	40176
43256	40288
43312	40306
43520	40522
43577	40528
43678	40644
43836	40861
43996	40896
44112	41024
44256	41196
44360	41328
44524	41473
44636	41517
44797	41720
45000	41770
45128	41952
45280	42050
45440	42141
45664	42272
45760	42340
46008	42388
46088	42528
46332	42592
46440	42605
46656	42716
46780	42752
46900	42804
47068	42848
47260	42818
47417	42848
47580	42872
47712	42888
47924	42909
48000	42930
48200	42881
48332	42916
48448	42896
48600	42896
48812	42844
48856	42829
48988	42816
49137	42824
49256	42804
49420	42784
49480	42772
49560	42764
49693	42720
49776	42712
49804	42712
49880	42680
49994	42696
50024	42657
50048	42677
50120	42660
50197	42656
50193	42664
50234	42656
50272	42668
50284	42688
50332	42700
50396	42728
50456	42760
50440	42786
50513	42818
50536	42872
50528	42916
50580	42960
50636	42996
50684	43058
50721	43100
50760	43144
50820	43184
50913	43220
50936	43264
50928	43300
51025	43320
51024	43329
51016	43344
51097	43356
51112	43365
51104	43352
51200	43336
51160	43325
51204	43320
51160	43288
51248	43248
51184	43228
51216	43200
51188	43152
51164	43105
51172	43060
51144	43019
51124	42972
51156	42925
51076	42868
51032	42818
51016	42784
50978	42736
50984	42684
50948	42652
50864	42588
50760	42540
50776	42472
50656	42420
50608	42372
50584	42332
50456	42284
50400	42232
50360	42180
50236	42136
50164	42082
50120	42032
50060	41986
50056	41952
49992	41928
49960	41906
49836	41890
49888	41868
49860	41876
49792	41866
49756	41872
49824	41876
49816	41868
49844	41889
49880	41912
49824	41926
49882	41948
49952	41940
49993	41960
50000	41960
50041	41960
50072	41940
50032	41944
50056	41916
50108	41892
50116	41848
50073	41777
50064	41696
50116	41636
50024	41552
49996	41452
49968	41346
49936	41213
49932	41088
49798	40992
49744	40868
49652	40732
49610	40564
49533	40464
49448	40292
49312	40180
49128	40036
48960	39860
48816	39684
48720	39584
48508	39392
48336	39288
48076	39128
47864	38916
47644	38788
47452	38596
47129	38480
46884	38308
46576	38128
46368	37937
46036	37792
45732	37632
45428	37452
45184	37320
44840	37136
44532	36996
44276	36848
44016	36676
43636	36523
43352	36368
43045	36228
42756	36076
42492	35937
42169	35788
41992	35633
41640	35480
41436	35324
41096	35168
40756	35005
40472	34833
40201	34660
39888	34464
39608	34282
39452	34074
39009	33888
38824	33666
38464	33452
38117	33218
37796	32976
37492	32720
37184	32492
36938	32246
36548	31952
36228	31680
35864	31420
35524	31126
35249	30857
34829	30560
34476	30264
34170	29952
33757	29644
33408	29344
33024	29054
32656	28754
32249	28419
31868	28113
31473	27788
31076	27469
30645	27145
30248	26833
29856	26512
29440	26182
29049	25884
28636	25564
28264	25225
27844	24916
27412	24593
27100	24285
26717	23981
26363	23685
25980	23388
25696	23106
25288	22814
25016	22564
24696	22268
24345	22017
24020	21780
23724	21506
23434	21261
23098	21036
22770	20796
22482	20582
22164	20352
21793	20145
21559	19905
21218	19691
20941	19488
20700	19261
20421	19060
20098	18824
19813	18640
19544	18406
19266	18200
18966	17981
18680	17769
18344	17573
18062	17336
17740	17120
17508	16906
17223	16706
16898	16510
16609	16288
16253	16109
16004	15896
15718	15721
15392	15513
15074	15340
14758	15184
14452	15004
14048	14865
13781	14695
13462	14563
13107	14400
12748	14312
12428	14148
12070	14014
11740	13904
11404	13796
11093	13744
10698	13672
10352	13545
10024	13504
9670	13473
9303	13480
8935	13373
8596	13358
8227	13380
7957	13276
7556	13360
7267	13332
6866	13478
6538	13438
6244	13514
5953	13616
5737	13619
5579	13794
5317	13873
5230	13992
5074	14138
4966	14230
4865	14466
4644	14522
4557	14704
4521	14710
4454	14980
4420	15077
4477	15230
4400	15392
4348	15449
4331	15650
4448	15648
4388	15802
4471	15846
4448	16075
4391	16085
4493	16189
4520	16120
4664	16144
4628	16236
4713	16422
4730	16529
4828	16436
4863	16408
4935	16668
5040	16728
5093	16744
5188	16836
5232	16882
5336	16932
5424	17020
5561	17026
5617	17213
5669	17191
5844	17394
5920	17457
5942	17589
6061	17670
6158	17682
6266	17872
6365	18014
6519	18110
6558	18145
6652	18264
6771	18524
6857	18622
6947	18715
7034	18905
7130	19153
7276	19244
7319	19486
7427	19666
7507	19848
7602	20048
7651	20196
7842	20478
7910	20662
7986	20700
8098	20868
8245	21034
8282	21428
8326	21626
8448	21865
8653	22036
8833	22128
9057	22386
9284	22498
9565	22744
9822	22828
10107	23026
10443	23170
10774	23355
11116	23418
11466	23437
11826	23756
12222	23712
12597	24041
12983	24144
13330	24269
13699	24440
14152	24605
14502	24744
14917	24872
15342	24986
15707	25091
16125	25376
16472	25474
16850	25717
17274	25900
17600	26088
17946	26261
18284	26474
18693	26624
19090	26784
19398	27028
19732	27205
20137	27457
20400	27682
20780	27869
21168	28096
21512	28298
21848	28546
22203	28786
22544	29017
22893	29277
23226	29512
23540	29748
23946	30012
24302	30268
24656	30580
25052	30808
25425	31086
25801	31328
26204	31636
26568	31872
26962	32128
27336	32416
27728	32641
28060	32976
28484	33188
28856	33380
29236	33675
29613	33849
29976	34204
30340	34392
30704	34596
31072	34804
31436	35000
31768	35205
32136	35412
32484	35714
32824	35953
33136	36041
33472	36354
33854	36556
34121	36756
34438	36992
34808	37092
35056	37384
35394	37644
35689	37871
35944	38010
36219	38313
36481	38496
36820	38764
37012	39024
37340	39276
37533	39528
37768	39696
38036	40000
38260	40122
38512	40348
38740	40616
38948	40869
39168	41012
39456	41384
39640	41594
39896	41724
40074	42048
40416	42260
40612	42442
40872	42683
41080	42836
41256	42996
41596	43232
41880	43492
42016	43624
42280	43820
42540	44015
42784	44272
43056	44452
43328	44564
43544	44729
43820	44889
44056	45104
44304	45252
44620	45344
44792	45524
45064	45636
45333	45696
45480	45820
45744	45952
45924	46020
46128	46120
46412	46200
46553	46329
46724	46440
46912	46504
47108	46524
47340	46664
47432	46660
47604	46748
47716	46832
47920	46916
48061	46965
48172	46952
48232	47056
48309	47106
48400	47088
48489	47112
48504	47136
48624	47152
48636	47232
48672	47218
48669	47244
48736	47184
48660	47232
48680	47225
48680	47160
48662	47186
48632	47176
48600	47176
48678	47140
48656	47128
48570	47156
48612	47126
48544	47148
48540	47156
48552	47196
48612	47268
48544	47264
48632	47312
48552	47316
48562	47321
48612	47324
48692	47400
48664	47401
48644	47354
48736	47364
48752	47392
48708	47352
48720	47292
48768	47282
48752	47213
48752	47136
48721	47072
48776	46994
48748	46904
48764	46849
48728	46704
48650	46652
48600	46485
48624	46380
48528	46262
48465	46088
48436	45940
48320	45746
48304	45592
48212	45458
48096	45316
47924	45140
47840	44928
47688	44728
47584	44545
47412	44401
47252	44188
47080	43968
46940	43844
46760	43648
46564	43440
46428	43244
46240	42956
45984	42744
45776	42560
45596	42332
45348	42172
45116	41852
44896	41628
44692	41408
44480	41240
44328	41026
44064	40772
43832	40493
43668	40237
43384	39988
43180	39824
42940	39492
42696	39296
42596	39024
42256	38768
42177	38514
41885	38280
41692	38036
41428	37696
41192	37408
40896	37164
40708	36832
40440	36600
40196	36304
39984	36000
39842	35648
39608	35360
39289	35069
39168	34712
38824	34376
38608	34061
38428	33736
38124	33420
37888	33137
37656	32800
37393	32465
37160	32160
36905	31852
36672	31536
36416	31240
36152	30932
35931	30636
35632	30342
35472	30049
35172	29776
34873	29493
34601	29218
34300	28945
33997	28678
33820	28424
33441	28168
33144	27930
32912	27694
32604	27448
32336	27214
32000	26992
31717	26768
31409	26552
31101	26337
30812	26141
30518	25936
30209	25760
29916	25585
29640	25406
29360	25238
29045	25090
28796	24958
28508	24804
28248	24677
27984	24556
27700	24424
27448	24316
27144	24184
26945	24084
26672	23961
26424	23848
26161	23717
25906	23596
25664	23482
25437	23356
25192	23248
24936	23104
24700	22972
24498	22828
24208	22710
23990	22544
23748	22401
23544	22284
23272	22112
23040	21980
22802	21844
22560	21668
22370	21512
22107	21368
21869	21222
21610	21080
21392	20962
21248	20802
20984	20664
20749	20542
20546	20428
20364	20290
20160	20196
19984	20086
19794	19997
19597	19933
19408	19852
19164	19708
19006	19678
18848	19560
18768	19532
18568	19494
18417	19434
18300	19391
18130	19340
17953	19316
17810	19286
17680	19232
17550	19238
17498	19264
17379	19308
17286	19272
17250	19289
17227	19364
17066	19381
17072	19461
17009	19482
17026	19620
16960	19602
16970	19716
17018	19820
17038	19856
17042	19904
17101	20029
17100	20022
17124	20117
17228	20197
17284	20232
17444	20324
17528	20368
17600	20464
17782	20532
17868	20632
18032	20680
18102	20733
18282	20810
18426	20897
18575	21009
18820	21153
18944	21224
19120	21330
19306	21426
19464	21601
19624	21712
19810	21838
19904	21992
20132	22154
20250	22268
20419	22444
20582	22604
20688	22836
20855	23002
21048	23188
21222	23357
21356	23576
21414	23796
21666	24057
21692	24248
21884	24476
21990	24728
22153	24988
22332	25241
22456	25496
22664	25807
22778	26088
22908	26372
23132	26688
23293	27057
23481	27308
23638	27618
23846	27973
23989	28270
24194	28600
24420	28956
24628	29237
24817	29582
25004	29894
25238	30228
25452	30496
25648	30808
25872	31064
26053	31356
26324	31646
26544	31928
26768	32176
27028	32400
27250	32660
27482	32892
27725	33114
27945	33348
28192	33578
28432	33785
28632	34052
28885	34206
29120	34453
29352	34592
29560	34753
29794	35000
30018	35188
30243	35436
30452	35552
30672	35816
30873	36004
31090	36209
31308	36460
31520	36600
31725	36806
31920	37036
32152	37268
32330	37464
32556	37568
32776	37832
32938	37980
33176	38154
33402	38480
33606	38624
33869	38765
34070	38960
34304	39149
34544	39408
34776	39524
35040	39821
35356	39904
35576	40104
35848	40392
36160	40504
36433	40588
36740	40852
37096	40980
37392	41200
37680	41376
38081	41556
38380	41636
38720	41736
38994	41802
39348	41880
39780	42064
40138	42168
40472	42209
40680	42177
41124	42340
41448	42288
41648	42352
41940	42425
42264	42416
42576	42440
42828	42528
43100	42492
43368	42532
43613	42550
43868	42588
44100	42568
44340	42601
44564	42640
44752	42656
44936	42664
45106	42632
45268	42568
45416	42585
45536	42617
45736	42664
45788	42596
45892	42664
45952	42592
46044	42576
46120	42645
46116	42592
46208	42624
46232	42680
46248	42604
46224	42624
46200	42704
46176	42672
46184	42766
46176	42796
46164	42796
46148	42848
46148	42900
46120	42892
46112	42949
46152	43072
46160	43048
46144	43144
46096	43177
46064	43305
46108	43328
46096	43408
46114	43448
46096	43492
46142	43488
46089	43552
46080	43588
46082	43544
46069	43540
46088	43544
46092	43512
46108	43468
46048	43504
46080	43385
45988	43392
45984	43260
45924	43184
45880	43152
45824	43068
45772	42908
45716	42808
45642	42712
45568	42596
45548	42552
45400	42448
45360	42224
45186	42188
45065	42004
44952	41864
44876	41802
44684	41580
44573	41444
44428	41320
44212	41232
44076	41028
43912	40932
43688	40825
43540	40576
43308	40488
43104	40316
42900	40112
42727	40028
42613	39785
42314	39672
42184	39549
42020	39364
41728	39124
41532	38928
41367	38745
41196	38576
41120	38408
40856	38288
40669	38128
40440	37914
40400	37732
40092	37508
39984	37318
39821	37136
39612	36872
39488	36736
39360	36523
39132	36253
39016	35969
38804	35793
38656	35516
38554	35228
38324	35008
38164	34716
38006	34398
37840	34178
37676	33826
37521	33544
37401	33264
37196	33000
37060	32664
36834	32395
36720	32070
36508	31784
36320	31476
36153	31192
35968	30913
35752	30605
35594	30329
35360	30050
35234	29761
34932	29488
34720	29221
34484	28961
34273	28700
34032	28449
33800	28204
33568	27962
33352	27716
33062	27490
32829	27272
32540	27048
32296	26825
32009	26628
31752	26424
31474	26234
31213	26036
30942	25886
30674	25710
30404	25560
30146	25408
29892	25284
29644	25150
29392	25037
29150	24923
28920	24832
28658	24728
28452	24642
28184	24544
28008	24464
27740	24366
27560	24282
27332	24185
27137	24108
26936	24008
26744	23920
26552	23824
26388	23728
26164	23622
25976	23512
25756	23404
25641	23294
25448	23196
25289	23067
25084	22948
24930	22832
24756	22718
24554	22610
24344	22492
24176	22376
24009	22265
23880	22154
23709	22060
23581	21964
23392	21864
23214	21796
23084	21704
22892	21634
22712	21582
22532	21516
22384	21460
22272	21416
22086	21365
21925	21314
21812	21296
21710	21274
21601	21210
21418	21232
21292	21188
21152	21224
21088	21166
20976	21232
20872	21216
20756	21276
20656	21312
20616	21329
20518	21416
20374	21473
20364	21504
20278	21600
20252	21700
20212	21768
20148	21876
20105	22000
20066	22170
20096	22272
20096	22396
20016	22494
20114	22653
20107	22813
20136	22921
20188	23054
20228	23164
20318	23344
20360	23456
20480	23632
20537	23760
20656	23866
20793	24028
20912	24120
21044	24283
21148	24438
21306	24590
21507	24756
21664	24912
21845	25065
22050	25317
22221	25460
22428	25633
22654	25824
22834	26048
23060	26260
23227	26485
23490	26712
23668	26933
23937	27172
24052	27400
24304	27649
24496	27888
24708	28204
24904	28416
25176	28722
25277	28949
25586	29270
25772	29468
25957	29736
26137	30000
26354	30280
26529	30541
26738	30817
26892	31104
27093	31354
27305	31638
27568	31896
27734	32170
27976	32424
28224	32712
28428	32925
28656	33172
28912	33400
29136	33636
29420	33856
29676	34073
29932	34280
30196	34488
30466	34716
30744	34824
31012	35004
31296	35088
31584	35204
31896	35316
32168	35424
32454	35522
32796	35640
33060	35676
33376	35817
33712	35776
33976	35836
34336	35952
34618	35968
34898	36032
35206	35928
35601	35932
35836	36012
36192	36032
36441	35992
36760	36025
37137	36014
37352	36104
37680	36133
37936	36146
38293	36080
38592	36118
38816	36228
39017	36256
39264	36284
39521	36254
39754	36326
40041	36344
40300	36456
40442	36461
40692	36528
40894	36588
41140	36634
41376	36733
41578	36752
41888	36845
42012	36938
42320	36988
42540	37088
42632	37174
42964	37236
43089	37316
43408	37428
43572	37506
43804	37577
44076	37680
44264	37760
44460	37840
44700	37912
44976	37990
45136	38064
45388	38124
45636	38172
45780	38224
45984	38272
46176	38292
46364	38316
46560	38340
46796	38340
46888	38390
47072	38358
47200	38368
47388	38420
47492	38364
47592	38364
47740	38440
47848	38360
47944	38441
48056	38380
48196	38460
48248	38484
48280	38420
48408	38420
48460	38464
48540	38500
48485	38528
48528	38592
48620	38568
48552	38580
48556	38696
48560	38712
48584	38748
48544	38712
48544	38843
48452	38796
48484	38856
48361	38964
48320	39008
48268	38980
48260	39092
48122	39160
48120	39204
48028	39236
47976	39308
47904	39408
47872	39524
47824	39580
47789	39705
47708	39768
47648	39873
47648	39980
47608	40068
47506	40176
47468	40252
47424	40348
47374	40452
47305	40513
47304	40592
47234	40680
47144	40736
47084	40769
47064	40842
47008	40865
46920	40920
46784	40972
46708	40980
46624	40984
46528	41026
46464	41032
46328	41005
46240	41024
46200	41032
46089	40992
45960	40960
45824	40988
45664	40928
45572	40898
45384	40884
45248	40821
45088	40802
44920	40732
44788	40762
44618	40664
44424	40596
44252	40608
44088	40512
43904	40520
43732	40468
43560	40336
43381	40292
43232	40296
43000	40132
42848	40164
42704	40056
42493	40000
42350	39852
42288	39780
42032	39758
41968	39732
41772	39572
41708	39488
41512	39404
41544	39344
41305	39156
41272	39064
41088	38944
41040	38912
40980	38804
40932	38596
40889	38492
40784	38285
40588	38140
40586	38056
40516	37800
40393	37604
40224	37500
40120	37250
40160	37080
39952	36844
39792	36576
39789	36321
39588	36096
39496	35876
39276	35608
39104	35360
38988	35144
38810	34825
38692	34569
38452	34312
38249	34034
38072	33816
37852	33560
37681	33284
37504	33036
37252	32736
36964	32520
36724	32244
36480	31990
36208	31777
35952	31524
35634	31286
35384	31056
35048	30824
34772	30596
34448	30400
34233	30202
33822	29976
33512	29769
33145	29586
32808	29404
32469	29244
32136	29036
31802	28884
31460	28740
31125	28564
30804	28424
30448	28333
30138	28201
29820	28098
29502	27941
29201	27833
28905	27744
28609	27685
28320	27553
28057	27448
27732	27400
27468	27280
27216	27210
27005	27094
26776	26988
26506	26956
26340	26772
26100	26681
25924	26612
25668	26442
25488	26330
25369	26186
25169	26052
25018	25928
24834	25785
24692	25697
24524	25496
24373	25368
24158	25232
24056	25096
23880	24936
23749	24808
23570	24697
23442	24537
23266	24413
23129	24320
22978	24148
22819	24017
22631	23908
22488	23785
22308	23652
22156	23590
22000	23508
21778	23404
21669	23240
21496	23158
21326	23062
21144	22968
20958	22896
20775	22826
20651	22734
20426	22664
20265	22648
20136	22603
19972	22510
19760	22489
19656	22436
19500	22460
19352	22400
19186	22408
19070	22433
18959	22440
18796	22492
18657	22470
18530	22540
18374	22536
18290	22509
18153	22596
18060	22648
17969	22676
17840	22614
17749	22658
17628	22674
17550	22684
17429	22712
17376	22720
17308	22760
17182	22728
17168	22716
17056	22752
16976	22772
16929	22797
16830	22797
16799	22776
16726	22880
16678	22860
16612	22888
16553	22932
16485	22972
16435	23034
16304	23064
16304	23060
16220	23154
16188	23244
16100	23320
16008	23332
15957	23433
15894	23492
15821	23578
15748	23553
15718	23752
15650	23818
15550	23908
15448	23988
15360	24156
15322	24168
15266	24338
15219	24416
15196	24504
15159	24644
15091	24876
15078	24966
15091	25148
15020	25289
15020	25400
15056	25508
15067	25652
15090	25960
15126	26124
15180	26289
15180	26392
15229	26594
15324	26756
15466	26892
15533	27020
15668	27228
15808	27360
15951	27492
16056	27562
16260	27746
16423	27848
16626	27992
16796	28032
17030	28160
17215	28194
17472	28344
17704	28389
17920	28492
18176	28565
18424	28595
18670	28686
18864	28796
19186	28915
19402	28997
19637	29059
19940	29216
20226	29316
20454	29504
20708	29592
21032	29716
21308	29916
21540	30080
21832	30258
22025	30506
22288	30652
22604	30828
22880	31054
23100	31328
23414	31468
23680	31708
23924	31928
24244	32192
24504	32364
24780	32580
25050	32824
25382	33060
25702	33304
25948	33508
26320	33716
26664	33972
26980	34196
27281	34425
27603	34664
27972	34864
28324	35104
28665	35360
29016	35532
29386	35796
29721	35952
30073	36096
30432	36376
30816	36544
31160	36728
31509	36914
31912	37045
32244	37184
32596	37342
32946	37568
33328	37616
33617	37744
33966	37868
34298	38080
34652	38217
34973	38234
35274	38370
35594	38456
35904	38549
36213	38780
36512	38844
36824	38924
37089	39168
37332	39181
37600	39396
37968	39362
38120	39616
38488	39760
38700	39720
38828	39844
39002	40076
39240	40088
39425	40184
39672	40428
39816	40416
39931	40560
40096	40776
40280	40872
40384	40880
40540	41016
40656	41188
40788	41216
40898	41252
41160	41365
41232	41565
41340	41588
41452	41720
41484	41924
41720	42068
41696	42116
41869	42266
41932	42312
42098	42464
42180	42630
42412	42620
42406	42784
42532	42809
42656	42961
42784	43012
43004	43064
43122	43164
43184	43132
43260	43232
43476	43152
43592	43172
43634	43227
43736	43200
43936	43144
43976	43160
44164	43152
44296	43056
44400	43090
44468	43088
44556	43008
44672	42928
44768	42878
44912	42873
44984	42897
45128	42788
45176	42800
45268	42748
45336	42760
45480	42769
45536	42692
45608	42744
45656	42688
45760	42690
45752	42784
45824	42704
45873	42736
45932	42724
46048	42756
46052	42842
46102	42800
46124	42840
46172	42864
46248	42912
46282	42908
46376	42880
46392	42904
46524	42984
46556	42960
46576	43064
46624	43088
46736	43104
46768	43177
46860	43204
46936	43188
47020	43288
47106	43320
47201	43373
47348	43420
47396	43396
47516	43433
47641	43492
47672	43544
47736	43588
47844	43576
47924	43584
47996	43605
48108	43644
48204	43597
48216	43636
48316	43596
48300	43577
48424	43580
48388	43578
48416	43564
48440	43529
48536	43474
48536	43458
48520	43408
48457	43332
48464	43324
48410	43248
48432	43244
48277	43184
48228	43132
48156	43072
48076	42988
48044	42920
47864	42900
47812	42796
47612	42760
47484	42672
47360	42540
47180	42460
46976	42377
46828	42272
46610	42200
46412	42106
46218	41970
46044	41866
45784	41668
45564	41600
45400	41390
45200	41312
44952	41088
44712	41016
44521	40880
44368	40648
44090	40560
43937	40400
43712	40162
43524	40065
43280	39802
43156	39668
42884	39496
42669	39262
42586	39153
42336	38944
42085	38700
41896	38417
41688	38188
41580	37945
41425	37712
41177	37500
40868	37164
40648	36954
40544	36637
40268	36353
40005	36032
39888	35712
39572	35408
39344	35138
39128	34776
38961	34476
38800	34163
38458	33861
38304	33562
38044	33272
37796	32984
37608	32720
37400	32436
37212	32154
36928	31898
36692	31632
36464	31400
36244	31141
36060	30924
35776	30692
35556	30468
35340	30264
35144	30052
34930	29860
34716	29658
34508	29490
34252	29312
34070	29128
33844	28952
33672	28782
33440	28628
33256	28469
33060	28348
32872	28208
32676	28065
32509	27952
32384	27829
32210	27704
32008	27608
31858	27496
31712	27387
31566	27282
31418	27200
31308	27092
31172	26984
30998	26881
30857	26792
30736	26684
30584	26568
30437	26453
30305	26333
30168	26212
30034	26077
29884	25956
29724	25816
29564	25680
29414	25540
29245	25389
29104	25234
28896	25100
28784	24955
28576	24798
28441	24632
28248	24480
28108	24320
27860	24156
27701	24000
27565	23832
27358	23672
27196	23524
27005	23352
26812	23200
26605	23032
26364	22880
26179	22729
25936	22594
25666	22448
25580	22310
25325	22176
25092	22048
24916	21938
24672	21830
24514	21725
24220	21642
24005	21548
23829	21484
23576	21413
23323	21358
23134	21316
22952	21296
22669	21280
22498	21306
22279	21296
22032	21324
21860	21344
21634	21436
21424	21468
21222	21563
21004	21620
20866	21705
20645	21792
20396	21940
20244	21953
20097	22094
19845	22174
19718	22281
19560	22361
19392	22422
19230	22508
19062	22600
18870	22626
18722	22722
18601	22780
18397	22872
18261	22884
18150	22952
17986	22988
17894	22994
17754	23081
17638	23072
17476	23120
17397	23129
17285	23196
17158	23180
17065	23204
16986	23268
16841	23281
16779	23324
16694	23332
16598	23428
16498	23472
16506	23494
16408	23584
16280	23637
16302	23654
16226	23650
16208	23785
16140	23836
16160	23828
16161	23872
16072	23920
16076	23992
16097	24088
16092	24115
16106	24224
16104	24274
16100	24394
16190	24416
16153	24536
16260	24602
16332	24740
16385	24840
16418	25029
16538	25068
16630	25136
16701	25318
16872	25478
16984	25646
17135	25748
17226	25880
17416	26016
17580	26160
17780	26340
17905	26425
18089	26560
18272	26712
18484	26789
18656	26960
18875	27112
19040	27226
19240	27382
19486	27496
19684	27632
19852	27749
20068	27904
20293	28076
20544	28202
20760	28400
20980	28524
21174	28682
21391	28853
21646	29036
21808	29202
22018	29389
22310	29569
22480	29753
22673	30009
22938	30196
23084	30334
23436	30528
23539	30736
23734	30954
23992	31144
24176	31345
24402	31608
24564	31792
24784	31957
25020	32188
25254	32405
25474	32592
25629	32828
25878	33074
26088	33332
26320	33537
26629	33748
26876	34033
27068	34268
27364	34433
27642	34700
27896	34896
28148	35148
28442	35332
28728	35480
28993	35720
29288	35939
29586	36056
29877	36232
30169	36408
30474	36468
30764	36601
31060	36714
31364	36800
31652	36850
31948	36928
32242	37068
32530	37036
32820	37084
33104	37128
33445	37260
33697	37186
33968	37288
34264	37240
34570	37284
34794	37264
35072	37281
35396	37338
35648	37440
35836	37437
36106	37500
36389	37540
36624	37524
36820	37580
37060	37620
37292	37612
37529	37620
37776	37676
38009	37724
38226	37891
38436	37900
38636	37928
38850	37944
39048	38017
39301	38136
39480	38188
39697	38264
39944	38352
40148	38414
40376	38600
40597	38684
40856	38708
41184	38913
41288	38921
41552	39144
41768	39160
42153	39288
42268	39488
42604	39544
42872	39748
43108	39789
43249	39968
43464	40018
43748	40116
43952	40305
44148	40412
44376	40448
44580	40600
44772	40712
44968	40736
45168	40820
45324	40948
45548	41032
45728	41088
45850	41156
45996	41276
46128	41280
46228	41386
46347	41426
46468	41480
46552	41572
46589	41592
46593	41632
46676	41696
46708	41744
46748	41792
46696	41796
46688	41876
46680	41900
46653	41930
46576	41952
46557	41992
46472	42000
46428	41984
46276	41976
46204	42024
46136	42004
46032	42044
45880	42080
45824	42116
45656	42140
45536	42124
45424	42116
45348	42160
45184	42252
45112	42268
44984	42259
44896	42288
44828	42392
44752	42392
44596	42388
44508	42424
44400	42560
44329	42488
44234	42586
44145	42580
44104	42664
44025	42592
43976	42672
43804	42592
43780	42632
43681	42624
43556	42552
43466	42524
43369	42476
43272	42452
43189	42489
43072	42356
42972	42304
42856	42216
42764	42108
42648	42160
42497	41940
42384	41976
42344	41818
42112	41800
41976	41688
41936	41544
41812	41492
41652	41344
41384	41325
41268	41200
41072	41068
40928	40928
40752	40778
40605	40732
40492	40628
40306	40580
40084	40444
39926	40252
39781	40044
39592	39976
39481	39868
39312	39714
39114	39440
38976	39412
38832	39232
38648	39064
38524	38781
38460	38674
38240	38440
38104	38276
38064	38106
37836	38008
37836	37880
37608	37645
37486	37478
37370	37256
37256	37037
37144	36972
37040	36708
36928	36544
36840	36363
36696	36137
36668	35810
36506	35584
36325	35384
36189	35113
36101	34896
35914	34629
35752	34396
35604	34224
35496	33972
35300	33624
35117	33421
34948	33132
34756	32948
34564	32625
34376	32449
34160	32152
33940	31949
33702	31684
33442	31464
33220	31236
32925	31036
32672	30863
32432	30625
32152	30400
31900	30228
31592	30036
31242	29872
30988	29712
30712	29536
30401	29297
30096	29152
29722	28988
29540	28806
29216	28697
28920	28500
28604	28394
28347	28216
28064	28085
27808	28000
27540	27876
27290	27768
26976	27668
26804	27472
26528	27421
26277	27248
26088	27208
25924	27022
25686	26913
25520	26784
25333	26667
25140	26528
24996	26400
24821	26274
24662	26113
24536	26020
24340	25890
24196	25690
24144	25536
23992	25424
23932	25206
23876	25082
23728	24850
23649	24676
23594	24484
23484	24296
23368	24140
23301	23944
23292	23816
23246	23624
23180	23401
23124	23238
23056	23056
22931	22881
22907	22712
22830	22550
22720	22392
22730	22274
22589	22116
22571	21972
22492	21857
22365	21764
22286	21660
22208	21570
22125	21440
22026	21328
21926	21271
21916	21209
21765	21168
21750	21116
21629	21104
21514	21058
21502	21058
21336	21028
21300	21033
21248	21017
21161	21074
21069	21082
20984	21098
21001	21156
20944	21184
20882	21304
20842	21328
20841	21413
20792	21441
20764	21516
20756	21577
20706	21644
20718	21666
20717	21769
20732	21797
20763	21833
20860	21901
20865	21932
20832	21965
20957	21960
20925	22005
21024	21978
21096	21994
21112	22008
21162	22024
21196	21984
21254	21980
21272	21976
21357	21970
21348	21940
21432	21949
21468	21906
21514	21888
21572	21868
21560	21858
21681	21910
21712	21868
21760	21902
21754	21908
21808	21936
21776	21949
21784	22041
21822	22018
21821	22064
21876	22146
21847	22213
21896	22313
21865	22396
21946	22441
21936	22522
21954	22610
21972	22738
22001	22864
22032	22996
22052	23178
22104	23332
22136	23496
22105	23680
22161	23845
22257	24020
22265	24237
22312	24504
22389	24684
22410	24906
22563	25156
22641	25400
22732	25652
22850	25888
22962	26184
23104	26408
23208	26593
23309	26849
23504	27042
23644	27266
23820	27504
24026	27688
24208	27906
24378	28100
24656	28288
24842	28484
25088	28672
25304	28841
25525	29009
25774	29184
26000	29360
26220	29561
26476	29724
26756	29913
27052	30066
27314	30256
27576	30432
27821	30628
28100	30784
28322	31018
28608	31192
28900	31426
29186	31544
29444	31689
29688	31936
29986	32064
30221	32216
30529	32394
30784	32640
31084	32768
31388	32917
31648	33088
31904	33360
32225	33444
32532	33688
32796	33790
33101	33960
33388	34188
33678	34280
34012	34452
34290	34705
34632	34792
34920	35024
35321	35153
35716	35297
35984	35500
36289	35638
36648	35896
37076	35964
37351	36156
37794	36344
38216	36460
38568	36564
38880	36616
39212	36832
39576	36842
39928	36961
40410	37044
40658	37138
41106	37208
41332	37244
41684	37320
42004	37416
42281	37460
42696	37465
42965	37504
43168	37560
43472	37592
43738	37636
43960	37692
44256	37728
44418	37768
44688	37816
44864	37860
45080	37912
45208	37964
45380	37993
45508	38048
45656	38084
45752	38162
45884	38208
46036	38282
46108	38340
46172	38393
46240	38464
46304	38552
46344	38612
46470	38664
46472	38724
46548	38816
46552	38893
46564	38952
46681	39036
46729	39133
46764	39204
46788	39296
46808	39388
46856	39484
46912	39586
46956	39696
46908	39778
46956	39880
47080	39968
47088	40069
47112	40168
47136	40244
47168	40348
47220	40412
47284	40496
47282	40576
47296	40636
47328	40697
47352	40780
47384	40820
47464	40896
47417	40916
47428	40970
47460	41016
47416	41076
47508	41088
47464	41138
47456	41185
47424	41221
47412	41276
47380	41344
47385	41372
47309	41422
47352	41450
47272	41532
47216	41572
47168	41576
47144	41656
47084	41712
47012	41768
47004	41801
46980	41832
46884	41904
46768	41944
46696	41993
46696	42049
46588	42077
46492	42128
46428	42216
46356	42208
46336	42274
46240	42360
46168	42384
46172	42416
46052	42424
46048	42440
46044	42540
45984	42592
45936	42616
45916	42640
45888	42608
45936	42672
45914	42648
45896	42644
45860	42648
45860	42657
45876	42686
45864	42592
45840	42604
45824	42468
45812	42464
45776	42344
45752	42164
45764	42060
45660	41956
45624	41776
45544	41600
45473	41458
45405	41237
45313	41080
45260	40872
45168	40677
44976	40472
44857	40265
44732	40036
44580	39776
44480	39588
44280	39408
44161	39168
43936	38968
43748	38712
43553	38544
43332	38297
43196	38100
42904	37932
42681	37693
42408	37514
42324	37324
42032	37112
41681	36924
41572	36720
41169	36528
40922	36384
40788	36152
40520	35967
40240	35764
39892	35604
39720	35457
39484	35236
39204	35052
38860	34884
38580	34738
38408	34568
38108	34412
37852	34269
37584	34109
37344	33916
37136	33736
36892	33560
36622	33400
36352	33276
36096	33109
35926	32962
35613	32722
35356	32549
35136	32412
34912	32213
34600	31976
34376	31800
34104	31562
33888	31348
33578	31168
33308	30921
33030	30698
32756	30484
32484	30305
32218	30032
31924	29797
31632	29572
31348	29386
31050	29104
30730	28945
30428	28712
30113	28468
29794	28281
29465	28128
29138	27877
28802	27756
28476	27556
28076	27362
27772	27242
27452	27066
27052	26980
26756	26817
26456	26652
26084	26526
25721	26420
25469	26326
25133	26196
24864	26084
24576	26013
24300	25953
24064	25888
23776	25748
23548	25704
23250	25642
23100	25584
22814	25525
22636	25474
22484	25424
22242	25400
22080	25364
21876	25323
21696	25286
21570	25262
21426	25264
21249	25228
21154	25202
21040	25176
20946	25139
20835	25096
20764	25066
20716	25018
20646	25016
20564	24917
20489	24884
20466	24832
20353	24760
20368	24712
20386	24620
20282	24617
20237	24548
20232	24409
20205	24368
20151	24251
20120	24180
20116	24080
20129	23984
20109	23888
20110	23836
20044	23718
20060	23632
20105	23557
20068	23488
20060	23424
20046	23364
20096	23299
20102	23216
20046	23146
20097	23056
20177	22961
20192	22936
20176	22936
20288	22864
20304	22873
20394	22824
20449	22814
20578	22756
20740	22736
20786	22773
20927	22797
21090	22850
21236	22882
21416	22921
21580	22986
21739	23036
21980	23137
22152	23212
22364	23305
22606	23416
22792	23512
23044	23642
23196	23746
23467	23868
23708	24000
23933	24115
24177	24238
24418	24364
24616	24526
24822	24612
25118	24732
25332	24870
25573	24998
25826	25137
26002	25320
26252	25410
26496	25559
26740	25746
26968	25840
27177	26012
27352	26221
27617	26348
27816	26528
28022	26708
28228	26902
28408	27088
28624	27294
28876	27516
29052	27721
29244	27984
29492	28174
29716	28432
29920	28644
30141	28904
30341	29152
30533	29391
30762	29648
30984	29904
31201	30208
31389	30408
31712	30641
31944	30932
32185	31208
32419	31408
32674	31696
32974	31942
33284	32160
33524	32360
33818	32585
34189	32816
34468	33040
34748	33244
35096	33468
35400	33728
35810	33880
36082	34000
36432	34236
36776	34336
37193	34461
37432	34584
37784	34704
38208	34853
38424	34941
38744	35082
39132	35138
39444	35193
39626	35260
39897	35328
40184	35440
40404	35468
40652	35584
40904	35614
41134	35706
41292	35778
41472	35868
41652	35938
41805	36024
41992	36096
42072	36196
42184	36268
42340	36392
42476	36484
42440	36584
42480	36672
42492	36816
42620	36908
42600	37024
42572	37154
42720	37253
42568	37420
42658	37512
42568	37624
42540	37760
42504	37888
42528	38032
42577	38160
42440	38372
42424	38520
42404	38685
42408	38773
42410	38960
42464	39152
42520	39290
42392	39528
42500	39664
42416	39892
42440	40033
42525	40228
42469	40377
42585	40498
42560	40709
42564	40856
42588	40952
42620	41112
42676	41232
42758	41280
42812	41496
42836	41536
42760	41676
42824	41660
42800	41720
42818	41812
42844	41888
42860	41910
42880	41962
42881	42008
42888	42088
42892	42124
42896	42248
42900	42272
43005	42213
42888	42390
42920	42424
42880	42336
42881	42492
42844	42504
42832	42460
42816	42593
42820	42556
42824	42580
42704	42728
42776	42705
42712	42736
42664	42728
42610	42712
42528	42736
42444	42818
42462	42736
42416	42724
42328	42736
42344	42804
42241	42660
42228	42621
42260	42576
42216	42504
42152	42532
42257	42352
42116	42344
42100	42276
42137	42064
42120	41892
42116	41829
42140	41712
42260	41412
42160	41224
42172	41024
42188	40809
42192	40576
42336	40324
42260	40048
42304	39824
42236	39556
42248	39254
42240	38916
42257	38537
42148	38184
42120	37853
42092	37493
42140	37136
41962	36800
41948	36402
41796	36018
41768	35660
41650	35268
41432	34904
41354	34506
41120	34140
40952	33756
40765	33396
40700	32984
40368	32645
40129	32244
39960	31928
39632	31553
39354	31162
39096	30856
38793	30508
38496	30168
38292	29774
37906	29512
37666	29184
37310	28880
36952	28580
36617	28308
36244	28020
35916	27780
35586	27468
35260	27266
34944	27016
34608	26844
34296	26644
33976	26448
33656	26260
33349	26104
33088	25978
32760	25848
32484	25736
32164	25626
31885	25508
31600	25444
31296	25342
31017	25270
30716	25194
30444	25133
30160	25062
29889	25028
29594	24945
29312	24886
29032	24826
28724	24776
28436	24706
28165	24656
27900	24589
27600	24524
27324	24468
27032	24398
26760	24344
26480	24280
26234	24228
25954	24156
25696	24113
25376	24079
25192	24028
24913	23915
24696	23877
24432	23810
24192	23788
23952	23724
23666	23656
23462	23636
23242	23633
22976	23548
22816	23562
22564	23478
22340	23426
22173	23424
21952	23440
21723	23372
21522	23392
21310	23392
21125	23384
20896	23301
20717	23340
20581	23336
20416	23376
20208	23394
19995	23452
19904	23484
19688	23510
19556	23604
19458	23600
19289	23732
19098	23762
19044	23777
18876	23916
18760	23977
18712	24028
18579	24088
18477	24156
18420	24236
18370	24248
18320	24260
18212	24380
18184	24412
18096	24420
18060	24395
18020	24436
18040	24452
17996	24508
17954	24436
17936	24524
17960	24520
17950	24512
17938	24521
17858	24540
17889	24504
17879	24504
17908	24453
17910	24400
17884	24408
17895	24470
17882	24442
17809	24474
17802	24420
17793	24409
17849	24442
17745	24344
17762	24442
17799	24396
17728	24362
17732	24470
17716	24448
17693	24518
17636	24524
17593	24514
17601	24625
17564	24660
17557	24738
17592	24784
17546	24880
17574	24929
17573	25053
17549	25232
17557	25356
17587	25520
17619	25640
17658	25784
17690	25985
17763	26149
17810	26352
17967	26462
18049	26676
18165	26785
18248	26965
18412	27157
18506	27218
18676	27466
18872	27584
19056	27712
19216	27844
19399	27964
19672	28002
19840	28172
20115	28278
20277	28340
20521	28428
20829	28444
21048	28576
21352	28620
21582	28724
21872	28764
22129	28816
22336	28894
22640	28980
22916	29045
23234	29112
23480	29288
23789	29320
24069	29432
24348	29520
24605	29724
24828	29800
25156	29920
25422	30116
25736	30256
26048	30444
26316	30564
26610	30696
26916	30844
27233	31044
27540	31212
27796	31448
28148	31602
28460	31868
28765	32032
29117	32296
29436	32464
29776	32696
30113	32896
30464	33129
30832	33370
31164	33604
31504	33832
31876	34077
32312	34340
32616	34636
32984	34792
33356	35128
33744	35264
34180	35576
34501	35820
34876	35912
35268	36249
35652	36400
35996	36561
36377	36708
36784	36896
37140	37152
37472	37362
37852	37448
38165	37664
38496	37810
38860	37994
39120	38196
39384	38256
39673	38468
39960	38620
40208	38812
40552	38972
40810	39124
41048	39296
41168	39452
41388	39620
41584	39672
41840	39916
41980	39984
42068	40192
42308	40274
42484	40512
42508	40644
42624	40804
42740	40932
42856	41056
42921	41208
43008	41448
43101	41484
43192	41676
43280	41898
43369	42004
43456	42308
43548	42480
43636	42645
43720	42784
43809	42988
43909	43172
44088	43361
44120	43612
44276	43768
44332	44020
44448	44216
44552	44418
44740	44532
44792	44728
44948	44992
45020	45152
45120	45348
45240	45460
45360	45656
45473	45848
45612	45952
45696	46096
45824	46234
45977	46412
46060	46496
46164	46617
46232	46768
46350	46852
46428	47012
46529	47096
46600	47164
46680	47268
46752	47368
46848	47400
46912	47544
46976	47568
47056	47704
47115	47712
47176	47776
47304	47848
47340	47936
47348	47968
47396	48064
47430	48088
47476	48140
47516	48184
47612	48226
47620	48264
47650	48348
47656	48400
47680	48372
47732	48452
47744	48496
47812	48513
47860	48484
47820	48552
47864	48544
47944	48516
47944	48520
47964	48556
47972	48468
48000	48464
48108	48477
48120	48433
48149	48384
48120	48321
48148	48224
48148	48112
48232	48008
48184	47976
48186	47796
48216	47704
48220	47504
48140	47352
48154	47160
48088	46973
48000	46788
48016	46592
47864	46396
47792	46138
47748	45924
47594	45616
47524	45416
47324	45088
47264	44884
47033	44612
46868	44316
46680	43996
46529	43792
46284	43524
46144	43210
45860	42956
45652	42644
45348	42336
45056	42152
44832	41817
44448	41548
44156	41344
43812	41080
43488	40728
43124	40492
42740	40260
42392	40074
42004	39776
41624	39545
41368	39289
40968	39068
40452	38816
40068	38497
39746	38372
39264	38072
38893	37908
38520	37573
38220	37380
37744	37112
37444	36864
37057	36653
36653	36420
36308	36308
35952	36041
35616	35740
35280	35529
34960	35274
34645	35036
34328	34848
34004	34552
33680	34401
33362	34036
33092	33784
32788	33576
32440	33207
32133	32928
31824	32602
31520	32290
31218	31964
30904	31656
30578	31400
30264	31044
29944	30756
29635	30348
29319	30070
28992	29730
28636	29428
28345	29076
28032	28794
27648	28432
27357	28133
26982	27884
26699	27572
26377	27368
26074	27034
25716	26784
25416	26596
25065	26349
24768	26084
24477	25916
24189	25684
23900	25482
23585	25312
23355	25149
23024	24964
22729	24806
22434	24724
22202	24572
21930	24432
21712	24329
21396	24220
21204	24147
20992	24084
20680	23988
20450	23932
20332	23892
20106	23904
19888	23872
19640	23792
19435	23756
19344	23757
19156	23665
18984	23689
18830	23702
18656	23616
18485	23625
18364	23632
18216	23600
18057	23511
17952	23532
17784	23442
17670	23432
17548	23384
17374	23292
17285	23276
17169	23232
16997	23174
16872	23088
16758	22986
16676	22963
16490	22890
16377	22850
16268	22773
16171	22645
16034	22524
15924	22516
15784	22400
15650	22308
15522	22169
15376	22176
15248	22010
15132	21982
14941	21912
14814	21857
14678	21780
14531	21688
14450	21558
14260	21569
14164	21553
13989	21502
13933	21452
13782	21536
13710	21556
13634	21524
13500	21554
13408	21613
13306	21728
13265	21868
13184	21926
13115	21972
13020	22212
12970	22264
13004	22488
13013	22680
12938	22849
12948	23016
12938	23164
12961	23404
13052	23541
13038	23709
13081	23923
13196	24152
13252	24152
13322	24482
13388	24648
13549	24792
13666	25040
13819	25176
13957	25286
14105	25468
14192	25588
14416	25608
14534	25888
14772	25980
14952	26116
15203	26273
15407	26384
15612	26552
15838	26574
16088	26826
16328	26955
16542	27134
16822	27292
17025	27410
17310	27618
17600	27752
17776	27993
18093	28192
18380	28348
18660	28521
18936	28728
19236	28938
19525	29064
19785	29364
20184	29526
20504	29776
20776	29932
21100	30140
21394	30338
21798	30492
22133	30744
22564	30944
22884	31169
23257	31370
23702	31512
24156	31668
24598	31874
24964	32066
25418	32208
25908	32413
26356	32544
26800	32716
27276	32908
27732	33049
28190	33188
28668	33282
29121	33444
29580	33552
30048	33666
30496	33794
30956	33936
31396	33989
31845	34170
32272	34302
32696	34276
33124	34400
33521	34460
33920	34582
34308	34748
34690	34824
35044	34860
35404	34926
35728	35016
36092	35186
36366	35208
36668	35396
36969	35501
37258	35529
37481	35632
37748	35760
38016	35880
38213	35940
38429	36141
38608	36157
38856	36362
38994	36384
39176	36572
39296	36621
39537	36772
39641	36837
39704	36920
39832	37028
40056	37212
40152	37294
40306	37364
40394	37496
40440	37656
40598	37770
40680	37906
40944	37956
40956	38092
41162	38296
41256	38328
41272	38468
41444	38557
41594	38724
41620	38808
41804	38940
41832	39040
41952	39096
42098	39200
42208	39330
42176	39328
42230	39466
42316	39465
42480	39608
42542	39576
42580	39668
42496	39696
42536	39820
42620	39808
42688	39916
42752	39920
42656	39996
42696	40096
42789	40048
42804	40212
42776	40304
42776	40284
42840	40480
42924	40484
42836	40640
42848	40704
42856	40868
42844	40976
42944	41008
42868	41188
42860	41345
42848	41428
42872	41548
42932	41656
42844	41920
42840	41944
42824	42124
42816	42198
42809	42470
42818	42604
42864	42621
42840	42820
42872	42880
42985	43040
42912	43148
42964	43272
42964	43512
43002	43576
43156	43716
43136	43817
43284	44024
43344	44120
43345	44268
43424	44352
43600	44485
43576	44576
43688	44756
43740	44792
43892	44916
43904	45004
43970	45088
44068	45228
44168	45292
44220	45356
44192	45380
44300	45456
44260	45460
44312	45516
44296	45562
44288	45600
44280	45632
44304	45632
44218	45632
44256	45618
44120	45608
44052	45620
44004	45593
43884	45552
43776	45536
43684	45448
43584	45466
43384	45356
43248	45308
43080	45298
42860	45256
42758	45144
42520	45068
42353	45056
42120	44988
41944	44884
41780	44800
41525	44732
41300	44629
41100	44572
40944	44429
40720	44389
40576	44224
40408	44128
40080	44024
39924	43940
39773	43880
39516	43738
39325	43640
39152	43505
39000	43380
38834	43276
38680	43128
38588	43084
38356	42944
38212	42784
38140	42516
37912	42432
37876	42242
37668	41924
37568	41868
37340	41540
37186	41322
37092	41080
36984	40913
36752	40592
36640	40260
36488	40124
36364	39801
36156	39536
35956	39168
35848	38908
35632	38584
35532	38400
35292	38088
35108	37790
34945	37366
34738	37056
34592	36752
34380	36440
34174	36144
33988	35852
33788	35657
33612	35256
33400	34988
33200	34776
33004	34420
32824	34192
32628	33880
32432	33649
32212	33346
32042	33076
31816	32896
31642	32553
31416	32286
31240	32124
31056	31873
30872	31556
30724	31265
30596	31008
30468	30800
30328	30528
30186	30276
30106	30020
29974	29792
29882	29540
29802	29284
29696	29048
29640	28790
29584	28541
29528	28304
29494	28034
29457	27773
29437	27504
29416	27236
29392	26972
29376	26704
29366	26405
29345	26104
29356	25800
29320	25481
29309	25174
29337	24854
29298	24530
29268	24205
29240	23884
29249	23552
29216	23216
29184	22888
29092	22544
29097	22204
29060	21892
29020	21577
28953	21232
28884	20950
28784	20643
28732	20306
28658	20042
28548	19744
28433	19459
28306	19164
28144	18888
27988	18648
27800	18408
27768	18202
27626	17930
27389	17752
27312	17542
27080	17332
26984	17172
26758	16992
26622	16866
26436	16680
26244	16564
26072	16450
25904	16380
25720	16229
25536	16178
25362	16142
25156	16079
24998	16086
24797	16080
24604	16088
24365	16056
24200	16087
24052	16142
23888	16204
23699	16222
23468	16290
23289	16342
23140	16404
22946	16466
22736	16466
22532	16566
22388	16614
22148	16684
21953	16717
21750	16761
21578	16804
21445	16832
21205	16872
21092	16893
20908	16935
20718	16940
20570	16970
20385	16988
20253	16992
20055	17001
19920	17014
19745	17026
19553	17030
19414	17048
19240	17056
19076	17068
18968	17094
18741	17114
18657	17125
18497	17151
18376	17220
18208	17225
18068	17298
17969	17304
17824	17357
17668	17445
17575	17484
17456	17548
17292	17626
17169	17709
17124	17774
17030	17920
16937	18001
16861	18152
16790	18225
16755	18408
16696	18500
16669	18682
16569	18800
16572	18970
16614	19158
16648	19290
16652	19568
16683	19746
16701	19898
16764	20100
16840	20288
16944	20498
17045	20701
17132	20890
17281	21104
17406	21240
17523	21484
17657	21696
17881	21904
18030	22069
18208	22236
18416	22424
18549	22594
18777	22805
18994	22957
19216	23088
19408	23292
19622	23457
19814	23604
20064	23871
20258	24072
20492	24209
20704	24372
21017	24596
21152	24833
21470	25001
21637	25218
21906	25444
22116	25672
22269	25932
22454	26157
22693	26426
22944	26664
23201	26904
23324	27168
23558	27464
23765	27748
23953	28037
24192	28258
24396	28548
24557	28840
24786	29116
25029	29412
25273	29716
25444	30034
25705	30353
25924	30672
26232	30988
26458	31278
26736	31617
26965	31978
27244	32340
27524	32618
27796	32913
28064	33220
28332	33556
28628	33856
28910	34156
29160	34444
29474	34745
29736	35040
30036	35305
30320	35552
30601	35828
30886	36152
31164	36324
31446	36560
31736	36844
32036	37092
32293	37204
32565	37460
32840	37656
33116	37808
33409	38088
33664	38208
33952	38392
34189	38588
34444	38784
34740	38920
34993	39218
35208	39300
35437	39488
35728	39780
35993	39956
36160	40104
36412	40276
36632	40520
36848	40752
37052	40860
37289	41033
37496	41232
37709	41380
37964	41616
38176	41744
38380	41932
38624	42162
38825	42288
39064	42522
39325	42656
39476	42792
39789	43064
39950	43181
40284	43404
40442	43488
40676	43652
40946	43816
41188	44048
41506	44152
41852	44356
42000	44521
42252	44636
42648	44780
42852	44908
43068	45072
43404	45228
43584	45298
43908	45412
44104	45520
44328	45676
44640	45768
44840	45796
45108	45880
45336	46017
45488	46036
45752	46112
45953	46108
46160	46192
46353	46252
46468	46216
46656	46294
46808	46296
46996	46276
47184	46288
47265	46344
47396	46306
47560	46308
47608	46312
47760	46305
47800	46352
47940	46320
48008	46288
47992	46344
48100	46306
48080	46258
48116	46256
48228	46304
48172	46236
48203	46256
48196	46216
48216	46248
48240	46212
48256	46164
48228	46156
48321	46152
48282	46140
48236	46104
48240	46072
48324	46053
48272	46036
48284	45938
48345	45972
48388	45932
48344	45857
48344	45825
48432	45776
48396	45741
48428	45708
48416	45696
48400	45585
48412	45552
48388	45504
48388	45408
48376	45312
48396	45236
48320	45076
48296	44960
48212	44856
48176	44672
48104	44496
48008	44353
47924	44164
47821	43985
47728	43733
47672	43500
47546	43328
47352	43030
47284	42832
47129	42536
46912	42305
46752	42072
46568	41752
46392	41529
46266	41237
45996	40952
45849	40677
45656	40412
45404	40121
45172	39840
44896	39520
44684	39234
44456	38954
44236	38680
43960	38393
43728	38145
43506	37828
43216	37552
42972	37298
42740	37012
42568	36729
42213	36456
41980	36212
41825	35921
41520	35669
41412	35392
41040	35137
40840	34873
40604	34621
40372	34364
40152	34128
39912	33872
39756	33629
39560	33384
39306	33128
39108	32886
38876	32620
38674	32364
38474	32124
38260	31868
38136	31584
37856	31332
37742	31052
37444	30801
37233	30508
37070	30248
36868	29986
36644	29696
36410	29428
36204	29131
35936	28864
35736	28550
35508	28316
35256	28034
35008	27764
34768	27481
34493	27244
34244	26976
33972	26724
33688	26465
33416	26268
33148	26025
32868	25812
32616	25616
32293	25364
31992	25172
31712	25004
31340	24824
31108	24616
30772	24452
30472	24298
30144	24138
29872	23986
29554	23837
29258	23698
28956	23556
28624	23442
28338	23324
28060	23225
27788	23136
27528	23053
27265	22978
26944	22916
26690	22858
26510	22822
26184	22784
26024	22756
25732	22749
25526	22721
25360	22722
25082	22701
24894	22690
24721	22684
24510	22670
24312	22692
24136	22648
23904	22672
23744	22616
23504	22635
23336	22572
23173	22520
22994	22504
22800	22456
22596	22425
22430	22400
22180	22293
22052	22244
21890	22174
21696	22156
21552	22064
21305	22040
21134	21973
21018	21864
20886	21792
20697	21728
20548	21642
20404	21568
20200	21513
20086	21490
19958	21442
19798	21314
19608	21279
19463	21213
19340	21192
19264	21204
19160	21129
18977	21140
18904	21068
18816	21040
18732	21080
18561	21117
18532	21137
18424	21080
18397	21128
18295	21156
18267	21257
18270	21260
18282	21388
18192	21482
18172	21588
18170	21666
18184	21812
18201	21930
18338	22077
18368	22197
18390	22320
18488	22496
18497	22612
18578	22850
18659	22958
18756	23076
18916	23201
19016	23364
19045	23538
19224	23672
19316	23802
19428	23925
19621	24090
19768	24226
19845	24392
20022	24556
20153	24670
20273	24824
20434	24973
20588	25129
20774	25380
20902	25492
21074	25693
21180	25881
21346	26072
21544	26316
21668	26454
21776	26692
21920	26883
22066	27117
22173	27322
22307	27553
22445	27786
22624	28040
22738	28288
22790	28546
23016	28772
23096	29026
23301	29266
23352	29536
23468	29844
23628	30038
23830	30300
23914	30594
24124	30832
24280	31116
24406	31402
24590	31686
24778	31930
24950	32228
25123	32481
25258	32784
25525	33028
25666	33352
25928	33584
26078	33872
26302	34148
26564	34367
26757	34680
27036	34880
27285	35076
27473	35320
27745	35540
27984	35732
28276	35974
28524	36180
28781	36300
29021	36524
29292	36638
29552	36760
29824	36936
30069	37088
30344	37252
30608	37328
30868	37476
31120	37628
31378	37704
31648	37777
31882	37904
32152	38048
32425	38120
32664	38257
32902	38368
33168	38528
33388	38656
33656	38708
33861	38824
34088	38930
34361	39048
34552	39210
34780	39308
35004	39416
35301	39616
35472	39805
35708	39792
35916	40061
36133	40128
36376	40224
36580	40320
36785	40480
37008	40608
37232	40714
37506	40708
37696	40880
38010	40920
38226	41124
38464	41181
38696	41232
39000	41377
39170	41456
39452	41656
39744	41656
39961	41796
40240	41792
40488	41972
40760	42016
41096	41960
41304	42080
41584	42076
41868	42208
42048	42192
42388	42122
42528	42128
42760	42240
42985	42156
43208	42224
43417	42160
43640	42172
43804	42257
44004	42164
44152	42188
44341	42162
44500	42156
44636	42132
44760	42132
44884	42178
44993	42136
45100	42220
45192	42168
45272	42136
45344	42168
45434	42212
45480	42208
45449	42200
45456	42264
45460	42188
45440	42216
45442	42298
45412	42220
45352	42298
45352	42300
45258	42320
45168	42260
45104	42224
45008	42273
44969	42258
44824	42241
44728	42320
44680	42224
44505	42264
44396	42256
44296	42333
44236	42322
44136	42232
43972	42304
43880	42208
43777	42298
43704	42240
43556	42248
43562	42160
43456	42172
43292	42120
43272	41970
43088	41960
42976	41912
42880	41746
42816	41689
42700	41472
42632	41424
42576	41280
42380	41020
42388	40892
42240	40696
42076	40440
41968	40243
41992	40080
41892	39784
41629	39564
41664	39393
41460	39064
41292	38896
41304	38580
41056	38322
40992	38097
40832	37800
40678	37608
40560	37296
40424	37068
40288	36820
40160	36552
40146	36384
39961	36146
39820	35885
39592	35664
39425	35405
39292	35265
39204	35012
39012	34816
38900	34608
38720	34426
38576	34264
38448	34056
38288	33872
38154	33717
38016	33588
37860	33438
37706	33304
37576	33140
37396	33010
37376	32886
37152	32792
37110	32644
36880	32545
36860	32416
36613	32308
36604	32208
36442	32084
36228	31992
36206	31876
36040	31758
35868	31596
35734	31472
35628	31281
35480	31152
35340	30969
35278	30778
35081	30618
34988	30413
34880	30188
34720	29968
34588	29746
34416	29516
34292	29277
34156	29042
34012	28796
33873	28544
33716	28284
33593	28034
33444	27778
33240	27508
33122	27236
32941	27000
32784	26709
32624	26464
32465	26186
32248	25950
32076	25692
31932	25426
31717	25208
31532	24964
31292	24732
31164	24493
30940	24280
30752	24084
30540	23872
30344	23700
30137	23528
29949	23346
29736	23214
29530	23066
29316	22944
29128	22834
28932	22732
28704	22656
28488	22582
28321	22532
28141	22492
27937	22468
27729	22464
27528	22460
27382	22464
27152	22484
27036	22510
26812	22538
26697	22569
26536	22612
26352	22648
26238	22677
26048	22716
25932	22729
25749	22748
25668	22786
25512	22784
25400	22784
25232	22780
25154	22792
25074	22794
24941	22744
24822	22742
24737	22708
24621	22672
24500	22636
24408	22596
24295	22576
24165	22536
24100	22460
24008	22416
23934	22369
23788	22344
23702	22288
23601	22260
23536	22207
23404	22168
23336	22142
23188	22102
23134	22109
23000	22048
22920	22044
22856	22020
22792	22056
22706	22002
22634	22006
22508	22008
22412	22048
22413	22036
22392	22050
22325	22094
22213	22136
22180	22140
22164	22192
22078	22240
22076	22314
22080	22388
22124	22450
22098	22572
22146	22720
22172	22814
22256	22937
22322	23120
22380	23315
22500	23432
22588	23588
22668	23780
22817	23965
22996	24160
23173	24344
23292	24530
23492	24745
23745	25010
23944	25146
24169	25352
24388	25544
24612	25761
24818	25966
24988	26178
25212	26386
25528	26662
25756	26828
25972	27032
26172	27260
26408	27492
26672	27728
26864	27956
27096	28228
27304	28490
27500	28776
27762	28972
27968	29234
28176	29512
28352	29792
28556	30112
28728	30355
28858	30652
29085	31020
29240	31244
29379	31552
29597	31842
29733	32202
29970	32512
30041	32780
30220	33088
30365	33484
30525	33804
30678	34036
30854	34336
31016	34734
31178	35009
31352	35365
31534	35752
31714	36117
31920	36364
32120	36724
32332	37136
32532	37401
32756	37868
32960	38152
33258	38506
33452	38860
33712	39172
34024	39512
34292	39748
34520	39968
34841	40248
35132	40604
35384	40840
35708	41052
35960	41356
36236	41444
36548	41636
36848	41868
37156	42096
37432	42133
37728	42400
38044	42428
38306	42553
38584	42668
38858	42784
39168	42936
39508	43068
39656	43052
40012	43132
40177	43208
40448	43300
40680	43348
40856	43512
41152	43497
41288	43580
41520	43642
41834	43692
41904	43809
42090	43872
42285	43877
42520	43933
42642	44024
42832	44040
43008	44112
43216	44224
43392	44264
43522	44292
43704	44356
43886	44464
44028	44518
44252	44548
44420	44628
44602	44648
44740	44720
44952	44857
45128	44874
45368	44944
45548	45002
45756	45152
46016	45170
46252	45284
46408	45312
46724	45386
46956	45525
47184	45528
47424	45620
47680	45673
47994	45729
48192	45789
48452	45816
48782	45818
48992	45816
49304	45804
49520	45844
49760	45792
50057	45762
50241	45716
50472	45700
50688	45593
50980	45572
51184	45464
51308	45396
51544	45292
51712	45188
51848	45056
51956	44938
52088	44832
52266	44700
52364	44580
52384	44440
52496	44296
52496	44148
52501	44004
52600	43872
52560	43724
52524	43552
52484	43434
52468	43258
52392	43092
52352	42940
52280	42792
52120	42672
52044	42530
51944	42316
51804	42168
51668	42034
51524	41861
51396	41738
51208	41560
51120	41416
50892	41328
50721	41176
50601	41012
50392	40880
50220	40772
50108	40601
49906	40472
49736	40280
49520	40169
49360	40048
49200	39808
48977	39720
48813	39536
48640	39380
48464	39172
48260	38986
48056	38716
47836	38508
47688	38333
47469	38064
47268	37824
46964	37608
46808	37440
46520	37148
46348	36908
46104	36642
45768	36380
45536	36082
45264	35813
45008	35600
44738	35329
44480	35122
44182	34840
43904	34628
43616	34332
43333	34113
43040	33837
42752	33632
42436	33406
42124	33204
41941	32987
41620	32829
41280	32624
40882	32397
40584	32288
40360	32056
39952	31913
39649	31784
39325	31596
39008	31500
38712	31316
38420	31219
38100	31077
37800	30946
37496	30832
37216	30717
36924	30610
36608	30484
36272	30377
35992	30268
35705	30160
35424	30072
35140	29942
34900	29856
34596	29738
34436	29632
34057	29516
33765	29396
33496	29300
33225	29164
32964	29030
32688	28886
32421	28736
32166	28580
31901	28396
31620	28220
31384	28035
31080	27860
30813	27628
30546	27428
30272	27204
30004	27000
29692	26732
29414	26528
29144	26281
28840	26040
28548	25813
28266	25554
27936	25313
27628	25076
27366	24836
26997	24592
26736	24372
26372	24178
26048	23928
25788	23728
25446	23513
25158	23313
24836	23118
24417	22928
24089	22780
23874	22566
23449	22436
23204	22268
22856	22092
22528	21928
22224	21774
21984	21624
21652	21491
21400	21336
21108	21216
20816	21092
20499	20978
20264	20826
19936	20730
19742	20594
19485	20537
19258	20432
19032	20329
18772	20228
18552	20110
18273	20070
18102	19984
17899	19900
17680	19876
17490	19829
17272	19768
17120	19753
16948	19698
16788	19588
16599	19528
16440	19500
16292	19425
16156	19352
15997	19278
15836	19200
15679	19102
15533	18992
15428	18941
15301	18890
15204	18754
15074	18684
14948	18604
14797	18486
14705	18411
14597	18262
14468	18152
14358	18052
14212	17959
14108	17868
13984	17716
13904	17690
13789	17649
13698	17520
13541	17460
13492	17364
13416	17294
13324	17256
13222	17221
13163	17222
13068	17156
13016	17112
12937	17058
12820	17074
12773	17088
12770	17048
12714	17088
12674	17118
12644	17203
12608	17148
12625	17197
12618	17297
12668	17344
12652	17448
12669	17546
12725	17622
12832	17712
12888	17848
12963	17952
13040	18016
13179	18210
13300	18280
13422	18440
13613	18588
13785	18722
13864	18862
14068	18977
14276	19124
14490	19238
14633	19384
14889	19482
15118	19648
15345	19745
15554	19900
15804	19965
15974	20196
16201	20301
16468	20421
16656	20521
16885	20715
17141	20813
17356	20985
17527	21156
17786	21268
17940	21468
18160	21602
18372	21812
18528	22041
18747	22197
18940	22366
19113	22608
19268	22834
19424	23032
19542	23282
19702	23500
19852	23730
20036	23976
20148	24188
20268	24500
20490	24752
20562	25020
20792	25296
20888	25550
21009	25814
21156	26082
21404	26380
21562	26640
21721	26934
21903	27212
22109	27492
22274	27808
22474	28097
22681	28392
22928	28714
23178	28992
23400	29292
23600	29660
23890	29932
24100	30176
24372	30476
24686	30784
24920	31052
25233	31396
25488	31633
25860	31876
26080	32156
26432	32400
26716	32669
27024	32909
27288	33134
27638	33408
27900	33568
28209	33801
28508	34002
28789	34213
29049	34400
29356	34633
29608	34790
29904	35024
30162	35152
30436	35376
30704	35624
30976	35785
31236	36052
31492	36185
31762	36472
32021	36600
32288	36944
32540	37053
32800	37376
33053	37544
33313	37860
33581	38064
33856	38349
34108	38489
34370	38724
34624	38988
34930	39265
35180	39468
35440	39772
35692	39940
35993	40293
36264	40409
36612	40681
36868	40833
37184	41092
37448	41433
37800	41520
38104	41776
38464	42084
38749	42224
39090	42424
39536	42726
39777	42908
40136	43088
40504	43356
40856	43510
41204	43628
41444	43872
41824	43972
42112	44140
42418	44321
42712	44408
43108	44545
43388	44672
43624	44848
43816	44881
44056	45044
44304	45088
44525	45196
44736	45264
44932	45376
45113	45464
45276	45536
45456	45540
45648	45597
45716	45680
45816	45676
45940	45708
46012	45808
46152	45768
46168	45848
46194	45825
46244	45860
46244	45904
46258	45884
46256	45904
46268	45844
46216	45836
46188	45872
46196	45840
46108	45872
46128	45848
45992	45869
45952	45860
45896	45928
45824	45888
45760	45984
45716	46010
45688	46032
45652	46072
45548	46116
45544	46208
45448	46320
45440	46336
45392	46456
45368	46489
45332	46580
45392	46664
45336	46748
45392	46808
45320	46952
45392	46961
45336	47085
45344	47080
45416	47152
45409	47164
45412	47248
45476	47288
45480	47232
45476	47288
45570	47284
45594	47249
45568	47236
45660	47172
45692	47076
45704	47077
45690	46956
45728	46928
45755	46816
45796	46752
45849	46652
45860	46536
45884	46412
45892	46308
45960	46228
45953	46130
46005	46002
46024	45905
46048	45756
46092	45596
46140	45488
46176	45416
46244	45305
46276	45108
46300	45036
46341	44857
46377	44736
46364	44633
46393	44536
46428	44404
46456	44250
46544	44128
46544	43952
46560	43806
46624	43724
46700	43612
46724	43425
46749	43280
46872	43146
46880	43040
46936	42892
46993	42785
47104	42624
47124	42512
47212	42305
47248	42212
47340	42028
47464	41812
47508	41644
47544	41460
47545	41248
47648	41056
47628	40832
47676	40608
47744	40360
47724	40120
47748	39856
47748	39588
47664	39313
47732	39041
47680	38668
47596	38414
47524	38124
47457	37808
47412	37412
47276	37108
47136	36808
46992	36490
46876	36160
46712	35857
46564	35457
46438	35130
46224	34900
46092	34554
45832	34220
45696	33896
45376	33624
45180	33312
44972	33021
44664	32708
44440	32476
44164	32188
43872	31888
43650	31674
43352	31392
43124	31098
42812	30864
42442	30640
42208	30396
41808	30196
41497	29998
41224	29830
40968	29568
40660	29416
40328	29256
39880	29045
39552	28936
39224	28776
38886	28609
38561	28513
38212	28368
37972	28205
37556	28070
37212	27977
36932	27800
36496	27728
36218	27548
35796	27441
35444	27301
35108	27152
34756	26992
34370	26812
34028	26680
33696	26522
33288	26357
32929	26188
32620	26024
32228	25836
31876	25666
31525	25515
31169	25328
30832	25173
30476	25008
30116	24856
29776	24700
29422	24540
29085	24390
28738	24258
28400	24132
28024	24008
27708	23897
27312	23808
27033	23693
26690	23618
26340	23525
25952	23456
25661	23397
25380	23362
25036	23273
24732	23248
24437	23208
24140	23180
23860	23149
23589	23152
23364	23120
23040	23108
22820	23070
22589	23064
22314	23074
22176	23048
21900	23097
21697	23057
21560	23038
21354	23072
21208	23072
21014	23064
20867	23033
20720	23068
20556	23062
20416	23069
20193	23026
20092	23054
19984	22996
19850	23056
19744	22940
19544	22925
19448	22838
19352	22856
19200	22753
19105	22728
18953	22628
18836	22508
18620	22468
18532	22382
18380	22241
18232	22194
18064	22048
17840	21913
17724	21832
17525	21780
17362	21632
17170	21473
17021	21387
16837	21316
16624	21146
16464	21048
16200	20998
16041	20851
15880	20724
15645	20744
15452	20601
15256	20502
15012	20452
14865	20412
14629	20274
14498	20238
14304	20282
14129	20252
13952	20152
13755	20120
13612	20164
13467	20174
13340	20196
13197	20228
13125	20258
12989	20273
12884	20394
12780	20440
12754	20414
12671	20630
12675	20672
12625	20860
12656	20926
12604	21068
12602	21082
12641	21276
12664	21380
12771	21557
12795	21673
12872	21740
12984	21912
13052	22026
13125	22134
13262	22274
13401	22365
13462	22456
13614	22568
13748	22658
13912	22745
14078	22760
14236	22917
14404	22954
14545	23128
14756	23234
14944	23324
15109	23385
15314	23586
15493	23668
15689	23854
15932	23956
16132	24156
16354	24341
16563	24541
16784	24724
16970	24936
17158	25128
17450	25358
17629	25580
17834	25845
18042	25996
18328	26340
18549	26558
18790	26884
18984	27064
19266	27444
19512	27704
19792	28020
20052	28260
20288	28608
20574	28928
20873	29252
21150	29588
21401	29957
21777	30230
22096	30552
22384	30902
22719	31218
23076	31577
23376	31896
23744	32200
24150	32540
24520	32808
24849	33105
25284	33430
25668	33730
26050	34025
26416	34256
26803	34505
27204	34720
27584	34988
27912	35228
28324	35424
28696	35580
29044	35768
29432	35964
29784	36100
30136	36332
30496	36476
30794	36649
31109	36816
31453	36978
31792	37100
32110	37257
32376	37416
32664	37552
32976	37696
33249	37701
33521	37892
33761	38066
33978	38116
34304	38224
34464	38337
34648	38412
34884	38530
35064	38752
35257	38796
35468	38976
35672	38996
35784	39124
35972	39330
36132	39424
36300	39416
36448	39560
36616	39660
36776	39716
36912	39792
37074	39949
37308	40024
37392	40128
37556	40249
37733	40377
37900	40544
38080	40652
38278	40898
38508	40929
38616	41168
38800	41305
39012	41372
39320	41520
39400	41476
39612	41728
39916	41716
39984	41836
40184	41848
40432	41920
40568	42106
40788	42144
41104	42088
41256	42104
41372	42200
41668	42236
41836	42172
41996	42185
42048	42336
42224	42288
42400	42317
42564	42329
42708	42256
42936	42256
43024	42305
43232	42308
43392	42304
43492	42304
43592	42264
43720	42188
43920	42250
44017	42214
44120	42304
44184	42304
44292	42228
44432	42325
44568	42328
44616	42328
44688	42276
44756	42280
44904	42392
44924	42304
45040	42361
45088	42320
45164	42336
45232	42396
45341	42354
45424	42372
45476	42324
45512	42392
45588	42332
45648	42388
45784	42368
45868	42340
45880	42280
45976	42328
46040	42300
46105	42220
46248	42245
46256	42172
46316	42168
46376	42084
46468	42012
46556	41928
46566	41777
46548	41696
46569	41564
46616	41402
46601	41224
46596	41048
46634	40840
46540	40657
46504	40453
46440	40196
46393	39980
46348	39740
46205	39508
46128	39280
46004	39024
45852	38785
45680	38544
45608	38308
45374	38052
45200	37816
45044	37572
44818	37356
44608	37124
44388	36892
44194	36640
43932	36424
43728	36212
43448	35984
43209	35772
43024	35588
42688	35360
42444	35168
42168	34968
42048	34776
41656	34572
41480	34392
41144	34224
40992	34016
40768	33848
40429	33693
40153	33542
39912	33396
39676	33248
39568	33105
39224	32968
39008	32838
38784	32716
38572	32596
38420	32476
38168	32370
37964	32256
37776	32141
37586	32016
37452	31904
37149	31784
37032	31680
36808	31552
36601	31440
36348	31316
36172	31192
35996	31060
35744	30952
35492	30808
35296	30698
35059	30544
34896	30417
34608	30284
34400	30160
34162	30018
33984	29921
33704	29780
33501	29648
33245	29520
33029	29449
32765	29322
32522	29192
32296	29105
32040	29000
31777	28904
31537	28792
31284	28708
31040	28648
30784	28526
30529	28452
30229	28408
30048	28280
29801	28212
29540	28193
29277	28064
29048	27996
28848	27928
28580	27844
28361	27804
28112	27722
27960	27657
27764	27634
27580	27596
27356	27472
27216	27418
27060	27353
26849	27312
26685	27260
26600	27200
26404	27180
26248	27100
26118	27042
25957	27028
25841	26924
25720	26888
25592	26812
25470	26756
25340	26676
25214	26593
25115	26510
24992	26421
24878	26312
24749	26214
24645	26110
24548	25998
24450	25888
24330	25760
24192	25684
24052	25562
23968	25432
23828	25240
23773	25096
23614	24942
23573	24818
23464	24673
23314	24576
23224	24388
23125	24229
23040	24078
22856	23965
22824	23786
22704	23660
22562	23532
22416	23384
22289	23248
22170	23112
22064	22980
22029	22854
21827	22737
21724	22632
21681	22560
21568	22422
21417	22296
21320	22228
21300	22192
21176	22049
21064	21984
21024	21952
20964	21944
20857	21855
20882	21872
20816	21881
20777	21893
20748	21868
20688	21916
20716	21957
20668	21998
20688	22058
20668	22166
20648	22240
20716	22346
20742	22418
20705	22556
20753	22658
20812	22824
20864	22932
20923	22968
20957	23114
21048	23224
21128	23361
21136	23520
21288	23564
21332	23699
21424	23874
21440	23956
21577	24076
21663	24168
21760	24312
21880	24404
21930	24506
22037	24653
22092	24788
22254	24914
22388	25032
22489	25190
22600	25408
22708	25478
22800	25664
22870	25812
23077	26016
23182	26204
23310	26393
23446	26645
23590	26805
23705	26998
23837	27212
24022	27516
24169	27664
24293	27944
24525	28134
24672	28432
24804	28632
25026	28896
25156	29159
25418	29412
25644	29692
25878	30018
26116	30301
26343	30532
26580	30808
26860	31125
27192	31450
27410	31692
27653	32040
27976	32248
28274	32584
28568	32832
28868	33088
29196	33336
29502	33608
29814	33856
30116	34084
30432	34414
30750	34598
31084	34764
31406	35052
31722	35253
32034	35402
32344	35624
32641	35714
32941	35996
33236	36042
33532	36202
33816	36373
34084	36500
34352	36648
34616	36768
34881	37032
35124	37088
35360	37188
35616	37434
35776	37505
36053	37572
36209	37736
36477	37849
36593	37960
36754	38168
36937	38313
37112	38404
37268	38408
37524	38552
37540	38616
37748	38844
37826	38964
37960	38928
38092	39116
38296	39216
38344	39360
38534	39370
38586	39476
38784	39674
38808	39760
39032	39896
39060	39884
39192	40012
39328	40186
39472	40340
39644	40494
39858	40576
39904	40673
40064	40804
40284	40880
40384	41060
40560	41176
40714	41362
40880	41356
41056	41504
41220	41577
41401	41760
41728	41856
41760	41884
41928	41912
42008	42020
42284	41984
42456	42060
42628	42076
42840	42168
42981	42248
43196	42148
43296	42164
43488	42220
43556	42240
43704	42232
43828	42312
43992	42298
44121	42188
44274	42252
44336	42224
44468	42192
44632	42260
44712	42264
44768	42272
44840	42280
44936	42268
45072	42218
45136	42284
45197	42288
45288	42221
45376	42216
45424	42304
45504	42305
45544	42322
45680	42348
45710	42300
45752	42328
45896	42336
45896	42394
45964	42452
46057	42440
46116	42496
46188	42572
46284	42556
46408	42640
46512	42744
46576	42789
46724	42848
46756	42929
46873	42948
46956	43028
47130	43097
47200	43232
47333	43300
47460	43354
47504	43381
47596	43424
47700	43472
47852	43536
47896	43613
48036	43660
48024	43680
48132	43721
48204	43704
48320	43716
48340	43720
48380	43712
48460	43724
48532	43748
48508	43696
48584	43680
48532	43709
48596	43656
48650	43608
48573	43592
48608	43544
48616	43508
48528	43440
48536	43328
48508	43268
48512	43168
48372	43080
48364	43017
48340	42904
48196	42760
48100	42656
48028	42536
47984	42404
47892	42288
47764	42160
47624	42034
47524	41848
47374	41744
47292	41600
47126	41408
47016	41292
46944	41148
46736	40960
46620	40805
46528	40672
46412	40528
46260	40365
46180	40200
46016	40032
45882	39896
45752	39732
45696	39548
45553	39372
45385	39232
45250	39020
45112	38840
45016	38660
44852	38452
44710	38228
44528	38028
44360	37792
44212	37568
44064	37321
43828	37084
43712	36828
43456	36580
43338	36324
43040	36056
42860	35788
42624	35536
42376	35254
42092	34992
41984	34746
41592	34464
41408	34196
41072	33972
40900	33696
40521	33468
40232	33212
40056	32969
39656	32740
39360	32492
39044	32266
38808	32064
38432	31840
38216	31629
37848	31424
37493	31220
37216	31016
36876	30816
36604	30612
36261	30408
35984	30218
35648	30022
35384	29836
35048	29644
34753	29452
34448	29256
34148	29074
33852	28890
33560	28704
33254	28526
32969	28376
32689	28198
32412	28052
32164	27880
32008	27730
31620	27569
31434	27421
31136	27286
30888	27124
30642	26973
30400	26826
30180	26669
29936	26544
29688	26364
29452	26204
29210	26053
28980	25880
28710	25732
28448	25546
28240	25380
27968	25226
27718	25032
27448	24848
27180	24673
26906	24492
26568	24344
26309	24130
26052	23954
25818	23790
25560	23613
25208	23442
24971	23268
24672	23131
24424	22970
24164	22824
23913	22689
23574	22523
23298	22380
23008	22229
22814	22089
22472	21972
22290	21842
21992	21733
21724	21616
21464	21512
21202	21409
20970	21282
20720	21192
20398	21136
20218	20998
19912	20938
19720	20840
19480	20804
19232	20746
19045	20670
18848	20712
18653	20678
18456	20656
18268	20622
18056	20592
17888	20630
17776	20668
17602	20686
17448	20692
17341	20802
17242	20821
17124	20858
17032	20874
16920	20922
16862	20978
16777	21040
16710	21104
16656	21140
16556	21154
16560	21157
16494	21208
16472	21234
16408	21180
16379	21268
16393	21224
16365	21234
16316	21218
16315	21220
16296	21221
16304	21181
16239	21114
16323	21049
16316	21088
16340	21084
16266	21044
16336	21004
16336	21000
16346	20948
16361	20912
16378	20938
16361	20898
16397	20974
16360	20900
16412	20973
16420	20931
16372	20920
16408	20945
16457	20926
16489	20984
16521	21052
16524	20988
16534	21092
16567	21117
16586	21186
16561	21225
16576	21285
16642	21339
16740	21458
16794	21520
16821	21670
16914	21738
16996	21886
17040	21980
17121	22137
17260	22273
17350	22412
17538	22562
17670	22733
17809	22902
17956	23045
18016	23196
18220	23352
18397	23501
18538	23632
18697	23777
18858	23841
18992	24000
19108	24080
19294	24220
19364	24356
19524	24448
19680	24536
19792	24613
20000	24670
20072	24752
20267	24848
20344	24864
20496	24969
20648	25056
20761	25096
20852	25172
20950	25232
21078	25306
21165	25428
21257	25465
21406	25522
21534	25568
21554	25646
21725	25700
21768	25780
21880	25915
21992	25937
22051	26009
22148	26096
22242	26164
22344	26312
22401	26376
22497	26473
22556	26592
22681	26608
22761	26704
22872	26818
22881	26909
23009	27009
23152	27090
23243	27208
23270	27370
23453	27459
23540	27568
23664	27730
23796	27864
23896	28024
24065	28224
24157	28337
24282	28484
24480	28660
24644	28810
24758	28972
24952	29146
25048	29324
25220	29476
25400	29602
25632	29760
25780	29892
25954	30019
26069	30210
26264	30300
26468	30400
26657	30532
26820	30623
26980	30776
27194	30842
27304	30972
27536	30992
27713	31140
27840	31216
28065	31284
28225	31326
28416	31396
28608	31468
28794	31552
28972	31680
29148	31756
29336	31828
29520	31924
29696	31989
29904	32064
30100	32132
30288	32308
30488	32404
30693	32488
30884	32568
31080	32664
31280	32784
31482	33028
31660	33132
31894	33178
32064	33428
32252	33457
32428	33704
32640	33840
32898	34040
33120	34080
33325	34344
33532	34516
33736	34600
33969	34784
34200	35092
34488	35149
34714	35340
34968	35561
35184	35728
35444	36042
35688	36212
35944	36320
36216	36624
36476	36704
36868	36976
37095	37186
37296	37377
37656	37548
37824	37691
38132	37788
38480	37964
38752	38152
38904	38229
39249	38420
39428	38520
39684	38740
39980	38906
40216	39040
40412	39072
40664	39218
40968	39360
41180	39512
41355	39616
41492	39770
41796	39984
41988	40042
42056	40228
42236	40344
42392	40430
42568	40580
42828	40657
42872	40800
42984	40992
43204	41134
43204	41193
43330	41252
43432	41384
43608	41601
43712	41692
43724	41723
43816	41896
43929	41944
43984	42020
44129	42180
44144	42208
44264	42292
44308	42369
44408	42572
44440	42604
44513	42673
44592	42852
44672	42876
44810	42952
44884	43088
44960	43196
45060	43364
45178	43385
45208	43568
45300	43616
45452	43748
45504	43896
45604	43913
45716	44024
45820	44096
45945	44168
46116	44300
46164	44353
46282	44372
46420	44456
46560	44505
46688	44532
46730	44528
46904	44544
47012	44548
47084	44552
47133	44500
47224	44532
47308	44464
47412	44504
47520	44436
47649	44392
47660	44404
47738	44332
47788	44336
47864	44268
47964	44292
47946	44257
47976	44248
48000	44241
48024	44220
48104	44172
48084	44160
48112	44208
48172	44172
48184	44144
48124	44168
48200	44212
48192	44220
48097	44234
48120	44192
48096	44256
48088	44236
48149	44300
48140	44320
48036	44310
48064	44356
48100	44388
48036	44396
48033	44504
48098	44564
48101	44580
48112	44640
48144	44694
48152	44792
48245	44848
48304	44984
48292	45060
48396	45150
48417	45232
48470	45268
48572	45388
48644	45440
48724	45516
48784	45600
48912	45721
48956	45800
49040	45824
49060	45888
49152	46004
49281	46020
49344	46112
49384	46153
49425	46185
49416	46240
49482	46312
49508	46364
49536	46380
49552	46384
49620	46400
49556	46464
49576	46481
49544	46440
49576	46472
49496	46436
49460	46496
49440	46485
49408	46478
49376	46434
49253	46392
49208	46352
49112	46320
49024	46280
48865	46233
48788	46200
48650	46160
48532	46061
48416	45992
48300	45910
48080	45772
47992	45664
47794	45544
47672	45441
47480	45368
47300	45188
47116	45108
47009	44964
46792	44786
46656	44645
46472	44496
46320	44416
46232	44240
46088	44064
45912	43928
45688	43740
45532	43620
45372	43388
45280	43266
45056	43048
44928	42804
44776	42612
44568	42468
44388	42244
44252	42008
44056	41716
43904	41454
43676	41241
43584	40984
43292	40664
43096	40338
42986	40072
42738	39761
42448	39500
42216	39193
41994	38948
41786	38632
41552	38340
41281	38064
41036	37772
40828	37504
40548	37292
40388	37042
40160	36748
39824	36464
39540	36221
39265	36064
38988	35816
38808	35564
38450	35306
38265	35112
37896	34972
37692	34726
37394	34536
37104	34304
36848	34149
36592	33945
36352	33804
36104	33564
35818	33376
35568	33204
35304	33021
35045	32852
34804	32744
34588	32524
34334	32340
34106	32208
33882	32013
33664	31920
33480	31720
33280	31540
33060	31362
32872	31245
32665	31093
32468	30912
32304	30757
32126	30566
31944	30404
31773	30236
31604	30116
31426	29880
31260	29697
31088	29504
30940	29376
30756	29144
30584	28949
30416	28764
30240	28496
30044	28320
29870	28069
29694	27853
29480	27684
29312	27436
29108	27201
28865	27004
28708	26792
28504	26596
28288	26376
28088	26206
27840	25981
27638	25780
27458	25629
27246	25444
27024	25269
26712	25098
26556	24904
26212	24760
26004	24583
25754	24428
25588	24320
25316	24130
25104	24002
24801	23864
24684	23740
24448	23620
24176	23488
23996	23413
23760	23273
23608	23172
23408	23133
23136	23009
23009	22925
22846	22872
22701	22840
22524	22771
22402	22764
22256	22692
22109	22672
21986	22706
21840	22617
21753	22621
21556	22629
21506	22640
21408	22626
21324	22616
21150	22628
21117	22624
20978	22604
20940	22644
20781	22573
20765	22560
20604	22512
20508	22516
20422	22491
20324	22476
20224	22434
20136	22340
20057	22283
19945	22211
19824	22136
19684	22104
19615	22036
19464	21941
19394	21846
19264	21782
19132	21753
19008	21640
18808	21572
18748	21450
18604	21365
18488	21312
18301	21260
18153	21184
18040	21108
17898	21024
17815	21020
17648	20917
17536	20872
17441	20780
17277	20736
17176	20716
16992	20658
16924	20608
16776	20576
16728	20548
16582	20528
16516	20532
16430	20540
16332	20528
16230	20561
16173	20577
16164	20617
16122	20680
16035	20697
16044	20803
16040	20864
16044	20920
16043	21002
15996	21140
16095	21220
16072	21256
16153	21426
16208	21540
16289	21614
16300	21742
16412	21834
16492	21897
16556	21996
16681	22176
16753	22240
16900	22368
16990	22396
17126	22498
17217	22574
17370	22699
17506	22744
17641	22923
17776	23022
17940	23073
18038	23173
18163	23328
18350	23490
18452	23554
18666	23686
18766	23802
18976	24026
19091	24098
19252	24265
19408	24410
19634	24528
19816	24673
19984	24826
20108	24994
20280	25184
20480	25368
20668	25456
20892	25678
21025	25852
21203	26020
21440	26158
21620	26387
21880	26560
22042	26788
22260	26964
22540	27200
22769	27408
23058	27658
23293	27804
23560	28056
23804	28280
24132	28538
24441	28804
24748	29049
25038	29322
25349	29592
25689	29872
26021	30126
26368	30474
26736	30684
27072	30948
27396	31246
27768	31489
28128	31708
28516	31996
28900	32188
29264	32432
29633	32641
30008	32896
30372	33032
30742	33268
31112	33380
31468	33653
31832	33693
32200	33832
32564	33968
32907	34216
33300	34292
33624	34433
33986	34524
34336	34636
34738	34633
35113	34736
35416	34880
35736	34960
36146	35036
36514	35120
36852	35251
37188	35284
37420	35416
37728	35416
38061	35516
38352	35636
38748	35738
38992	35784
39301	35860
39504	35892
39818	35986
40098	36061
40336	36144
40600	36228
40904	36298
41096	36377
41356	36464
41620	36544
41886	36616
42144	36713
42397	36818
42672	36896
42989	36988
43152	37092
43488	37184
43720	37276
43904	37369
44136	37460
44440	37552
44644	37632
44888	37720
45056	37789
45276	37856
45568	37933
45704	37984
45912	38044
46108	38084
46304	38164
46489	38184
46696	38224
46836	38264
46976	38344
47140	38328
47288	38428
47424	38386
47592	38424
47660	38528
47804	38508
47868	38524
48020	38560
48096	38660
48168	38704
48240	38726
48256	38760
48320	38792
48329	38776
48372	38832
48388	38940
48372	38904
48412	38996
48393	39056
48365	39056
48424	39112
48336	39136
48340	39228
48320	39274
48248	39264
48186	39372
48140	39400
48078	39420
48092	39480
47992	39516
47988	39549
47884	39600
47828	39676
47810	39732
47760	39796
47809	39844
47737	39888
47696	39950
47773	40008
47732	40048
47768	40089
47684	40139
47736	40181
47705	40188
47808	40228
47816	40232
47800	40236
47792	40240
47872	40228
47840	40232
47857	40192
47888	40168
47904	40100
47897	40048
47920	40000
47920	39928
47968	39812
47960	39744
47940	39649
47948	39544
47988	39401
47936	39280
47948	39145
47925	38960
47824	38848
47844	38664
47720	38481
47673	38344
47616	38168
47516	37960
47408	37828
47336	37632
47277	37424
47117	37241
47008	37084
46820	36825
46672	36704
46608	36522
46356	36348
46180	36134
46036	35876
45816	35692
45618	35536
45496	35288
45304	35176
45056	34969
44864	34716
44656	34593
44512	34364
44280	34141
44073	33912
43872	33785
43692	33516
43528	33424
43392	33182
43240	32992
43000	32812
42912	32576
42616	32424
42576	32200
42376	31916
42265	31702
42073	31549
41824	31296
41696	31056
41428	30824
41344	30576
41094	30332
40912	30016
40796	29856
40644	29550
40432	29259
40160	29022
40041	28696
39813	28458
39616	28184
39328	27912
39132	27672
38969	27364
38720	27133
38480	26802
38212	26578
37968	26304
37720	26054
37529	25760
37202	25568
36954	25292
36704	25076
36514	24884
36144	24630
35868	24456
35576	24276
35296	24090
35010	23932
34736	23728
34389	23616
34104	23450
33777	23342
33429	23213
33176	23124
32856	23021
32568	22908
32241	22809
31948	22790
31662	22744
31356	22712
31058	22677
30760	22688
30477	22650
30184	22692
29904	22681
29605	22724
29355	22776
29077	22844
28779	22902
28514	22972
28304	23018
28052	23104
27786	23169
27504	23236
27308	23304
27058	23366
26838	23436
26598	23496
26380	23530
26152	23596
25872	23607
25704	23640
25477	23662
25270	23672
25083	23704
24864	23733
24674	23724
24510	23756
24316	23712
24160	23716
23920	23720
23796	23756
23583	23704
23468	23704
23314	23720
23129	23677
23014	23724
22858	23712
22772	23738
22629	23684
22464	23652
22332	23709
22202	23712
22017	23688
21892	23674
21774	23683
21704	23692
21583	23752
21442	23720
21320	23778
21256	23740
21044	23793
20978	23809
20902	23848
20769	23885
20670	23936
20560	23952
20449	24014
20293	24101
20252	24080
20149	24132
20069	24172
19942	24320
19820	24328
19763	24384
19672	24461
19584	24554
19432	24676
19392	24720
19268	24864
19248	24968
19165	25018
19070	25097
18974	25244
18898	25298
18828	25377
18776	25432
18700	25578
18661	25639
18620	25732
18520	25833
18498	25889
18439	25980
18364	26073
18297	26142
18274	26145
18177	26320
18166	26388
18130	26488
18061	26545
18010	26632
17965	26736
17872	26822
17828	26873
17809	26976
17724	27073
17689	27156
17686	27232
17621	27366
17542	27469
17498	27638
17500	27608
17412	27808
17432	27936
17406	28049
17373	28132
17364	28307
17296	28424
17328	28524
17360	28649
17372	28812
17397	28924
17428	29062
17460	29218
17496	29212
17571	29548
17653	29728
17764	29877
17844	29963
17988	30252
18070	30426
18236	30623
18356	30814
18514	31052
18716	31208
18881	31408
19078	31626
19298	31809
19448	32016
19702	32089
19912	32408
20134	32664
20340	32824
20573	32984
20852	33152
21040	33330
21330	33524
21562	33680
21773	33728
22090	34033
22328	34052
22552	34332
22864	34512
23154	34704
23416	34828
23664	35048
23882	35220
24196	35404
24485	35592
24730	35776
25000	36008
25250	36245
25513	36416
25716	36640
26043	36888
26242	37120
26540	37248
26768	37536
27032	37776
27246	38084
27516	38330
27696	38572
27936	38704
28176	39080
28394	39314
28672	39556
28885	39809
29144	40049
29308	40296
29576	40484
29816	40772
30080	41020
30301	41264
30586	41440
30816	41708
31044	41876
31326	42126
31556	42338
31824	42648
32097	42752
32345	43012
32620	43184
32880	43352
33178	43584
33450	43736
33633	43880
33884	44054
34152	44184
34384	44332
34642	44492
34884	44618
35092	44736
35266	44840
35528	44986
35696	45092
35892	45217
36114	45334
36320	45420
36496	45572
36628	45668
36828	45796
36954	45892
37120	46008
37273	46124
37442	46218
37536	46309
37688	46432
37808	46540
37988	46696
38036	46778
38196	46898
38225	47012
38360	47104
38450	47224
38608	47304
38692	47396
38712	47480
38777	47616
38856	47688
39056	47809
39000	47892
39189	48008
39156	48068
39332	48156
39296	48256
39468	48324
39448	48426
39532	48512
39608	48620
39708	48692
39796	48832
39882	48917
40056	48988
40156	49072
40242	49200
40256	49272
40340	49400
40448	49476
40552	49556
40648	49628
40776	49704
40796	49764
40972	49788
40944	49844
41032	49880
41096	49904
41177	49924
41220	49928
41256	49929
41360	49956
41378	49936
41448	49944
41528	49880
41588	49884
41512	49848
41536	49828
41700	49792
41720	49780
41712	49712
41752	49664
41617	49608
41688	49560
41617	49514
41756	49448
41664	49404
41624	49316
41736	49280
41697	49244
41596	49136
41592	49096
41576	49008
41608	48908
41576	48788
41568	48720
41556	48620
41628	48496
41564	48440
41648	48348
41596	48244
41616	48140
41652	47961
41696	47905
41868	47784
41800	47672
41888	47554
41984	47473
42089	47370
42260	47240
42368	47169
42376	47068
42500	46968
42714	46826
42880	46784
43004	46640
43148	46548
43216	46440
43352	46356
43500	46252
43696	46136
43797	46020
43930	45896
44080	45756
44256	45618
44320	45404
44500	45292
44548	45128
44660	44930
44704	44748
44772	44484
44836	44322
44908	44064
44960	43872
44936	43616
44948	43464
44984	43196
44976	42948
44912	42634
44897	42365
44808	42153
44760	41908
44649	41600
44589	41272
44412	41080
44284	40768
44148	40466
44049	40210
43788	39868
43604	39648
43464	39334
43240	39016
43036	38730
42832	38444
42572	38216
42364	37925
42141	37633
41912	37328
41664	37048
41436	36756
41237	36504
41092	36256
40720	35992
40480	35700
40256	35440
40144	35204
39808	34953
39576	34732
39320	34457
39156	34236
38869	33976
38640	33778
38490	33540
38192	33305
37964	33066
37722	32809
37496	32573
37352	32336
37108	32108
36768	31856
36544	31612
36288	31376
36076	31121
35872	30872
35620	30624
35300	30365
35024	30122
34768	29868
34546	29633
34292	29379
33996	29137
33741	28896
33464	28668
33224	28440
32960	28220
32652	28000
32372	27800
32130	27596
31833	27416
31544	27226
31274	27062
30976	26904
30688	26748
30388	26624
30116	26480
29788	26370
29496	26281
29168	26189
28932	26120
28626	26032
28257	25980
27984	25900
27686	25853
27412	25828
27072	25800
26792	25780
26494	25720
26180	25716
25908	25698
25568	25652
25373	25609
25042	25616
24756	25580
24553	25576
24310	25580
24033	25544
23800	25541
23505	25529
23321	25533
23126	25536
22864	25460
22644	25430
22416	25398
22185	25369
21960	25322
21697	25260
21505	25244
21298	25126
21076	25024
20828	24906
20652	24824
20408	24700
20194	24632
19912	24490
19768	24305
19508	24164
19318	24054
19074	23877
18816	23754
18596	23544
18409	23452
18177	23265
17966	23125
17700	22972
17491	22809
17308	22648
17098	22481
16796	22288
16635	22200
16414	22037
16193	21904
15960	21784
15750	21585
15528	21436
15327	21389
15132	21200
14904	21175
14670	21076
14504	20904
14292	20863
14082	20812
13925	20682
13748	20632
13500	20520
13408	20508
13234	20444
13022	20424
12952	20377
12816	20348
12643	20320
12580	20332
12508	20348
12404	20336
12318	20378
12215	20322
12196	20397
12153	20368
12098	20554
12089	20458
12068	20656
12064	20580
12068	20745
12068	20752
12060	20748
12067	20819
12135	20851
12176	20874
12236	20856
12248	20884
12325	20815
12333	20924
12432	20872
12389	20856
12508	20864
12553	20824
12586	20810
12669	20772
12677	20728
12786	20708
12818	20664
12899	20620
12958	20604
13015	20506
13092	20462
13084	20438
13137	20504
13217	20389
13320	20464
13362	20460
13402	20478
13459	20454
13534	20373
13524	20460
13680	20500
13689	20530
13767	20532
13848	20493
13899	20608
13959	20700
14054	20688
14096	20694
14178	20756
14244	20912
14330	20983
14390	21020
14438	21188
14569	21285
14693	21404
14814	21541
14868	21656
15034	21737
15194	21918
15344	22112
15468	22282
15672	22460
15826	22637
15991	22854
16128	22986
16349	23130
16584	23288
16788	23530
16989	23681
17209	23874
17424	24048
17608	24147
17888	24404
18128	24549
18370	24714
18630	24893
18848	25044
19146	25172
19372	25328
19662	25552
19936	25697
20196	25897
20492	26053
20776	26232
21048	26424
21308	26616
21626	26808
21911	27016
22201	27282
22472	27500
22796	27669
23080	27889
23275	28140
23618	28353
23861	28600
24144	28818
24484	29084
24822	29316
25080	29556
25324	29792
25648	30061
25928	30256
26256	30514
26505	30745
26784	30985
27122	31240
27392	31546
27708	31717
27977	31986
28291	32285
28604	32545
28916	32758
29212	33028
29536	33288
29874	33632
30188	33888
30520	34157
30836	34380
31165	34632
31498	34908
31822	35164
32170	35430
32504	35708
32808	35942
33133	36152
33516	36410
33796	36536
34160	36800
34473	36956
34836	37200
35105	37348
35404	37440
35724	37585
36026	37757
36336	37968
36632	38144
37024	38272
37221	38344
37517	38536
37808	38624
38084	38749
38352	38912
38612	38940
38888	39040
39132	39256
39428	39348
39610	39404
39856	39601
40132	39700
40388	39768
40652	39936
40868	39957
40940	40052
41153	40221
41403	40376
41520	40466
41704	40520
41883	40680
42092	40864
42192	40904
42376	40996
42524	41072
42772	41296
42864	41352
42976	41388
43196	41492
43280	41612
43420	41805
43570	41920
43724	41954
43872	42144
44028	42226
44208	42352
44316	42380
44476	42444
44640	42536
44812	42628
44920	42808
45064	42848
45236	42880
45348	43032
45480	43034
45688	43056
45776	43104
45920	43208
45996	43180
46152	43264
46264	43256
46340	43274
46432	43264
46584	43260
46636	43273
46720	43240
46788	43168
46858	43213
46956	43144
46972	43156
47076	43098
47082	43040
47105	43052
47130	42980
47210	42926
47236	42861
47198	42881
47232	42804
47164	42796
47208	42704
47144	42692
47153	42604
47044	42560
47032	42524
46972	42432
46984	42400
46936	42352
46809	42318
46736	42268
46656	42201
46568	42084
46560	42072
46488	42004
46349	41864
46260	41784
46216	41728
46112	41664
46040	41604
46036	41460
45936	41336
45824	41300
45801	41152
45724	41048
45676	40921
45549	40752
45536	40672
45448	40504
45320	40304
45280	40180
45188	39996
45156	39824
45068	39617
44976	39428
44872	39208
44804	39000
44624	38785
44536	38535
44412	38318
44336	38080
44232	37833
44084	37596
43916	37340
43760	37112
43604	36856
43464	36608
43376	36368
43116	36136
42944	35907
42824	35658
42660	35456
42368	35226
42160	35036
41954	34817
41792	34621
41632	34465
41344	34273
41184	34098
40888	33942
40636	33762
40498	33612
40221	33472
39952	33336
39746	33178
39484	33056
39252	32906
39028	32776
38813	32640
38569	32506
38332	32376
38144	32246
37992	32124
37800	31985
37520	31868
37336	31741
37136	31616
36968	31499
36908	31378
36624	31244
36520	31128
36290	30994
36187	30869
35980	30740
35880	30612
35672	30464
35536	30340
35374	30176
35208	30020
35072	29876
34928	29708
34756	29541
34600	29360
34436	29180
34296	28985
34113	28804
33952	28616
33776	28416
33600	28219
33424	28028
33216	27836
33014	27637
32813	27445
32576	27264
32374	27074
32172	26886
31965	26708
31708	26516
31508	26357
31284	26186
31008	26017
30773	25865
30488	25712
30296	25573
30028	25428
29778	25298
29581	25168
29336	25056
29068	24936
28896	24834
28644	24736
28500	24634
28248	24544
28000	24471
27818	24386
27600	24305
27440	24253
27250	24184
27117	24134
26909	24084
26752	24048
26640	24016
26465	23980
26390	23957
26213	23938
26121	23928
26018	23921
25942	23894
25868	23877
25714	23858
25688	23836
25548	23812
25540	23792
25406	23792
25322	23726
25240	23696
25236	23672
25160	23594
25053	23512
24996	23484
24854	23412
24756	23312
24657	23220
24629	23122
24466	23029
24411	22925
24273	22832
24204	22750
24084	22620
23956	22498
23822	22405
23660	22310
23501	22188
23358	22112
23213	22041
23056	21944
22928	21884
22768	21788
22558	21746
22365	21661
22234	21636
22063	21584
21902	21520
21675	21512
21560	21474
21344	21509
21232	21469
21072	21469
20912	21474
20746	21512
20514	21512
20418	21520
20234	21580
20072	21632
19960	21657
19896	21754
19824	21810
19721	21882
19599	22002
19496	22058
19448	22192
19384	22253
19366	22388
19402	22552
19398	22638
19384	22755
19412	22856
19412	23022
19512	23138
19530	23308
19601	23428
19656	23516
19710	23606
19812	23788
19998	23938
20084	24004
20224	24128
20291	24262
20504	24448
20600	24560
20714	24653
20940	24824
21040	24944
21213	25088
21405	25236
21608	25378
21778	25549
21917	25708
22144	25920
22305	26060
22584	26224
22696	26426
22971	26592
23126	26774
23336	27044
23521	27201
23746	27384
23982	27592
24128	27842
24376	28064
24643	28321
24808	28468
25110	28684
25273	29004
25520	29144
25708	29436
26016	29628
26242	29892
26514	30090
26712	30366
26996	30592
27245	30868
27516	31158
27790	31356
28029	31620
28333	31880
28626	32140
28868	32488
29168	32678
29450	32904
29748	33156
30036	33396
30323	33586
30601	33796
30896	34000
31180	34184
31472	34378
31732	34616
32014	34688
32284	34872
32590	34968
32856	35181
33076	35188
33380	35284
33636	35448
33844	35552
34084	35596
34392	35634
34568	35728
34856	35789
35048	35896
35248	36004
35492	36041
35668	36180
35876	36320
36088	36308
36273	36433
36528	36512
36664	36682
36776	36748
37048	36868
37209	36988
37296	37192
37456	37258
37612	37400
37754	37548
37954	37696
38057	37928
38216	38016
38332	38144
38480	38300
38620	38560
38700	38648
38828	38780
38994	38944
39084	39216
39305	39308
39373	39480
39512	39657
39656	39844
39840	39976
39958	40152
40136	40364
40288	40520
40456	40744
40760	40962
40816	41036
40980	41328
41280	41504
41440	41668
41540	41736
41720	41848
41944	42068
42168	42220
42180	42272
42476	42336
42536	42548
42676	42634
42940	42641
43004	42753
43128	42782
43284	42916
43496	42964
43608	43008
43676	43072
43788	43109
43928	43180
44108	43152
44154	43220
44288	43196
44378	43216
44500	43276
44584	43256
44712	43336
44729	43352
44813	43374
44868	43297
44953	43285
45058	43360
45040	43276
45122	43324
45172	43276
45185	43312
45296	43264
45304	43284
45404	43204
45358	43201
45408	43248
45500	43232
45472	43144
45540	43192
45536	43154
45628	43146
45620	43129
45664	43126
45684	43140
45800	43056
45800	43080
45869	43069
45956	42985
45921	42993
46004	42961
46036	42904
46080	42834
46193	42800
46180	42776
46208	42660
46252	42657
46269	42588
46385	42412
46324	42312
46416	42224
46356	42114
46421	42066
46356	41921
46344	41746
46382	41632
46308	41473
46292	41328
46272	41234
46160	41065
46100	40940
46032	40780
45996	40641
45832	40476
45744	40344
45672	40208
45560	40104
45434	39942
45266	39826
45180	39744
45004	39589
44852	39510
44640	39376
44537	39312
44320	39216
44188	39120
44008	38992
43833	38900
43604	38786
43436	38728
43264	38596
43080	38508
42916	38432
42744	38308
42504	38144
42428	38004
42208	37940
42016	37780
41972	37688
41808	37556
41568	37368
41504	37216
41405	37060
41172	36900
41184	36784
40948	36626
40937	36408
40724	36276
40636	36073
40536	35868
40424	35648
40337	35413
40228	35188
40136	34984
40032	34724
39948	34468
39840	34188
39808	33928
39640	33642
39640	33348
39468	33056
39404	32728
39180	32434
39068	32120
38994	31808
38848	31464
38764	31096
38592	30774
38472	30418
38304	30128
38168	29764
38021	29410
37922	29044
37734	28693
37608	28408
37476	28056
37253	27734
37102	27362
36946	27077
36804	26754
36634	26440
36408	26102
36280	25828
36112	25556
35906	25250
35700	25004
35568	24737
35308	24464
35152	24188
35004	23970
34816	23776
34568	23520
34448	23324
34205	23104
34040	22970
33902	22737
33712	22643
33532	22466
33417	22312
33220	22201
33064	22088
32932	21952
32774	21864
32664	21797
32493	21688
32353	21592
32237	21478
32104	21435
31981	21321
31816	21213
31708	21124
31588	21043
31474	20958
31340	20834
31205	20733
31088	20653
30956	20512
30832	20480
30713	20342
30569	20213
30456	20116
30308	20054
30169	19944
30024	19797
29872	19665
29727	19604
29577	19529
29393	19390
29243	19322
29080	19244
28884	19175
28693	19130
28512	19052
28324	19010
28088	18922
27892	18890
27664	18832
27444	18760
27202	18762
27032	18753
26768	18724
26529	18696
26284	18660
26050	18684
25890	18702
25660	18694
25448	18712
25185	18723
24997	18770
24802	18796
24632	18880
24378	18956
24244	19008
24080	19096
23917	19180
23752	19278
23581	19372
23392	19489
23260	19596
23121	19696
23048	19805
22914	19910
22780	20016
22773	20129
22680	20200
22569	20292
22529	20398
22424	20474
22360	20544
22330	20614
22243	20668
22161	20741
22133	20816
22076	20852
22001	20890
21970	20960
21929	20984
21880	21021
21865	21065
21785	21104
21716	21144
21652	21177
21636	21209
21600	21244
21544	21276
21456	21310
21396	21344
21321	21398
21344	21401
21256	21449
21180	21504
21118	21540
21090	21588
21076	21638
21008	21682
20892	21716
20884	21836
20770	21868
20728	21929
20683	22050
20610	22128
20537	22208
20562	22304
20516	22377
20500	22504
20492	22656
20430	22764
20444	22940
20456	23132
20404	23306
20508	23418
20472	23624
20577	23744
20600	23968
20620	24144
20676	24380
20756	24520
20837	24706
20826	24925
21019	25076
21092	25274
21161	25394
21288	25596
21329	25732
21480	25902
21555	26046
21648	26164
21788	26300
21843	26440
21932	26564
22116	26668
22188	26768
22306	26904
22418	27045
22502	27149
22614	27229
22740	27353
22821	27466
22944	27580
23012	27701
23076	27826
23196	27976
23348	28100
23384	28236
23492	28398
23597	28570
23704	28726
23816	28865
23882	29041
23953	29238
24085	29437
24188	29644
24260	29812
24392	30032
24437	30232
24612	30448
24734	30652
24840	30908
24978	31140
25068	31382
25250	31632
25368	31864
25600	32176
25705	32436
25934	32708
26080	32948
26256	33216
26537	33528
26722	33816
26964	34136
27181	34400
27420	34676
27668	34940
27916	35292
28164	35532
28440	35774
28708	36072
28976	36296
29248	36644
29524	36878
29806	37068
30089	37236
30384	37525
30664	37712
30956	37945
31244	38192
31520	38348
31825	38640
32120	38760
32416	38973
32712	39136
32970	39368
33296	39516
33576	39688
33856	39876
34109	40092
34421	40284
34676	40312
34977	40592
35257	40648
35520	40950
35790	41068
36048	41232
36340	41296
36593	41437
36860	41568
37192	41692
37388	41844
37624	41988
37880	42094
38146	42196
38464	42456
38732	42489
38872	42568
39120	42680
39440	42916
39588	42920
39840	43057
40153	43184
40300	43316
40673	43504
40776	43600
41016	43704
41237	43820
41484	44021
41789	44104
41949	44196
42216	44321
42496	44448
42716	44540
42900	44704
43104	44724
43373	44848
43556	44932
43740	44964
43972	45024
44152	45140
44388	45172
44522	45228
44701	45208
44961	45220
45076	45296
45300	45264
45468	45266
45624	45272
45732	45316
45888	45341
46008	45296
46116	45336
46212	45277
46384	45252
46408	45280
46496	45232
46593	45264
46692	45300
46721	45292
46768	45304
46880	45292
46928	45305
46892	45252
46936	45313
46912	45264
46973	45336
46960	45280
46944	45328
46900	45352
46940	45344
46912	45356
46836	45418
46804	45376
46784	45412
46760	45472
46792	45480
46693	45537
46680	45538
46649	45593
46636	45620
46608	45640
46636	45634
46624	45664
46576	45696
46576	45768
46592	45752
46636	45848
46602	45824
46664	45892
46672	45880
46617	45872
46612	45856
46624	45860
46696	45920
46656	45880
46664	45816
46648	45852
46656	45768
46664	45744
46712	45768
46648	45692
46621	45648
46632	45632
46610	45532
46592	45528
46656	45456
46576	45364
46540	45380
46536	45292
46484	45252
46496	45128
46444	45116
46412	45038
46340	44992
46308	44892
46282	44889
46184	44788
46188	44700
46101	44624
46008	44556
45952	44489
45872	44468
45876	44368
45737	44312
45648	44280
45640	44212
45528	44144
45428	44116
45376	43988
45280	43984
45220	43924
45213	43880
45136	43808
45032	43812
44962	43776
44916	43756
44920	43788
44825	43728
44776	43776
44800	43720
44728	43780
44696	43732
44688	43744
44676	43688
44624	43737
44568	43688
44572	43632
44528	43672
44500	43592
44464	43604
44412	43556
44360	43396
44336	43394
44360	43336
44232	43128
44172	43088
44160	42952
44036	42788
44005	42720
43936	42620
43840	42392
43660	42272
43544	42114
43464	42032
43289	41824
43154	41704
42992	41552
42825	41416
42672	41241
42506	41144
42308	40921
42212	40800
41920	40798
41744	40588
41492	40548
41272	40416
41156	40224
40868	40064
40664	39944
40400	39816
40160	39688
39956	39564
39720	39436
39554	39328
39360	39268
39138	39104
38870	38932
38736	38680
38484	38568
38305	38360
38144	38184
38072	38076
37824	37872
37668	37736
37528	37508
37392	37274
37308	37138
37132	36852
37084	36668
36977	36408
36812	36180
36736	35982
36548	35700
36389	35556
36316	35193
36146	34926
36075	34668
35880	34468
35748	34172
35616	33826
35488	33613
35388	33276
35233	32984
35076	32720
34952	32389
34784	32094
34652	31828
34492	31580
34341	31284
34192	30956
34028	30720
33852	30440
33690	30152
33572	29889
33360	29636
33172	29369
33040	29148
32820	28904
32677	28666
32435	28440
32296	28218
32126	27984
31934	27776
31742	27566
31592	27360
31392	27168
31208	26973
31025	26800
30844	26616
30667	26428
30489	26272
30316	26116
30148	25970
29981	25833
29816	25712
29636	25593
29492	25488
29333	25380
29170	25281
28988	25200
28858	25128
28699	25060
28558	25004
28406	24936
28256	24876
28094	24850
27953	24772
27802	24720
27596	24674
27456	24612
27357	24558
27176	24500
27040	24429
26896	24380
26672	24304
26568	24229
26408	24147
26252	24076
26048	24005
25870	23918
25698	23818
25576	23705
25432	23593
25234	23490
25092	23410
24891	23300
24718	23204
24553	23101
24324	22988
24154	22936
23964	22844
23808	22728
23608	22636
23386	22532
23218	22459
23008	22386
22794	22320
22583	22244
22404	22178
22233	22117
22016	22032
21810	21990
21618	21932
21410	21958
21212	21870
21038	21844
20784	21842
20624	21798
20457	21786
20242	21754
20064	21736
19905	21744
19780	21779
19606	21816
19432	21802
19261	21800
19088	21872
19008	21904
18893	21929
18816	21932
18690	22004
18556	21983
18471	22034
18328	22080
18302	22100
18212	22053
18126	22112
18104	22106
18009	22156
17968	22040
17916	22104
17816	22050
17774	21996
17732	22056
17693	22074
17648	21980
17641	21894
17586	21888
17576	21885
17535	21888
17496	21813
17450	21775
17417	21715
17364	21664
17296	21657
17282	21665
17258	21624
17220	21626
17160	21593
17113	21544
17060	21569
17000	21548
16952	21474
16928	21512
16798	21501
16848	21432
16778	21410
16723	21456
16716	21497
16634	21496
16579	21515
16556	21507
16572	21544
16489	21592
16525	21602
16517	21665
16486	21754
16496	21821
16557	21829
16570	21965
16613	22072
16574	22181
16698	22296
16772	22410
16809	22500
16900	22626
16939	22676
17052	22802
17154	22877
17232	23002
17364	23081
17456	23188
17564	23301
17658	23364
17736	23400
17888	23465
17948	23546
18048	23620
18228	23656
18329	23656
18420	23754
18608	23736
18666	23776
18849	23786
18956	23858
19113	23888
19226	23944
19373	23975
19501	24028
19610	24040
19748	24096
19856	24134
20042	24156
20181	24252
20316	24274
20405	24404
20594	24464
20752	24568
20858	24668
21004	24730
21176	24824
21340	24932
21460	25044
21647	25160
21816	25224
21917	25358
22084	25498
22304	25630
22470	25776
22657	25920
22788	26088
23036	26240
23189	26384
23472	26612
23613	26756
23808	26952
24132	27160
24313	27388
24568	27550
24834	27796
25090	27942
25304	28172
25564	28372
25856	28581
26120	28772
26384	29000
26700	29248
26968	29378
27260	29624
27552	29768
27842	30048
28136	30176
28434	30340
28689	30619
29020	30780
29309	30977
29593	31084
29908	31268
30169	31552
30472	31653
30784	31841
31072	32036
31358	32234
31636	32464
31896	32755
32174	32864
32452	33144
32704	33306
32968	33568
33248	33840
33488	34009
33748	34240
33968	34480
34240	34782
34440	34984
34717	35240
34944	35596
35136	35696
35404	36064
35560	36196
35888	36440
35972	36688
36200	37072
36424	37230
36628	37524
36920	37788
37156	37936
37276	38316
37493	38458
37722	38676
37954	39056
38264	39168
38420	39522
38648	39700
38880	40004
39148	40104
39468	40376
39685	40568
39858	40696
40032	40902
40336	41116
40512	41228
40724	41488
40928	41580
41148	41756
41468	41754
41576	41884
41782	42048
41992	42140
42176	42196
42366	42356
42668	42388
42764	42360
42956	42476
43156	42601
43242	42656
43404	42728
43624	42764
43700	42740
43793	42832
43988	42872
44072	42936
44212	42948
44248	43104
44364	43125
44408	43196
44476	43289
44556	43328
44658	43406
44654	43392
44720	43456
44813	43516
44808	43673
44876	43708
44864	43792
44896	43872
44912	43868
44948	44000
45016	44000
45032	44152
45038	44148
45072	44268
45128	44312
45112	44376
45128	44444
45168	44536
45204	44618
45324	44684
45305	44792
45405	44870
45492	44928
45570	45008
45656	45060
45724	45080
45752	45132
45834	45240
45929	45241
46032	45328
46112	45288
46232	45316
46368	45338
46397	45368
46488	45394
46568	45364
46648	45300
46801	45344
46860	45308
46952	45260
47032	45208
47112	45164
47124	45138
47216	45058
47321	44972
47324	44908
47380	44810
47396	44754
47456	44714
47552	44593
47521	44592
47573	44448
47572	44404
47680	44308
47652	44228
47624	44184
47617	44072
47617	44020
47648	43880
47572	43856
47538	43760
47584	43672
47531	43616
47520	43500
47456	43482
47406	43404
47360	43344
47352	43216
47256	43167
47204	43140
47172	43080
47188	42977
47086	43008
47113	42936
47020	42868
46980	42848
46992	42888
46925	42816
46984	42828
46884	42780
46920	42780
46816	42752
46876	42690
46840	42640
46784	42656
46732	42553
46696	42489
46632	42444
46576	42313
46600	42220
46496	42152
46400	42024
46348	41872
46317	41724
46216	41608
46110	41424
46076	41282
45936	41113
45812	40924
45692	40734
45578	40540
45434	40312
45292	40089
45137	39892
45056	39668
44852	39456
44656	39244
44452	39040
44340	38842
44136	38624
43924	38396
43696	38188
43408	37962
43172	37754
43005	37496
42688	37304
42433	37080
42184	36837
41884	36617
41640	36384
41308	36161
41052	35969
40804	35720
40484	35501
40196	35294
39972	35036
39600	34802
39428	34612
39056	34388
38792	34168
38496	33932
38248	33712
37988	33508
37728	33328
37484	33096
37310	32900
36992	32740
36752	32536
36576	32348
36349	32109
36044	31965
35808	31724
35572	31529
35392	31321
35100	31124
34857	30914
34612	30742
34392	30489
34125	30273
33948	30080
33697	29888
33456	29664
33172	29472
32932	29264
32689	29081
32448	28885
32184	28680
31944	28472
31714	28314
31456	28108
31154	27940
30934	27800
30710	27613
30448	27472
30228	27333
29965	27188
29760	27074
29512	26944
29256	26842
28988	26744
28776	26624
28460	26524
28230	26424
28077	26344
27804	26264
27552	26172
27396	26104
27090	26026
26920	25993
26648	25888
26484	25832
26304	25786
26017	25688
25904	25636
25645	25584
25538	25576
25372	25494
25206	25444
25068	25416
24938	25357
24797	25352
24706	25290
24544	25244
24473	25232
24348	25184
24325	25148
24240	25117
24135	25090
24078	25081
24053	24992
24000	24896
23960	24844
23917	24764
23869	24708
23841	24612
23804	24569
23724	24440
23710	24389
23632	24244
23608	24140
23564	23998
23476	23898
23412	23796
23322	23636
23284	23592
23240	23417
23165	23279
23084	23156
22922	23045
22837	22924
22788	22832
22664	22704
22575	22621
22453	22564
22368	22425
22217	22348
22132	22276
22040	22192
21909	22128
21728	22052
21577	21980
21481	21973
21362	21942
21153	21896
21052	21828
20916	21794
20744	21821
20628	21757
20494	21776
20312	21697
20158	21688
20004	21707
19845	21720
19656	21776
19544	21754
19428	21749
19272	21808
19124	21838
19079	21856
18962	21902
18824	22049
18710	22020
18616	22164
18580	22194
18470	22308
18442	22368
18377	22382
18296	22475
18258	22572
18236	22632
18120	22646
18120	22712
18106	22754
18090	22724
18040	22784
17978	22826
17977	22793
17963	22862
17948	22908
17896	22878
17908	22872
17928	22930
17915	22926
17852	22938
17824	22968
17848	22942
17832	22926
17794	22929
17761	22884
17840	22908
17796	22816
17786	22944
17774	22888
17762	22906
17716	22936
17730	22896
17712	22910
17654	22845
17672	22876
17680	22880
17677	22877
17676	22836
17666	22892
17684	22912
17667	22979
17638	22952
17698	22960
17725	22968
17680	23044
17750	23058
17780	23030
17833	23080
17876	23166
17970	23200
18090	23325
18125	23394
18221	23480
18304	23516
18442	23656
18614	23788
18757	23866
18872	23970
19042	24124
19224	24236
19408	24338
19524	24436
19760	24545
19924	24608
20076	24721
20304	24864
20476	24908
20666	24964
20869	25060
21024	25114
21190	25152
21360	25234
21512	25307
21718	25328
21924	25384
22084	25445
22251	25480
22373	25518
22540	25533
22716	25614
22848	25653
22970	25698
23126	25760
23242	25822
23416	25872
23536	25924
23625	26021
23744	26080
23904	26188
23938	26228
24120	26298
24176	26450
24320	26492
24402	26632
24476	26732
24605	26826
24729	26896
24825	27013
24872	27142
25024	27248
25126	27356
25233	27544
25306	27620
25452	27752
25596	27896
25671	28100
25840	28193
25996	28364
26148	28521
26284	28720
26432	28904
26549	29096
26790	29284
26944	29416
27132	29688
27296	29792
27512	29986
27712	30168
27916	30360
28122	30544
28340	30768
28564	30897
28781	31164
29012	31264
29242	31492
29484	31540
29721	31700
29964	31840
30210	31982
30464	32114
30725	32264
30964	32364
31252	32552
31501	32682
31768	32710
32072	32844
32352	32920
32620	33024
32864	33121
33176	33208
33476	33298
33760	33488
34044	33500
34344	33600
34629	33644
34916	33792
35216	33808
35505	33876
35826	33988
36124	34048
36418	34145
36721	34188
37004	34252
37298	34308
37592	34400
37944	34476
38188	34532
38524	34596
38896	34674
39116	34740
39392	34832
39665	34873
40016	34992
40344	35049
40597	35136
40832	35242
41136	35348
41421	35457
41708	35552
41993	35672
42386	35785
42644	35912
42825	36042
43122	36180
43404	36316
43628	36464
43882	36624
44180	36768
44353	36928
44608	37088
44872	37232
45020	37408
45221	37580
45432	37752
45648	37932
45816	38144
46016	38300
46188	38512
46336	38697
46540	38882
46664	39096
46820	39276
46972	39480
47036	39680
47180	39872
47260	40080
47324	40296
47408	40496
47576	40720
47572	40928
47616	41152
47748	41368
47716	41565
47796	41760
47776	41988
47772	42212
47840	42440
47804	42668
47820	42880
47792	43037
47816	43264
47792	43496
47780	43700
47772	43868
47680	44096
47676	44240
47636	44472
47684	44660
47668	44852
47624	45036
47624	45201
47596	45408
47536	45580
47524	45768
47544	45924
47581	46120
47548	46321
47625	46432
47624	46672
47636	46764
47708	46945
47740	47113
47724	47208
47816	47393
47816	47520
47825	47588
47916	47745
47908	47842
47954	47876
48016	47944
48016	48048
47992	48080
48024	48153
48104	48216
48060	48224
48100	48208
48108	48232
48116	48284
48192	48240
48148	48256
48157	48228
48169	48240
48212	48218
48220	48210
48264	48192
48236	48168
48240	48188
48266	48160
48256	48144
48344	48100
48266	48036
48288	47992
48264	48012
48325	47921
48268	47889
48304	47828
48252	47840
48244	47728
48232	47720
48176	47708
48200	47648
48160	47541
48128	47544
48068	47450
48044	47416
48012	47392
47988	47344
48016	47288
47920	47272
47884	47148
47852	47176
47864	47056
47780	47020
47748	46952
47720	46901
47704	46888
47688	46780
47656	46704
47560	46648
47492	46580
47456	46448
47380	46280
47396	46212
47336	46072
47200	45844
47148	45720
47065	45532
46978	45312
46960	45088
46820	44800
46724	44605
46706	44284
46620	44068
46464	43768
46352	43436
46236	43104
46144	42836
46036	42464
45969	42154
45788	41745
45721	41456
45536	41036
45460	40712
45324	40332
45128	39944
44984	39548
44892	39176
44729	38804
44578	38420
44380	38028
44204	37648
44080	37268
43888	36888
43713	36516
43464	36132
43316	35736
43144	35368
42872	35041
42670	34648
42466	34312
42284	33988
42064	33600
41872	33276
41696	32977
41454	32644
41372	32364
41044	32000
40846	31728
40720	31457
40434	31176
40229	30866
40144	30648
39833	30357
39680	30109
39424	29848
39224	29682
39032	29450
38905	29194
38656	28921
38408	28708
38190	28500
37972	28260
37761	28026
37529	27778
37357	27549
37088	27336
36952	27098
36660	26880
36396	26612
36212	26405
35986	26145
35748	25936
35499	25744
35268	25517
35041	25256
34801	25108
34580	24881
34360	24656
34100	24477
33881	24280
33648	24101
33446	23900
33248	23702
32952	23577
32736	23370
32518	23204
32284	23096
32050	22948
31864	22809
31605	22705
31392	22537
31169	22416
30952	22280
30740	22178
30544	22083
30316	21964
30118	21868
29906	21785
29702	21720
29508	21636
29308	21600
29152	21565
28937	21480
28784	21472
28612	21464
28445	21449
28287	21442
28116	21456
27944	21486
27780	21489
27608	21504
27436	21514
27344	21547
27181	21560
27018	21597
26888	21609
26685	21626
26517	21644
26392	21654
26200	21656
26048	21659
25876	21654
25724	21637
25560	21628
25389	21612
25218	21581
25052	21560
24880	21525
24664	21492
24492	21458
24254	21416
24092	21379
23908	21342
23744	21282
23483	21252
23352	21188
23174	21132
22956	21085
22771	21040
22536	20987
22321	20958
22138	20884
21972	20857
21738	20810
21502	20752
21325	20736
21088	20676
20912	20643
20756	20619
20541	20557
20347	20528
20101	20555
19912	20474
19697	20473
19520	20474
19322	20458
19172	20434
18960	20462
18786	20462
18637	20492
18468	20565
18304	20528
18128	20560
18028	20618
17904	20610
17820	20648
17699	20693
17560	20800
17547	20760
17477	20801
17404	20817
17354	20847
17285	20996
17308	20988
17284	20994
17273	21050
17326	21064
17330	21097
17378	21136
17404	21188
17452	21238
17554	21230
17672	21318
17710	21368
17859	21416
17966	21460
18082	21529
18249	21618
18390	21766
18546	21860
18710	21995
18825	22096
18976	22288
19205	22493
19380	22668
19562	22856
19722	23084
19881	23301
20092	23486
20301	23739
20488	23951
20674	24180
20898	24468
21088	24760
21294	25018
21499	25348
21648	25608
21924	25909
22152	26184
22308	26500
22624	26789
22848	27099
23060	27421
23341	27754
23552	28070
23858	28370
24086	28776
24340	29030
24652	29376
24964	29748
25224	30024
25506	30344
25852	30740
26148	31006
26464	31306
26708	31581
27086	31888
27388	32221
27706	32448
28020	32742
28360	32974
28676	33230
28980	33412
29320	33640
29628	33819
29940	34040
30256	34281
30560	34329
30872	34586
31172	34620
31468	34833
31772	34920
32048	35024
32358	35012
32600	35084
32897	35178
33128	35316
33388	35267
33676	35421
33866	35476
34101	35416
34280	35512
34584	35528
34760	35586
34944	35602
35112	35642
35293	35780
35476	35822
35634	35848
35768	35940
35928	35966
36064	36012
36200	35964
36320	36123
36448	36104
36572	36115
36700	36256
36836	36264
36932	36258
37025	36406
37160	36409
37340	36464
37410	36524
37548	36488
37804	36628
37816	36576
37964	36620
38096	36700
38260	36680
38400	36824
38556	36832
38745	36849
38840	36880
39076	36816
39148	36834
39320	36806
39460	36806
39637	36800
39880	36888
39964	36856
40176	36776
40256	36764
40332	36744
40474	36752
40680	36696
40860	36688
40916	36666
41052	36698
41242	36640
41344	36630
41436	36656
41672	36649
41688	36636
41824	36602
42066	36612
42048	36626
42141	36601
42236	36612
42392	36610
42468	36652
42508	36640
42609	36668
42688	36692
42740	36730
42836	36756
42908	36800
43032	36832
43068	36881
43129	36936
43201	37000
43324	37048
43373	37112
43449	37172
43608	37268
43634	37344
43796	37444
43825	37536
43912	37644
44008	37712
44120	37826
44224	37940
44376	38057
44424	38144
44532	38260
44704	38368
44792	38496
44832	38596
44932	38704
45028	38796
45172	38902
45260	39008
45268	39072
45412	39153
45428	39236
45472	39332
45580	39372
45576	39433
45600	39524
45618	39561
45704	39608
45680	39640
45728	39676
45714	39700
45632	39712
45668	39700
45629	39716
45584	39692
45532	39668
45400	39676
45368	39632
45292	39634
45152	39564
45088	39536
44996	39452
44852	39401
44668	39344
44512	39273
44368	39192
44276	39068
44064	38976
43896	38817
43708	38696
43548	38584
43360	38472
43160	38304
42897	38104
42716	37996
42516	37812
42304	37608
42112	37456
41908	37260
41792	37072
41444	36856
41243	36616
41100	36404
40844	36192
40656	36001
40496	35745
40388	35528
40112	35301
40048	35032
39840	34792
39649	34536
39426	34269
39248	33996
39164	33736
38912	33444
38794	33160
38572	32866
38404	32586
38232	32270
38104	31978
37908	31652
37725	31345
37524	31040
37388	30760
37228	30413
37028	30128
36869	29825
36664	29520
36513	29200
36304	28900
36116	28592
35940	28293
35760	28000
35576	27712
35409	27450
35236	27188
34992	26932
34860	26664
34648	26408
34468	26168
34228	25930
34084	25693
33864	25488
33680	25260
33500	25072
33320	24852
33116	24704
32920	24530
32756	24360
32548	24249
32384	24128
32194	24002
32000	23921
31836	23809
31642	23778
31456	23724
31276	23700
31084	23662
30904	23652
30716	23644
30525	23700
30324	23724
30124	23750
29924	23814
29716	23868
29496	23934
29272	23998
29028	24085
28778	24165
28533	24253
28316	24338
28032	24430
27792	24521
27500	24592
27244	24684
26956	24772
26668	24868
26349	24948
26014	25032
25756	25150
25393	25208
25144	25331
24832	25446
24456	25480
24222	25643
23872	25737
23625	25794
23316	25930
23020	25989
22692	26084
22410	26160
22092	26312
21793	26392
21455	26497
21176	26632
20936	26697
20664	26774
20349	26878
20118	26971
19776	27083
19494	27104
19166	27216
18948	27344
18664	27432
18344	27530
18065	27610
17813	27760
17604	27872
17328	28016
17085	27952
16828	28136
16605	28224
16324	28469
16097	28520
15898	28740
15694	28804
15490	28914
15286	29032
15042	29180
14908	29256
14712	29304
14575	29482
14433	29568
14262	29674
14052	29682
13976	29778
13853	29852
13696	29872
13536	29874
13454	29980
13310	29956
13209	30050
13088	30068
12968	30124
12811	30016
12776	30144
12678	30137
12560	30140
12523	30173
12462	30160
12364	30220
12309	30113
12234	30200
12214	30249
12124	30248
12086	30272
11976	30249
12041	30298
11945	30396
11979	30392
11984	30365
11977	30504
12016	30528
12004	30594
12052	30664
12072	30748
12068	30849
12182	30916
12236	30920
12320	31092
12358	31205
12508	31275
12616	31462
12745	31369
12894	31684
13048	31832
13176	31996
13345	32122
13492	32285
13701	32524
13904	32704
14074	32872
14342	32848
14528	33253
14748	33436
15016	33616
15264	33796
15490	33960
15760	34104
16053	34276
16327	34448
16563	34616
16882	34764
17166	34794
17456	34856
17712	35080
17992	35248
18329	35372
18628	35445
18936	35552
19165	35658
19520	35804
19805	35872
20086	36018
20385	36080
20696	36076
21044	36349
21259	36448
21581	36524
21866	36645
22156	36768
22418	36824
22688	36948
22944	36928
23256	37168
23548	37314
23746	37330
24048	37428
24304	37548
24536	37609
24840	37814
25064	37816
25285	37896
25591	38024
25800	38004
26092	38176
26432	38076
26697	38160
27004	38260
27276	38396
27548	38453
27909	38528
28188	38608
28500	38696
28813	38752
29148	38752
29456	38836
29800	38952
30134	38945
30476	39040
30824	39016
31180	39008
31592	39028
31917	39180
32280	39160
32648	39120
33032	39200
33433	39201
33776	39224
34168	39216
34560	39224
34944	39300
35324	39292
35716	39284
36120	39276
36500	39316
36878	39500
37256	39520
37608	39489
37992	39529
38449	39584
38798	39788
39104	39848
39496	39848
39769	40080
40056	40186
40384	40169
40669	40330
41012	40424
41268	40576
41576	40684
41824	40824
42088	40984
42480	41188
42596	41336
42856	41472
43178	41684
43344	41744
43632	41876
43832	42156
44088	42313
44276	42444
44521	42552
44801	42784
44964	42893
45200	43096
45436	43212
45645	43384
45928	43560
46120	43756
46368	43860
46540	43968
46800	44104
47005	44304
47168	44348
47336	44492
47492	44564
47652	44704
47896	44786
48048	44872
48156	44916
48257	44997
48384	45056
48492	45049
48649	45104
48684	45156
48744	45192
48812	45216
48864	45268
48928	45284
48968	45324
48984	45337
49057	45376
48988	45460
48956	45464
48948	45504
48912	45554
48828	45657
48768	45729
48720	45772
48616	45864
48512	45881
48433	45964
48296	46040
48184	46168
48048	46244
47860	46356
47660	46440
47529	46508
47344	46570
47208	46648
47016	46748
46860	46816
46728	46972
46528	47048
46408	47144
46324	47168
46136	47244
46048	47372
45896	47388
45832	47444
45680	47556
45576	47594
45498	47644
45424	47676
45356	47740
45368	47748
45313	47761
45208	47738
45144	47712
45110	47680
45094	47665
45060	47636
45042	47592
45016	47498
44936	47504
44980	47409
44896	47280
44922	47200
44860	47148
44889	47056
44840	46968
44818	46824
44800	46669
44836	46608
44792	46424
44816	46292
44769	46172
44764	46060
44752	45913
44756	45772
44753	45620
44744	45492
44804	45376
44720	45264
44716	45068
44728	44956
44700	44776
44681	44600
44672	44446
44728	44357
44700	44200
44628	44036
44616	43861
44608	43708
44578	43600
44592	43400
44566	43345
44568	43204
44556	43068
44601	42932
44592	42725
44608	42676
44624	42548
44560	42324
44564	42184
44560	42064
44616	41948
44608	41794
44620	41728
44516	41532
44553	41404
44556	41248
44434	41016
44393	40920
44332	40688
44264	40500
44208	40292
44148	40096
43960	39940
43828	39672
43684	39436
43536	39268
43332	38976
43140	38798
42944	38508
42680	38292
42532	38033
42232	37824
42076	37560
41648	37360
41480	37168
41138	36938
40776	36720
40376	36488
40036	36232
39752	36016
39270	35840
38880	35608
38516	35456
38084	35282
37668	35089
37268	34924
36852	34691
36416	34581
36004	34384
35576	34224
35056	34144
34664	33973
34212	33848
33744	33632
33293	33557
32824	33384
32392	33252
31928	33202
31493	33040
31088	32954
30637	32884
30213	32852
29797	32790
29378	32628
28978	32556
28592	32430
28198	32424
27809	32261
27440	32188
27060	32136
26692	31986
26305	31906
25978	31780
25632	31676
25312	31568
24962	31440
24682	31312
24378	31190
24056	31040
23785	30840
23522	30689
23286	30532
23000	30381
22780	30164
22540	29993
22282	29840
22080	29700
21844	29441
21668	29272
21488	29040
21213	28858
21056	28672
20892	28412
20657	28234
20520	27994
20329	27824
20165	27580
20015	27416
19898	27206
19747	26980
19628	26773
19458	26593
19368	26412
19232	26224
19134	26016
19025	25829
18976	25634
18850	25440
18752	25240
18704	25120
18608	24942
18597	24816
18517	24646
18452	24486
18468	24309
18432	24244
18400	24160
18342	23988
18352	23837
18358	23810
18328	23600
18364	23505
18376	23480
18384	23321
18354	23265
18402	23109
18396	23080
18371	22988
18403	22894
18357	22780
18377	22728
18341	22618
18358	22521
18306	22481
18242	22336
18269	22195
18168	22188
18108	22100
18068	22005
18024	21865
17893	21785
17848	21700
17769	21700
17650	21637
17546	21564
17406	21464
17346	21469
17204	21428
17076	21396
16994	21404
16868	21324
16713	21297
16557	21258
16426	21282
16331	21248
16165	21225
16036	21286
15864	21301
15738	21302
15669	21307
15509	21354
15378	21341
15217	21384
15117	21346
15005	21450
14938	21409
14834	21464
14804	21564
14662	21610
14685	21568
14596	21696
14522	21764
14556	21717
14544	21764
14489	21860
14548	21896
14528	21902
14608	21893
14607	21962
14685	22004
14748	21928
14808	21961
14848	21944
14975	21859
15028	21904
15129	21898
15233	21882
15290	21845
15384	21788
15520	21730
15637	21696
15789	21637
15882	21584
15966	21532
16120	21502
16263	21421
16376	21364
16476	21355
16617	21300
16688	21288
16868	21263
16976	21213
17059	21196
17245	21186
17368	21192
17504	21131
17656	21178
17798	21158
17913	21158
18066	21189
18220	21226
18354	21248
18566	21300
18744	21334
18949	21337
19072	21421
19328	21445
19530	21571
19708	21636
19974	21718
20193	21878
20445	21937
20692	22058
20946	22204
21224	22309
21452	22430
21788	22622
21988	22749
22318	22948
22626	23104
22932	23226
23241	23380
23580	23520
23880	23696
24230	23876
24518	23984
24880	24138
25210	24267
25488	24456
25868	24557
26199	24680
26544	24843
26814	24954
27206	25064
27492	25192
27808	25312
28144	25424
28474	25548
28776	25696
29104	25794
29365	25929
29668	26049
29984	26193
30265	26333
30552	26458
30836	26609
31104	26752
31392	26904
31648	27034
31921	27188
32140	27346
32440	27502
32704	27664
32940	27824
33152	27976
33424	28126
33682	28278
33864	28434
34160	28576
34376	28736
34596	28884
34829	29037
35056	29174
35337	29338
35600	29465
35876	29620
36117	29764
36288	29881
36602	30049
36856	30168
37116	30306
37392	30420
37704	30562
38072	30664
38393	30824
38656	30940
39012	31068
39228	31162
39540	31224
39856	31376
40328	31456
40464	31500
40848	31620
41112	31693
41440	31808
41744	31848
42076	31912
42385	32010
42733	32046
43044	32182
43364	32200
43660	32273
44044	32352
44300	32409
44664	32552
44944	32572
45192	32672
45496	32748
45868	32741
46080	32876
46358	32934
46652	32948
46940	33056
47156	33188
47498	33300
47716	33386
48004	33457
48184	33564
48456	33625
48672	33648
48888	33856
49074	33878
49312	34010
49520	33995
49692	34172
49940	34284
50108	34389
50320	34536
50432	34652
50660	34747
50768	34860
50936	34960
51140	34992
51245	35144
51416	35344
51524	35468
51680	35636
51888	35768
51944	35932
52034	36024
52208	36096
52276	36316
52336	36420
52412	36492
52512	36620
52568	36766
52620	36856
52708	36948
52768	37056
52746	37112
52764	37213
52774	37202
52784	37412
52776	37476
52768	37592
52721	37634
52680	37641
52632	37804
52600	37832
52532	37912
52409	38048
52368	38028
52188	38172
52080	38264
52024	38336
51824	38488
51668	38588
51512	38688
51392	38817
51133	38984
51032	39128
50824	39168
50628	39420
50368	39536
50192	39720
49928	39784
49706	39988
49568	40157
49320	40336
49076	40465
48860	40640
48668	40828
48436	41004
48252	41178
48080	41368
47928	41536
47680	41705
47520	41874
47401	42062
47192	42264
47112	42408
46924	42582
46824	42784
46664	42868
46556	43040
46348	43166
46224	43324
46112	43500
45993	43557
45898	43676
45756	43768
45648	43948
45608	44000
45416	44080
45384	44148
45216	44236
45164	44244
45076	44376
44920	44416
44856	44456
44704	44488
44664	44508
44512	44496
44444	44564
44412	44588
44256	44545
44205	44584
44104	44596
44114	44546
43980	44592
43912	44588
43816	44516
43784	44468
43708	44464
43740	44426
43632	44360
43600	44338
43514	44320
43522	44268
43500	44160
43506	44104
43540	44000
43464	43944
43536	43885
43464	43744
43480	43676
43505	43584
43548	43596
43568	43456
43680	43316
43656	43248
43701	43152
43772	43152
43809	42946
43885	42868
43916	42804
44016	42656
43988	42644
44088	42425
44124	42308
44092	42284
44160	42065
44156	41921
44140	41888
44109	41716
44152	41544
44048	41316
43988	41188
43968	40997
43868	40856
43780	40652
43768	40464
43612	40240
43429	40065
43280	39856
43196	39648
42956	39352
42874	39140
42545	38960
42332	38760
42102	38528
41884	38368
41608	38160
41344	37992
41108	37740
40784	37504
40562	37384
40233	37172
39904	36944
39616	36706
39284	36529
38992	36372
38680	36104
38360	35874
38024	35698
37696	35464
37333	35264
37028	35016
36696	34876
36320	34588
36020	34385
35637	34240
35322	33937
34993	33718
34725	33576
34345	33353
34132	33172
33724	32910
33428	32760
33160	32508
32817	32272
32504	32084
32205	31856
31920	31656
31616	31457
31344	31225
31073	31012
30752	30804
30462	30620
30185	30364
29889	30196
29584	29925
29273	29697
29028	29486
28668	29252
28442	29020
28125	28786
27842	28558
27509	28332
27268	28121
27004	27872
26713	27668
26402	27428
26106	27200
25852	26984
25565	26853
25343	26592
25090	26389
24748	26186
24504	25998
24228	25828
23976	25644
23680	25496
23490	25280
23200	25109
22962	24944
22756	24786
22540	24676
22373	24481
22104	24332
21922	24169
21746	24068
21568	23924
21354	23784
21184	23636
21018	23536
20880	23386
20704	23280
20633	23130
20495	23088
20298	23005
20256	22860
20144	22770
20003	22692
19978	22606
19896	22562
19821	22500
19770	22404
19650	22376
19664	22364
19640	22292
19592	22211
19570	22151
19566	22128
19549	22036
19497	21962
19498	21888
19493	21795
19504	21704
19482	21654
19424	21570
19496	21436
19444	21353
19474	21288
19469	21161
19414	21022
19400	20920
19410	20792
19428	20701
19371	20616
19390	20465
19349	20366
19308	20261
19273	20172
19232	20048
19150	19980
19072	19834
18984	19772
18948	19673
18876	19636
18794	19541
18692	19444
18576	19428
18388	19382
18296	19289
18158	19270
17985	19244
17868	19220
17714	19217
17570	19208
17426	19202
17250	19200
17076	19244
16944	19272
16746	19305
16654	19308
16484	19380
16302	19428
16211	19453
16073	19568
15928	19586
15770	19640
15665	19650
15586	19773
15458	19768
15368	19830
15294	19922
15187	19972
15192	20024
15132	20080
15115	20094
15056	20132
15016	20181
14983	20216
14960	20160
14945	20260
14888	20305
14920	20253
14926	20256
14974	20221
14920	20260
14916	20234
14972	20296
14930	20344
14913	20316
14994	20324
14935	20340
15007	20352
15010	20384
14992	20374
14989	20457
14994	20444
15002	20498
15011	20498
15037	20513
15037	20548
15041	20612
15017	20741
15024	20797
15044	20876
15083	20976
15085	21090
15100	21148
15112	21204
15152	21445
15112	21577
15180	21712
15274	21880
15332	22061
15318	22260
15393	22420
15468	22689
15626	22920
15672	23114
15839	23368
15969	23610
16040	23824
16256	24029
16398	24301
16576	24548
16771	24745
16960	25016
17210	25217
17412	25500
17612	25718
17885	25888
18140	26201
18395	26418
18636	26640
18932	26787
19212	26973
19540	27216
19774	27416
20088	27612
20352	27764
20617	27956
20928	28120
21213	28284
21552	28426
21816	28656
22122	28822
22360	28977
22611	29200
22904	29348
23212	29590
23438	29762
23692	29884
23986	30084
24232	30277
24460	30488
24718	30702
24890	30912
25165	31128
25414	31348
25588	31632
25816	31844
26124	32056
26358	32276
26573	32516
26788	32768
27064	33072
27256	33224
27530	33500
27842	33740
28108	34002
28356	34252
28592	34484
28900	34708
29208	34956
29488	35192
29728	35481
30060	35722
30338	35870
30644	36100
30956	36364
31305	36620
31576	36796
31896	36952
32260	37208
32528	37386
32864	37569
33180	37696
33500	37893
33824	38080
34164	38304
34514	38372
34820	38608
35180	38740
35488	38860
35800	38956
36128	39200
36464	39296
36776	39404
37120	39572
37412	39818
37740	39904
38020	40098
38340	40220
38624	40434
38925	40528
39196	40832
39548	41012
39736	41098
39992	41297
40256	41388
40572	41570
40793	41837
40968	41968
41160	42160
41362	42304
41564	42520
41868	42724
42000	42881
42110	43041
42289	43256
42465	43412
42634	43636
42894	43817
43068	44024
43128	44200
43280	44360
43456	44592
43680	44752
43756	44984
43968	45116
44060	45348
44189	45508
44428	45702
44516	45848
44648	46016
44768	46140
44924	46304
45052	46456
45192	46648
45340	46772
45440	46908
45650	46996
45768	47172
45814	47232
45928	47400
46080	47460
46160	47568
46296	47712
46346	47804
46432	47873
46512	47984
46604	48096
46661	48160
46712	48232
46824	48364
46816	48456
46876	48560
46880	48632
46889	48756
46912	48800
46891	48920
46884	49044
46852	49132
46834	49184
46764	49252
46712	49354
46680	49488
46676	49565
46520	49640
46456	49701
46412	49772
46272	49808
46200	49912
46176	49964
46018	50024
45996	50064
45857	50112
45784	50148
45700	50164
45600	50224
45528	50276
45474	50292
45409	50304
45360	50292
45337	50282
45268	50312
45228	50316
45180	50276
45160	50288
45112	50274
45072	50184
45056	50184
44976	50140
44924	50032
44929	50004
44848	49876
44768	49840
44792	49744
44652	49608
44668	49560
44608	49408
44516	49265
44394	49196
44389	49088
44268	48946
44249	48796
44128	48661
44080	48508
43929	48336
43872	48186
43808	48064
43640	47936
43628	47796
43448	47578
43323	47464
43244	47317
43077	47112
43032	46996
42900	46792
42705	46632
42528	46504
42432	46340
42320	46124
42140	45952
42008	45764
41860	45584
41796	45448
41666	45221
41444	45048
41338	44880
41320	44700
41056	44548
40948	44328
40953	44136
40700	43940
40644	43748
40476	43580
40368	43396
40234	43184
40129	42954
40005	42732
40016	42528
39796	42276
39637	42044
39628	41913
39360	41628
39212	41348
39124	41000
38896	40714
38796	40432
38570	40074
38352	39868
38236	39444
37956	39200
37752	38869
37600	38540
37292	38208
37056	37800
36868	37372
36612	37152
36298	36688
36061	36361
35753	36041
35464	35612
35180	35264
34866	34941
34548	34668
34224	34304
33904	33937
33624	33621
33248	33304
32913	33026
32545	32773
32224	32409
31794	32128
31476	31880
31081	31556
30730	31296
30248	31018
29896	30816
29581	30500
29189	30229
28769	29974
28424	29764
28016	29494
27736	29253
27340	29012
27032	28788
26685	28564
26376	28412
26068	28144
25789	27940
25444	27744
25160	27530
24870	27348
24548	27208
24264	26972
24012	26776
23749	26600
23440	26426
23264	26244
22980	26064
22749	25893
22467	25728
22300	25542
21993	25376
21746	25222
21601	25016
21386	24868
21148	24693
20980	24548
20752	24404
20558	24230
20334	24082
20160	23945
19989	23760
19753	23682
19634	23545
19437	23384
19224	23321
19094	23214
18941	23104
18718	23000
18624	22900
18418	22889
18306	22821
18128	22709
17965	22638
17802	22644
17652	22508
17540	22514
17408	22434
17272	22456
17149	22454
17038	22452
16916	22396
16770	22430
16654	22394
16581	22393
16480	22426
16402	22360
16269	22440
16265	22425
16186	22500
16124	22472
16021	22470
16028	22540
15972	22668
15980	22668
15958	22677
15928	22816
15956	22748
15960	22880
15976	22945
15986	23004
16000	22964
16044	23064
16079	23065
16085	23064
16137	23096
16180	23124
16225	23064
16256	23112
16269	23065
16300	23056
16320	22957
16360	22937
16387	22938
16336	22944
16360	22904
16404	22824
16333	22748
16358	22742
16326	22602
16344	22604
16288	22594
16268	22488
16228	22372
16186	22410
16118	22342
16093	22274
15972	22234
15936	22189
15872	22149
15797	22120
15733	22017
15624	22092
15584	22049
15474	22031
15394	22040
15304	21984
15196	21940
15173	22052
15041	22024
14985	22086
14945	22090
14824	22056
14840	22125
14789	22181
14722	22128
14670	22200
14646	22246
14660	22437
14672	22472
14718	22573
14652	22646
14692	22698
14819	22825
14870	22880
15010	22968
15116	23050
15206	23124
15394	23169
15562	23148
15773	23305
15992	23258
16230	23385
16449	23388
16756	23408
17010	23428
17372	23368
17660	23353
18032	23396
18396	23369
18768	23425
19180	23362
19512	23328
19937	23304
20322	23276
20742	23272
21212	23232
21634	23204
22072	23208
22476	23229
22966	23181
23436	23226
23853	23188
24280	23197
24656	23204
25146	23229
25604	23272
26036	23280
26408	23306
26956	23356
27329	23400
27808	23434
28232	23496
28629	23539
29068	23606
29500	23666
29920	23742
30334	23848
30765	23925
31190	24016
31609	24120
32029	24234
32480	24361
32888	24482
33344	24584
33769	24732
34180	24868
34572	25015
35036	25142
35416	25296
35836	25457
36257	25562
36633	25706
37076	25877
37432	26030
37812	26134
38224	26296
38528	26442
38878	26570
39256	26700
39570	26828
39884	26946
40248	27008
40500	27220
40808	27220
41064	27320
41345	27570
41600	27610
41856	27841
42133	27973
42401	28108
42576	28232
42852	28396
43008	28540
43152	28596
43320	28850
43496	29022
43632	29213
43777	29368
43960	29505
44040	29665
44164	29738
44268	30056
44360	30218
44508	30392
44525	30592
44628	30736
44664	30992
44792	31080
44804	31330
44920	31468
44960	31652
44964	31875
45040	32005
45112	32268
45136	32450
45208	32600
45224	32864
45324	33012
45356	33252
45416	33400
45560	33651
45573	33864
45657	33984
45732	34232
45832	34416
45920	34588
46004	34808
46132	34986
46240	35217
46256	35418
46420	35644
46456	35837
46565	35948
46656	36146
46737	36356
46876	36572
46972	36800
47108	36888
47136	37170
47260	37340
47312	37524
47464	37656
47480	37801
47656	38056
47728	38192
47760	38328
47848	38532
47928	38716
48024	38840
48090	39049
48232	39202
48296	39412
48282	39564
48392	39722
48436	39872
48512	39984
48544	40140
48576	40298
48642	40456
48692	40560
48696	40717
48720	40810
48780	40944
48856	41032
48832	41124
48924	41248
48864	41344
48977	41428
48920	41500
48948	41600
49040	41664
49000	41732
49048	41804
49072	41864
49156	41904
49112	41960
49132	42000
49112	42036
49142	42052
49216	42089
49156	42104
49192	42113
49144	42101
49060	42104
49068	42096
49008	42072
48944	42056
48876	42036
48820	41996
48736	41960
48668	41920
48568	41884
48496	41836
48344	41760
48180	41728
48020	41681
47876	41620
47684	41552
47552	41512
47304	41424
47140	41400
46880	41326
46640	41260
46428	41240
46173	41149
45896	41068
45624	41049
45368	40996
45065	40904
44846	40912
44496	40836
44264	40757
43960	40725
43568	40552
43280	40504
42976	40372
42640	40332
42314	40268
42048	40108
41792	39980
41402	39748
41168	39692
40796	39421
40512	39284
40260	39088
39968	39008
39732	38754
39460	38520
39232	38444
39032	38156
38768	38028
38668	37752
38372	37632
38152	37405
37984	37101
37804	36939
37681	36770
37504	36481
37348	36288
37201	36025
37081	35776
36936	35620
36848	35324
36736	35097
36576	34828
36464	34632
36356	34384
36260	34104
36172	33952
36096	33652
36024	33394
35932	33211
35836	32929
35760	32732
35692	32440
35604	32202
35504	32028
35484	31746
35360	31528
35302	31282
35218	31058
35138	30828
35084	30604
34996	30385
34920	30164
34852	29960
34784	29720
34669	29505
34596	29284
34536	29068
34413	28856
34308	28645
34225	28421
34128	28208
34032	28000
33960	27792
33896	27580
33748	27384
33708	27172
33552	26996
33502	26815
33356	26637
33252	26450
33148	26317
33052	26173
32929	26032
32846	25904
32728	25768
32644	25701
32512	25569
32416	25472
32292	25429
32196	25345
32057	25281
31964	25240
31820	25168
31712	25114
31590	25085
31444	25036
31342	24996
31161	24956
31010	24925
30848	24872
30684	24833
30512	24781
30328	24764
30129	24724
29924	24692
29724	24653
29512	24609
29296	24588
29024	24552
28786	24529
28534	24504
28320	24488
28024	24480
27756	24450
27458	24468
27168	24454
26888	24461
26626	24456
26274	24468
25961	24470
25636	24504
25344	24528
25025	24581
24704	24600
24392	24648
24037	24760
23715	24812
23369	24834
23052	24948
22729	24984
22409	25116
22116	25260
21764	25302
21484	25408
21176	25541
20846	25657
20563	25788
20350	25952
20102	26076
19828	26221
19556	26360
19318	26446
19033	26700
18824	26788
18678	27000
18509	27116
18284	27238
18120	27284
18006	27504
17808	27564
17716	27712
17536	27874
17432	28024
17308	28080
17280	28140
17174	28244
17052	28352
17000	28368
16936	28488
16868	28589
16813	28701
16772	28737
16640	28800
16662	28840
16574	28849
16560	28916
16482	28896
16445	29142
16442	29180
16388	29216
16352	29293
16331	29392
16242	29472
16274	29469
16241	29626
16232	29754
16228	29692
16160	29738
16226	29940
16210	30034
16236	30140
16208	30243
16249	30294
16296	30392
16328	30296
16377	30596
16480	30726
16585	30720
16696	30728
16768	31028
16942	31116
17072	31224
17208	31360
17422	31400
17632	31552
17835	31664
18036	31756
18312	31861
18565	31921
18829	32078
19156	32185
19448	32232
19777	32300
20096	32349
20442	32480
20796	32516
21097	32524
21565	32548
21944	32565
22302	32576
22732	32604
23147	32596
23518	32620
23956	32568
24388	32576
24740	32516
25192	32513
25679	32500
26104	32468
26464	32426
26925	32408
27384	32456
27781	32388
28180	32328
28601	32320
29032	32344
29417	32380
29816	32286
30252	32292
30637	32304
31012	32312
31416	32336
31801	32384
32160	32388
32496	32513
32882	32473
33224	32516
33570	32588
33932	32688
34248	32688
34581	32777
34900	32848
35224	32906
35632	32908
35912	33001
36233	33060
36633	33156
36976	33236
37252	33312
37576	33424
37904	33508
38228	33604
38656	33712
38988	33802
39212	33884
39537	33996
39936	34076
40184	34180
40446	34276
40768	34384
41048	34468
41324	34576
41701	34693
41866	34800
42120	34881
42452	35000
42672	35132
42888	35208
43144	35333
43272	35492
43552	35600
43680	35690
43868	35840
44044	35952
44226	36104
44456	36240
44624	36396
44724	36533
44940	36708
45020	36862
45168	36976
45292	37125
45481	37280
45564	37402
45716	37544
45836	37724
45936	37828
45984	37994
46128	38136
46192	38236
46272	38364
46392	38490
46454	38584
46620	38689
46644	38774
46710	38872
46865	38956
46884	39048
47024	39152
47108	39196
47160	39264
47184	39308
47316	39397
47356	39444
47432	39445
47528	39485
47648	39516
47688	39568
47788	39548
47858	39556
48024	39564
48040	39588
48132	39617
48240	39616
48330	39584
48476	39532
48538	39568
48666	39584
48680	39508
48840	39460
48840	39432
49012	39440
49004	39440
49088	39424
49146	39424
49204	39352
49312	39348
49353	39354
49392	39464
49416	39381
49376	39400
49360	39500
49412	39532
49400	39620
49308	39708
49288	39736
49224	39872
49220	39890
49172	40008
49098	40160
48992	40248
48852	40366
48760	40538
48660	40673
48504	40796
48452	40933
48266	41088
48138	41245
47988	41388
47924	41556
47775	41684
47624	41856
47513	41968
47360	42141
47212	42272
47132	42428
47008	42580
46844	42656
46800	42820
46680	42960
46616	43068
46472	43168
46432	43232
46328	43312
46308	43456
46192	43528
46124	43596
46092	43617
46080	43684
45972	43770
45932	43816
45940	43890
45850	43868
45844	43872
45770	43912
45728	43913
45684	43996
45708	43960
45584	44026
45601	44008
45512	44004
45448	43968
45472	44040
45408	43948
45340	44017
45248	43968
45252	43964
45124	43944
45056	43996
45000	43908
44956	43980
44784	43968
44760	43888
44624	43884
44528	43906
44480	43876
44320	43898
44224	43820
44121	43785
44092	43844
43936	43792
43849	43768
43666	43720
43636	43684
43512	43602
43312	43568
43200	43570
43080	43484
43058	43424
42888	43360
42752	43360
42724	43296
42568	43284
42380	43108
42306	43056
42272	43056
42048	42904
41924	42772
41928	42680
41737	42552
41556	42418
41428	42276
41292	42176
41292	42088
41024	41876
40936	41768
40729	41496
40576	41456
40420	41113
40308	41008
40080	40792
39892	40481
39696	40260
39508	40120
39368	39784
39164	39616
38848	39328
38624	39176
38440	38852
38112	38528
37900	38344
37652	37984
37336	37840
37040	37445
36690	37206
36356	36922
36018	36728
35708	36432
35364	36244
35005	35884
34668	35596
34324	35352
33968	35104
33608	34960
33240	34692
32858	34400
32482	34182
32073	33970
31780	33833
31377	33680
30980	33378
30662	33240
30352	33014
29966	32964
29664	32760
29344	32540
29020	32416
28714	32340
28412	32128
28125	32000
27844	31896
27558	31765
27276	31652
27052	31540
26801	31420
26554	31371
26296	31216
26080	31096
25864	31012
25652	30900
25405	30808
25240	30669
24968	30528
24824	30416
24586	30308
24474	30200
24242	30048
24072	29978
23920	29808
23761	29688
23540	29556
23433	29476
23288	29329
23109	29216
22952	29104
22800	29001
22609	28872
22512	28872
22361	28704
22192	28660
21992	28541
21793	28504
21694	28421
21496	28348
21306	28302
21142	28269
20969	28160
20720	28176
20584	28184
20400	28086
20228	28048
20073	28008
19866	27961
19638	27940
19432	27896
19298	27816
19076	27784
18939	27733
18770	27664
18606	27609
18445	27554
18292	27481
18173	27457
18024	27426
17904	27276
17809	27208
17684	27248
17582	27188
17528	27136
17462	27048
17434	26945
17396	26968
17348	26948
17326	26828
17299	26797
17293	26720
17272	26638
17265	26542
17284	26419
17330	26349
17356	26228
17388	26112
17417	26016
17428	25888
17440	25752
17472	25616
17484	25444
17561	25300
17596	25212
17570	24989
17644	24918
17597	24780
17656	24660
17688	24512
17654	24412
17665	24180
17672	24054
17685	23940
17696	23832
17600	23736
17626	23584
17600	23422
17550	23380
17517	23250
17493	23166
17404	23064
17332	22934
17264	22848
17203	22785
17108	22764
17012	22690
16872	22610
16790	22530
16692	22552
16592	22497
16492	22520
16356	22544
16293	22474
16144	22540
16073	22472
15960	22520
15848	22508
15762	22572
15631	22613
15534	22674
15425	22748
15342	22800
15248	22774
15139	22888
15053	22872
14966	22948
14877	22966
14805	22922
14698	23018
14649	23004
14612	22987
14551	23020
14508	23028
14482	22968
14424	23063
14347	23044
14360	22986
14324	23056
14306	22977
14252	22984
14254	22916
14248	22957
14245	23010
14224	23005
14228	23032
14203	23001
14245	22896
14284	23022
14320	22920
14356	23080
14384	23100
14380	23102
14385	23129
14456	23188
14522	23237
14604	23226
14672	23332
14776	23397
14846	23464
14939	23443
15022	23660
15180	23696
15297	23853
15448	23950
15608	24114
15748	24246
15966	24336
16152	24508
16308	24705
16550	24892
16808	25034
17032	25236
17305	25440
17572	25576
17821	25809
18150	25925
18436	26052
18764	26272
19058	26413
19420	26557
19748	26688
20100	26836
20449	27012
20778	27064
21192	27184
21588	27256
21991	27352
22320	27466
22806	27497
23168	27564
23586	27608
24040	27668
24460	27706
24876	27724
25248	27752
25720	27784
26136	27862
26560	27884
26936	27920
27424	27916
27832	27952
28247	27997
28669	28059
29065	28144
29424	28144
29824	28244
30276	28257
30692	28325
31037	28433
31448	28489
31802	28576
32240	28637
32596	28716
33024	28804
33388	28880
33758	28978
34112	29092
34514	29190
34916	29309
35324	29409
35658	29529
36114	29642
36401	29769
36868	29920
37162	30032
37568	30176
37968	30309
38288	30461
38688	30556
39064	30743
39434	30872
39794	31017
40152	31146
40592	31226
40861	31361
41226	31558
41548	31624
41909	31813
42272	31928
42600	32056
42880	32150
43156	32342
43540	32509
43764	32577
44120	32713
44324	32840
44616	32960
44893	33100
45228	33184
45492	33336
45740	33460
45972	33636
46248	33709
46468	33824
46756	33940
46992	34042
47236	34144
47448	34284
47720	34412
47928	34504
48140	34696
48350	34770
48568	34844
48816	34954
49048	35072
49232	35193
49437	35305
49547	35396
49724	35526
49937	35628
50169	35748
50292	35836
50536	35932
50696	36042
50884	36145
50996	36296
51192	36380
51338	36512
51544	36612
51688	36704
51793	36852
51956	36912
52192	36908
52282	37133
52425	37248
52592	37369
52692	37500
52808	37548
53016	37664
53120	37738
53172	37856
53260	37993
53440	38040
53432	38148
53481	38262
53616	38354
53660	38464
53616	38536
53648	38632
53708	38776
53728	38870
53688	38992
53680	39136
53704	39192
53616	39362
53624	39448
53468	39592
53460	39666
53348	39802
53248	39938
53120	40090
53092	40281
52924	40356
52832	40472
52664	40608
52474	40772
52328	40957
52168	41108
52064	41261
51884	41344
51672	41492
51536	41680
51344	41796
51137	41932
50968	42048
50752	42170
50665	42285
50472	42400
50256	42497
50116	42572
49996	42648
49832	42736
49632	42768
49556	42828
49300	42873
49200	42900
49016	42872
48920	42866
48724	42848
48584	42816
48448	42768
48336	42740
48136	42636
47980	42568
47900	42482
47704	42384
47552	42248
47424	42089
47204	41952
47060	41764
46912	41608
46752	41432
46576	41253
46412	41032
46260	40841
46112	40648
45930	40456
45768	40288
45516	40084
45332	39890
45176	39692
44948	39490
44736	39276
44560	39056
44273	38880
44064	38688
43868	38481
43540	38285
43320	38085
43096	37917
42784	37684
42632	37524
42253	37312
41992	37096
41724	36936
41442	36724
41192	36556
40892	36309
40609	36112
40350	35912
40081	35768
39828	35524
39608	35332
39384	35172
39048	34981
38793	34788
38592	34618
38300	34418
38016	34246
37716	34065
37448	33970
37224	33760
36923	33622
36724	33462
36388	33252
36132	33120
35908	32948
35668	32829
35352	32605
35040	32444
34810	32262
34492	32144
34188	31904
33933	31757
33608	31524
33316	31342
33012	31188
32744	30940
32396	30778
32098	30514
31796	30372
31458	30168
31138	29896
30810	29696
30452	29504
30138	29325
29818	29144
29477	28972
29128	28857
28780	28638
28396	28492
28009	28340
27688	28219
27289	28088
26912	27981
26589	27872
26178	27768
25818	27772
25472	27622
25025	27564
24708	27512
24338	27456
23926	27421
23605	27408
23209	27412
22842	27400
22529	27413
22126	27498
21756	27466
21428	27508
21041	27529
20692	27600
20331	27604
19945	27692
19634	27692
19322	27800
18986	27883
18582	27990
18310	28005
17972	28080
17637	27992
17275	28164
17030	28176
16694	28201
16401	28260
16118	28251
15821	28233
15549	28342
15256	28353
14976	28304
14701	28360
14390	28356
14176	28320
13856	28378
13599	28376
13385	28356
13136	28352
12874	28329
12636	28132
12362	28334
12173	28321
11908	28113
11765	28186
11491	28385
11331	28386
11156	28208
10956	28336
10828	28448
10586	28489
10459	28509
10252	28336
10131	28332
9986	28604
9840	28665
9714	28464
9601	28676
9530	28856
9467	28885
9352	28964
9264	29056
9245	29172
9187	29045
9112	29369
9152	29477
9093	29616
9120	29700
9193	29876
9239	29972
9330	30122
9329	30232
9465	30374
9615	30452
9755	30585
9857	30672
9975	30764
10157	30773
10317	30920
10490	30900
10676	31057
10867	31120
11052	31156
11256	31136
11436	31084
11681	31176
11874	31130
12068	31120
12273	31072
12494	31028
12688	30978
12896	30948
13121	30880
13306	30825
13444	30732
13650	30680
13824	30608
13960	30392
14071	30520
14298	30424
14364	30352
14550	30315
14682	30252
14788	29988
14896	30114
14944	30152
15040	30068
15221	30028
15276	29928
15324	30010
15459	30018
15510	30008
15600	29992
15670	30028
15738	30040
15832	30088
15938	30128
15984	30196
16136	30216
16257	30328
16368	30429
16532	30558
16649	30477
16824	30735
16984	30864
17214	30996
17396	31106
17609	31180
17851	31164
18027	31488
18328	31445
18556	31720
18818	31856
19154	31946
19489	32092
19794	32169
20088	32280
20457	32248
20773	32492
21192	32576
21568	32650
21932	32771
22313	32835
22808	32948
23194	33053
23626	33133
24068	33232
24520	33306
24922	33440
25416	33547
25920	33674
26392	33752
26865	33858
27316	33996
27726	34148
28184	34269
28664	34408
29105	34569
29580	34704
30028	34948
30468	35044
30902	35164
31350	35416
31768	35572
32195	35680
32642	35882
33088	36137
33504	36192
33908	36492
34306	36613
34721	36832
35136	36921
35560	37210
35973	37320
36397	37508
36812	37794
37322	37992
37668	38112
38088	38372
38488	38560
38912	38728
39384	38912
39756	38980
40148	39232
40576	39428
40980	39529
41384	39732
41784	39882
42180	39920
42604	40109
42953	40284
43425	40364
43696	40508
44040	40596
44436	40692
44705	40749
45088	40892
45340	40960
45652	41040
45962	41180
46232	41276
46564	41362
46768	41400
47088	41532
47280	41584
47492	41689
47756	41780
47970	41878
48194	41988
48313	42064
48540	42145
48657	42258
48824	42368
48928	42478
49136	42572
49204	42656
49368	42736
49424	42804
49556	42896
49600	42948
49684	43008
49716	43052
49832	43120
49852	43140
50002	43189
50028	43188
50120	43224
50149	43200
50250	43220
50304	43184
50393	43160
50392	43113
50544	43072
50600	43024
50676	42956
50732	42884
50884	42800
50920	42684
51000	42584
51136	42488
51180	42340
51284	42226
51436	42100
51548	41896
51570	41752
51704	41612
51796	41369
51840	41200
51896	41092
52040	40880
52048	40692
52180	40416
52244	40316
52296	40032
52324	39896
52416	39740
52480	39444
52520	39250
52512	39040
52520	38848
52540	38668
52609	38468
52592	38308
52600	38076
52608	37952
52568	37728
52536	37715
52480	37500
52460	37292
52522	37232
52448	37140
52472	36980
52368	36916
52400	36808
52304	36680
52316	36616
52256	36528
52160	36416
52153	36376
52170	36301
52096	36314
52064	36284
52036	36217
51984	36220
51964	36189
52028	36248
51957	36096
51912	36256
51940	36232
51988	36340
51992	36308
51972	36344
51904	36296
51888	36458
51948	36388
51876	36549
51898	36624
51840	36660
51868	36632
51776	36657
51812	36864
51748	36848
51729	36897
51632	36956
51561	36996
51528	37084
51436	37066
51344	37100
51316	37144
51204	37190
51072	37208
50984	37252
50864	37302
50660	37288
50560	37440
50400	37412
50166	37426
50001	37424
49772	37495
49648	37520
49432	37512
49176	37533
48984	37548
48749	37545
48492	37560
48172	37512
47908	37580
47672	37506
47456	37564
47124	37513
46920	37508
46592	37424
46320	37360
46064	37364
45812	37266
45560	37200
45340	37124
45100	37060
44844	36994
44624	36900
44425	36808
44192	36740
43928	36624
43712	36496
43552	36384
43260	36272
43029	36144
42840	35992
42604	35860
42336	35698
42136	35532
41944	35368
41684	35184
41372	34998
41176	34818
40866	34621
40696	34432
40393	34236
40104	34048
39837	33844
39580	33664
39385	33472
39116	33278
38841	33088
38536	32904
38296	32712
38066	32557
37776	32368
37458	32200
37160	32028
36881	31900
36604	31756
36332	31573
36040	31432
35728	31292
35458	31179
35172	31035
34880	30913
34602	30818
34328	30717
33985	30564
33696	30488
33428	30376
33169	30244
32864	30156
32630	30064
32364	30002
32088	29894
31844	29816
31601	29790
31348	29730
31108	29597
30888	29576
30640	29484
30422	29488
30212	29349
29996	29296
29786	29276
29576	29236
29345	29117
29153	29040
28960	28972
28737	28898
28545	28824
28308	28745
28124	28708
27917	28532
27692	28444
27494	28334
27284	28208
27074	28165
26884	28004
26676	27844
26392	27800
26228	27588
25984	27462
25776	27332
25508	27196
25306	27048
25068	26976
24806	26792
24576	26738
24299	26524
24094	26397
23836	26291
23568	26173
23244	26072
23004	26024
22777	25860
22502	25748
22234	25636
21982	25592
21760	25532
21412	25396
21226	25317
20907	25272
20668	25181
20352	25144
20116	25068
19888	25004
19649	24932
19376	24894
19152	24868
18924	24769
18705	24804
18457	24777
18274	24781
18024	24724
17808	24776
17634	24740
17480	24706
17296	24700
17060	24668
16965	24700
16805	24705
16658	24664
16529	24601
16368	24606
16262	24560
16121	24463
16001	24456
15856	24412
15753	24347
15648	24224
15566	24208
15434	24076
15337	24049
15236	23932
15148	23906
15035	23710
14930	23668
14801	23672
14706	23512
14656	23412
14531	23378
14435	23340
14328	23264
14231	23208
14078	23129
14037	23108
13952	23064
13793	23006
13752	22979
13653	22810
13528	22920
13492	22880
13364	22944
13259	22912
13174	22934
13121	22884
13026	22952
12929	22972
12882	23040
12774	23090
12708	23184
12636	23206
12592	23166
12548	23298
12530	23496
12469	23609
12452	23702
12458	23828
12448	23948
12452	24065
12424	24203
12493	24450
12567	24616
12597	24705
12692	24924
12756	25048
12820	25092
12956	25348
13048	25588
13126	25752
13274	25765
13460	26116
13596	26261
13757	26372
13854	26568
14081	26690
14260	26829
14446	26953
14634	27116
14760	27253
15012	27424
15205	27517
15402	27725
15592	27800
15813	27973
15977	28069
16196	28284
16402	28256
16644	28516
16830	28742
17069	28902
17276	29088
17461	29264
17661	29332
17912	29600
18092	29784
18327	29980
18580	30176
18812	30376
19052	30552
19232	30753
19440	30994
19741	31140
19984	31354
20214	31557
20513	31754
20802	31984
21076	32160
21369	32376
21612	32620
21958	32812
22312	33040
22664	33212
23001	33452
23328	33645
23702	33832
24056	34040
24498	34264
24868	34472
25300	34632
25710	34808
26135	34906
26576	35056
27018	35178
27500	35272
27968	35413
28464	35468
28944	35620
29409	35628
29936	35668
30421	35756
30951	35834
31434	35752
31952	35832
32476	35768
32976	35850
33492	35746
34024	35820
34532	35769
35012	35820
35524	35804
36020	35668
36488	35657
37050	35684
37436	35712
37901	35688
38336	35656
38800	35632
39232	35661
39640	35708
40072	35681
40504	35728
40808	35760
41316	35796
41608	35824
41897	35864
42232	35928
42653	35972
42868	36032
43168	36090
43457	36180
43764	36244
44028	36324
44354	36404
44608	36512
44836	36597
45104	36680
45344	36836
45636	36876
45856	37033
46052	37075
46292	37184
46504	37288
46732	37402
46944	37410
47168	37504
47320	37568
47528	37684
47736	37734
47897	37808
48106	37868
48176	37976
48416	38072
48512	38132
48616	38188
48800	38276
48888	38288
48988	38416
49104	38488
49218	38548
49288	38624
49398	38712
49429	38816
49524	38956
49516	39049
49592	39192
49680	39293
49666	39432
49704	39464
49744	39588
49728	39798
49736	39932
49748	40064
49738	40180
49708	40248
49732	40376
49632	40512
49616	40652
49624	40760
49576	40892
49544	41016
49496	41120
49388	41256
49420	41380
49320	41488
49304	41576
49260	41680
49232	41800
49176	41901
49148	42000
49208	42088
49194	42184
49192	42272
49120	42378
49152	42448
49176	42513
49212	42608
49252	42653
49204	42716
49224	42768
49296	42825
49300	42848
49321	42896
49360	42910
49444	42904
49472	42897
49494	42924
49464	42896
49504	42874
49496	42836
49568	42788
49520	42752
49544	42688
49592	42614
49538	42556
49561	42482
49536	42424
49576	42336
49521	42256
49476	42194
49464	42120
49500	42040
49404	41968
49392	41896
49324	41825
49360	41769
49236	41700
49233	41640
49156	41576
49156	41528
49128	41468
49012	41441
48957	41398
48896	41369
48909	41332
48860	41316
48824	41288
48792	41296
48788	41280
48868	41272
48832	41308
48864	41316
48884	41339
48917	41366
48988	41388
49072	41416
49120	41444
49200	41492
49280	41528
49376	41528
49536	41572
49628	41589
49672	41608
49808	41624
49928	41640
50036	41640
50208	41648
50232	41652
50352	41596
50513	41588
50544	41540
50648	41538
50720	41433
50816	41421
50856	41364
50870	41240
50856	41201
50864	41120
50892	41016
50924	40921
50848	40740
50848	40624
50784	40489
50632	40388
50556	40245
50368	40162
50232	40020
50112	39834
49928	39744
49616	39608
49394	39356
49140	39228
48888	39028
48597	38836
48282	38653
47904	38461
47628	38320
47240	38032
46880	37880
46520	37626
46132	37392
45776	37184
45396	36937
45068	36672
44692	36450
44372	36200
43964	35920
43581	35684
43324	35452
42893	35152
42580	34924
42345	34684
41872	34412
41608	34140
41372	33870
40920	33632
40672	33360
40320	33077
40044	32792
39720	32530
39424	32216
39106	31932
38928	31664
38560	31340
38268	31020
38084	30704
37700	30397
37472	30088
37180	29801
36928	29496
36617	29168
36344	28848
36076	28504
35822	28200
35533	27896
35265	27616
34985	27277
34704	26980
34388	26726
34097	26448
33780	26172
33468	25897
33148	25648
32876	25376
32530	25165
32194	24936
31838	24736
31520	24497
31182	24292
30818	24128
30444	23964
30094	23780
29718	23653
29356	23492
28970	23368
28637	23241
28268	23120
27852	23008
27512	22912
27161	22828
26770	22748
26457	22660
26141	22597
25726	22526
25473	22464
25136	22404
24816	22352
24517	22288
24246	22217
23936	22165
23674	22082
23373	22010
23156	21960
22944	21842
22682	21750
22498	21664
22292	21572
22060	21476
21904	21318
21669	21210
21544	21080
21320	20913
21177	20790
21045	20648
20802	20468
20661	20327
20500	20196
20385	20000
20207	19862
20092	19690
19880	19480
19722	19332
19584	19172
19420	19008
19268	18876
19104	18696
18912	18528
18674	18390
18484	18256
18343	18147
18146	18000
17900	17866
17696	17792
17513	17684
17306	17576
17044	17488
16906	17380
16714	17321
16437	17264
16233	17216
16038	17154
15835	17123
15592	17090
15360	17080
15216	17081
14960	17056
14729	17108
14606	17098
14387	17077
14247	17120
14080	17184
13934	17216
13727	17250
13640	17278
13501	17280
13376	17356
13252	17378
13088	17419
13037	17442
12925	17501
12853	17498
12736	17538
12711	17565
12610	17564
12476	17568
12402	17584
12349	17616
12273	17630
12168	17576
12166	17652
12092	17698
12029	17692
11946	17714
11820	17741
11788	17750
11684	17752
11566	17789
11481	17817
11465	17840
11345	17781
11254	17914
11088	17957
11048	18014
10929	18080
10842	18153
10736	18166
10640	18182
10548	18342
10432	18414
10331	18416
10254	18588
10142	18688
10084	18680
9968	18770
9942	18868
9892	19116
9860	19221
9732	19384
9756	19509
9796	19684
9734	19788
9719	19996
9790	20092
9780	20210
9856	20404
9892	20472
9910	20665
10052	20916
10130	21062
10282	21184
10386	21349
10415	21437
10589	21524
10777	21612
10816	21665
10954	21677
11158	21930
11328	22024
11428	22112
11565	22194
11771	22249
11934	22348
12113	22394
12231	22486
12430	22417
12583	22629
12740	22648
12880	22780
13027	22880
13124	22914
13321	23080
13459	23088
13542	23301
13678	23328
13868	23544
13928	23597
14117	23680
14241	23884
14274	23988
14473	24052
14538	24252
14696	24417
14849	24570
14974	24686
15116	24844
15256	25152
15410	25312
15564	25493
15744	25657
15936	25825
16066	26068
16301	26344
16542	26561
16838	26786
17014	27010
17344	27262
17580	27441
17906	27772
18274	28024
18579	28264
18960	28477
19288	28772
19704	29059
20092	29316
20473	29538
20860	29817
21298	29972
21681	30270
22069	30528
22504	30742
22996	30989
23432	31196
23876	31416
24316	31606
24789	31820
25168	32098
25628	32224
26100	32416
26564	32628
27010	32826
27432	33068
27905	33206
28313	33500
28784	33632
29186	33878
29604	34104
30001	34228
30392	34492
30788	34658
31149	34920
31576	35078
31890	35304
32272	35576
32616	35778
32944	35960
33280	36248
33624	36481
33961	36729
34256	36964
34589	37185
34896	37440
35200	37541
35571	37792
35792	38076
36100	38300
36460	38444
36683	38700
36984	38880
37348	39032
37537	39336
37860	39457
38104	39702
38444	39777
38760	40056
39048	40244
39312	40404
39568	40408
39865	40672
40005	40716
40392	40800
40552	40984
40784	41052
41016	41258
41266	41209
41602	41453
41866	41392
41954	41616
42158	41560
42400	41756
42546	41816
42756	41844
42920	41810
43077	41876
43256	42048
43412	42112
43572	42060
43690	42132
43864	42296
43984	42240
44045	42308
44176	42457
44280	42520
44368	42616
44476	42616
44472	42748
44626	42812
44637	42812
44700	42988
44760	42992
44794	43104
44832	43128
44928	43180
45012	43240
45048	43393
45080	43384
45112	43504
45184	43529
45312	43562
45384	43688
45456	43649
45560	43736
45652	43736
45768	43868
45860	43864
45936	43836
46056	43936
46264	43912
46336	43880
46560	43944
46704	43920
46796	43908
47024	43868
47140	43758
47313	43712
47548	43648
47668	43612
47848	43468
48000	43408
48212	43276
48376	43140
48472	43041
48585	42905
48804	42760
48936	42650
49048	42485
49240	42356
49337	42234
49497	42105
49596	41970
49696	41865
49768	41760
49880	41666
49968	41576
50056	41456
50120	41408
50242	41336
50224	41281
50304	41180
50296	41185
50336	41092
50348	41120
50369	41096
50376	41032
50384	41045
50352	41032
50244	41056
50240	41036
50160	41056
50080	41064
50040	41100
50024	41144
49936	41188
49800	41220
49736	41228
49664	41276
49496	41312
49504	41360
49304	41378
49256	41432
49124	41450
49068	41464
48984	41496
48860	41496
48724	41500
48661	41488
48544	41480
48372	41448
48213	41412
48124	41373
47977	41321
47840	41261
47784	41178
47640	41110
47488	41004
47320	40928
47136	40816
47080	40688
46872	40584
46780	40480
46561	40324
46436	40221
46244	40072
46097	39956
45988	39816
45788	39680
45570	39533
45388	39392
45196	39264
45040	39088
44852	38970
44576	38788
44408	38640
44133	38516
43892	38352
43666	38212
43436	38024
43180	37900
42960	37707
42736	37572
42428	37380
42240	37200
41936	37026
41712	36880
41476	36680
41209	36496
41008	36333
40904	36161
40580	36024
40460	35796
40136	35618
39988	35481
39728	35320
39536	35094
39352	34936
39200	34764
39008	34604
38828	34409
38652	34256
38513	34100
38344	33921
38192	33732
38148	33532
37968	33402
37720	33180
37653	33012
37390	32840
37264	32612
37064	32444
36908	32260
36713	32052
36537	31888
36360	31704
36180	31517
36008	31308
35808	31152
35608	30969
35386	30784
35172	30594
34945	30446
34704	30278
34456	30124
34204	29977
34032	29829
33693	29680
33472	29550
33148	29440
32906	29334
32588	29195
32320	29101
32029	28969
31741	28898
31412	28761
31144	28708
30828	28563
30544	28472
30220	28382
29936	28276
29616	28192
29336	28080
29012	27984
28685	27916
28429	27820
28105	27702
27852	27641
27576	27546
27248	27442
27030	27349
26783	27248
26541	27156
26317	27072
26104	27037
25846	26896
25688	26877
25508	26712
25344	26649
25149	26546
25016	26441
24814	26360
24712	26257
24508	26144
24389	26050
24234	25948
24096	25805
23955	25764
23811	25624
23688	25506
23538	25372
23364	25258
23200	25108
23024	24993
22858	24872
22646	24752
22498	24686
22301	24552
22088	24394
21961	24333
21776	24252
21497	24120
21340	24020
21120	23936
20904	23860
20669	23768
20472	23692
20252	23704
20042	23589
19792	23545
19568	23480
19352	23396
19216	23420
18986	23393
18809	23272
18570	23284
18374	23288
18200	23278
17978	23233
17821	23212
17716	23224
17570	23248
17409	23242
17298	23271
17221	23220
17096	23332
17026	23309
16952	23385
16893	23428
16818	23368
16858	23493
16848	23498
16867	23477
16906	23588
16873	23600
17016	23632
17062	23652
17118	23700
17196	23702
17292	23746
17454	23740
17508	23680
17644	23736
17756	23789
17853	23756
17923	23758
18068	23814
18112	23768
18224	23770
18320	23761
18320	23805
18373	23800
18420	23753
18420	23772
18448	23704
18473	23745
18434	23746
18386	23793
18301	23780
18294	23801
18228	23816
18151	23896
18072	23908
17956	23965
17836	24005
17822	24036
17656	24101
17570	24112
17450	24236
17320	24328
17207	24466
17028	24540
16953	24613
16752	24753
16647	24851
16525	24992
16451	25132
16306	25280
16220	25448
16090	25633
16072	25682
15977	25952
15908	26104
15891	26317
15858	26496
15833	26736
15760	26770
15776	27104
15785	27221
15857	27448
15936	27656
15996	27770
16080	27920
16177	28114
16267	28373
16390	28522
16537	28686
16674	28836
16777	28961
16950	29108
17172	29260
17362	29451
17484	29488
17754	29760
17973	29904
18130	30048
18396	30073
18572	30364
18852	30564
19033	30721
19348	30896
19584	31092
19854	31240
20114	31461
20348	31641
20591	31784
20832	32076
21096	32108
21428	32432
21710	32648
22004	32852
22260	33061
22550	33292
22851	33476
23109	33692
23444	33860
23756	34076
24068	34260
24394	34492
24682	34656
25072	34848
25462	35090
25796	35296
26196	35420
26560	35640
26908	35832
27364	36076
27736	36208
28164	36402
28576	36656
29012	36786
29449	36976
29913	37156
30352	37196
30816	37388
31276	37506
31760	37672
32225	37796
32749	37953
33184	38074
33684	38136
34181	38228
34708	38422
35196	38420
35676	38554
36120	38592
36628	38765
37121	38822
37588	38960
38064	38976
38512	39064
38944	39256
39408	39296
39920	39376
40260	39417
40677	39564
41072	39712
41464	39728
41984	39892
42252	39992
42512	40152
42860	40156
43136	40281
43530	40400
43721	40520
44012	40688
44198	40812
44424	40916
44684	41048
44852	41225
45056	41346
45240	41412
45428	41584
45596	41753
45760	41841
45976	41969
46104	42120
46272	42302
46416	42498
46557	42600
46794	42730
46888	42916
47056	43024
47216	43232
47376	43308
47528	43456
47680	43621
47824	43728
48004	43844
48224	43948
48328	44040
48533	44100
48656	44172
48797	44224
48948	44312
49081	44313
49244	44361
49420	44384
49516	44404
49648	44433
49784	44444
49928	44472
50056	44432
50160	44440
50284	44424
50392	44428
50468	44424
50572	44368
50732	44384
50745	44352
50836	44344
50948	44332
50956	44320
51058	44280
51076	44256
51136	44228
51128	44240
51176	44224
51252	44180
51264	44156
51224	44132
51225	44128
51289	44096
51269	44060
51308	44044
51220	44004
51272	43976
51228	43928
51324	43872
51304	43836
51304	43772
51288	43705
51400	43625
51368	43537
51460	43440
51464	43328
51520	43220
51640	43097
51656	42929
51712	42796
51864	42596
51949	42424
51988	42224
52056	42016
52172	41880
52224	41625
52372	41458
52392	41144
52468	40984
52560	40793
52640	40596
52700	40310
52770	40120
52800	39818
52916	39602
52880	39412
52928	39292
52996	39008
53000	38832
52940	38634
52980	38504
52880	38380
52849	38212
52808	38080
52760	37964
52674	37800
52580	37764
52500	37664
52340	37620
52289	37533
52132	37496
51924	37432
51688	37392
51570	37376
51341	37348
51136	37308
50836	37312
50584	37274
50344	37292
50112	37258
49808	37403
49580	37300
49240	37348
48956	37416
48716	37352
48468	37384
48236	37452
47900	37408
47672	37440
47450	37480
47232	37448
46932	37512
46728	37545
46544	37482
46268	37488
46128	37424
45864	37440
45652	37400
45500	37312
45312	37268
45104	37156
44856	37096
44636	36948
44512	36870
44229	36718
44072	36568
43801	36410
43622	36244
43364	36080
43196	35904
42873	35701
42709	35520
42392	35304
42132	35104
41876	34900
41608	34704
41352	34488
41088	34250
40944	34040
40544	33828
40296	33626
39992	33404
39824	33211
39428	32984
39252	32778
38860	32587
38570	32364
38300	32168
38004	31956
37745	31748
37484	31530
37176	31314
36922	31104
36608	30876
36356	30650
36065	30429
35808	30176
35553	29936
35290	29688
35008	29448
34824	29193
34536	28940
34316	28677
34088	28420
33872	28164
33706	27894
33504	27632
33288	27377
33160	27104
32914	26852
32738	26568
32560	26328
32388	26040
32214	25792
32092	25528
31882	25260
31705	25008
31536	24740
31364	24476
31182	24194
31001	23968
30812	23712
30608	23463
30437	23232
30232	22988
29992	22750
29780	22544
29562	22332
29320	22101
29094	21912
28846	21748
28628	21540
28337	21398
28114	21248
27840	21117
27549	20993
27252	20888
26946	20789
26611	20706
26252	20636
25880	20588
25468	20552
25210	20513
24786	20491
24465	20488
24050	20504
23650	20513
23308	20545
22920	20568
22528	20640
22105	20696
21763	20734
21420	20793
21001	20856
20623	20980
20284	21024
19964	21180
19628	21224
19240	21353
18962	21528
18636	21600
18342	21732
17977	21819
17740	22017
17446	22126
17188	22266
16910	22392
16674	22544
16416	22648
16197	22788
15944	22890
15744	22968
15538	23032
15357	23113
15202	23200
15032	23300
14833	23284
14724	23404
14588	23441
14428	23498
14278	23540
14107	23568
14004	23592
13931	23466
13812	23597
13712	23618
13620	23636
13519	23617
13375	23582
13335	23558
13264	23472
13181	23650
13061	23684
13004	23508
12931	23704
12872	23746
12777	23762
12704	23700
12654	23772
12602	23860
12551	23902
12499	23893
12378	23992
12408	23860
12347	24077
12333	24088
12289	24108
12254	24185
12226	24218
12168	24201
12121	24101
12176	24338
12140	24404
12136	24386
12176	24420
12085	24360
12159	24505
12187	24526
12195	24496
12258	24558
12324	24594
12319	24488
12427	24590
12526	24636
12636	24648
12644	24608
12813	24614
12912	24584
13026	24585
13140	24552
13254	24504
13373	24510
13484	24484
13590	24424
13656	24420
13760	24412
13897	24248
14018	24344
14102	24336
14220	24312
14276	24332
14320	24272
14352	24336
14444	24305
14446	24310
14501	24336
14534	24370
14506	24266
14548	24408
14556	24380
14528	24501
14522	24547
14504	24625
14500	24636
14457	24764
14402	24816
14358	24933
14353	25020
14258	25056
14276	25161
14188	25354
14177	25436
14124	25570
14040	25652
14069	25784
14042	25922
13990	26085
13998	26280
13932	26465
13985	26617
13954	26840
14028	26854
13998	27248
14046	27416
14104	27432
14150	27784
14206	28029
14276	28249
14350	28424
14429	28633
14480	28828
14609	29020
14714	29104
14825	29340
14977	29512
15126	29688
15256	29792
15417	29948
15583	30096
15756	30260
15936	30392
16114	30522
16336	30628
16483	30817
16720	30988
16910	30976
17201	31252
17433	31404
17700	31560
17892	31728
18200	31866
18426	32077
18776	32236
19060	32448
19336	32624
19678	32792
20008	33017
20328	33226
20672	33416
20996	33608
21396	33808
21701	34031
22112	34237
22458	34424
22844	34652
23307	34836
23656	35089
24120	35312
24524	35486
24952	35732
25432	35944
25828	36126
26280	36290
26760	36532
27260	36808
27642	36952
28116	37168
28572	37328
29043	37516
29517	37666
29970	37880
30445	37940
30885	38144
31368	38264
31849	38410
32264	38496
32734	38588
33224	38697
33636	38820
34136	38880
34592	38968
35004	39072
35428	39036
35860	39096
36300	39156
36700	39156
37152	39340
37536	39280
37912	39376
38316	39408
38660	39480
39008	39548
39400	39476
39744	39472
40044	39560
40301	39668
40588	39580
40928	39680
41168	39688
41368	39740
41764	39808
41972	39796
42048	39836
42316	39928
42546	39868
42785	39994
42824	39972
43052	40064
43192	40145
43364	40168
43556	40236
43800	40297
43908	40292
44092	40384
44256	40400
44440	40448
44644	40540
44816	40644
45016	40688
45201	40696
45440	40748
45604	40828
45800	40880
46081	40928
46228	41000
46454	41024
46656	41088
46912	41132
47080	41120
47288	41152
47516	41176
47784	41192
47932	41208
48128	41216
48370	41224
48608	41232
48768	41236
48932	41218
49176	41221
49376	41206
49460	41221
49680	41220
49897	41220
49984	41248
50161	41264
50344	41296
50492	41318
50596	41326
50688	41389
50809	41388
50936	41477
51000	41472
51074	41536
51154	41602
51244	41656
51288	41720
51320	41836
51392	41904
51436	41924
51424	42002
51428	42108
51396	42152
51396	42176
51408	42232
51376	42296
51416	42344
51428	42370
51338	42396
51377	42451
51305	42472
51288	42528
51252	42556
51292	42580
51256	42636
51288	42672
51272	42688
51280	42718
51280	42724
51264	42764
51368	42784
51388	42820
51361	42832
51378	42848
51432	42866
51432	42842
51456	42876
51480	42872
51524	42853
51506	42880
51508	42866
51536	42824
51492	42842
51520	42796
51568	42796
51512	42781
51540	42786
51420	42768
51476	42728
51348	42732
51384	42714
51320	42698
51240	42688
51157	42656
51028	42648
50904	42632
50829	42624
50641	42597
50484	42588
50344	42584
50141	42560
49970	42536
49768	42512
49564	42472
49408	42456
49216	42449
48928	42400
48668	42400
48444	42336
48268	42308
47976	42312
47697	42288
47420	42224
47197	42224
46964	42144
46660	42104
46428	42068
46176	42105
45920	41988
45688	42000
45440	41984
45204	41892
44964	41785
44784	41788
44496	41680
44316	41544
44120	41524
43816	41344
43660	41266
43376	41184
43169	40932
42937	40801
42724	40632
42512	40464
42354	40341
42221	40216
42040	40020
41840	39737
41548	39640
41345	39457
41189	39212
40988	39040
40812	38812
40708	38672
40464	38469
40324	38304
40196	38016
39941	37825
39884	37652
39700	37508
39432	37400
39260	37196
39066	37025
38888	36828
38786	36704
38521	36514
38396	36388
38172	36312
37976	36116
37810	35932
37650	35800
37468	35641
37276	35477
37120	35420
36944	35196
36770	35130
36572	34948
36412	34752
36252	34590
36121	34485
35980	34298
35845	34192
35712	34076
35578	33832
35444	33724
35430	33584
35194	33428
35154	33220
35072	33008
34916	32833
34808	32724
34664	32456
34556	32272
34450	32076
34337	31878
34228	31716
34112	31428
33997	31261
33889	31036
33760	30745
33652	30497
33538	30304
33400	30004
33274	29784
33104	29504
32968	29240
32809	28992
32600	28713
32460	28434
32194	28172
32040	27893
31816	27632
31618	27378
31408	27110
31160	26860
30912	26616
30672	26388
30385	26160
30108	25932
29784	25732
29568	25520
29268	25326
28961	25136
28588	24964
28380	24809
28032	24638
27768	24498
27398	24356
27116	24218
26828	24120
26460	24002
26180	23912
25868	23845
25520	23748
25202	23688
24996	23632
24686	23597
24424	23556
24124	23560
23832	23533
23556	23504
23294	23498
23046	23552
22788	23506
22557	23522
22342	23530
22080	23619
21864	23562
21628	23590
21413	23642
21248	23620
21024	23648
20856	23664
20689	23752
20494	23692
20346	23732
20104	23716
19971	23732
19860	23769
19679	23794
19528	23800
19434	23789
19272	23888
19214	23892
19046	23884
18920	23929
18847	23909
18766	23892
18656	23964
18510	23967
18482	23960
18338	24001
18296	24040
18222	24096
18101	24112
18042	24152
17958	24144
17913	24250
17857	24276
17784	24318
17722	24354
17588	24420
17590	24440
17548	24528
17448	24510
17410	24608
17299	24660
17224	24719
17192	24748
17129	24801
17109	24938
17072	25053
17000	25076
16986	25216
16898	25342
16900	25404
16868	25468
16854	25590
16811	25587
16810	25794
16804	25843
16736	26000
16755	26092
16732	26170
16781	26256
16750	26332
16788	26334
16780	26468
16806	26464
16795	26561
16826	26617
16904	26657
16866	26641
16904	26674
16976	26722
16992	26804
17037	26721
17072	26817
17105	26838
17056	26870
17120	26926
17146	26936
17108	26949
17159	26932
17200	26977
17178	26992
17192	27098
17186	27122
17181	27066
17149	27137
17200	27067
17124	27152
17168	27157
17164	27208
17149	27220
17090	27200
17108	27232
17084	27348
17114	27328
17094	27330
17064	27393
17030	27472
17024	27492
17056	27526
17016	27573
17060	27602
17042	27740
17010	27716
17028	27812
17090	27848
17148	27992
17186	28065
17236	28148
17285	28249
17334	28336
17428	28416
17448	28500
17597	28632
17675	28716
17730	28760
17904	28885
18028	28940
18142	29049
18280	29122
18432	29172
18542	29258
18748	29400
18864	29468
19028	29520
19189	29584
19427	29660
19604	29752
19803	29828
19978	29902
20204	30000
20412	30018
20620	30100
20836	30248
20982	30372
21248	30469
21482	30564
21749	30700
21948	30825
22149	30960
22429	31108
22721	31229
22931	31384
23180	31553
23492	31686
23744	31872
24020	32065
24280	32252
24581	32448
24902	32637
25182	32829
25481	33024
25812	33200
26133	33417
26464	33621
26784	33810
27084	33985
27488	34236
27832	34450
28130	34640
28552	34836
28938	35056
29304	35196
29726	35424
30130	35572
30550	35904
30994	36000
31400	36214
31836	36420
32288	36552
32744	36700
33208	36842
33696	37076
34148	37160
34724	37258
35156	37408
35668	37558
36172	37684
36728	37629
37304	37796
37728	37768
38264	37920
38876	37864
39400	37941
39924	37908
40408	38021
41024	37952
41596	37964
42092	37996
42664	37992
43120	38000
43656	38017
44218	38029
44704	38041
45192	38036
45604	38074
46128	38072
46552	38128
46932	38144
47348	38192
47748	38192
48184	38260
48472	38328
48824	38308
49174	38436
49536	38428
49836	38520
50108	38660
50376	38688
50596	38732
50808	38912
51034	38916
51248	39035
51496	39064
51624	39204
51864	39276
51960	39420
52160	39488
52268	39632
52396	39776
52572	39860
52756	39896
52850	40152
53008	40256
53088	40304
53300	40472
53352	40564
53512	40684
53632	40844
53777	40958
53888	41052
54056	41182
54176	41352
54236	41440
54396	41581
54489	41760
54624	41733
54672	41864
54784	42004
54938	42056
54956	42113
55040	42328
55138	42424
55284	42409
55372	42570
55368	42488
55464	42704
55488	42677
55640	42716
55600	42876
55648	42930
55737	42944
55792	43004
55834	43090
55880	43124
55890	43148
55952	43233
55916	43246
55978	43332
55936	43392
55976	43528
55960	43585
55944	43696
55824	43712
55800	43736
55828	43805
55760	43904
55728	43922
55709	44000
55700	44098
55626	44176
55608	44160
55504	44264
55500	44288
55404	44400
55400	44416
55384	44468
55248	44560
55284	44584
55200	44680
55216	44672
55264	44776
55152	44772
55192	44836
55216	44865
55164	44948
55224	44945
55176	45008
55232	44996
55188	45056
55242	45056
55160	45028
55220	45044
55148	45048
55168	45024
55090	45040
55056	45016
55024	44992
55004	44916
54880	44881
54816	44845
54728	44784
54612	44722
54552	44700
54452	44616
54288	44580
54104	44500
53984	44456
53753	44374
53524	44332
53324	44272
53146	44198
52876	44116
52576	44024
52332	43960
52052	43880
51648	43796
51380	43712
51008	43628
50632	43552
50296	43434
49928	43360
49508	43237
49185	43153
48788	43096
48416	42992
47984	42888
47642	42860
47273	42784
46884	42701
46450	42600
46160	42608
45748	42460
45436	42416
45160	42434
44784	42408
44512	42312
44188	42328
43904	42208
43637	42200
43433	42136
43172	42120
42920	42196
42808	42076
42576	42094
42268	41949
42080	41972
42020	41856
41740	41834
41529	41716
41476	41673
41280	41600
41040	41404
40992	41362
40733	41208
40576	41184
40472	41056
40336	40916
40205	40716
40001	40680
39780	40432
39625	40312
39476	40192
39292	40060
39088	39944
38912	39701
38790	39620
38613	39456
38316	39256
38097	39113
37878	39028
37738	38856
37442	38672
37244	38552
37024	38448
36726	38232
36512	38188
36232	38032
36025	37776
35744	37592
35512	37520
35268	37252
34994	37128
34729	36976
34536	36713
34282	36554
34020	36312
33752	36109
33504	35968
33248	35672
33002	35540
32721	35260
32544	35024
32224	34817
32008	34556
31764	34352
31544	34097
31312	33866
31058	33648
30873	33404
30616	33232
30409	32930
30186	32769
29969	32432
29776	32232
29568	32036
29332	31816
29125	31470
28916	31236
28681	31024
28464	30754
28280	30516
28025	30290
27868	30072
27642	29854
27396	29608
27152	29372
26918	29200
26749	28976
26500	28784
26269	28608
26021	28324
25752	28139
25573	27948
25296	27745
25066	27556
24848	27393
24562	27200
24253	27032
23980	26864
23724	26714
23422	26513
23144	26348
22918	26176
22568	26011
22323	25860
22008	25720
21708	25502
21420	25460
21214	25224
20857	25074
20658	24948
20386	24805
20136	24571
19826	24452
19606	24316
19332	24193
19130	24009
18884	23901
18640	23760
18441	23596
18216	23480
18050	23320
17889	23184
17716	23084
17544	22864
17325	22733
17176	22508
17012	22421
16901	22210
16756	21952
16643	21813
16493	21660
16361	21485
16287	21299
16106	21040
16032	20878
15921	20730
15852	20496
15746	20267
15656	20120
15560	19905
15417	19762
15349	19585
15243	19404
15189	19213
15113	19061
15004	18969
14933	18864
14821	18646
14683	18572
14601	18465
14518	18417
14404	18309
14249	18264
14196	18212
14074	18088
13984	18080
13832	18073
13744	18040
13628	18040
13503	18065
13386	18030
13226	18112
13120	18136
13009	18166
12890	18200
12765	18276
12644	18256
12500	18340
12378	18518
12265	18488
12162	18592
12033	18801
11912	18808
11828	18976
11726	19021
11659	19202
11597	19332
11516	19393
11461	19566
11421	19634
11390	19765
11325	19898
11314	19888
11356	20062
11349	20104
11356	20093
11386	20264
11408	20296
11428	20268
11515	20376
11568	20304
11638	20477
11717	20460
11733	20402
11781	20336
11904	20475
11960	20380
12019	20459
12069	20428
12112	20416
12144	20420
12230	20322
12265	20416
12280	20364
12332	20352
12339	20337
12400	20285
12419	20288
12446	20325
12440	20179
12464	20289
12432	20280
12440	20244
12464	20164
12434	20176
12477	20222
12383	20212
12422	20216
12422	20152
12414	20178
12368	20220
12409	20116
12417	20228
12457	20257
12469	20259
12440	20289
12439	20252
12524	20222
12532	20388
12576	20443
12599	20446
12684	20605
12774	20644
12845	20634
12945	20820
13052	20886
13164	20969
13288	21085
13406	21052
13548	21248
13708	21372
13881	21444
14053	21556
14294	21634
14490	21741
14678	21828
14885	21865
15099	22000
15329	22110
15537	22208
15792	22284
16029	22340
16279	22478
16457	22564
16747	22685
16931	22788
17236	22944
17464	22948
17688	23168
17940	23248
18176	23424
18393	23524
18640	23734
18849	23797
19104	24016
19312	24200
19476	24374
19716	24521
19863	24707
20114	24878
20304	25108
20476	25277
20642	25505
20882	25724
21012	25912
21276	26112
21451	26379
21654	26586
21836	26825
22032	27072
22250	27332
22502	27582
22768	27813
23060	28113
23316	28380
23616	28652
23844	28942
24180	29245
24515	29600
24816	29836
25160	30112
25490	30420
25872	30710
26248	31022
26634	31304
27014	31603
27444	31888
27869	32160
28304	32452
28740	32736
29202	32980
29656	33234
30128	33532
30608	33760
31084	34000
31562	34233
32050	34601
32538	34780
33036	34956
33528	35177
34025	35494
34504	35624
34988	35848
35466	36144
35936	36318
36424	36508
36880	36717
37324	36944
37768	37249
38164	37400
38586	37576
38976	37786
39478	38036
39820	38192
40132	38488
40540	38688
40876	38890
41196	39001
41568	39188
41858	39328
42184	39552
42512	39708
42832	39904
43108	40092
43385	40256
43532	40409
43760	40484
44068	40716
44200	40846
44436	40924
44637	41084
44880	41280
45048	41360
45240	41512
45440	41632
45664	41780
45872	41900
46096	42044
46288	42224
46464	42308
46640	42460
46848	42568
47098	42676
47304	42708
47456	42860
47684	42912
47892	43028
48132	43052
48348	43144
48530	43232
48692	43280
48952	43308
49160	43408
49372	43444
49492	43504
49700	43525
49944	43585
50056	43620
50304	43652
50500	43676
50616	43732
50784	43760
50944	43786
51104	43828
51300	43860
51466	43896
51556	43930
51660	43960
51848	44000
51932	44032
52068	44062
52144	44116
52316	44132
52352	44152
52420	44188
52544	44216
52592	44260
52688	44276
52841	44296
52908	44337
52908	44357
53068	44388
53114	44416
53200	44440
53196	44484
53312	44520
53408	44544
53480	44581
53532	44624
53688	44681
53762	44730
53760	44756
53924	44800
53952	44876
54108	44916
54180	44944
54336	44968
54380	44984
54516	45036
54521	45051
54624	45064
54720	45024
54777	45032
54872	45040
54944	45017
54980	45002
54964	44929
55012	44908
55112	44916
55108	44880
55116	44836
55084	44737
55108	44740
55096	44700
55076	44632
55133	44544
55008	44472
54996	44405
54948	44400
54884	44329
54816	44256
54712	44188
54636	44124
54600	43996
54484	43928
54344	43841
54152	43804
53988	43688
53865	43636
53700	43522
53416	43424
53240	43314
53049	43274
52792	43168
52572	43044
52340	42944
52129	42852
51840	42761
51600	42696
51332	42580
51104	42522
50912	42416
50584	42340
50424	42264
50176	42212
49924	42112
49648	42066
49448	41992
49248	41920
49072	41864
48752	41784
48562	41716
48428	41640
48208	41560
48036	41496
47828	41368
47616	41288
47473	41152
47244	41065
47090	40932
46912	40812
46736	40640
46616	40524
46416	40340
46201	40176
46032	40008
45908	39832
45760	39680
45528	39488
45344	39288
45172	39088
44984	38881
44860	38664
44641	38472
44398	38258
44208	38074
44024	37856
43784	37672
43568	37465
43354	37280
43144	37092
43032	36908
42720	36716
42588	36556
42232	36372
42024	36209
41880	36017
41617	35862
41330	35686
41064	35529
40864	35380
40672	35178
40376	35008
40200	34848
39965	34696
39736	34536
39496	34340
39304	34176
39184	34009
38961	33856
38736	33676
38613	33512
38379	33380
38225	33197
38052	33040
37852	32872
37712	32714
37556	32540
37509	32352
37272	32184
37184	32004
36984	31828
36828	31640
36756	31441
36552	31246
36464	31052
36272	30852
36212	30632
35984	30422
35828	30200
35722	29996
35496	29768
35336	29549
35205	29328
35000	29124
34816	28889
34637	28677
34468	28477
34256	28253
34008	28072
33768	27864
33560	27671
33296	27497
33022	27322
32794	27136
32496	26960
32216	26788
31922	26628
31588	26464
31272	26287
30929	26122
30572	25952
30209	25785
29852	25618
29484	25459
29088	25292
28708	25145
28260	24989
27929	24844
27530	24702
27133	24560
26720	24444
26293	24318
25920	24179
25554	24074
25148	24014
24778	23894
24469	23842
24108	23744
23732	23704
23494	23601
23181	23562
22908	23530
22624	23524
22356	23456
22120	23420
21853	23412
21684	23376
21476	23332
21236	23306
21068	23292
20851	23252
20716	23228
20494	23176
20385	23144
20218	23088
20003	23026
19907	22949
19706	22876
19576	22830
19428	22796
19262	22738
19118	22668
18976	22520
18802	22428
18588	22340
18477	22248
18265	22140
18104	22058
17920	21962
17725	21804
17556	21747
17350	21635
17130	21478
16895	21412
16685	21312
16512	21222
16285	21136
16074	21100
15859	20893
15616	20912
15377	20818
15160	20804
14918	20692
14626	20666
14400	20508
14148	20553
13897	20568
13713	20549
13467	20470
13158	20448
12986	20421
12772	20524
12546	20557
12290	20539
12143	20568
11908	20596
11666	20657
11530	20661
11310	20738
11205	20850
11048	20832
10884	21005
10786	21020
10688	21124
10536	21161
10512	21276
10440	21322
10381	21443
10341	21560
10265	21496
10256	21640
10301	21480
10244	21532
10223	21780
10246	21690
10290	21698
10262	21768
10275	21768
10250	21732
10324	21812
10297	21816
10372	21688
10404	21808
10436	21836
10458	21810
10487	21796
10488	21780
10561	21776
10561	21763
10621	21780
10589	21784
10599	21776
10654	21742
10650	21660
10696	21812
10713	21825
10714	21850
10748	21840
10758	21882
10774	21800
10781	21860
10854	21864
10826	21856
10844	21996
10868	22052
10854	21972
10960	22138
10944	22108
10994	22051
11036	22312
11053	22370
11108	22416
11185	22504
11202	22603
11376	22724
11460	22966
11517	23041
11586	23184
11746	23226
11830	23375
12000	23618
12104	23745
12193	23900
12427	23985
12508	24058
12674	24282
12884	24417
13006	24456
13226	24573
13398	24744
13557	24808
13717	24942
13938	25104
14097	25194
14352	25281
14520	25276
14735	25480
14988	25662
15169	25796
15434	25904
15645	26024
15906	26140
16110	26308
16296	26440
16604	26464
16832	26706
17010	26874
17288	27040
17497	27174
17744	27216
18016	27532
18180	27668
18412	27856
18625	28034
18855	28208
19139	28437
19362	28580
19541	28788
19732	29042
19984	29208
20208	29432
20388	29636
20596	29832
20808	30046
21032	30248
21212	30464
21456	30658
21603	30864
21824	31082
21984	31332
22236	31536
22408	31700
22628	31920
22832	32064
23067	32328
23252	32557
23509	32780
23704	32960
23921	33185
24133	33388
24368	33596
24586	33794
24760	33957
25018	34168
25196	34316
25436	34496
25650	34648
25860	34780
26085	34917
26252	34948
26460	35040
26686	35148
26852	35224
27070	35284
27220	35368
27408	35368
27606	35337
27800	35400
27921	35428
28140	35404
28284	35446
28433	35401
28668	35476
28777	35446
29012	35465
29161	35452
29364	35496
29521	35526
29680	35469
29824	35532
30016	35576
30176	35621
30317	35569
30476	35676
30636	35649
30780	35729
30924	35801
31064	35749
31225	35822
31344	35792
31496	35820
31612	35852
31760	35881
31888	36000
32028	35932
32161	35936
32293	35984
32434	35996
32536	36033
32672	36108
32796	36060
32924	36144
33056	36105
33218	36148
33322	36260
33453	36200
33600	36305
33800	36281
33934	36348
34021	36412
34180	36412
34328	36445
34464	36506
34600	36514
34736	36562
34905	36564
35032	36625
35168	36628
35244	36620
35364	36668
35520	36604
35576	36672
35692	36505
35845	36480
35912	36548
35928	36388
36032	36364
36100	36312
36140	36288
36200	36141
36248	36052
36365	35956
36404	35988
36364	35768
36416	35778
36428	35564
36488	35492
36484	35360
36588	35344
36548	35240
36541	35073
36608	34920
36604	34830
36616	34712
36620	34708
36642	34608
36697	34504
36737	34450
36744	34300
36776	34299
36750	34164
36764	34197
36788	34089
36848	34106
36936	34064
36948	33989
36936	33973
36992	33977
37041	34016
37153	33948
37148	33962
37216	34051
37264	34072
37396	34120
37408	34114
37496	34148
37560	34208
37641	34280
37753	34416
37896	34504
37944	34598
38072	34628
38192	34712
38308	34868
38444	34920
38580	35092
38732	35197
38962	35288
39061	35340
39304	35436
39448	35585
39656	35626
39756	35696
40024	35820
40249	35860
40392	35933
40632	36016
40876	36057
41232	36136
41398	36184
41802	36288
42072	36322
42260	36408
42500	36472
42824	36536
43118	36608
43469	36682
43792	36770
44104	36872
44352	36960
44672	37066
44976	37120
45280	37252
45608	37376
45873	37484
46180	37604
46456	37654
46753	37826
47024	37920
47300	38000
47552	38136
47824	38300
48053	38336
48288	38501
48537	38640
48808	38760
48952	38936
49192	38962
49376	39200
49528	39224
49784	39392
49956	39520
50104	39664
50281	39800
50368	39952
50528	40018
50640	40205
50784	40296
50900	40480
51000	40528
51100	40648
51104	40768
51224	40896
51244	41060
51312	41200
51356	41216
51380	41320
51368	41492
