# OpenSignals Text File Format. Version 1
# {"00:07:80:F9:F3:52": {"position": 0, "device": "biosignalsplux", "device name": "00:07:80:F9:F3:52", "device connection": "BTH00:07:80:F9:F3:52", "sampling rate": 100, "resolution": [16, 16, 16, 16], "firmware version": 775, "comments": "", "keywords": "", "mode": 0, "sync interval": 2, "date": "2025-9-19", "time": "9:48:37.952", "channels": [1, 2, 3, 4], "sensor": ["XYZ", "XYZ", "RIP", "RIP"], "label": ["CH1", "CH2", "CH3", "CH4"], "column": ["nSeq", "DI", "CH1", "CH2", "CH3", "CH4"], "special": [{"SpO2": [80, 40, 5, 4, 3, 3]}, {"SpO2": [80, 40, 5, 4, 3, 3]}, {"SpO2": [80, 40, 5, 4, 3, 3]}, {"SpO2": [80, 40, 5, 4, 3, 3]}, {"SpO2": [80, 40, 5, 4, 3, 3]}, {"SpO2": [80, 40, 5, 4, 3, 3]}, {"SpO2": [80, 40, 5, 4, 3, 3]}, {"SpO2": [80, 40, 5, 4, 3, 3]}], "digital IO": [0, 1], "sleeve color": ["white", "white", "dark_blue", "light_blue"], "convertedValues": 0}}
# EndOfHeader
600	0	34337	37432	45136	40752	
601	0	34364	37344	45120	40716	
602	0	34084	37453	45108	40664	
603	0	34172	37442	45108	40584	
604	0	34176	37516	45024	40512	
605	0	34204	37532	44928	40464	
606	0	33964	37512	44836	40458	
607	0	33826	37556	44816	40384	
608	0	33874	37528	44632	40264	
609	0	33909	37568	44588	40173	
610	0	33964	37537	44426	40136	
611	0	33940	37516	44288	40028	
612	0	33828	37532	44116	39914	
613	0	33606	37732	43962	39841	
614	0	33924	37548	43832	39752	
615	0	34094	37420	43712	39649	
616	0	33972	37484	43448	39520	
617	0	34004	37496	43370	39476	
618	0	34040	37470	43172	39364	
619	0	33972	37512	43008	39262	
620	0	33850	37596	42721	39152	
621	0	33956	37528	42628	39044	
622	0	34080	37440	42412	38860	
623	0	34036	37520	42120	38820	
624	0	33972	37541	41997	38689	
625	0	33969	37536	41832	38608	
626	0	33992	37596	41604	38453	
627	0	33932	37576	41272	38392	
628	0	34064	37544	41056	38256	
629	0	34056	37525	40872	38088	
630	0	34064	37612	40648	38009	
631	0	33868	37720	40528	37924	
632	0	34160	37764	40224	37808	
633	0	34092	37742	40012	37680	
634	0	34052	37812	39920	37524	
635	0	34153	37736	39608	37420	
636	0	34080	37772	39512	37372	
637	0	33992	37792	39304	37250	
638	0	33988	37744	39076	37112	
639	0	34040	37848	38889	37032	
640	0	34144	37874	38624	36936	
641	0	34370	37896	38432	36841	
642	0	34361	37981	38301	36728	
643	0	34400	38080	38060	36684	
644	0	34585	38228	37920	36680	
645	0	34616	38448	37762	36616	
646	0	34276	38769	37544	36530	
647	0	34004	39440	37364	36408	
648	0	34165	39640	37249	36450	
649	0	34001	40064	37042	36418	
650	0	33936	40348	36956	36332	
651	0	34024	40529	36796	36297	
652	0	34210	40516	36628	36276	
653	0	33844	40800	36490	36268	
654	0	33488	40908	36326	36264	
655	0	33928	40705	36200	36324	
656	0	34089	40612	36096	36282	
657	0	34656	39916	35916	36384	
658	0	34812	39320	35794	36440	
659	0	34924	38336	35700	36498	
660	0	35254	37716	35624	36524	
661	0	34452	37072	35539	36524	
662	0	34048	35454	35476	36504	
663	0	34020	35900	35292	36634	
664	0	33328	36041	35232	36736	
665	0	35388	33356	35141	36800	
666	0	33524	36284	35060	36884	
667	0	32304	36264	35004	36824	
668	0	32164	35637	34912	36901	
669	0	32174	35636	34896	36997	
670	0	32180	35536	34804	37056	
671	0	32548	35293	34772	37176	
672	0	32728	35208	34724	37200	
673	0	32876	35264	34702	37288	
674	0	33066	35467	34698	37396	
675	0	33224	35648	34698	37569	
676	0	33344	35620	34737	37645	
677	0	33492	35752	34704	37656	
678	0	33580	35806	34740	37788	
679	0	33666	35918	34742	37844	
680	0	33812	36020	34788	37928	
681	0	33928	36028	34864	38074	
682	0	33944	35896	34940	38274	
683	0	33944	35889	34960	38320	
684	0	33824	35812	35016	38452	
685	0	33736	35784	35124	38448	
686	0	33609	35653	35242	38532	
687	0	33460	35520	35284	38744	
688	0	33428	35600	35440	38752	
689	0	33460	35641	35492	38834	
690	0	33548	35633	35620	38912	
691	0	33668	35734	35737	39020	
692	0	33805	35793	35864	39156	
693	0	33984	35928	36000	39244	
694	0	34544	36393	36140	39348	
695	0	35130	36848	36276	39472	
696	0	35960	37336	36416	39428	
697	0	36913	38128	36584	39612	
698	0	37876	38932	36722	39680	
699	0	38928	39164	36885	39800	
700	0	40296	39438	37020	39740	
701	0	40446	39237	37188	39916	
702	0	50956	41416	37344	39924	
703	0	44408	47808	37544	40112	
704	0	44416	38880	37692	40105	
705	0	40184	33053	37862	40104	
706	0	31413	40114	38097	40157	
707	0	35434	37608	38212	40305	
708	0	34096	37048	38380	40304	
709	0	33704	37137	38544	40492	
710	0	33116	37736	38820	40504	
711	0	33236	38080	38916	40452	
712	0	33712	37504	39164	40608	
713	0	33985	37480	39256	40570	
714	0	34041	37506	39397	40621	
715	0	34042	37085	39572	40764	
716	0	34144	37232	39740	40797	
717	0	33782	37570	39905	40952	
718	0	33788	37720	40144	40972	
719	0	33936	37536	40340	41080	
720	0	34080	37482	40512	41004	
721	0	34168	37524	40584	41192	
722	0	34172	37506	40760	41149	
723	0	34114	37425	41026	41232	
724	0	34025	37544	41080	41276	
725	0	34044	37624	41272	41377	
726	0	34116	37520	41452	41384	
727	0	34552	37497	41628	41544	
728	0	34618	37392	41746	41528	
729	0	34708	37404	41906	41512	
730	0	34852	37432	42032	41672	
731	0	34892	37372	42240	41548	
732	0	34828	37344	42320	41578	
733	0	34580	37432	42461	41648	
734	0	34810	37341	42708	41624	
735	0	36236	36704	42856	41498	
736	0	34777	37056	42961	41581	
737	0	35000	37124	43008	41440	
738	0	35072	36917	43132	41376	
739	0	34849	36874	43276	41314	
740	0	35268	36916	43452	41264	
741	0	35232	36952	43520	41208	
742	0	35104	37104	43672	41136	
743	0	35300	36992	43786	41128	
744	0	35284	37116	43978	41060	
745	0	35220	37080	44100	41020	
746	0	35145	37212	44224	40954	
747	0	35141	37096	44348	40880	
748	0	35164	37092	44432	40826	
749	0	35120	37160	44528	40760	
750	0	35148	37108	44692	40626	
751	0	35040	37200	44736	40620	
752	0	35152	37252	44852	40544	
753	0	35144	37196	44928	40464	
754	0	35304	37248	45012	40404	
755	0	35280	37313	45092	40376	
756	0	35272	37470	45192	40329	
757	0	35168	37612	45256	40336	
758	0	34896	37764	45312	40285	
759	0	35008	37916	45396	40242	
760	0	35052	37840	45440	40212	
761	0	35220	37981	45464	40192	
762	0	35584	38449	45540	40152	
763	0	35844	38720	45600	40132	
764	0	35770	39224	45640	40116	
765	0	35720	39448	45596	40088	
766	0	35372	39880	45676	40068	
767	0	35120	39672	45600	40056	
768	0	34328	40258	45676	40028	
769	0	34564	40696	45592	40012	
770	0	35088	40904	45597	39994	
771	0	35316	41596	45564	39988	
772	0	34968	42036	45569	39992	
773	0	34436	42436	45588	40000	
774	0	32759	42532	45476	40028	
775	0	33112	42380	45452	39996	
776	0	34220	42224	45452	40009	
777	0	34848	41672	45376	40072	
778	0	36440	41148	45341	40064	
779	0	37652	40500	45320	40082	
780	0	34784	39840	45276	40160	
781	0	33196	37912	45252	40140	
782	0	31744	35617	45216	40180	
783	0	31432	35048	45172	40260	
784	0	35336	34196	45172	40314	
785	0	33488	37244	45152	40308	
786	0	37204	31860	45086	40336	
787	0	36752	34744	45077	40416	
788	0	34936	35200	45048	40424	
789	0	32864	35795	44944	40506	
790	0	32261	35376	44942	40472	
791	0	31704	34954	44924	40512	
792	0	31376	34802	44888	40581	
793	0	31481	34696	44832	40529	
794	0	31908	34545	44800	40562	
795	0	32568	34456	44722	40572	
796	0	33066	34144	44736	40548	
797	0	33544	34144	44688	40520	
798	0	33868	34113	44588	40532	
799	0	34092	34212	44552	40513	
800	0	34098	34562	44496	40452	
801	0	33864	34884	44520	40472	
802	0	33690	35154	44456	40396	
803	0	33456	35424	44432	40324	
804	0	33384	35776	44392	40285	
805	0	33348	36132	44384	40298	
806	0	33480	36392	44437	40286	
807	0	33456	36544	44436	40192	
808	0	33822	36752	44392	40136	
809	0	33900	37120	44384	40164	
810	0	34000	37402	44424	40076	
811	0	34284	37732	44412	40088	
812	0	34988	37972	44372	40060	
813	0	35840	38232	44394	39972	
814	0	37104	38594	44428	39986	
815	0	37916	38901	44396	39912	
816	0	39354	39412	44412	39944	
817	0	40068	40112	44409	39852	
818	0	40824	40106	44452	39888	
819	0	41196	41196	44424	39816	
820	0	43184	40704	44424	39820	
821	0	41616	48208	44444	39776	
822	0	51368	34658	44448	39762	
823	0	46177	39392	44464	39672	
824	0	44608	40084	44452	39682	
825	0	48432	52996	44448	39656	
826	0	48368	31980	44432	39608	
827	0	36608	36986	44508	39504	
828	0	36060	36628	44412	39464	
829	0	35192	37337	44404	39412	
830	0	34426	37226	44400	39400	
831	0	34376	37204	44360	39284	
832	0	32850	38392	44348	39270	
833	0	33780	38008	44336	39173	
834	0	33896	37600	44304	39080	
835	0	34453	37066	44328	39018	
836	0	34560	37048	44240	38971	
837	0	34572	37312	44232	38905	
838	0	34581	37146	44177	38833	
839	0	34644	37360	44160	38724	
840	0	34372	37434	44108	38656	
841	0	34426	37364	44096	38576	
842	0	34584	37320	44068	38500	
843	0	34552	37424	44056	38378	
844	0	34600	37316	44048	38288	
845	0	34540	37352	43914	38184	
846	0	34320	37448	43868	38060	
847	0	34634	37300	43800	37933	
848	0	35536	37156	43810	37800	
849	0	34588	37444	43660	37680	
850	0	34742	37312	43580	37512	
851	0	35056	37240	43505	37329	
852	0	35053	37154	43360	37152	
853	0	34852	37208	43321	36964	
854	0	34848	37192	43124	36764	
855	0	34730	37340	42992	36548	
856	0	34692	37114	42850	36332	
857	0	34984	37192	42772	36089	
858	0	34816	37228	42484	35849	
859	0	34992	36924	42288	35604	
860	0	35368	37516	42100	35360	
861	0	35000	37238	41901	35092	
862	0	35084	36944	41709	34824	
863	0	35266	37088	41600	34560	
864	0	35072	37053	41226	34272	
865	0	35128	37072	41016	33996	
866	0	35124	37200	40744	33752	
867	0	35232	37068	40560	33460	
868	0	35096	37232	40312	33180	
869	0	35008	37242	40037	32916	
870	0	35052	37286	39760	32648	
871	0	35032	37284	39500	32384	
872	0	35077	37356	39172	32132	
873	0	35236	37545	38881	31880	
874	0	35305	37380	38464	31586	
875	0	35074	37616	38212	31333	
876	0	35032	37472	37848	31098	
877	0	35288	37524	37528	30857	
878	0	35324	37736	37172	30610	
879	0	35536	38028	36844	30372	
880	0	35640	38464	36532	30136	
881	0	35804	39016	36194	29904	
882	0	35728	39608	35832	29673	
883	0	35800	39716	35461	29464	
884	0	35604	39760	35141	29228	
885	0	34906	40152	34754	29008	
886	0	34626	40800	34424	28790	
887	0	34720	41568	34072	28574	
888	0	35292	42024	33696	28360	
889	0	34922	42369	33348	28148	
890	0	33864	42836	33004	27949	
891	0	32040	43464	32637	27736	
892	0	31906	42034	32290	27528	
893	0	34120	41705	31902	27322	
894	0	35740	42236	31601	27108	
895	0	34897	42232	31240	26908	
896	0	38004	41044	30892	26701	
897	0	36856	40280	30552	26500	
898	0	33956	39160	30282	26293	
899	0	30692	37168	29963	26082	
900	0	29384	35784	29665	25874	
901	0	31108	34544	29381	25664	
902	0	35032	34588	29085	25452	
903	0	35276	34652	28816	25236	
904	0	33912	36792	28532	25025	
905	0	37856	32512	28282	24796	
906	0	36248	33736	28018	24564	
907	0	33888	34276	27762	24332	
908	0	32492	34852	27508	24100	
909	0	32144	34888	27276	23856	
910	0	31604	34576	27032	23589	
911	0	31492	34440	26808	23332	
912	0	31484	34488	26568	23072	
913	0	31568	34830	26290	22805	
914	0	32430	34552	26112	22514	
915	0	33348	34248	25864	22240	
916	0	33726	34230	25640	21961	
917	0	33792	34458	25426	21672	
918	0	33896	34690	25200	21392	
919	0	33648	35128	24946	21108	
920	0	33552	35576	24706	20824	
921	0	33392	36024	24473	20544	
922	0	33461	36240	24208	20262	
923	0	33430	36664	23945	20000	
924	0	33476	36964	23760	19734	
925	0	33744	37336	23488	19480	
926	0	33888	37616	23236	19228	
927	0	33856	38052	22971	18977	
928	0	34144	38432	22724	18736	
929	0	34608	38960	22424	18514	
930	0	35416	39322	22180	18281	
931	0	36480	39748	21856	18068	
932	0	37600	39836	21529	17848	
933	0	38804	40400	21270	17648	
934	0	39872	40725	21020	17456	
935	0	41258	41116	20688	17251	
936	0	42364	40576	20416	17082	
937	0	44322	40248	20112	16894	
938	0	45792	39192	19762	16733	
939	0	46204	38585	19520	16556	
940	0	53448	34788	19250	16405	
941	0	43676	39208	18925	16256	
942	0	40036	42770	18612	16102	
943	0	26665	46368	18322	15964	
944	0	44128	52024	18056	15822	
945	0	47152	25104	17810	15699	
946	0	28377	48632	17492	15566	
947	0	38716	29473	17220	15440	
948	0	40076	35212	16936	15326	
949	0	32512	38816	16633	15212	
950	0	35041	36272	16410	15098	
951	0	33760	38016	16109	15008	
952	0	34208	37980	15910	14934	
953	0	33857	37468	15602	14873	
954	0	34584	37314	15440	14822	
955	0	34844	36928	15222	14792	
956	0	34252	37466	14968	14788	
957	0	34944	37170	14804	14787	
958	0	34808	37066	14612	14808	
959	0	34674	37102	14448	14840	
960	0	34852	37105	14219	14906	
961	0	34833	37140	14121	15005	
962	0	34948	37056	13973	15066	
963	0	35128	37216	13865	15214	
964	0	35100	37002	13762	15322	
965	0	35242	37129	13668	15408	
966	0	34994	37240	13584	15625	
967	0	34924	37170	13475	15778	
968	0	34816	37290	13455	15864	
969	0	35104	37276	13444	16086	
970	0	34916	37368	13372	16232	
971	0	35305	37160	13364	16376	
972	0	35228	37306	13401	16592	
973	0	35352	36872	13406	16760	
974	0	35214	37142	13473	16904	
975	0	34512	37184	13524	17132	
976	0	34772	37376	13532	17270	
977	0	35048	37220	13642	17469	
978	0	35244	37188	13716	17672	
979	0	35421	37016	13771	17826	
980	0	34969	37136	13890	18004	
981	0	35556	37064	13963	18224	
982	0	35320	37056	14130	18405	
983	0	35494	36912	14164	18585	
984	0	35453	36840	14322	18786	
985	0	35444	36932	14418	18960	
986	0	35448	36849	14580	19160	
987	0	35512	36856	14780	19452	
988	0	35488	36952	14902	19640	
989	0	35354	36904	15065	19922	
990	0	35228	37088	15168	20075	
991	0	35372	37112	15360	20377	
992	0	35168	37148	15468	20628	
993	0	35432	37352	15667	20843	
994	0	35484	37368	15824	21137	
995	0	35464	37401	15964	21394	
996	0	35440	37332	16168	21586	
997	0	35313	37316	16300	21918	
998	0	35428	37676	16498	22092	
999	0	35776	38064	16665	22430	
1000	0	36128	38632	16849	22642	
1001	0	36284	38944	16996	22910	
1002	0	36448	39420	17145	23188	
1003	0	36492	39592	17341	23381	
1004	0	35452	39900	17565	23682	
1005	0	35120	40568	17760	23920	
1006	0	35660	41480	17944	24180	
1007	0	35688	42312	18104	24392	
1008	0	36252	43012	18322	24652	
1009	0	35780	43940	18528	24924	
1010	0	33651	44961	18704	25096	
1011	0	32784	43572	18882	25310	
1012	0	33354	42757	19124	25518	
1013	0	33680	42080	19361	25748	
1014	0	36796	42236	19552	25978	
1015	0	38968	39692	19769	26216	
1016	0	37980	40177	20068	26408	
1017	0	35292	38548	20274	26664	
1018	0	31144	36872	20584	26932	
1019	0	28777	35184	20864	27158	
1020	0	31380	33776	21113	27406	
1021	0	34785	34525	21374	27620	
1022	0	34016	34198	21645	27828	
1023	0	33612	36308	21888	28102	
1024	0	37952	32592	22236	28356	
1025	0	36516	31828	22456	28552	
1026	0	34884	33227	22756	28808	
1027	0	33156	33584	23028	29028	
1028	0	32308	34230	23340	29228	
1029	0	32409	34148	23652	29459	
1030	0	31544	34004	23908	29648	
1031	0	31196	34120	24179	29849	
1032	0	31538	34056	24428	30061	
1033	0	31824	34306	24684	30252	
1034	0	32396	34548	24973	30386	
1035	0	32846	34384	25192	30556	
1036	0	33116	34396	25468	30741	
1037	0	33268	34680	25704	30888	
1038	0	33276	35044	25956	31056	
1039	0	33324	35312	26244	31196	
1040	0	33368	35784	26489	31344	
1041	0	33482	36204	26730	31516	
1042	0	33596	36650	26926	31692	
1043	0	33688	37168	27204	31824	
1044	0	33753	37526	27434	31976	
1045	0	33818	38081	27681	32164	
1046	0	33950	38604	27908	32321	
1047	0	34401	39132	28109	32424	
1048	0	34784	39696	28360	32561	
1049	0	35716	40208	28541	32792	
1050	0	36857	40672	28812	32889	
1051	0	38292	40900	29042	33020	
1052	0	39836	41296	29186	33168	
1053	0	40864	41576	29472	33376	
1054	0	41576	41224	29605	33436	
1055	0	43448	40960	29862	33596	
1056	0	45592	40240	30092	33736	
1057	0	46893	38708	30288	33865	
1058	0	49792	36669	30468	34096	
1059	0	48812	39065	30624	34184	
1060	0	53988	30010	30832	34304	
1061	0	31920	45256	30957	34448	
1062	0	20356	47192	31121	34440	
1063	0	25360	38144	31322	34560	
1064	0	55116	47268	31408	34710	
1065	0	40545	28482	31644	34813	
1066	0	27552	48868	31712	34820	
1067	0	40096	32496	31888	34952	
1068	0	36944	35584	32040	35028	
1069	0	32100	38896	32164	35048	
1070	0	35488	36029	32306	35132	
1071	0	33560	38524	32398	35182	
1072	0	34337	37324	32480	35345	
1073	0	34333	37402	32589	35312	
1074	0	34938	37180	32690	35396	
1075	0	34696	37124	32788	35472	
1076	0	34589	37338	32888	35512	
1077	0	34608	37278	33008	35650	
1078	0	34753	37110	33052	35737	
1079	0	34616	37280	33132	35713	
1080	0	34666	37316	33208	35752	
1081	0	34772	37232	33281	35912	
1082	0	34752	37336	33376	35956	
1083	0	34472	37409	33432	36004	
1084	0	31411	36590	33461	36088	
1085	0	34814	37418	33512	36109	
1086	0	33736	37560	33564	36108	
1087	0	34016	37496	33626	36153	
1088	0	35248	37120	33652	36048	
1089	0	34948	37296	33625	36156	
1090	0	34960	37120	33664	36112	
1091	0	35704	36968	33616	35988	
1092	0	34888	37568	33580	35924	
1093	0	35064	37200	33580	35898	
1094	0	35048	37336	33529	35794	
1095	0	35120	37320	33452	35712	
1096	0	35426	36888	33362	35624	
1097	0	35048	37276	33278	35564	
1098	0	35180	37068	33165	35466	
1099	0	35322	37138	33048	35328	
1100	0	35424	36900	32905	35109	
1101	0	35292	36988	32769	34970	
1102	0	35440	36880	32572	34817	
1103	0	35456	36956	32409	34704	
1104	0	35513	36852	32208	34544	
1105	0	35612	37108	32025	34324	
1106	0	35444	37044	31776	34256	
1107	0	35504	37096	31536	33960	
1108	0	35485	37248	31292	33805	
1109	0	35340	37328	31028	33700	
1110	0	35264	37464	30756	33552	
1111	0	35198	37576	30480	33270	
1112	0	35248	37632	30184	33133	
1113	0	35352	37752	29894	32993	
1114	0	35232	37608	29593	32768	
1115	0	35468	37624	29248	32637	
1116	0	35844	37924	28954	32412	
1117	0	36213	38252	28641	32300	
1118	0	36396	38776	28272	32164	
1119	0	35920	39444	27933	31938	
1120	0	35953	40148	27680	31786	
1121	0	35768	40492	27312	31660	
1122	0	35500	40912	26992	31506	
1123	0	34920	41496	26652	31325	
1124	0	34936	42716	26300	31216	
1125	0	34698	43720	25996	31024	
1126	0	33656	45224	25678	30882	
1127	0	32592	45576	25286	30764	
1128	0	32420	44256	25026	30646	
1129	0	34228	43132	24716	30481	
1130	0	35988	43024	24374	30356	
1131	0	38360	40814	24102	30264	
1132	0	39316	40360	23736	30164	
1133	0	36700	39728	23460	30070	
1134	0	31504	37850	23098	29942	
1135	0	26936	36840	22889	29864	
1136	0	28716	34048	22604	29804	
1137	0	35352	33981	22264	29696	
1138	0	36174	34280	22002	29624	
1139	0	34104	34816	21780	29568	
1140	0	34493	34369	21534	29500	
1141	0	37152	33688	21312	29440	
1142	0	34937	30346	21056	29368	
1143	0	33988	33294	20852	29280	
1144	0	33041	33554	20632	29180	
1145	0	32432	33470	20430	29076	
1146	0	32280	33236	20160	28994	
1147	0	32048	33626	20025	28892	
1148	0	31856	33942	19858	28758	
1149	0	31736	33932	19640	28648	
1150	0	32077	33949	19509	28513	
1151	0	32324	34113	19376	28362	
1152	0	32628	34296	19245	28244	
1153	0	32601	34628	19089	28100	
1154	0	32592	35122	18994	27942	
1155	0	32717	35464	18885	27778	
1156	0	32788	35874	18716	27588	
1157	0	32888	36437	18674	27424	
1158	0	33248	36746	18618	27252	
1159	0	33324	37296	18466	27088	
1160	0	33404	38216	18379	26864	
1161	0	34020	38756	18352	26656	
1162	0	34152	39304	18330	26456	
1163	0	34624	39920	18240	26282	
1164	0	35448	40553	18156	26025	
1165	0	36528	41120	18124	25865	
1166	0	37960	41564	18085	25580	
1167	0	39376	42244	18080	25424	
1168	0	40804	42784	18046	25249	
1169	0	42188	42772	17991	25018	
1170	0	44036	42076	17977	24888	
1171	0	45764	40721	17930	24644	
1172	0	47656	38568	17884	24416	
1173	0	50784	35444	17826	24308	
1174	0	43664	44728	17819	24138	
1175	0	55448	28846	17769	23956	
1176	0	35940	48640	17737	23784	
1177	0	13762	47532	17718	23620	
1178	0	29800	37716	17706	23449	
1179	0	55450	34272	17731	23237	
1180	0	40656	26298	17656	23125	
1181	0	28954	48233	17670	22968	
1182	0	39256	33184	17609	22837	
1183	0	35704	36636	17630	22712	
1184	0	33242	37768	17594	22568	
1185	0	35050	36772	17608	22476	
1186	0	34004	38056	17592	22378	
1187	0	34586	36996	17584	22281	
1188	0	34329	37656	17603	22204	
1189	0	34676	37148	17609	22179	
1190	0	34764	37025	17620	22033	
1191	0	34612	37230	17630	22018	
1192	0	34684	37312	17641	22011	
1193	0	34428	37408	17668	22065	
1194	0	34520	37232	17718	22042	
1195	0	34676	37248	17733	22116	
1196	0	34674	37340	17807	22176	
1197	0	34581	37417	17844	22216	
1198	0	34732	37322	17956	22330	
1199	0	34637	37434	18040	22370	
1200	0	34676	37436	18106	22484	
1201	0	34657	37484	18217	22556	
1202	0	34648	37440	18324	22701	
1203	0	34792	37285	18448	22868	
1204	0	34944	37244	18520	22940	
1205	0	34924	37264	18686	23029	
1206	0	34905	37312	18849	23224	
1207	0	34960	37292	19000	23344	
1208	0	34954	37314	19161	23472	
1209	0	35066	37408	19348	23632	
1210	0	35082	37344	19458	23715	
1211	0	35000	37396	19618	23858	
1212	0	35056	37370	19900	24018	
1213	0	35560	36976	20076	24044	
1214	0	35336	37176	20276	24254	
1215	0	34992	36794	20482	24388	
1216	0	35613	37077	20734	24434	
1217	0	35804	36600	20948	24640	
1218	0	35096	36896	21140	24730	
1219	0	35408	36892	21422	24925	
1220	0	35136	37260	21676	25045	
1221	0	35140	37224	21885	25176	
1222	0	35392	37112	22171	25312	
1223	0	35360	36960	22422	25457	
1224	0	35082	37124	22708	25608	
1225	0	35204	37110	22972	25756	
1226	0	35444	37160	23233	25944	
1227	0	35300	37368	23500	26091	
1228	0	35200	37612	23822	26256	
1229	0	35300	37664	24116	26420	
1230	0	35472	37680	24328	26594	
1231	0	35233	37581	24696	26765	
1232	0	35216	37656	24962	26930	
1233	0	35320	38000	25281	27088	
1234	0	35700	38497	25576	27265	
1235	0	35857	39001	25834	27452	
1236	0	35780	39416	26118	27604	
1237	0	35849	40176	26452	27800	
1238	0	35537	40908	26740	27952	
1239	0	34937	40984	27024	28140	
1240	0	34328	41772	27300	28282	
1241	0	33571	42920	27564	28472	
1242	0	33496	45124	27896	28656	
1243	0	32392	46400	28101	28850	
1244	0	31848	45688	28460	28956	
1245	0	33320	44544	28712	29117	
1246	0	34898	43532	29024	29282	
1247	0	37880	42244	29332	29514	
1248	0	40896	41204	29634	29656	
1249	0	37956	40786	29932	29832	
1250	0	34624	39560	30252	29944	
1251	0	29266	37696	30540	30122	
1252	0	25288	36096	30828	30342	
1253	0	31384	32888	31120	30473	
1254	0	35000	34256	31434	30630	
1255	0	36388	34684	31742	30786	
1256	0	34016	34736	32052	30970	
1257	0	34232	33540	32377	31176	
1258	0	35362	34912	32728	31276	
1259	0	34434	30076	33052	31476	
1260	0	34424	32360	33372	31561	
1261	0	32832	33445	33762	31757	
1262	0	32156	33744	34060	31848	
1263	0	32464	33356	34346	31952	
1264	0	32372	33521	34656	32089	
1265	0	32136	34112	34998	32184	
1266	0	31905	34225	35434	32291	
1267	0	32282	34424	35660	32412	
1268	0	32836	34428	36064	32516	
1269	0	32968	34372	36344	32612	
1270	0	33189	34528	36656	32676	
1271	0	33340	34709	36988	32772	
1272	0	33524	35057	37320	32844	
1273	0	33584	35501	37652	32976	
1274	0	33658	36024	38080	33036	
1275	0	33712	36492	38340	33144	
1276	0	33746	36932	38624	33216	
1277	0	33840	37632	39024	33314	
1278	0	34042	38193	39244	33416	
1279	0	34000	38876	39660	33520	
1280	0	34388	39594	39834	33617	
1281	0	35140	40061	40124	33732	
1282	0	36152	40601	40397	33824	
1283	0	37260	40905	40716	33945	
1284	0	38405	40997	40916	34057	
1285	0	39728	41060	41160	34176	
1286	0	40744	41242	41449	34265	
1287	0	41930	41129	41636	34406	
1288	0	43644	40672	41844	34524	
1289	0	44978	39658	42044	34617	
1290	0	46372	38576	42352	34756	
1291	0	48953	37144	42528	34860	
1292	0	54200	31936	42716	34980	
1293	0	44012	37632	42852	35114	
1294	0	36212	45272	42896	35232	
1295	0	15219	47244	42992	35312	
1296	0	31789	35528	43240	35464	
1297	0	55464	37365	43268	35568	
1298	0	33276	27434	43424	35644	
1299	0	29165	43901	43428	35760	
1300	0	40980	35724	43540	35834	
1301	0	36800	35408	43632	35956	
1302	0	31971	39272	43713	35996	
1303	0	34540	36440	43785	36108	
1304	0	34188	37378	43792	36193	
1305	0	33560	37736	43824	36264	
1306	0	33788	37440	43872	36308	
1307	0	34320	37424	43952	36372	
1308	0	34552	37320	43952	36456	
1309	0	34329	37298	44072	36524	
1310	0	34465	37336	44096	36552	
1311	0	34234	37432	44069	36626	
1312	0	34316	37322	44172	36684	
1313	0	34360	37350	44156	36716	
1314	0	34488	37316	44208	36740	
1315	0	34464	37289	44282	36784	
1316	0	34596	37408	44268	36796	
1317	0	34620	37356	44348	36824	
1318	0	34504	37464	44362	36800	
1319	0	34597	37373	44424	36792	
1320	0	34232	37600	44396	36794	
1321	0	34702	37336	44428	36752	
1322	0	34636	37376	44440	36690	
1323	0	34928	37256	44468	36636	
1324	0	34945	37524	44497	36548	
1325	0	34730	37472	44576	36456	
1326	0	34116	37568	44568	36296	
1327	0	34329	37534	44560	36152	
1328	0	34444	37401	44504	36048	
1329	0	35050	37232	44484	35868	
1330	0	34802	37314	44476	35677	
1331	0	34232	37616	44440	35544	
1332	0	35296	37408	44464	35296	
1333	0	34944	37046	44384	35124	
1334	0	35034	37264	44312	34884	
1335	0	34884	37188	44304	34632	
1336	0	34880	37180	44181	34473	
1337	0	34976	37116	44108	34164	
1338	0	35092	36968	44068	34025	
1339	0	35224	37092	43937	33760	
1340	0	35264	37164	43840	33528	
1341	0	35261	37344	43800	33208	
1342	0	35272	37444	43596	33014	
1343	0	35140	37600	43500	32732	
1344	0	35136	37716	43324	32518	
1345	0	35140	37780	43178	32273	
1346	0	35326	37820	43026	32072	
1347	0	35236	37696	42880	31872	
1348	0	35188	37832	42696	31608	
1349	0	35360	38212	42578	31344	
1350	0	35736	38864	42364	31117	
1351	0	35977	39332	42180	30896	
1352	0	35696	39904	42040	30725	
1353	0	35522	40272	41912	30448	
1354	0	35489	40696	41632	30256	
1355	0	34904	40949	41472	30064	
1356	0	34392	41680	41212	29806	
1357	0	33897	42580	41016	29609	
1358	0	33540	44072	40820	29392	
1359	0	31752	46996	40588	29165	
1360	0	30732	46642	40356	28968	
1361	0	32188	44410	40176	28824	
1362	0	36098	43602	39928	28585	
1363	0	38444	42641	39648	28420	
1364	0	39633	41616	39396	28203	
1365	0	37076	40964	39176	28033	
1366	0	34272	39696	38904	27854	
1367	0	28609	37977	38688	27666	
1368	0	25856	35468	38396	27502	
1369	0	32676	32562	38112	27404	
1370	0	37097	33500	37892	27225	
1371	0	36928	33602	37696	27082	
1372	0	34044	34428	37352	26977	
1373	0	36253	34830	37089	26856	
1374	0	34404	28504	36764	26704	
1375	0	35768	32056	36460	26556	
1376	0	32264	32636	36160	26484	
1377	0	32020	33301	35868	26336	
1378	0	31776	33465	35601	26273	
1379	0	31212	33628	35332	26146	
1380	0	31004	33980	35041	26052	
1381	0	31216	34336	34732	25916	
1382	0	31489	34553	34424	25803	
1383	0	31792	34588	34085	25712	
1384	0	32324	34565	33728	25589	
1385	0	32816	34480	33392	25484	
1386	0	33076	34812	33101	25381	
1387	0	33410	34876	32832	25288	
1388	0	33568	35492	32497	25192	
1389	0	33528	36028	32160	25086	
1390	0	33420	36764	31856	25000	
1391	0	33620	37380	31554	24898	
1392	0	33796	37640	31258	24820	
1393	0	33940	38280	30968	24733	
1394	0	34214	38884	30660	24668	
1395	0	34604	39201	30365	24606	
1396	0	35116	39384	30105	24545	
1397	0	35916	39648	29836	24498	
1398	0	36952	39988	29505	24460	
1399	0	38196	40528	29269	24424	
1400	0	39512	40953	28944	24400	
1401	0	40832	40912	28752	24392	
1402	0	42336	40808	28488	24384	
1403	0	43544	40265	28201	24400	
1404	0	45120	39500	27968	24402	
1405	0	45892	38464	27720	24430	
1406	0	46236	37340	27484	24466	
1407	0	46236	35976	27212	24507	
1408	0	39960	42473	26970	24588	
1409	0	50992	30996	26800	24616	
1410	0	30124	47476	26500	24676	
1411	0	19732	49208	26224	24756	
1412	0	32970	36624	26008	24868	
1413	0	48957	25415	25892	24912	
1414	0	37825	46310	25576	25000	
1415	0	32640	36960	25348	25154	
1416	0	36092	37680	25210	25228	
1417	0	34104	37248	24972	25373	
1418	0	33864	37267	24768	25504	
1419	0	34384	36628	24597	25570	
1420	0	33514	37740	24444	25724	
1421	0	33835	37560	24244	25877	
1422	0	33882	37680	24050	25957	
1423	0	34468	37304	23941	26116	
1424	0	34424	37280	23812	26318	
1425	0	34396	37288	23682	26502	
1426	0	34376	37308	23564	26636	
1427	0	34240	37394	23426	26852	
1428	0	34376	37354	23284	27000	
1429	0	34284	37528	23182	27198	
1430	0	34356	37440	23139	27414	
1431	0	34317	37468	23104	27624	
1432	0	34024	37508	23098	27825	
1433	0	34056	37656	23008	28040	
1434	0	34888	37308	22970	28276	
1435	0	34292	37568	23029	28520	
1436	0	35148	37188	23032	28736	
1437	0	33973	37536	23069	28944	
1438	0	35085	37136	23114	29181	
1439	0	35193	37236	23173	29312	
1440	0	34578	37608	23201	29522	
1441	0	35056	37096	23280	29728	
1442	0	35686	36961	23392	29896	
1443	0	34496	37524	23442	30072	
1444	0	34580	37420	23576	30252	
1445	0	34872	37432	23712	30396	
1446	0	35272	37001	23866	30588	
1447	0	35174	37060	23988	30728	
1448	0	35150	37056	24160	30876	
1449	0	35225	36961	24338	30970	
1450	0	35164	36836	24512	31104	
1451	0	35144	36914	24613	31256	
1452	0	35301	36992	24801	31380	
1453	0	35278	36996	25025	31452	
1454	0	35204	37076	25233	31568	
1455	0	35268	37162	25360	31648	
1456	0	35317	37324	25628	31796	
1457	0	35340	37336	25821	31856	
1458	0	35354	37432	26032	31996	
1459	0	35328	37464	26236	32069	
1460	0	35304	37493	26449	32146	
1461	0	35224	37504	26656	32268	
1462	0	35308	37716	26872	32448	
1463	0	35404	37660	27032	32505	
1464	0	35352	37616	27285	32612	
1465	0	35364	37952	27516	32745	
1466	0	35796	38244	27696	32884	
1467	0	35956	38936	27944	32988	
1468	0	35920	39664	28161	33121	
1469	0	36148	39721	28346	33304	
1470	0	35849	40412	28579	33413	
1471	0	35713	40728	28728	33568	
1472	0	35488	41164	28980	33692	
1473	0	35204	41880	29136	33852	
1474	0	35133	43148	29338	34000	
1475	0	35112	43584	29612	34216	
1476	0	35594	44844	29800	34392	
1477	0	33053	45860	30008	34497	
1478	0	32952	44776	30218	34728	
1479	0	33612	43560	30396	34912	
1480	0	35112	42312	30692	35024	
1481	0	35244	41496	30881	35220	
1482	0	38057	40036	31132	35397	
1483	0	36034	39957	31333	35648	
1484	0	33052	37840	31552	35848	
1485	0	29664	35656	31810	36000	
1486	0	30548	33536	32009	36200	
1487	0	34584	32656	32242	36417	
1488	0	34425	35672	32465	36696	
1489	0	34932	34781	32765	36924	
1490	0	37156	29945	32981	37061	
1491	0	35876	31850	33218	37314	
1492	0	32773	33081	33469	37524	
1493	0	31288	34208	33706	37712	
1494	0	31020	34184	33968	38000	
1495	0	31286	33760	34225	38220	
1496	0	30852	33976	34496	38320	
1497	0	31152	34232	34753	38540	
1498	0	31624	34272	35052	38752	
1499	0	32370	34312	35344	38968	
1500	0	33068	34069	35612	39264	
1501	0	33618	34200	35860	39360	
1502	0	33720	34244	36149	39572	
1503	0	33664	34720	36344	39800	
1504	0	33540	35058	36664	39978	
1505	0	33410	35580	36932	40020	
1506	0	33552	35968	37065	40272	
1507	0	33509	36424	37368	40400	
1508	0	33628	36896	37632	40564	
1509	0	33888	37269	37792	40712	
1510	0	33956	37720	38017	40849	
1511	0	34236	38290	38256	41108	
1512	0	34636	38736	38484	41188	
1513	0	34961	39202	38772	41436	
1514	0	35618	39700	38897	41602	
1515	0	36396	40044	39098	41792	
1516	0	37517	40418	39288	41825	
1517	0	38861	41022	39492	41978	
1518	0	39778	40896	39657	42171	
1519	0	40820	40932	39932	42336	
1520	0	42168	40624	40028	42400	
1521	0	43532	39712	40184	42592	
1522	0	44468	38888	40466	42604	
1523	0	45108	37960	40504	42835	
1524	0	45962	36856	40792	42868	
1525	0	48180	35386	40788	43028	
1526	0	39325	44372	40896	43018	
1527	0	49180	30610	41117	43121	
1528	0	25952	45378	41148	43188	
1529	0	17748	47076	41284	43297	
1530	0	33984	37836	41378	43321	
1531	0	55456	41648	41512	43460	
1532	0	47556	32737	41580	43453	
1533	0	27300	46770	41656	43592	
1534	0	40858	32992	41780	43572	
1535	0	35512	37248	41844	43620	
1536	0	32308	38732	41948	43728	
1537	0	35152	36126	42016	43736	
1538	0	33940	37848	42192	43804	
1539	0	34464	37234	42144	43921	
1540	0	33961	37492	42322	43972	
1541	0	34296	37356	42332	44056	
1542	0	34564	37224	42361	44104	
1543	0	34226	37516	42428	44220	
1544	0	34404	37284	42552	44248	
1545	0	34232	37569	42572	44336	
1546	0	34076	37597	42624	44440	
1547	0	34344	37380	42760	44528	
1548	0	34204	37604	42872	44633	
1549	0	34268	37632	42828	44780	
1550	0	34446	37404	42898	44809	
1551	0	32656	37316	42960	44960	
1552	0	34104	37730	43028	44992	
1553	0	35174	37376	43160	45048	
1554	0	34428	37524	43208	45136	
1555	0	35008	37141	43152	45202	
1556	0	34220	37704	43272	45228	
1557	0	34560	37376	43257	45268	
1558	0	35412	37068	43242	45312	
1559	0	34359	37341	43272	45296	
1560	0	35244	37340	43269	45312	
1561	0	35116	37400	43296	45248	
1562	0	35068	37284	43308	45216	
1563	0	35248	36976	43265	45220	
1564	0	35174	37130	43246	45164	
1565	0	35172	36964	43256	45064	
1566	0	35310	36944	43160	44936	
1567	0	35323	36940	43140	44801	
1568	0	35272	36861	43084	44712	
1569	0	35300	36938	43112	44588	
1570	0	35280	36929	42952	44393	
1571	0	35384	36912	42872	44265	
1572	0	35432	36952	42788	44056	
1573	0	35468	36904	42704	43912	
1574	0	35340	36960	42588	43780	
1575	0	35469	36976	42560	43536	
1576	0	35492	37160	42474	43316	
1577	0	35328	37364	42336	43217	
1578	0	35429	37416	42112	42956	
1579	0	35504	37546	41912	42696	
1580	0	35380	37548	41880	42612	
1581	0	35397	37676	41568	42356	
1582	0	35620	37640	41532	42036	
1583	0	35664	37596	41352	41960	
1584	0	35592	37654	41018	41616	
1585	0	35600	37992	40800	41444	
1586	0	35821	38444	40582	41248	
1587	0	35848	38906	40393	40952	
1588	0	35785	39584	40152	40729	
1589	0	35952	39737	39928	40568	
1590	0	35520	40057	39760	40328	
1591	0	35204	40320	39408	40164	
1592	0	34872	41192	39160	39956	
1593	0	35124	42144	38908	39610	
1594	0	35193	43256	38684	39404	
1595	0	34874	44088	38386	39280	
1596	0	33480	44500	38140	39008	
1597	0	34124	43488	37872	38770	
1598	0	34880	42816	37584	38506	
1599	0	34580	42432	37312	38297	
1600	0	35808	41136	37037	38105	
1601	0	37416	40304	36800	37980	
1602	0	36164	39608	36554	37632	
1603	0	33104	37221	36228	37426	
1604	0	30461	35520	35968	37226	
1605	0	30460	34784	35777	37064	
1606	0	33800	34156	35440	36810	
1607	0	33620	35688	35168	36610	
1608	0	33274	36034	34882	36552	
1609	0	36114	32257	34634	36204	
1610	0	34328	32586	34376	36128	
1611	0	33472	33904	34104	35816	
1612	0	31928	34408	33840	35696	
1613	0	31744	34193	33592	35552	
1614	0	32000	33808	33340	35218	
1615	0	31777	34116	33100	35016	
1616	0	31844	34352	32796	34817	
1617	0	32160	34456	32540	34637	
1618	0	32504	34708	32300	34396	
1619	0	32582	35101	32046	34232	
1620	0	32722	35421	31784	33936	
1621	0	33028	35696	31520	33760	
1622	0	33176	35904	31258	33462	
1623	0	33240	36168	31008	33213	
1624	0	33481	36416	30764	32952	
1625	0	33776	36666	30505	32714	
1626	0	33972	37202	30256	32444	
1627	0	34144	37672	30004	32188	
1628	0	34349	38161	29780	31928	
1629	0	34604	38576	29542	31694	
1630	0	34976	39040	29292	31403	
1631	0	35577	39512	29042	31097	
1632	0	36106	39888	28832	30904	
1633	0	36960	40238	28539	30541	
1634	0	37776	40472	28353	30284	
1635	0	38608	40724	28088	30060	
1636	0	39608	41000	27873	29724	
1637	0	40816	41096	27692	29445	
1638	0	41445	40530	27492	29188	
1639	0	42872	39688	27312	28924	
1640	0	43384	38736	27092	28656	
1641	0	43816	37693	26900	28413	
1642	0	43601	36544	26736	28168	
1643	0	44352	35232	26537	27980	
1644	0	45516	34665	26378	27682	
1645	0	45000	34884	26164	27420	
1646	0	35976	44928	25884	27194	
1647	0	46804	32036	25802	26972	
1648	0	18550	49600	25554	26760	
1649	0	16928	42216	25425	26532	
1650	0	39620	35822	25286	26392	
1651	0	54468	48920	25100	26182	
1652	0	35944	31456	25013	25995	
1653	0	28212	46040	24808	25744	
1654	0	40856	31710	24728	25585	
1655	0	35093	37572	24540	25416	
1656	0	32900	37920	24386	25257	
1657	0	34636	37184	24282	25114	
1658	0	33614	37998	24188	24974	
1659	0	34260	37300	24117	24862	
1660	0	34457	37624	23992	24748	
1661	0	34640	37137	23928	24657	
1662	0	34560	37424	23828	24637	
1663	0	34508	37361	23760	24578	
1664	0	34676	37098	23709	24544	
1665	0	34757	37104	23646	24481	
1666	0	34512	37338	23592	24478	
1667	0	34608	37384	23497	24509	
1668	0	34628	37378	23556	24564	
1669	0	34616	37445	23472	24582	
1670	0	34472	37476	23512	24644	
1671	0	34476	37604	23520	24709	
1672	0	34460	37736	23464	24824	
1673	0	34212	37392	23544	24950	
1674	0	34404	37544	23529	25056	
1675	0	35812	37040	23526	25140	
1676	0	34708	37468	23630	25277	
1677	0	35146	37268	23713	25401	
1678	0	35336	37172	23760	25568	
1679	0	34748	37565	23818	25716	
1680	0	34808	37344	23924	25844	
1681	0	34956	37448	23958	26002	
1682	0	34964	37320	24146	26162	
1683	0	35072	37216	24242	26333	
1684	0	34944	37224	24363	26484	
1685	0	35090	37128	24430	26661	
1686	0	35148	37028	24642	26824	
1687	0	35108	37080	24785	27008	
1688	0	35156	37025	24930	27230	
1689	0	35170	37024	25080	27377	
1690	0	35128	37120	25184	27552	
1691	0	35264	37056	25406	27734	
1692	0	35224	37120	25577	27932	
1693	0	35152	37076	25694	28140	
1694	0	35324	37072	25944	28332	
1695	0	35262	37170	26112	28544	
1696	0	35280	37280	26304	28811	
1697	0	35164	37404	26498	29052	
1698	0	35186	37410	26680	29196	
1699	0	35088	37608	26837	29420	
1700	0	35194	37504	27002	29728	
1701	0	35212	37696	27203	29942	
1702	0	35292	37436	27444	30132	
1703	0	35272	37600	27653	30376	
1704	0	35396	37680	27858	30592	
1705	0	35592	38136	28046	30885	
1706	0	35696	38604	28240	31076	
1707	0	35744	39168	28449	31380	
1708	0	35504	39908	28682	31648	
1709	0	35460	40408	28852	31825	
1710	0	34980	40904	29065	32117	
1711	0	34437	41404	29298	32317	
1712	0	33880	42604	29442	32568	
1713	0	33346	43716	29656	32825	
1714	0	31840	45080	29952	33056	
1715	0	32416	44928	30140	33312	
1716	0	32702	43824	30408	33570	
1717	0	36800	42632	30582	33881	
1718	0	36088	42432	30833	34094	
1719	0	39864	40528	31136	34334	
1720	0	38504	40448	31362	34636	
1721	0	35134	39124	31596	34872	
1722	0	31308	37732	31852	35125	
1723	0	27888	36192	32144	35417	
1724	0	29180	35260	32410	35685	
1725	0	35568	34082	32669	35880	
1726	0	36312	34146	32932	36204	
1727	0	35508	34924	33225	36408	
1728	0	35340	34538	33593	36656	
1729	0	34412	34956	33818	36900	
1730	0	34992	31874	34189	37130	
1731	0	34340	33156	34500	37396	
1732	0	32712	33832	34820	37716	
1733	0	32362	34378	35084	37796	
1734	0	32064	34196	35400	38036	
1735	0	31888	34204	35708	38240	
1736	0	31775	34360	36080	38452	
1737	0	32000	34325	36336	38588	
1738	0	32310	34508	36680	38776	
1739	0	32616	34560	36940	38988	
1740	0	33176	34537	37296	39084	
1741	0	33212	34640	37564	39348	
1742	0	33292	34952	37808	39392	
1743	0	33412	35344	38100	39504	
1744	0	33618	35744	38416	39616	
1745	0	33760	36196	38706	39744	
1746	0	33941	36620	38940	39968	
1747	0	34073	37106	39196	39952	
1748	0	34216	37472	39466	40088	
1749	0	34464	37948	39792	40176	
1750	0	34746	38368	40084	40352	
1751	0	35112	38800	40256	40348	
1752	0	35656	39440	40516	40545	
1753	0	36476	39872	40882	40504	
1754	0	37644	40360	41148	40626	
1755	0	38890	40520	41313	40780	
1756	0	40252	40688	41544	40829	
1757	0	41378	40832	41802	40832	
1758	0	42424	40704	42096	40896	
1759	0	43872	40441	42250	41036	
1760	0	44729	39820	42489	41120	
1761	0	45200	38572	42832	41192	
1762	0	46848	36730	42952	41304	
1763	0	47312	39080	43208	41328	
1764	0	52136	31652	43360	41328	
1765	0	37477	43312	43540	41384	
1766	0	24804	46492	43784	41528	
1767	0	17634	42560	43924	41624	
1768	0	45426	33760	44128	41680	
1769	0	53696	43757	44268	41752	
1770	0	43360	43152	44412	41740	
1771	0	31128	40448	44624	41784	
1772	0	38336	34948	44704	41836	
1773	0	34816	37028	44888	41992	
1774	0	32756	37924	44960	41968	
1775	0	34456	36852	45088	42070	
1776	0	33586	37888	45152	42056	
1777	0	33801	37489	45236	42176	
1778	0	33960	37493	45332	42176	
1779	0	34152	37428	45464	42272	
1780	0	34016	37408	45548	42345	
1781	0	34080	37560	45568	42328	
1782	0	34056	37609	45648	42436	
1783	0	33702	37540	45785	42472	
1784	0	33836	37508	45764	42480	
1785	0	34336	37427	45872	42460	
1786	0	34382	37428	45956	42552	
1787	0	34272	37468	45948	42500	
1788	0	34036	37476	46016	42464	
1789	0	34522	37536	46016	42504	
1790	0	34538	37472	46112	42504	
1791	0	34504	37416	46064	42456	
1792	0	35489	37104	46061	42368	
1793	0	34340	37533	46076	42248	
1794	0	35424	36900	46084	42204	
1795	0	34537	37480	46109	42068	
1796	0	34918	37140	46052	41876	
1797	0	34800	37325	45996	41752	
1798	0	34696	37198	45889	41604	
1799	0	34852	37282	45884	41376	
1800	0	34872	37288	45824	41176	
1801	0	34880	37164	45688	40981	
1802	0	34936	37194	45560	40754	
1803	0	35016	36984	45458	40460	
1804	0	35068	36908	45385	40233	
1805	0	35124	36882	45184	40001	
1806	0	35160	36897	45048	39674	
1807	0	35124	36984	44860	39434	
1808	0	34925	37138	44720	39132	
1809	0	35072	37196	44556	38858	
1810	0	35195	37280	44337	38604	
1811	0	35232	37340	44076	38284	
1812	0	35208	37232	43840	38024	
1813	0	35394	37284	43617	37728	
1814	0	35192	37284	43449	37432	
1815	0	35229	37404	43096	37168	
1816	0	35284	37652	42866	36864	
1817	0	35128	37652	42576	36596	
1818	0	35100	37648	42380	36298	
1819	0	35224	37896	42020	36024	
1820	0	35288	37792	41696	35764	
1821	0	35272	37854	41366	35468	
1822	0	35544	37960	41056	35213	
1823	0	35856	38224	40819	34936	
1824	0	35822	38600	40545	34664	
1825	0	36105	38920	40096	34400	
1826	0	35868	39396	39792	34129	
1827	0	35501	39856	39528	33878	
1828	0	35416	40056	39168	33620	
1829	0	35140	40396	38844	33336	
1830	0	34940	40836	38432	33088	
1831	0	34955	41652	38098	32820	
1832	0	35200	42264	37821	32560	
1833	0	34680	43392	37444	32312	
1834	0	33193	43828	37128	32060	
1835	0	33508	43320	36805	31820	
1836	0	33866	43124	36484	31569	
1837	0	34899	42540	36153	31326	
1838	0	35612	42168	35828	31072	
1839	0	37186	41324	35484	30820	
1840	0	37057	40584	35164	30604	
1841	0	33832	38880	34837	30358	
1842	0	30955	36500	34560	30145	
1843	0	30072	35696	34204	29912	
1844	0	31976	33956	33940	29700	
1845	0	36288	34480	33532	29481	
1846	0	33328	37268	33194	29284	
1847	0	37040	33376	32882	29106	
1848	0	36264	31858	32541	28924	
1849	0	34360	33697	32244	28744	
1850	0	32172	34920	31904	28542	
1851	0	31744	34784	31512	28364	
1852	0	31650	34040	31152	28186	
1853	0	31288	34124	30804	28013	
1854	0	31512	34168	30452	27864	
1855	0	31708	34260	30080	27697	
1856	0	32452	33808	29708	27493	
1857	0	33088	33652	29328	27330	
1858	0	33384	33664	28944	27160	
1859	0	33480	33908	28569	27005	
1860	0	33510	34345	28188	26816	
1861	0	33319	34908	27804	26637	
1862	0	33164	35464	27420	26528	
1863	0	33040	36016	27034	26297	
1864	0	33024	36548	26674	26180	
1865	0	33216	36952	26312	26028	
1866	0	33368	37304	25900	25800	
1867	0	33324	37804	25600	25646	
1868	0	33584	38268	25229	25482	
1869	0	33881	38785	24889	25360	
1870	0	34172	39489	24572	25186	
1871	0	34612	40120	24252	25076	
1872	0	35472	40677	23881	24948	
1873	0	36288	41384	23581	24720	
1874	0	38056	41644	23301	24572	
1875	0	39105	41456	22962	24454	
1876	0	40832	41792	22676	24354	
1877	0	42268	41728	22464	24218	
1878	0	44033	40752	22124	24146	
1879	0	45644	39328	21864	24016	
1880	0	46392	38068	21640	23928	
1881	0	47436	36324	21380	23766	
1882	0	49064	34948	21198	23661	
1883	0	46740	34860	20964	23573	
1884	0	43196	37688	20637	23462	
1885	0	47408	33760	20482	23334	
1886	0	17369	47384	20240	23296	
1887	0	12343	44128	20022	23195	
1888	0	35300	34640	19821	23120	
1889	0	50328	38708	19638	23004	
1890	0	46704	33960	19470	22978	
1891	0	33562	45120	19233	22916	
1892	0	34900	36692	19040	22794	
1893	0	38840	34412	18916	22808	
1894	0	33240	38864	18689	22688	
1895	0	34596	36992	18536	22632	
1896	0	34072	37153	18382	22646	
1897	0	33517	38072	18238	22618	
1898	0	33908	37432	18110	22528	
1899	0	34072	37528	17960	22567	
1900	0	34244	37468	17812	22614	
1901	0	34084	37480	17707	22586	
1902	0	34080	37556	17612	22594	
1903	0	34136	37544	17480	22616	
1904	0	34308	37412	17396	22660	
1905	0	34241	37412	17300	22720	
1906	0	34344	37504	17167	22800	
1907	0	34393	37436	17058	22900	
1908	0	34290	37620	17051	22976	
1909	0	34162	37676	17003	23076	
1910	0	34422	37484	16950	23192	
1911	0	34301	37660	16908	23298	
1912	0	33740	37956	16844	23476	
1913	0	34536	37312	16848	23533	
1914	0	34344	37729	16808	23678	
1915	0	35642	37140	16843	23820	
1916	0	34648	37512	16836	23936	
1917	0	33694	37466	16796	24088	
1918	0	34772	37508	16830	24196	
1919	0	35036	37296	16952	24284	
1920	0	35124	37270	16960	24386	
1921	0	34900	37130	17052	24537	
1922	0	34780	37385	17089	24684	
1923	0	34956	37226	17216	24766	
1924	0	34952	37269	17268	24926	
1925	0	34548	37352	17399	25028	
1926	0	35064	37328	17492	25192	
1927	0	35084	37048	17584	25261	
1928	0	35036	37081	17768	25417	
1929	0	34976	37202	17900	25504	
1930	0	35156	37192	18100	25710	
1931	0	35036	37104	18243	25912	
1932	0	35146	37158	18426	26076	
1933	0	35096	37169	18550	26169	
1934	0	35129	37129	18781	26356	
1935	0	35020	37188	18947	26500	
1936	0	35000	37280	19125	26656	
1937	0	35088	37384	19259	26912	
1938	0	35129	37400	19489	27112	
1939	0	35116	37560	19652	27340	
1940	0	35085	37672	19889	27512	
1941	0	35205	37704	20072	27724	
1942	0	35344	37704	20232	27992	
1943	0	35277	37556	20424	28224	
1944	0	35289	37654	20700	28451	
1945	0	35372	37906	20848	28696	
1946	0	35700	38336	21044	28965	
1947	0	35716	38728	21236	29192	
1948	0	35548	39072	21480	29485	
1949	0	35300	39656	21600	29716	
1950	0	35008	40009	21850	29974	
1951	0	34560	40380	22056	30240	
1952	0	34264	40816	22240	30505	
1953	0	33704	41648	22456	30837	
1954	0	33105	42552	22648	31076	
1955	0	32372	43904	22828	31360	
1956	0	31872	45060	23065	31618	
1957	0	34182	43408	23272	31850	
1958	0	34548	43324	23489	32192	
1959	0	37192	43128	23688	32464	
1960	0	39490	42136	23910	32762	
1961	0	38856	40906	24137	33061	
1962	0	36058	40424	24314	33392	
1963	0	32664	39101	24602	33708	
1964	0	29112	37120	24760	34045	
1965	0	27024	35849	25080	34354	
1966	0	34586	33264	25328	34708	
1967	0	35350	34853	25516	34992	
1968	0	35440	34848	25765	35368	
1969	0	35016	35556	26040	35736	
1970	0	34600	33284	26314	36140	
1971	0	34856	35413	26552	36320	
1972	0	34552	31085	26853	36724	
1973	0	34468	32801	27100	37092	
1974	0	32586	33964	27378	37410	
1975	0	32082	34032	27648	37624	
1976	0	32853	33900	27924	37964	
1977	0	32098	33840	28193	38259	
1978	0	31956	33652	28480	38604	
1979	0	32174	33924	28760	38828	
1980	0	32277	34216	29037	39049	
1981	0	32446	34457	29340	39348	
1982	0	32690	34700	29600	39514	
1983	0	32677	34970	29908	39744	
1984	0	32832	35460	30176	39924	
1985	0	33241	35712	30466	40124	
1986	0	33450	36244	30776	40344	
1987	0	33468	36708	31052	40540	
1988	0	33704	37313	31360	40608	
1989	0	33724	37772	31636	40784	
1990	0	33776	38228	31940	40976	
1991	0	33922	38860	32237	41118	
1992	0	34212	39524	32541	41200	
1993	0	34442	39882	32836	41344	
1994	0	34968	40456	33129	41528	
1995	0	35920	41048	33433	41612	
1996	0	36930	41346	33720	41704	
1997	0	38144	41768	34033	41701	
1998	0	39388	42124	34336	41800	
1999	0	40336	42216	34632	41996	
2000	0	42016	41920	34916	41952	
2001	0	43312	41280	35220	42017	
2002	0	44625	39796	35496	42066	
2003	0	45938	37872	35796	42113	
2004	0	50932	35480	36072	42129	
2005	0	49352	35104	36468	42162	
2006	0	50820	35504	36660	42264	
2007	0	42944	40448	36956	42140	
2008	0	19434	45088	37248	42116	
2009	0	15076	38688	37508	42120	
2010	0	33828	36236	37792	42200	
2011	0	48592	40485	38089	42080	
2012	0	40416	31155	38320	42049	
2013	0	31042	44776	38588	42016	
2014	0	35716	35604	38830	42064	
2015	0	39820	34782	39149	41994	
2016	0	33384	38610	39408	41936	
2017	0	34384	37040	39596	41908	
2018	0	34032	37212	39844	41836	
2019	0	33764	37742	39996	41737	
2020	0	33916	37356	40208	41840	
2021	0	34117	37472	40448	41784	
2022	0	34432	37356	40737	41736	
2023	0	34380	37484	40932	41608	
2024	0	34080	37608	41024	41644	
2025	0	33988	37556	41244	41588	
2026	0	34020	37548	41408	41590	
2027	0	34256	37392	41720	41484	
2028	0	34264	37420	41778	41408	
2029	0	34284	37448	42024	41360	
2030	0	34379	37448	42224	41449	
2031	0	34336	37552	42265	41296	
2032	0	34316	37684	42442	41228	
2033	0	34201	37668	42604	41192	
2034	0	34356	37489	42700	41192	
2035	0	34547	37324	42824	41064	
2036	0	34664	37320	42944	41008	
2037	0	34540	37421	43028	40904	
2038	0	34616	37424	43122	40900	
2039	0	34500	37357	43196	40728	
2040	0	34948	37360	43265	40616	
2041	0	34310	37664	43304	40576	
2042	0	34392	37476	43397	40388	
2043	0	34868	37230	43413	40288	
2044	0	34861	37218	43448	40084	
2045	0	34924	37276	43432	39872	
2046	0	35304	37060	43384	39704	
2047	0	34672	36864	43348	39588	
2048	0	34884	37450	43344	39401	
2049	0	34984	37192	43292	39170	
2050	0	34776	37194	43256	39013	
2051	0	35012	37156	43272	38798	
2052	0	34949	37164	43113	38544	
2053	0	34944	37152	43092	38360	
2054	0	34884	37084	42908	38170	
2055	0	34908	37078	42908	37912	
2056	0	34896	37120	42794	37697	
2057	0	34976	37362	42684	37456	
2058	0	35008	37488	42521	37272	
2059	0	34893	37508	42364	37032	
2060	0	35097	37708	42304	36796	
2061	0	34984	37794	42064	36568	
2062	0	35024	37764	41988	36332	
2063	0	35172	37617	41696	36132	
2064	0	35061	37784	41604	35897	
2065	0	35140	37930	41345	35668	
2066	0	35386	38300	41188	35426	
2067	0	35576	39096	40976	35220	
2068	0	35784	39320	40892	34994	
2069	0	35832	39490	40584	34761	
2070	0	35529	39725	40476	34549	
2071	0	34928	40152	40221	34320	
2072	0	34798	41060	40040	34112	
2073	0	35114	41560	39740	33900	
2074	0	34784	42152	39496	33704	
2075	0	34368	43136	39332	33509	
2076	0	32976	44580	39076	33322	
2077	0	32336	43388	38788	33140	
2078	0	33244	42425	38568	32952	
2079	0	32961	42332	38344	32800	
2080	0	35977	42468	38084	32651	
2081	0	36124	41841	37772	32501	
2082	0	38297	40224	37484	32392	
2083	0	36480	39786	37228	32272	
2084	0	33832	38014	36921	32160	
2085	0	29104	36816	36624	32076	
2086	0	27788	35722	36356	32000	
2087	0	32509	33310	36122	31905	
2088	0	35361	34224	35728	31826	
2089	0	33516	36180	35428	31762	
2090	0	34884	33992	35156	31720	
2091	0	35562	33400	34778	31624	
2092	0	33956	33144	34482	31562	
2093	0	30296	34916	34152	31544	
2094	0	30501	34900	33796	31396	
2095	0	30813	34337	33472	31368	
2096	0	30681	34954	33168	31216	
2097	0	30912	34856	32848	31134	
2098	0	31620	34728	32577	30988	
2099	0	32072	34796	32196	30872	
2100	0	32692	34884	31901	30717	
2101	0	32992	35180	31656	30564	
2102	0	33148	35482	31340	30324	
2103	0	33100	36147	31056	30116	
2104	0	33145	36744	30784	29904	
2105	0	33068	37087	30525	29708	
2106	0	33308	37320	30264	29468	
2107	0	33214	38088	30021	29217	
2108	0	33229	38976	29774	28936	
2109	0	33654	39762	29484	28688	
2110	0	33952	40040	29284	28356	
2111	0	34476	40332	29064	28116	
2112	0	34854	40752	28770	27784	
2113	0	35484	41092	28602	27520	
2114	0	36556	41644	28330	27176	
2115	0	37972	42093	28149	26868	
2116	0	39528	42304	27944	26561	
2117	0	41012	41848	27686	26296	
2118	0	42500	41281	27464	25953	
2119	0	43776	40824	27341	25651	
2120	0	44844	39481	27144	25344	
2121	0	47096	37110	26944	25046	
2122	0	51556	34512	26752	24768	
2123	0	49472	35268	26524	24472	
2124	0	47276	36792	26344	24192	
2125	0	35608	48264	26109	23882	
2126	0	44589	31537	26000	23610	
2127	0	20280	45408	25728	23342	
2128	0	9957	43976	25545	23076	
2129	0	39328	35409	25426	22848	
2130	0	47132	40332	25228	22576	
2131	0	55200	47836	24944	22344	
2132	0	32560	37541	24868	22130	
2133	0	30482	41024	24706	21904	
2134	0	40800	32660	24530	21688	
2135	0	31896	40116	24322	21505	
2136	0	34444	36492	24236	21332	
2137	0	33864	37308	24056	21169	
2138	0	33162	37936	23938	21026	
2139	0	33792	37384	23720	20889	
2140	0	33860	37648	23640	20776	
2141	0	34072	37794	23468	20701	
2142	0	33836	37716	23384	20636	
2143	0	33848	37469	23286	20586	
2144	0	33844	37552	23184	20577	
2145	0	34017	37572	23040	20577	
2146	0	34060	37488	22973	20586	
2147	0	34009	37484	22904	20640	
2148	0	34192	37492	22848	20708	
2149	0	34144	37468	22768	20792	
2150	0	34049	37480	22728	20912	
2151	0	34236	37536	22688	21041	
2152	0	34480	37312	22662	21178	
2153	0	34416	37533	22576	21350	
2154	0	34040	37600	22629	21530	
2155	0	34776	37392	22620	21708	
2156	0	34368	37432	22628	21914	
2157	0	34952	37320	22603	22100	
2158	0	34216	37612	22616	22296	
2159	0	35556	37292	22672	22504	
2160	0	34694	37384	22725	22722	
2161	0	35164	37201	22779	22994	
2162	0	35025	37289	22878	23219	
2163	0	35040	37226	22892	23420	
2164	0	34276	37496	22961	23644	
2165	0	34680	37476	23088	23874	
2166	0	35324	37632	23210	24106	
2167	0	34896	37228	23290	24372	
2168	0	34874	37264	23408	24645	
2169	0	35108	37172	23537	24898	
2170	0	35053	37264	23592	25204	
2171	0	35076	37200	23808	25452	
2172	0	35060	37162	23902	25697	
2173	0	34984	37181	24064	25958	
2174	0	34896	37328	24201	26232	
2175	0	34969	37364	24353	26520	
2176	0	34972	37524	24521	26808	
2177	0	34941	37640	24694	27090	
2178	0	34948	37593	24824	27420	
2179	0	34922	37808	25000	27680	
2180	0	35024	37798	25188	27945	
2181	0	34900	37792	25341	28261	
2182	0	34977	37896	25512	28576	
2183	0	35137	38160	25668	28824	
2184	0	35578	38612	25832	29176	
2185	0	35748	39412	26024	29456	
2186	0	35534	40224	26130	29722	
2187	0	35389	40880	26320	30040	
2188	0	35217	41000	26506	30324	
2189	0	34284	41680	26696	30621	
2190	0	33792	42525	26844	30972	
2191	0	33828	43752	27018	31202	
2192	0	32464	45764	27206	31482	
2193	0	31018	46048	27421	31804	
2194	0	32896	43712	27613	32096	
2195	0	35944	42601	27764	32396	
2196	0	36321	44156	27924	32672	
2197	0	39161	41892	28212	33024	
2198	0	38880	41056	28401	33366	
2199	0	35954	40234	28645	33600	
2200	0	31184	38408	28816	33972	
2201	0	26496	36636	29064	34272	
2202	0	28868	34808	29304	34636	
2203	0	35620	34160	29522	34976	
2204	0	36848	33910	29772	35281	
2205	0	33696	35048	29992	35648	
2206	0	32976	36012	30245	35980	
2207	0	34752	29720	30488	36377	
2208	0	35420	32940	30720	36752	
2209	0	32484	33426	30970	36997	
2210	0	31560	34506	31232	37372	
2211	0	31621	33960	31522	37728	
2212	0	31452	33812	31812	38084	
2213	0	31236	34184	32036	38420	
2214	0	31464	34408	32293	38680	
2215	0	31816	34432	32568	38968	
2216	0	32240	34533	32844	39250	
2217	0	32690	34554	33172	39416	
2218	0	32826	34712	33428	39800	
2219	0	33170	34844	33684	39952	
2220	0	33259	35208	34024	40214	
2221	0	33208	35572	34268	40416	
2222	0	33312	36024	34620	40661	
2223	0	33308	36464	34881	40904	
2224	0	33546	36856	35208	40984	
2225	0	33822	37292	35430	41208	
2226	0	33974	37672	35744	41408	
2227	0	34272	38408	36052	41629	
2228	0	34432	38988	36372	41689	
2229	0	34992	39640	36740	41888	
2230	0	35820	40296	36994	42008	
2231	0	37132	40960	37308	42188	
2232	0	38576	41437	37628	42340	
2233	0	39996	41436	38020	42432	
2234	0	41200	41408	38352	42501	
2235	0	42396	41480	38588	42716	
2236	0	43980	40800	38984	42804	
2237	0	45352	40580	39246	42909	
2238	0	46144	38793	39568	42916	
2239	0	48548	36624	39908	43000	
2240	0	50732	33882	40196	43076	
2241	0	41928	42880	40456	43164	
2242	0	43064	40236	40764	43336	
2243	0	22614	45420	41096	43384	
2244	0	10368	41241	41344	43368	
2245	0	32270	35225	41748	43400	
2246	0	53274	37638	42068	43448	
2247	0	39916	29728	42256	43508	
2248	0	25288	46408	42488	43592	
2249	0	40520	32480	42780	43562	
2250	0	36466	36756	43064	43636	
2251	0	32384	38342	43336	43712	
2252	0	34344	37068	43604	43684	
2253	0	33401	38412	43852	43676	
2254	0	33320	37792	44104	43696	
2255	0	33916	37605	44417	43720	
2256	0	34149	37448	44600	43736	
2257	0	33756	37352	44836	43776	
2258	0	33666	37588	45072	43808	
2259	0	33918	37648	45312	43872	
2260	0	34000	37448	45576	43876	
2261	0	34540	37314	45776	43936	
2262	0	34556	37248	46073	43868	
2263	0	34168	37428	46228	43892	
2264	0	34528	37528	46500	43904	
2265	0	34516	37472	46744	43912	
2266	0	34504	37484	46872	43940	
2267	0	33850	37880	47136	43882	
2268	0	34686	37368	47300	43872	
2269	0	34900	37296	47456	43798	
2270	0	35080	37277	47637	43720	
2271	0	33512	37605	47856	43640	
2272	0	34988	37120	48000	43560	
2273	0	34588	37472	48112	43472	
2274	0	35164	37280	48280	43281	
2275	0	34720	37432	48368	43172	
2276	0	34860	37308	48480	42952	
2277	0	35120	37353	48584	42784	
2278	0	34936	37364	48736	42560	
2279	0	35049	37216	48804	42320	
2280	0	35072	37240	48844	42066	
2281	0	35040	37193	48848	41808	
2282	0	35010	37084	48884	41536	
2283	0	34944	37092	48912	41236	
2284	0	35083	37168	48968	40956	
2285	0	35161	37089	48956	40657	
2286	0	35264	37056	48884	40313	
2287	0	35144	37024	48928	39996	
2288	0	35352	37012	48840	39668	
2289	0	35312	37160	48760	39320	
2290	0	35181	37178	48684	39032	
2291	0	35138	37380	48640	38672	
2292	0	35092	37466	48508	38397	
2293	0	35156	37592	48385	38044	
2294	0	35128	37708	48280	37716	
2295	0	35162	37869	48153	37312	
2296	0	35392	38064	47992	37068	
2297	0	35280	37992	47892	36736	
2298	0	35446	37960	47712	36386	
2299	0	35370	38196	47456	36096	
2300	0	35744	38880	47296	35742	
2301	0	35818	39564	47064	35440	
2302	0	36004	40100	46890	35096	
2303	0	35851	39952	46616	34788	
2304	0	35400	40452	46360	34560	
2305	0	34884	40993	46161	34217	
2306	0	35108	41788	45844	33840	
2307	0	35510	42728	45632	33550	
2308	0	35205	43272	45281	33286	
2309	0	34124	44672	45066	33072	
2310	0	33005	43564	44728	32724	
2311	0	34070	42994	44492	32476	
2312	0	35724	42024	44125	32192	
2313	0	35968	41236	43860	31892	
2314	0	34624	41232	43528	31588	
2315	0	36016	39832	43200	31352	
2316	0	34646	38848	42984	31108	
2317	0	32716	36861	42652	30876	
2318	0	30736	34472	42304	30600	
2319	0	31240	34120	41888	30338	
2320	0	32872	35065	41696	30124	
2321	0	34952	34882	41212	29920	
2322	0	35758	33912	40866	29696	
2323	0	36028	30836	40516	29465	
2324	0	33456	33156	40252	29266	
2325	0	32552	33980	39820	29081	
2326	0	31584	34416	39464	28948	
2327	0	31184	33981	39104	28724	
2328	0	31088	34053	38745	28538	
2329	0	31088	34362	38384	28364	
2330	0	31824	34488	38084	28206	
2331	0	32372	34465	37650	28040	
2332	0	32972	34517	37288	27848	
2333	0	33320	34753	36904	27648	
2334	0	33269	35146	36516	27498	
2335	0	33032	35340	36144	27336	
2336	0	32896	35740	35768	27164	
2337	0	33028	36218	35377	26962	
2338	0	33368	36356	35072	26796	
2339	0	33344	36816	34632	26652	
2340	0	33532	37450	34268	26480	
2341	0	33780	38104	33874	26316	
2342	0	34122	38336	33504	26141	
2343	0	34436	38664	33135	25978	
2344	0	34800	39164	32780	25792	
2345	0	34912	39700	32396	25657	
2346	0	35268	40296	32000	25500	
2347	0	35876	40657	31604	25344	
2348	0	36908	40984	31224	25178	
2349	0	38112	41220	30844	25036	
2350	0	39380	40944	30452	24878	
2351	0	40096	40824	30085	24732	
2352	0	41124	40164	29688	24585	
2353	0	42114	39536	29314	24438	
2354	0	42928	38516	28936	24297	
2355	0	43553	37652	28540	24161	
2356	0	43578	37036	28180	24020	
2357	0	44664	36112	27830	23890	
2358	0	46204	35684	27439	23749	
2359	0	46296	35829	27088	23624	
2360	0	37660	47426	26680	23502	
2361	0	45644	31904	26436	23368	
2362	0	16150	46596	25968	23252	
2363	0	14328	43428	25726	23132	
2364	0	44928	36136	25462	23006	
2365	0	51848	43417	25057	22904	
2366	0	39428	33282	24873	22792	
2367	0	28950	43848	24486	22704	
2368	0	40656	31324	24306	22618	
2369	0	35897	37381	23962	22528	
2370	0	33288	38028	23772	22434	
2371	0	35312	36308	23512	22350	
2372	0	34548	37498	23296	22294	
2373	0	34576	37308	23068	22244	
2374	0	34522	37322	22865	22176	
2375	0	34937	37136	22666	22177	
2376	0	34976	37100	22475	22156	
2377	0	34618	37288	22316	22108	
2378	0	34642	37344	22085	22118	
2379	0	34568	37502	21944	22136	
2380	0	34720	37312	21808	22160	
2381	0	34852	37252	21732	22184	
2382	0	34868	37318	21628	22290	
2383	0	34744	37384	21512	22312	
2384	0	34784	37417	21488	22365	
2385	0	34737	37460	21384	22436	
2386	0	34344	37616	21384	22533	
2387	0	34884	37592	21299	22693	
2388	0	34821	37472	21316	22770	
2389	0	34828	36920	21297	22850	
2390	0	35196	37440	21314	22938	
2391	0	35196	37185	21304	23001	
2392	0	36404	36864	21264	23088	
2393	0	35377	37337	21348	23248	
2394	0	35786	37024	21356	23288	
2395	0	35557	37120	21468	23400	
2396	0	35164	37377	21533	23504	
2397	0	35512	36888	21665	23642	
2398	0	35328	37121	21723	23722	
2399	0	35608	36744	21840	23864	
2400	0	35008	36817	21954	23950	
2401	0	35656	36914	22034	24096	
2402	0	35160	36968	22160	24140	
2403	0	35484	36885	22288	24280	
2404	0	35464	36820	22512	24412	
2405	0	35488	36938	22626	24596	
2406	0	35444	36932	22788	24685	
2407	0	35304	36904	22984	24868	
2408	0	35473	37024	23064	24989	
2409	0	35544	36948	23264	25245	
2410	0	35522	36992	23468	25372	
2411	0	35610	37076	23616	25568	
2412	0	35592	37136	23781	25770	
2413	0	35472	37268	23922	26024	
2414	0	35476	37298	24128	26250	
2415	0	35506	37502	24258	26481	
2416	0	35676	37524	24413	26720	
2417	0	35560	37341	24576	27004	
2418	0	35660	37525	24728	27272	
2419	0	35904	37856	24852	27548	
2420	0	35993	38492	25061	27834	
2421	0	36164	39196	25193	28164	
2422	0	36116	40202	25306	28450	
2423	0	36230	40764	25444	28796	
2424	0	35644	40996	25589	29060	
2425	0	34848	41674	25762	29360	
2426	0	34792	42972	25928	29714	
2427	0	33729	45532	26033	30032	
2428	0	32000	47064	26234	30298	
2429	0	32676	45792	26332	30656	
2430	0	33916	44181	26560	30920	
2431	0	39160	42960	26736	31236	
2432	0	37677	43708	26848	31556	
2433	0	41700	40980	27056	31856	
2434	0	37280	40834	27276	32152	
2435	0	33082	38664	27461	32461	
2436	0	26914	36968	27608	32845	
2437	0	27032	35808	27848	33104	
2438	0	35424	33044	28052	33388	
2439	0	36632	34076	28268	33796	
2440	0	34824	35292	28472	34000	
2441	0	33546	34436	28684	34300	
2442	0	35304	32580	28900	34640	
2443	0	35244	29912	29160	34956	
2444	0	34124	32246	29360	35250	
2445	0	33184	33085	29600	35580	
2446	0	32452	33408	29856	35928	
2447	0	32604	33332	30052	36130	
2448	0	32268	33417	30308	36424	
2449	0	31928	33520	30533	36736	
2450	0	32153	33692	30728	36928	
2451	0	32172	33780	30964	37252	
2452	0	32200	34180	31233	37446	
2453	0	32036	34600	31464	37726	
2454	0	32160	35068	31668	37888	
2455	0	32440	35096	31892	38184	
2456	0	32932	35333	32152	38417	
2457	0	33200	35757	32324	38618	
2458	0	33625	36197	32592	38776	
2459	0	33961	36680	32778	38993	
2460	0	34125	37176	33002	39096	
2461	0	34348	37858	33224	39314	
2462	0	34601	38425	33456	39396	
2463	0	35008	38908	33656	39540	
2464	0	35428	39500	33888	39704	
2465	0	35928	40068	34088	39874	
2466	0	36720	40492	34288	39888	
2467	0	37569	41056	34497	40096	
2468	0	38736	41692	34704	40160	
2469	0	40016	42136	34900	40300	
2470	0	41168	42080	35088	40293	
2471	0	42052	41417	35280	40389	
2472	0	42860	40336	35465	40540	
2473	0	43348	39540	35584	40614	
2474	0	43512	38628	35808	40640	
2475	0	43892	37452	35972	40808	
2476	0	46580	35584	36216	40869	
2477	0	47538	34710	36304	40869	
2478	0	45664	36104	36453	40934	
2479	0	51186	33868	36609	41016	
2480	0	29504	44741	36756	41188	
2481	0	9260	48312	36944	41224	
2482	0	32220	36714	37044	41209	
2483	0	53312	31365	37148	41276	
2484	0	46820	31020	37290	41380	
2485	0	28856	45968	37396	41520	
2486	0	41080	30766	37500	41428	
2487	0	35468	37128	37588	41592	
2488	0	33136	38208	37781	41565	
2489	0	34765	36600	37880	41584	
2490	0	33752	38160	37966	41665	
2491	0	34276	37544	38032	41672	
2492	0	34208	37502	38120	41852	
2493	0	34852	37390	38228	41801	
2494	0	34696	37209	38224	41776	
2495	0	34632	37296	38301	41840	
2496	0	34800	37184	38508	41896	
2497	0	34500	37392	38472	41868	
2498	0	34544	37348	38544	41904	
2499	0	34593	37604	38658	42044	
2500	0	34656	37316	38788	42009	
2501	0	34674	37386	38848	42002	
2502	0	34682	37478	38844	42009	
2503	0	34656	37424	38904	41960	
2504	0	34698	37388	38969	41956	
2505	0	34344	37581	39056	41960	
2506	0	34664	37080	39114	42004	
2507	0	34748	37352	39129	41964	
2508	0	34768	37412	39256	41832	
2509	0	35284	37088	39200	41892	
2510	0	34948	37352	39232	41804	
2511	0	34957	37300	39244	41728	
2512	0	35156	37280	39246	41517	
2513	0	35100	37196	39336	41392	
2514	0	35108	37312	39240	41300	
2515	0	35344	37026	39200	41140	
2516	0	35216	37116	39164	40992	
2517	0	35164	37228	39228	40922	
2518	0	35324	37036	39172	40664	
2519	0	35424	37168	39017	40449	
2520	0	35762	36724	38932	40264	
2521	0	35472	36964	38944	40196	
2522	0	35497	37020	38732	39928	
2523	0	35413	37059	38656	39693	
2524	0	35452	37036	38501	39632	
2525	0	35556	36852	38364	39292	
2526	0	35516	36864	38208	39204	
2527	0	35484	36985	38060	38944	
2528	0	35496	37096	37948	38820	
2529	0	35669	37272	37788	38536	
2530	0	35536	37408	37546	38437	
2531	0	35516	37504	37340	38132	
2532	0	35556	37572	37217	38037	
2533	0	35576	37696	36936	37736	
2534	0	35480	37564	36786	37541	
2535	0	35472	37888	36520	37336	
2536	0	35688	38072	36232	37142	
2537	0	35972	38784	35992	37074	
2538	0	36060	39352	35768	36764	
2539	0	35940	40484	35524	36688	
2540	0	35786	40942	35280	36484	
2541	0	35528	41504	35008	36144	
2542	0	34892	42328	34752	36072	
2543	0	34042	43272	34512	35748	
2544	0	33708	45066	34260	35608	
2545	0	31905	47076	33968	35392	
2546	0	33356	45088	33696	35240	
2547	0	36036	43228	33436	34931	
2548	0	37472	43252	33180	34702	
2549	0	38540	41256	32916	34490	
2550	0	39396	41008	32656	34272	
2551	0	37013	40372	32409	34065	
2552	0	31440	38928	32162	33909	
2553	0	26592	37280	31912	33657	
2554	0	27081	34136	31676	33424	
2555	0	37097	33056	31453	33220	
2556	0	37564	33824	31225	33004	
2557	0	34884	35660	31032	32796	
2558	0	34685	33464	30788	32589	
2559	0	35681	29968	30600	32386	
2560	0	35648	31090	30384	32164	
2561	0	33328	32250	30224	31954	
2562	0	31777	33916	30048	31748	
2563	0	31668	33888	29824	31520	
2564	0	31756	33552	29644	31296	
2565	0	31608	33688	29476	31081	
2566	0	31578	34029	29296	30868	
2567	0	31974	34344	29144	30600	
2568	0	32440	34488	28968	30392	
2569	0	32720	34580	28795	30184	
2570	0	32914	34776	28637	29856	
2571	0	32865	35104	28489	29626	
2572	0	32992	35432	28308	29366	
2573	0	33092	35968	28177	29084	
2574	0	33492	36254	28052	28748	
2575	0	33746	36552	27873	28488	
2576	0	33796	37208	27740	28197	
2577	0	33856	37744	27585	27896	
2578	0	34022	38404	27425	27594	
2579	0	34276	38738	27238	27304	
2580	0	34661	39192	27159	26973	
2581	0	35060	39733	26989	26677	
2582	0	35654	40386	26894	26412	
2583	0	36554	41177	26756	26128	
2584	0	37940	41644	26648	25837	
2585	0	39504	41572	26520	25568	
2586	0	41300	41659	26373	25357	
2587	0	42144	41400	26246	25053	
2588	0	43584	40834	26163	24818	
2589	0	44940	40320	26041	24594	
2590	0	45152	38856	25864	24395	
2591	0	45058	37388	25780	24221	
2592	0	45324	35946	25699	23999	
2593	0	47608	35028	25556	23838	
2594	0	47057	34877	25425	23696	
2595	0	41621	43396	25300	23520	
2596	0	42736	35860	25193	23396	
2597	0	16869	46700	25009	23252	
2598	0	14068	42640	24984	23140	
2599	0	36397	35044	24882	23062	
2600	0	46168	35588	24825	22956	
2601	0	50104	41288	24648	22894	
2602	0	37300	43636	24556	22800	
2603	0	34388	38128	24476	22778	
2604	0	39001	34556	24402	22713	
2605	0	33512	38689	24290	22672	
2606	0	33972	37044	24228	22646	
2607	0	34054	36992	24120	22634	
2608	0	33949	37772	24056	22656	
2609	0	33952	37368	23957	22637	
2610	0	34056	37462	23856	22678	
2611	0	34286	37545	23833	22736	
2612	0	34178	37556	23740	22792	
2613	0	34101	37505	23713	22872	
2614	0	34091	37482	23668	22934	
2615	0	34124	37572	23544	23056	
2616	0	34144	37448	23562	23192	
2617	0	34332	37388	23553	23296	
2618	0	34482	37380	23500	23436	
2619	0	34305	37584	23496	23596	
2620	0	35124	37688	23489	23746	
2621	0	35026	37456	23496	23926	
2622	0	34480	37362	23466	24100	
2623	0	34024	37448	23573	24272	
2624	0	34984	37244	23578	24446	
2625	0	34849	37096	23577	24636	
2626	0	34390	37314	23698	24805	
2627	0	34720	37576	23724	24982	
2628	0	35740	36974	23845	25200	
2629	0	34616	37544	23949	25328	
2630	0	35619	37196	24044	25484	
2631	0	35138	37298	24192	25658	
2632	0	35416	37124	24292	25801	
2633	0	35260	37101	24400	25978	
2634	0	35164	37060	24600	26184	
2635	0	34713	37416	24777	26283	
2636	0	35264	37168	24956	26428	
2637	0	35233	36944	25121	26654	
2638	0	35312	36960	25268	26720	
2639	0	35448	37017	25472	26894	
2640	0	35356	37080	25748	27010	
2641	0	35280	36805	25986	27194	
2642	0	35512	36768	26162	27296	
2643	0	35474	36996	26460	27446	
2644	0	35400	36952	26704	27594	
2645	0	35482	36964	26976	27720	
2646	0	35356	37392	27188	27872	
2647	0	35540	37516	27444	28084	
2648	0	35304	37700	27769	28236	
2649	0	35424	37696	28040	28320	
2650	0	35268	37824	28280	28500	
2651	0	35408	37873	28604	28685	
2652	0	35360	37740	28876	28848	
2653	0	35580	37712	29168	28932	
2654	0	35692	38076	29417	29088	
2655	0	36076	38736	29728	29322	
2656	0	36178	39296	30023	29421	
2657	0	36233	40065	30277	29641	
2658	0	36024	40630	30580	29768	
2659	0	35500	40688	30849	29932	
2660	0	35056	41364	31090	30081	
2661	0	34721	42416	31432	30245	
2662	0	35104	43380	31709	30413	
2663	0	34720	45228	31946	30600	
2664	0	32864	46024	32188	30813	
2665	0	32492	45070	32520	31004	
2666	0	34056	43112	32796	31114	
2667	0	37001	42716	33073	31284	
2668	0	36756	40944	33348	31460	
2669	0	40408	40440	33624	31652	
2670	0	37472	39501	33898	31905	
2671	0	32708	37944	34152	32025	
2672	0	27296	35354	34432	32244	
2673	0	31028	33888	34716	32498	
2674	0	34044	34880	35048	32688	
2675	0	33250	36436	35340	32929	
2676	0	35000	33800	35654	33090	
2677	0	36592	31596	35872	33386	
2678	0	34674	30684	36152	33608	
2679	0	32956	32860	36444	33834	
2680	0	31600	33386	36730	34070	
2681	0	31218	33490	37044	34222	
2682	0	30614	34056	37416	34520	
2683	0	30356	34776	37668	34692	
2684	0	30752	34666	37860	34904	
2685	0	31521	34829	38146	35108	
2686	0	31985	34956	38484	35344	
2687	0	32724	34793	38748	35562	
2688	0	33341	34634	38944	35710	
2689	0	33480	34656	39188	35930	
2690	0	33348	35188	39516	36068	
2691	0	33298	36032	39720	36280	
2692	0	33328	36288	39932	36388	
2693	0	33504	36624	40176	36541	
2694	0	33664	37144	40420	36700	
2695	0	33922	37716	40633	36824	
2696	0	34080	38228	40872	36968	
2697	0	34356	38944	41172	37072	
2698	0	34601	39360	41401	37170	
2699	0	35160	40048	41609	37332	
2700	0	35640	40404	41744	37416	
2701	0	36256	40988	41925	37468	
2702	0	37348	41360	42218	37586	
2703	0	38636	41952	42348	37649	
2704	0	40172	42004	42580	37748	
2705	0	41708	42076	42704	37794	
2706	0	42648	41681	42940	37873	
2707	0	44640	40816	43144	37944	
2708	0	45748	39244	43293	37980	
2709	0	46372	37856	43376	38048	
2710	0	46824	36252	43628	38100	
2711	0	47804	34952	43676	38144	
2712	0	46432	35672	43809	38220	
2713	0	44354	36784	43926	38256	
2714	0	43068	36952	44108	38292	
2715	0	39392	38112	44160	38354	
2716	0	21464	41856	44248	38373	
2717	0	8956	44488	44312	38406	
2718	0	37152	33488	44417	38450	
2719	0	43964	39114	44525	38473	
2720	0	50644	41777	44544	38528	
2721	0	37916	31969	44594	38544	
2722	0	29349	43877	44640	38561	
2723	0	39112	32920	44764	38584	
2724	0	34292	38032	44774	38634	
2725	0	32878	37924	44760	38632	
2726	0	34736	36770	44780	38664	
2727	0	33416	38048	44753	38680	
2728	0	34070	37644	44828	38697	
2729	0	34160	37604	44848	38704	
2730	0	34280	37636	44764	38716	
2731	0	34300	37417	44740	38765	
2732	0	34360	37408	44780	38776	
2733	0	34625	37202	44752	38788	
2734	0	34582	37268	44644	38776	
2735	0	34552	37328	44596	38808	
2736	0	34482	37448	44556	38784	
2737	0	34380	37328	44560	38780	
2738	0	35137	37373	44428	38752	
2739	0	34580	37364	44352	38736	
2740	0	34592	37568	44258	38744	
2741	0	34808	37324	44221	38672	
2742	0	34784	37272	44089	38652	
2743	0	34440	37394	43994	38569	
2744	0	34720	37216	43821	38496	
2745	0	35173	37034	43752	38388	
2746	0	34724	37176	43616	38308	
2747	0	34908	37308	43372	38164	
2748	0	34960	37212	43244	38036	
2749	0	35744	37100	43036	37920	
2750	0	35216	37164	42952	37720	
2751	0	34533	37368	42644	37560	
2752	0	35336	37208	42452	37332	
2753	0	35168	37164	42196	37168	
2754	0	35008	37224	41961	36953	
2755	0	35076	37131	41728	36712	
2756	0	35120	37112	41556	36496	
2757	0	35264	37108	41240	36212	
2758	0	35266	37176	40976	35972	
2759	0	35332	37130	40856	35716	
2760	0	35392	37104	40448	35488	
2761	0	35252	37066	40248	35204	
2762	0	35302	37064	40016	34996	
2763	0	35328	37296	39632	34728	
2764	0	35265	37412	39432	34460	
2765	0	35316	37538	39072	34233	
2766	0	35344	37524	38777	33984	
2767	0	35338	37668	38480	33788	
2768	0	35468	37712	38192	33540	
2769	0	35392	37816	37912	33328	
2770	0	35472	37584	37698	33088	
2771	0	35340	38080	37307	32888	
2772	0	35672	38384	37048	32696	
2773	0	36020	38764	36740	32504	
2774	0	36233	39296	36418	32320	
2775	0	35932	39653	36136	32128	
2776	0	35861	40220	35811	31978	
2777	0	35556	40352	35504	31792	
2778	0	35252	41212	35228	31620	
2779	0	35100	42072	34972	31480	
2780	0	35165	43408	34616	31345	
2781	0	34976	44293	34324	31164	
2782	0	33776	45248	34004	31024	
2783	0	33793	44457	33668	30884	
2784	0	34704	43577	33384	30785	
2785	0	35696	42676	33096	30633	
2786	0	34872	41344	32786	30560	
2787	0	37420	40170	32449	30388	
2788	0	37234	39592	32146	30292	
2789	0	35252	38348	31824	30212	
2790	0	30636	36804	31493	30074	
2791	0	29408	34984	31188	29984	
2792	0	32878	33412	30906	29892	
2793	0	36000	34888	30572	29794	
2794	0	34114	35262	30245	29708	
2795	0	31888	36532	29940	29644	
2796	0	34140	30432	29644	29608	
2797	0	35280	33020	29348	29488	
2798	0	32021	33250	29062	29376	
2799	0	30781	34672	28736	29308	
2800	0	31220	33866	28452	29220	
2801	0	31032	33896	28164	29161	
2802	0	31128	34316	27879	29040	
2803	0	31641	34408	27600	28944	
2804	0	31980	34528	27320	28932	
2805	0	32588	34396	27040	28748	
2806	0	33073	34490	26773	28668	
2807	0	33308	34684	26532	28530	
2808	0	33340	35172	26289	28420	
2809	0	33245	35768	25996	28282	
2810	0	33188	36188	25793	28164	
2811	0	33552	36700	25500	28096	
2812	0	33748	37204	25248	27912	
2813	0	33894	37580	25024	27789	
2814	0	34116	38240	24780	27640	
2815	0	34200	38904	24592	27524	
2816	0	34348	39424	24400	27384	
2817	0	34784	39920	24152	27244	
2818	0	35432	40520	23922	27120	
2819	0	36016	41020	23756	26968	
2820	0	36888	41521	23524	26845	
2821	0	38068	41792	23392	26700	
2822	0	39232	41892	23178	26580	
2823	0	40560	42117	22970	26457	
2824	0	41676	41814	22814	26296	
2825	0	43296	40960	22616	26244	
2826	0	44352	39456	22496	26072	
2827	0	45320	38164	22304	25924	
2828	0	47244	36028	22130	25788	
2829	0	50164	34860	21984	25693	
2830	0	47008	34520	21822	25568	
2831	0	35725	47932	21676	25449	
2832	0	45608	36076	21490	25376	
2833	0	29984	43969	21292	25220	
2834	0	12441	42980	21161	25204	
2835	0	26370	37220	21089	25092	
2836	0	49728	34802	20956	25010	
2837	0	55384	45408	20852	24950	
2838	0	34112	38337	20692	24878	
2839	0	30594	42746	20566	24822	
2840	0	40168	33413	20452	24777	
2841	0	34324	37828	20376	24760	
2842	0	33048	37944	20316	24787	
2843	0	34733	36632	20252	24745	
2844	0	33760	37944	20176	24754	
2845	0	34228	37432	20082	24768	
2846	0	34236	37536	19997	24780	
2847	0	34404	37532	19969	24805	
2848	0	34201	37512	19992	24924	
2849	0	34226	37544	19941	25042	
2850	0	34220	37548	19972	25124	
2851	0	34144	37536	19976	25218	
2852	0	34200	37108	20024	25372	
2853	0	34501	37334	20060	25500	
2854	0	34396	37424	20033	25652	
2855	0	34748	37289	20157	25813	
2856	0	34784	37280	20200	25996	
2857	0	34340	37524	20264	26186	
2858	0	35349	37064	20416	26344	
2859	0	34898	37320	20545	26498	
2860	0	34936	37233	20630	26760	
2861	0	34940	37392	20768	26914	
2862	0	34785	37164	20962	27178	
2863	0	33948	37172	21077	27309	
2864	0	34932	37392	21320	27510	
2865	0	34692	37368	21484	27721	
2866	0	36000	36936	21670	27924	
2867	0	34926	37244	21889	28096	
2868	0	35176	37148	22041	28296	
2869	0	35016	37192	22284	28448	
2870	0	34980	37208	22528	28641	
2871	0	35066	37128	22664	28820	
2872	0	35157	37080	22948	28944	
2873	0	35272	36980	23176	29169	
2874	0	35282	37160	23420	29340	
2875	0	35164	37124	23661	29514	
2876	0	35296	37100	23936	29696	
2877	0	35256	37202	24152	29864	
2878	0	35298	37177	24392	30074	
2879	0	35256	37250	24644	30206	
2880	0	35372	37509	24885	30364	
2881	0	35204	37660	25128	30536	
2882	0	35350	37704	25404	30716	
2883	0	35360	37724	25593	30893	
2884	0	35296	38044	25892	31096	
2885	0	35124	38084	26104	31248	
2886	0	35300	37872	26380	31444	
2887	0	35252	38220	26614	31608	
2888	0	35628	38576	26840	31820	
2889	0	35932	38976	27024	32024	
2890	0	36120	39532	27284	32160	
2891	0	35960	40296	27528	32369	
2892	0	35659	40556	27706	32568	
2893	0	35124	41272	27924	32716	
2894	0	34808	42000	28188	32941	
2895	0	34882	42928	28352	33152	
2896	0	34644	44073	28592	33308	
2897	0	33916	46024	28800	33512	
2898	0	32968	45432	29004	33606	
2899	0	33728	43916	29244	33772	
2900	0	34698	43208	29433	34040	
2901	0	36768	41984	29696	34186	
2902	0	38664	40652	29916	34344	
2903	0	38429	40505	30149	34520	
2904	0	34212	39013	30337	34672	
2905	0	29861	37372	30561	34842	
2906	0	27896	36032	30800	35082	
2907	0	29792	34496	31020	35300	
2908	0	34220	34816	31244	35488	
2909	0	34054	34400	31490	35680	
2910	0	32804	36112	31666	35872	
2911	0	35189	33616	31908	36080	
2912	0	35600	30432	32144	36257	
2913	0	34292	33507	32400	36470	
2914	0	32116	34284	32624	36593	
2915	0	31752	34340	32912	36880	
2916	0	31849	34000	33104	36992	
2917	0	31680	33988	33356	37250	
2918	0	31482	34582	33624	37360	
2919	0	31409	35024	33832	37520	
2920	0	31650	35168	34096	37768	
2921	0	32028	35400	34368	37972	
2922	0	32493	35408	34600	38002	
2923	0	32748	35672	34864	38146	
2924	0	33116	35880	35177	38288	
2925	0	33340	36232	35376	38456	
2926	0	33604	36696	35704	38544	
2927	0	33728	37160	35880	38720	
2928	0	33928	37724	36199	38864	
2929	0	34074	38212	36464	38936	
2930	0	34218	38688	36672	38905	
2931	0	34560	39328	37012	39000	
2932	0	35141	39964	37186	39176	
2933	0	36192	40424	37448	39212	
2934	0	37225	40744	37692	39237	
2935	0	38146	41072	37953	39296	
2936	0	39356	41336	38208	39464	
2937	0	40801	41408	38414	39368	
2938	0	41328	41340	38744	39421	
2939	0	42668	40453	38884	39560	
2940	0	44300	39628	39188	39640	
2941	0	45016	38665	39340	39620	
2942	0	45340	37424	39561	39696	
2943	0	46076	35976	39784	39626	
2944	0	47352	34744	40112	39649	
2945	0	46932	34712	40176	39768	
2946	0	45460	35466	40384	39824	
2947	0	37820	44524	40512	39856	
2948	0	40440	35612	40840	39768	
2949	0	10413	50688	40866	39820	
2950	0	23770	38460	41009	39828	
2951	0	43148	37756	41156	39936	
2952	0	54140	33897	41304	39824	
2953	0	37960	29572	41537	39937	
2954	0	26536	47404	41560	39952	
2955	0	40372	33160	41728	39913	
2956	0	35712	37076	41817	39992	
2957	0	32448	38228	41928	39996	
2958	0	34792	36562	42098	39936	
2959	0	34036	37656	42272	39884	
2960	0	34033	37616	42288	39964	
2961	0	34232	37520	42444	39900	
2962	0	34190	37473	42449	39920	
2963	0	34336	37404	42616	39936	
2964	0	33936	37628	42576	40012	
2965	0	34284	37440	42632	40020	
2966	0	34376	37464	42737	39976	
2967	0	34384	37416	42869	40000	
2968	0	34324	37508	42904	39928	
2969	0	34348	37476	42968	40016	
2970	0	34452	37364	43040	39978	
2971	0	34336	37660	43064	39916	
2972	0	34340	37508	43081	39916	
2973	0	34560	37466	43040	39872	
2974	0	34496	37424	43088	39840	
2975	0	34722	37400	43080	39816	
2976	0	34460	37408	43141	39748	
2977	0	35566	36944	43081	39648	
2978	0	34864	37564	43068	39620	
2979	0	34668	37428	43124	39468	
2980	0	35332	36916	43032	39400	
2981	0	34726	37432	43040	39236	
2982	0	34968	37317	42945	39082	
2983	0	34968	37268	42884	39008	
2984	0	35088	37205	42792	38780	
2985	0	35440	37092	42833	38617	
2986	0	35012	36852	42641	38410	
2987	0	35424	37193	42520	38239	
2988	0	34968	36970	42520	38080	
2989	0	35220	36992	42260	37812	
2990	0	35204	37006	42112	37620	
2991	0	35224	37100	41960	37400	
2992	0	35348	37140	41940	37160	
2993	0	35212	37124	41696	36954	
2994	0	35230	37256	41466	36728	
2995	0	35272	37216	41244	36481	
2996	0	35184	37332	41032	36240	
2997	0	35200	37540	40808	36004	
2998	0	35224	37608	40716	35782	
2999	0	35362	37721	40476	35556	
3000	0	35341	37856	40172	35316	
3001	0	35336	38000	39952	35088	
3002	0	35488	38004	39608	34880	
3003	0	35552	37892	39344	34668	
3004	0	35329	38200	39112	34428	
3005	0	35776	38376	38784	34260	
3006	0	35720	39064	38496	34016	
3007	0	35708	40026	38200	33808	
3008	0	35772	40640	37920	33624	
3009	0	35684	40884	37668	33400	
3010	0	35144	41408	37352	33188	
3011	0	34332	42181	37029	32996	
3012	0	34405	43520	36720	32793	
3013	0	33061	45378	36436	32608	
3014	0	32125	45340	36130	32452	
3015	0	33857	44232	35776	32236	
3016	0	34697	43644	35486	32114	
3017	0	36274	42404	35148	31918	
3018	0	38472	40756	34824	31710	
3019	0	37640	40760	34508	31540	
3020	0	33888	39904	34178	31376	
3021	0	30892	37758	33872	31229	
3022	0	28080	36550	33540	31124	
3023	0	29000	34840	33293	30965	
3024	0	36576	34497	32920	30816	
3025	0	34916	34840	32618	30724	
3026	0	33378	35722	32372	30564	
3027	0	34088	32868	32088	30442	
3028	0	35010	32952	31762	30296	
3029	0	32584	33664	31517	30237	
3030	0	30304	34960	31268	30064	
3031	0	30466	34744	31044	29933	
3032	0	31340	34637	30778	29846	
3033	0	31292	34824	30556	29721	
3034	0	31740	34844	30353	29576	
3035	0	32144	35092	30152	29464	
3036	0	32784	35142	29973	29322	
3037	0	33132	35204	29784	29176	
3038	0	33440	35208	29626	29077	
3039	0	33360	35628	29456	28865	
3040	0	33400	36240	29284	28701	
3041	0	33660	36668	29152	28524	
3042	0	33812	37220	29004	28410	
3043	0	34088	37640	28860	28216	
3044	0	34388	38164	28716	27994	
3045	0	34836	38524	28552	27802	
3046	0	35024	39057	28484	27596	
3047	0	35841	39668	28357	27402	
3048	0	36460	40132	28180	27253	
3049	0	37080	40456	28107	27038	
3050	0	37861	40824	28000	26849	
3051	0	38766	41232	27877	26704	
3052	0	39708	41592	27776	26515	
3053	0	40864	41948	27698	26297	
3054	0	41764	41588	27528	26164	
3055	0	42904	40948	27442	25957	
3056	0	44016	40068	27334	25801	
3057	0	44784	38652	27270	25690	
3058	0	45504	37021	27168	25541	
3059	0	48260	35284	27056	25420	
3060	0	48260	34529	26972	25256	
3061	0	45816	35752	26818	25148	
3062	0	37484	48520	26653	25028	
3063	0	45152	36714	26624	24938	
3064	0	27620	43392	26468	24850	
3065	0	10192	43153	26373	24770	
3066	0	27826	37081	26292	24744	
3067	0	51536	37988	26160	24680	
3068	0	47808	36345	26088	24594	
3069	0	35544	41168	25986	24581	
3070	0	34220	39026	25864	24556	
3071	0	38512	35336	25828	24544	
3072	0	34953	37440	25694	24562	
3073	0	33457	37656	25617	24568	
3074	0	34808	36544	25568	24614	
3075	0	33840	37920	25400	24622	
3076	0	34568	37220	25404	24696	
3077	0	34464	37505	25288	24786	
3078	0	34760	37368	25298	24857	
3079	0	34556	37368	25256	24945	
3080	0	34468	37333	25168	25065	
3081	0	34716	37272	25156	25253	
3082	0	34636	37328	25076	25360	
3083	0	34746	37268	25124	25520	
3084	0	34840	37308	25074	25690	
3085	0	34668	37349	25092	25850	
3086	0	35012	37040	25096	26043	
3087	0	34994	37240	25168	26264	
3088	0	34860	37248	25120	26442	
3089	0	34784	37368	25236	26609	
3090	0	34756	37410	25245	26812	
3091	0	34981	37128	25348	27012	
3092	0	34844	37177	25394	27248	
3093	0	35032	37264	25494	27432	
3094	0	35120	37186	25520	27692	
3095	0	35788	37080	25630	27802	
3096	0	35212	37056	25748	27989	
3097	0	35248	37160	25916	28188	
3098	0	35028	37244	26073	28392	
3099	0	35056	37292	26226	28642	
3100	0	35248	37153	26352	28736	
3101	0	35268	37032	26508	28897	
3102	0	35041	37280	26684	29117	
3103	0	35316	37016	26868	29224	
3104	0	35434	36997	27077	29384	
3105	0	35440	37025	27256	29532	
3106	0	35416	37060	27432	29682	
3107	0	35453	37129	27665	29894	
3108	0	35420	37240	27900	29968	
3109	0	35480	37115	28104	30112	
3110	0	35608	37208	28345	30208	
3111	0	35568	37280	28576	30320	
3112	0	35488	37596	28788	30444	
3113	0	35336	37796	29040	30520	
3114	0	35340	37944	29284	30604	
3115	0	35444	37948	29525	30688	
3116	0	35488	37898	29749	30858	
3117	0	35480	37928	30030	30912	
3118	0	35780	38260	30284	30936	
3119	0	36116	38844	30521	31004	
3120	0	36080	39584	30814	31092	
3121	0	35880	40184	31074	31148	
3122	0	36060	40940	31306	31280	
3123	0	35144	41384	31596	31260	
3124	0	34968	41744	31842	31384	
3125	0	34930	42888	32110	31452	
3126	0	34104	45248	32457	31500	
3127	0	32029	46744	32732	31577	
3128	0	32394	45920	33008	31580	
3129	0	36704	43506	33298	31644	
3130	0	38188	46692	33572	31716	
3131	0	34962	42824	33844	31768	
3132	0	35716	41288	34152	31820	
3133	0	34812	40824	34460	31896	
3134	0	30952	38396	34762	32000	
3135	0	26300	36744	35024	32112	
3136	0	27268	35128	35344	32144	
3137	0	35264	31332	35712	32288	
3138	0	38664	33688	36038	32308	
3139	0	33596	36584	36268	32395	
3140	0	35784	29772	36688	32538	
3141	0	35444	32602	36913	32604	
3142	0	32836	32376	37220	32716	
3143	0	29868	35376	37636	32798	
3144	0	30492	34440	37889	32888	
3145	0	31020	34096	38200	32992	
3146	0	30525	34588	38448	33080	
3147	0	31145	34629	38756	33192	
3148	0	31997	34633	39036	33290	
3149	0	32470	34990	39420	33378	
3150	0	32748	35272	39604	33468	
3151	0	33085	35592	39880	33554	
3152	0	33394	35885	40172	33641	
3153	0	33868	36388	40468	33712	
3154	0	34224	36824	40736	33792	
3155	0	34412	37244	40957	33848	
3156	0	34424	37708	41192	33952	
3157	0	34529	38172	41440	33984	
3158	0	34852	38697	41720	34040	
3159	0	35120	39052	41904	34098	
3160	0	35560	39560	42136	34180	
3161	0	35972	39967	42352	34240	
3162	0	36832	40257	42553	34232	
3163	0	37764	40560	42745	34277	
3164	0	38664	40650	43008	34340	
3165	0	39896	40737	43112	34408	
3166	0	40832	40960	43280	34396	
3167	0	41744	40717	43536	34476	
3168	0	42820	40132	43604	34544	
3169	0	43892	39280	43762	34576	
3170	0	44800	38080	43880	34612	
3171	0	44416	37020	44000	34646	
3172	0	44460	36112	44146	34688	
3173	0	45788	35108	44232	34716	
3174	0	45737	35128	44324	34708	
3175	0	43368	36176	44477	34776	
3176	0	36140	48508	44468	34833	
3177	0	41512	35020	44564	34888	
3178	0	14993	45768	44648	34892	
3179	0	16200	40832	44680	34936	
3180	0	41864	36017	44740	34960	
3181	0	51292	38468	44786	35000	
3182	0	42528	27894	44836	35068	
3183	0	27596	46600	44812	35024	
3184	0	40700	32872	44876	35068	
3185	0	35212	37112	44836	35080	
3186	0	32912	38668	44884	35206	
3187	0	34704	36512	44888	35141	
3188	0	34136	37513	44824	35225	
3189	0	34193	37672	44801	35204	
3190	0	34457	37332	44808	35336	
3191	0	34584	37613	44776	35296	
3192	0	34354	37472	44736	35356	
3193	0	34396	37580	44772	35432	
3194	0	34620	37200	44692	35496	
3195	0	34440	37376	44712	35456	
3196	0	34656	37300	44676	35592	
3197	0	34604	37348	44625	35604	
3198	0	34556	37432	44604	35640	
3199	0	34528	37448	44476	35728	
3200	0	34648	37597	44480	35757	
3201	0	34573	37600	44368	35764	
3202	0	34506	37600	44280	35860	
3203	0	34592	37316	44216	35876	
3204	0	34592	37368	44198	35926	
3205	0	34920	37344	44024	35904	
3206	0	34845	37276	43928	35948	
3207	0	34948	37328	43808	35924	
3208	0	34784	37366	43698	35944	
3209	0	35132	37224	43584	35936	
3210	0	34628	37332	43460	35885	
3211	0	35453	36980	43317	35897	
3212	0	34936	37516	43168	35817	
3213	0	35216	37117	42988	35800	
3214	0	35108	37117	42752	35712	
3215	0	35236	36992	42616	35648	
3216	0	35344	36998	42492	35570	
3217	0	35256	36884	42224	35476	
3218	0	35284	36976	42088	35376	
3219	0	35312	36928	41728	35282	
3220	0	35524	36928	41588	35172	
3221	0	35445	36988	41290	35040	
3222	0	35272	37156	41032	34932	
3223	0	35444	37074	40864	34804	
3224	0	35304	37268	40512	34668	
3225	0	35386	37398	40281	34538	
3226	0	35556	37564	40032	34388	
3227	0	35264	37809	39712	34244	
3228	0	35392	37780	39472	34112	
3229	0	35596	37784	39244	33953	
3230	0	35641	38032	38868	33810	
3231	0	35828	38048	38632	33668	
3232	0	35564	38233	38332	33560	
3233	0	35772	38482	38004	33388	
3234	0	35988	39036	37604	33278	
3235	0	35833	39444	37316	33144	
3236	0	35876	40394	37012	33012	
3237	0	35601	40968	36653	32842	
3238	0	35424	41248	36321	32684	
3239	0	34768	41952	35972	32560	
3240	0	34345	43112	35632	32456	
3241	0	33512	45384	35304	32308	
3242	0	32280	46566	34940	32220	
3243	0	33168	45652	34561	32080	
3244	0	34364	45264	34272	31948	
3245	0	36834	43460	33888	31860	
3246	0	36534	42984	33490	31740	
3247	0	39000	41432	33161	31656	
3248	0	36862	40400	32800	31568	
3249	0	31884	38386	32432	31456	
3250	0	29408	36344	32084	31441	
3251	0	31482	33912	31708	31305	
3252	0	38456	34221	31322	31216	
3253	0	35600	35608	30966	31139	
3254	0	32500	36101	30596	31122	
3255	0	34352	30520	30240	31028	
3256	0	35929	33212	29888	31044	
3257	0	32371	33112	29584	30928	
3258	0	30841	34401	29250	30892	
3259	0	31132	33866	28914	30808	
3260	0	31324	33876	28602	30756	
3261	0	31248	34029	28301	30800	
3262	0	31528	34084	28016	30644	
3263	0	32093	34024	27746	30612	
3264	0	32688	33817	27489	30588	
3265	0	33100	33890	27244	30507	
3266	0	33248	33977	26986	30437	
3267	0	33261	34124	26765	30382	
3268	0	33152	34528	26573	30400	
3269	0	33154	34981	26368	30272	
3270	0	33138	35408	26176	30184	
3271	0	33288	35824	25988	30105	
3272	0	33566	36144	25816	30044	
3273	0	33633	36448	25603	30021	
3274	0	33685	36920	25464	29856	
3275	0	33921	37564	25298	29768	
3276	0	33912	37845	25132	29765	
3277	0	34328	38288	25025	29620	
3278	0	34630	38896	24853	29509	
3279	0	35256	39393	24692	29424	
3280	0	36192	39868	24588	29321	
3281	0	37568	40360	24437	29238	
3282	0	38920	40868	24317	29152	
3283	0	40489	41742	24180	29028	
3284	0	42124	42256	24047	28944	
3285	0	43952	42340	23925	28836	
3286	0	45596	41184	23749	28773	
3287	0	47396	40024	23636	28707	
3288	0	48144	38173	23556	28620	
3289	0	50600	35656	23438	28592	
3290	0	43768	42360	23278	28472	
3291	0	51568	32124	23236	28449	
3292	0	35468	48344	23038	28376	
3293	0	26792	46284	22901	28308	
3294	0	20370	41220	22826	28268	
3295	0	49628	35674	22737	28216	
3296	0	47168	27448	22682	28188	
3297	0	37773	43481	22498	28156	
3298	0	35632	35749	22441	28164	
3299	0	38620	36274	22265	28137	
3300	0	34200	37940	22250	28130	
3301	0	34344	36608	22100	28160	
3302	0	34540	37292	22074	28198	
3303	0	33672	38304	21993	28196	
3304	0	34181	37384	21897	28276	
3305	0	34600	37524	21851	28282	
3306	0	34539	37040	21722	28360	
3307	0	34272	37552	21744	28402	
3308	0	34817	37304	21696	28560	
3309	0	34592	37116	21656	28557	
3310	0	36176	36876	21616	28700	
3311	0	34232	37488	21572	28824	
3312	0	34460	37192	21554	28964	
3313	0	35100	37168	21592	29072	
3314	0	33184	37216	21601	29192	
3315	0	34884	37464	21628	29324	
3316	0	33890	37264	21604	29498	
3317	0	34784	37396	21658	29581	
3318	0	35228	37274	21686	29774	
3319	0	35130	37404	21741	29882	
3320	0	35285	37166	21842	30025	
3321	0	35352	37152	21916	30072	
3322	0	35250	37308	21997	30240	
3323	0	35402	37324	22075	30368	
3324	0	35424	37040	22108	30386	
3325	0	35208	36701	22196	30528	
3326	0	35968	36380	22376	30624	
3327	0	35385	36096	22485	30665	
3328	0	35928	36181	22556	30717	
3329	0	35841	36060	22694	30718	
3330	0	35928	35892	22814	30760	
3331	0	36036	36083	22889	30828	
3332	0	36074	36257	23068	30836	
3333	0	36224	36664	23194	30846	
3334	0	36288	36808	23318	30812	
3335	0	36076	36948	23450	30834	
3336	0	36204	37320	23600	30792	
3337	0	36000	37260	23720	30776	
3338	0	36197	37490	23846	30805	
3339	0	35876	37784	23908	30702	
3340	0	35908	38056	24056	30664	
3341	0	36128	37989	24169	30632	
3342	0	35808	38162	24315	30588	
3343	0	35848	38108	24408	30516	
3344	0	35924	37981	24468	30482	
3345	0	35884	38376	24597	30492	
3346	0	35896	39248	24652	30445	
3347	0	36329	39776	24822	30420	
3348	0	36588	40129	24864	30364	
3349	0	36512	40624	25005	30352	
3350	0	36004	41354	25040	30365	
3351	0	35376	42072	25132	30324	
3352	0	34924	43368	25208	30324	
3353	0	34524	44780	25236	30326	
3354	0	34660	45136	25318	30368	
3355	0	33848	44405	25386	30340	
3356	0	35812	43802	25498	30336	
3357	0	35848	42668	25569	30345	
3358	0	35988	41834	25628	30372	
3359	0	36808	42084	25712	30404	
3360	0	35024	40394	25792	30450	
3361	0	31828	38362	25838	30501	
3362	0	30433	35077	25912	30548	
3363	0	30594	34392	26022	30616	
3364	0	33522	34792	26096	30657	
3365	0	32284	37956	26130	30728	
3366	0	36389	32336	26324	30856	
3367	0	35668	31829	26436	30936	
3368	0	33360	34381	26536	31021	
3369	0	32170	35048	26674	31097	
3370	0	31978	34656	26784	31184	
3371	0	32104	34104	26948	31328	
3372	0	31878	34544	27090	31384	
3373	0	31976	34872	27268	31465	
3374	0	32184	34896	27420	31568	
3375	0	32424	34812	27616	31688	
3376	0	32536	34792	27808	31765	
3377	0	32504	34920	28000	31888	
3378	0	32581	35084	28196	31944	
3379	0	32786	35328	28392	32028	
3380	0	32664	35668	28580	32097	
3381	0	32776	36120	28808	32172	
3382	0	32996	36576	29008	32260	
3383	0	33144	36986	29232	32292	
3384	0	33364	37396	29437	32350	
3385	0	33460	37952	29640	32440	
3386	0	33554	38688	29825	32508	
3387	0	33858	39380	30044	32552	
3388	0	34404	39888	30240	32540	
3389	0	35208	40288	30402	32572	
3390	0	36136	40620	30636	32701	
3391	0	37280	41040	30818	32682	
3392	0	38784	41496	30977	32804	
3393	0	40120	41480	31196	32732	
3394	0	42081	41784	31336	32740	
3395	0	43266	41538	31552	32776	
3396	0	44872	40844	31710	32856	
3397	0	46076	39561	31861	32832	
3398	0	46634	38240	32009	32861	
3399	0	49264	36112	32145	32897	
3400	0	48228	39594	32300	32984	
3401	0	51568	33872	32425	32965	
3402	0	46859	35904	32592	32955	
3403	0	39136	45920	32644	32972	
3404	0	20157	42153	32816	33104	
3405	0	30412	39489	32936	33117	
3406	0	51288	31008	33056	33070	
3407	0	38810	25718	33212	33076	
3408	0	29916	47042	33245	33192	
3409	0	40894	33826	33417	33136	
3410	0	35680	38364	33508	33260	
3411	0	33657	37549	33585	33276	
3412	0	34089	37652	33697	33256	
3413	0	33684	37824	33840	33371	
3414	0	34512	37284	33925	33413	
3415	0	34636	37288	34065	33426	
3416	0	34760	37060	34164	33456	
3417	0	34448	37486	34304	33504	
3418	0	34497	37484	34424	33586	
3419	0	34432	37452	34568	33662	
3420	0	34228	37540	34709	33842	
3421	0	34378	37428	34908	33889	
3422	0	34672	37452	34996	33940	
3423	0	34192	37808	35176	34138	
3424	0	34380	37356	35356	34237	
3425	0	34220	37596	35496	34384	
3426	0	34347	37584	35720	34416	
3427	0	34636	37298	35868	34620	
3428	0	35016	37141	36056	34762	
3429	0	35832	37168	36312	34904	
3430	0	35008	37136	36528	35048	
3431	0	35154	37152	36748	35117	
3432	0	34985	37280	36944	35253	
3433	0	35176	37232	37146	35492	
3434	0	35020	37196	37266	35560	
3435	0	35137	37258	37477	35744	
3436	0	35232	37284	37692	35968	
3437	0	35104	37220	37912	36020	
3438	0	35144	37228	38105	36252	
3439	0	35242	37196	38322	36396	
3440	0	35162	37072	38560	36512	
3441	0	35344	37144	38836	36624	
3442	0	35536	37145	38917	36840	
3443	0	35360	36997	39120	36914	
3444	0	35472	37180	39308	37132	
3445	0	35576	37226	39548	37176	
3446	0	35445	37258	39680	37312	
3447	0	35473	37296	39972	37508	
3448	0	35500	37400	40140	37682	
3449	0	35328	37700	40240	37816	
3450	0	35521	37792	40428	37936	
3451	0	35480	37940	40562	38016	
3452	0	35357	38164	40772	38228	
3453	0	35484	38200	40944	38320	
3454	0	35524	38165	40992	38516	
3455	0	35476	38528	41156	38688	
3456	0	35616	39376	41322	38754	
3457	0	36152	39980	41400	38948	
3458	0	36100	40793	41525	39141	
3459	0	35852	41081	41686	39204	
3460	0	35146	41952	41784	39392	
3461	0	34756	42992	41894	39584	
3462	0	34634	44112	42040	39720	
3463	0	34244	46400	42156	39812	
3464	0	33345	46753	42260	39921	
3465	0	34730	45476	42395	40152	
3466	0	38180	44048	42544	40284	
3467	0	35228	43696	42608	40440	
3468	0	39346	41962	42724	40505	
3469	0	37960	41144	42932	40720	
3470	0	33368	39280	43000	40748	
3471	0	28644	36832	43152	40954	
3472	0	28608	35369	43248	41036	
3473	0	35096	34662	43458	41184	
3474	0	34568	35304	43548	41344	
3475	0	33954	36320	43780	41376	
3476	0	36032	31248	43877	41564	
3477	0	34484	32360	44048	41644	
3478	0	32522	33192	44192	41824	
3479	0	30641	34800	44412	41889	
3480	0	30688	33688	44597	42056	
3481	0	30814	33678	44760	42172	
3482	0	30946	33832	44936	42240	
3483	0	31240	33980	45188	42449	
3484	0	31568	34264	45344	42560	
3485	0	32236	34002	45533	42632	
3486	0	32605	34152	45728	42772	
3487	0	32788	34216	45936	42908	
3488	0	32784	34654	46128	42954	
3489	0	32677	34944	46316	43076	
3490	0	32724	35372	46588	43250	
3491	0	32932	35972	46756	43298	
3492	0	33152	36253	46906	43404	
3493	0	33360	36722	47096	43561	
3494	0	33576	37113	47284	43600	
3495	0	33740	37448	47446	43752	
3496	0	34009	37977	47668	43808	
3497	0	34428	38734	47872	43864	
3498	0	34944	39556	48001	43944	
3499	0	35772	40092	48204	44072	
3500	0	36925	40697	48297	44168	
3501	0	38420	41120	48416	44232	
3502	0	39940	42090	48620	44308	
3503	0	41792	42432	48680	44384	
3504	0	43140	42304	48866	44428	
3505	0	44680	41376	48920	44493	
3506	0	45582	40328	49104	44548	
3507	0	46484	39040	49156	44616	
3508	0	46656	37472	49300	44668	
3509	0	49580	35036	49392	44741	
3510	0	49724	34378	49394	44788	
3511	0	46788	37944	49520	44804	
3512	0	50220	37544	49556	44848	
3513	0	29117	46600	49568	44898	
3514	0	9584	43872	49608	44932	
3515	0	28309	35140	49664	45008	
3516	0	45386	37644	49624	44992	
3517	0	54448	36506	49648	45056	
3518	0	35392	31778	49688	45076	
3519	0	29389	45184	49592	45050	
3520	0	42808	33892	49556	45064	
3521	0	34984	37708	49600	45100	
3522	0	32960	37848	49520	45124	
3523	0	34572	36924	49480	45136	
3524	0	33272	38210	49384	45120	
3525	0	34358	37424	49320	45132	
3526	0	34458	37456	49252	45124	
3527	0	34412	37328	49152	45068	
3528	0	34292	37472	49104	45100	
3529	0	34532	37316	49008	45048	
3530	0	34368	37378	48920	45028	
3531	0	34380	37408	48864	45024	
3532	0	34344	37493	48788	45032	
3533	0	34385	37356	48704	44984	
3534	0	33900	37456	48552	44928	
3535	0	34360	37456	48500	44908	
3536	0	34837	37432	48368	44884	
3537	0	34332	37628	48224	44860	
3538	0	33746	37428	48073	44752	
3539	0	34720	37204	47936	44680	
3540	0	33716	37264	47757	44640	
3541	0	34934	37208	47625	44568	
3542	0	35108	37228	47489	44480	
3543	0	34984	37280	47288	44360	
3544	0	35068	37261	47053	44168	
3545	0	35085	37336	46888	44081	
3546	0	35016	37337	46626	43912	
3547	0	34944	37356	46365	43706	
3548	0	35024	37236	46144	43598	
3549	0	35060	37136	45896	43414	
3550	0	34956	37202	45648	43168	
3551	0	35122	37117	45428	42928	
3552	0	35144	37088	45105	42768	
3553	0	35352	37092	44833	42533	
3554	0	35381	37080	44548	42204	
3555	0	35446	37160	44284	42020	
3556	0	35420	37220	44056	41720	
3557	0	35392	37160	43724	41460	
3558	0	35300	37309	43385	41194	
3559	0	35240	37426	43074	41040	
3560	0	35264	37544	42832	40684	
3561	0	35332	37745	42468	40528	
3562	0	35272	37836	42276	40256	
3563	0	35212	38064	41952	39950	
3564	0	35417	37816	41504	39768	
3565	0	35296	38000	41184	39444	
3566	0	35392	38328	40992	39138	
3567	0	35812	38625	40648	38916	
3568	0	35888	39272	40276	38636	
3569	0	36076	39680	39945	38408	
3570	0	35892	40040	39602	38202	
3571	0	35634	40536	39240	37908	
3572	0	35048	41124	38920	37764	
3573	0	34552	42176	38608	37524	
3574	0	34864	43472	38234	37176	
3575	0	34612	45281	37941	37020	
3576	0	33736	45960	37604	36728	
3577	0	33800	44708	37268	36485	
3578	0	35700	43600	36936	36268	
3579	0	36808	43096	36608	36000	
3580	0	35524	42052	36284	35736	
3581	0	37772	41281	35948	35552	
3582	0	36056	40404	35648	35284	
3583	0	32448	38536	35333	35048	
3584	0	28036	36954	35012	34897	
3585	0	28781	35068	34660	34596	
3586	0	34524	34736	34380	34478	
3587	0	33176	35280	34096	34272	
3588	0	31472	37924	33764	33948	
3589	0	35232	33652	33492	33850	
3590	0	34512	29908	33192	33532	
3591	0	33646	33404	32900	33400	
3592	0	32496	33816	32621	33124	
3593	0	31581	33952	32340	32916	
3594	0	31862	34132	32100	32696	
3595	0	31682	34244	31818	32534	
3596	0	32057	34668	31561	32278	
3597	0	32428	34552	31348	32144	
3598	0	32544	34788	31060	31852	
3599	0	32434	35252	30824	31712	
3600	0	32452	35640	30580	31461	
3601	0	32309	35960	30336	31144	
3602	0	32584	36016	30104	30904	
3603	0	33032	36417	29872	30683	
3604	0	33230	36752	29628	30461	
3605	0	33432	37260	29389	30220	
3606	0	33704	38000	29116	29912	
3607	0	34068	38500	28886	29649	
3608	0	34388	38948	28660	29400	
3609	0	34800	39444	28444	29144	
3610	0	35360	39948	28194	28896	
3611	0	35936	40448	27960	28696	
3612	0	36800	40545	27692	28384	
3613	0	37968	41209	27416	28142	
3614	0	39091	41440	27208	27918	
3615	0	40324	41708	26924	27700	
3616	0	41860	41436	26744	27450	
3617	0	43336	40793	26440	27156	
3618	0	44464	39882	26276	26932	
3619	0	44656	38776	26046	26708	
3620	0	45224	37756	25749	26504	
3621	0	46148	35977	25569	26297	
3622	0	47912	34808	25354	26136	
3623	0	47252	34804	25105	25926	
3624	0	45264	35560	24884	25764	
3625	0	45424	37504	24633	25562	
3626	0	35904	40180	24374	25398	
3627	0	12024	46248	24165	25240	
3628	0	20780	37632	23980	25080	
3629	0	44180	35832	23786	24961	
3630	0	55306	42468	23554	24812	
3631	0	37840	29866	23389	24714	
3632	0	26776	47960	23128	24600	
3633	0	41668	30144	23024	24512	
3634	0	35160	38008	22817	24480	
3635	0	32864	38008	22604	24349	
3636	0	34656	36625	22392	24284	
3637	0	33228	38564	22219	24208	
3638	0	34340	37344	22108	24226	
3639	0	34235	37468	21969	24168	
3640	0	34692	37352	21840	24131	
3641	0	34317	37348	21696	24122	
3642	0	34576	37340	21581	24138	
3643	0	34608	37324	21500	24176	
3644	0	34582	37204	21366	24180	
3645	0	34424	37348	21289	24294	
3646	0	34409	37428	21202	24306	
3647	0	34404	37432	21139	24444	
3648	0	34484	37508	21089	24452	
3649	0	34412	37553	21053	24569	
3650	0	34372	37632	20965	24668	
3651	0	34321	37444	20964	24843	
3652	0	34358	37416	21016	24910	
3653	0	34568	37304	21048	25058	
3654	0	34836	37212	21076	25148	
3655	0	35256	36984	21072	25258	
3656	0	34729	37221	21120	25408	
3657	0	35080	37184	21164	25534	
3658	0	34944	37184	21217	25648	
3659	0	35048	37208	21353	25776	
3660	0	35392	37088	21390	25852	
3661	0	35372	36938	21500	25984	
3662	0	34488	37348	21600	26129	
3663	0	35180	37525	21732	26256	
3664	0	35309	36888	21882	26436	
3665	0	35140	37188	22018	26465	
3666	0	35244	37280	22124	26592	
3667	0	35412	37050	22258	26676	
3668	0	35261	37304	22402	26864	
3669	0	35280	37288	22575	26997	
3670	0	35424	37192	22760	27133	
3671	0	35156	37373	22924	27216	
3672	0	35229	37360	23064	27384	
3673	0	35504	37380	23216	27498	
3674	0	35392	37592	23376	27662	
3675	0	35440	37612	23536	27836	
3676	0	35396	37684	23708	27964	
3677	0	35404	37736	23861	28108	
3678	0	35536	37564	24040	28280	
3679	0	35660	37536	24184	28486	
3680	0	35724	37774	24328	28642	
3681	0	35881	38268	24509	28912	
3682	0	36108	38760	24706	29097	
3683	0	36018	39426	24853	29220	
3684	0	35797	40308	25041	29428	
3685	0	35644	40812	25188	29636	
3686	0	35620	41160	25373	29864	
3687	0	34920	42020	25552	30082	
3688	0	34612	43508	25632	30328	
3689	0	34424	45200	25861	30552	
3690	0	33868	46584	25976	30804	
3691	0	33409	45740	26169	31060	
3692	0	34144	44716	26288	31308	
3693	0	35392	43376	26517	31514	
3694	0	35364	42280	26624	31770	
3695	0	37424	40880	26888	32020	
3696	0	36148	39913	27044	32260	
3697	0	31749	38544	27200	32508	
3698	0	29678	37276	27451	32772	
3699	0	27394	36512	27632	33008	
3700	0	33621	33476	27866	33280	
3701	0	34376	35448	28064	33524	
3702	0	34024	35072	28288	33776	
3703	0	33437	35386	28520	34032	
3704	0	36880	29760	28784	34264	
3705	0	34596	32232	29016	34556	
3706	0	33132	33348	29232	34748	
3707	0	31573	33284	29512	34960	
3708	0	31122	33788	29736	35236	
3709	0	31061	35034	30016	35428	
3710	0	31098	34892	30272	35666	
3711	0	31337	34632	30544	35872	
3712	0	31691	34840	30832	36012	
3713	0	32048	35297	31132	36184	
3714	0	32508	35600	31380	36368	
3715	0	33044	35792	31662	36608	
3716	0	33346	35932	31964	36706	
3717	0	33485	36164	32225	36844	
3718	0	33888	36528	32509	37028	
3719	0	34280	36969	32820	37116	
3720	0	34616	37440	33077	37237	
3721	0	35016	37765	33360	37354	
3722	0	35202	38312	33600	37538	
3723	0	35552	38692	33882	37682	
3724	0	36008	39104	34136	37752	
3725	0	36584	39488	34398	37732	
3726	0	37080	39720	34640	37930	
3727	0	38160	40496	34857	37984	
3728	0	39192	40762	35092	38068	
3729	0	40498	40800	35308	38226	
3730	0	41568	40924	35520	38176	
3731	0	42308	40468	35776	38288	
3732	0	42628	39920	35924	38373	
3733	0	44048	39256	36176	38464	
3734	0	44200	38544	36324	38560	
3735	0	44160	37657	36500	38609	
3736	0	44112	36649	36712	38748	
3737	0	45196	35593	36876	38753	
3738	0	46096	35174	36976	38838	
3739	0	45048	35216	37136	38968	
3740	0	43556	35684	37256	39032	
3741	0	43504	37744	37377	39088	
3742	0	14462	46896	37502	39240	
3743	0	14056	42897	37668	39360	
3744	0	39906	35700	37716	39408	
3745	0	50321	42829	37792	39464	
3746	0	50584	26876	37892	39516	
3747	0	32976	41648	38015	39664	
3748	0	37032	35736	38048	39824	
3749	0	38716	34569	38121	39801	
3750	0	33782	38205	38169	39952	
3751	0	34868	36496	38346	40048	
3752	0	33954	37920	38304	40120	
3753	0	34352	37504	38324	40177	
3754	0	34566	37525	38360	40232	
3755	0	34940	37408	38444	40360	
3756	0	34880	37128	38452	40349	
3757	0	34820	37312	38488	40380	
3758	0	35104	37056	38524	40449	
3759	0	34834	37120	38552	40648	
3760	0	34916	37264	38596	40704	
3761	0	34936	37136	38616	40676	
3762	0	35289	37192	38652	40808	
3763	0	34888	37196	38700	40844	
3764	0	34868	37304	38832	40864	
3765	0	34830	37368	38852	40844	
3766	0	34916	37284	38764	40896	
3767	0	34748	37280	38840	40796	
3768	0	35512	36696	38880	40778	
3769	0	34490	37312	38936	40802	
3770	0	35216	36936	38832	40672	
3771	0	35069	37189	38900	40729	
3772	0	35616	37042	38936	40668	
3773	0	34433	37245	38901	40440	
3774	0	34948	37252	38808	40428	
3775	0	35592	37192	38792	40336	
3776	0	35108	37256	38792	40096	
3777	0	35016	37057	38761	39941	
3778	0	35412	37052	38688	39828	
3779	0	35332	37060	38740	39588	
3780	0	35516	36960	38560	39372	
3781	0	35409	37004	38496	39156	
3782	0	35648	37040	38512	38928	
3783	0	35677	36938	38336	38820	
3784	0	35600	36964	38228	38588	
3785	0	35745	36969	38120	38345	
3786	0	35757	37146	38080	37976	
3787	0	35616	37168	37904	37764	
3788	0	35744	37360	37752	37576	
3789	0	35605	37546	37680	37216	
3790	0	35628	37665	37458	36960	
3791	0	35384	38000	37380	36761	
3792	0	35348	37928	37178	36512	
3793	0	35569	37944	36978	36196	
3794	0	35660	38200	36780	36056	
3795	0	35969	38456	36664	35736	
3796	0	36296	39197	36404	35540	
3797	0	36424	39840	36196	35293	
3798	0	36498	40728	36008	35000	
3799	0	36556	40700	35804	34794	
3800	0	35708	41128	35612	34484	
3801	0	35377	42520	35402	34312	
3802	0	34964	43696	35197	34024	
3803	0	35004	45724	34964	33800	
3804	0	33988	46392	34762	33648	
3805	0	34208	44936	34553	33328	
3806	0	35104	43844	34321	33104	
3807	0	35368	43136	34089	32868	
3808	0	35212	41616	33868	32644	
3809	0	37884	40064	33636	32472	
3810	0	35348	39292	33408	32219	
3811	0	31948	37436	33216	32042	
3812	0	29412	36150	32973	31776	
3813	0	29506	35164	32744	31572	
3814	0	33234	34548	32552	31341	
3815	0	33196	34734	32338	31164	
3816	0	33789	35826	32164	30912	
3817	0	35184	30432	31984	30718	
3818	0	34366	33312	31788	30520	
3819	0	32070	34892	31584	30320	
3820	0	30753	34880	31428	30150	
3821	0	31616	34080	31240	29941	
3822	0	31008	34416	31028	29784	
3823	0	30993	34876	30864	29558	
3824	0	31680	34936	30708	29400	
3825	0	32208	35028	30544	29152	
3826	0	32773	35000	30366	28964	
3827	0	33090	35065	30232	28773	
3828	0	33340	35378	30050	28554	
3829	0	33306	35744	29883	28349	
3830	0	33332	36160	29733	28196	
3831	0	33522	36696	29560	27928	
3832	0	33664	37140	29402	27744	
3833	0	33984	37568	29249	27497	
3834	0	34228	37920	29088	27273	
3835	0	34400	38532	28914	27057	
3836	0	34816	38892	28724	26872	
3837	0	35424	39264	28552	26622	
3838	0	36136	39609	28389	26401	
3839	0	36796	40009	28196	26185	
3840	0	37516	40544	28016	25964	
3841	0	38460	40804	27813	25760	
3842	0	39612	41080	27638	25552	
3843	0	40604	41420	27436	25357	
3844	0	41912	41472	27224	25128	
3845	0	42784	40644	27046	24925	
3846	0	43816	39754	26842	24746	
3847	0	44536	38608	26644	24545	
3848	0	45400	36994	26443	24362	
3849	0	48420	34456	26240	24222	
3850	0	47736	33920	26008	24052	
3851	0	47124	34512	25809	23864	
3852	0	43850	38416	25556	23714	
3853	0	47404	36756	25352	23584	
3854	0	32832	43136	25092	23436	
3855	0	14717	43636	24848	23305	
3856	0	22272	38612	24662	23201	
3857	0	41128	37772	24421	23117	
3858	0	51984	43408	24152	23019	
3859	0	42296	27337	24034	22894	
3860	0	28537	47564	23692	22848	
3861	0	40773	31824	23536	22764	
3862	0	34960	37780	23208	22718	
3863	0	33700	37372	22992	22661	
3864	0	34974	36764	22844	22652	
3865	0	34140	37640	22549	22637	
3866	0	34542	37440	22356	22633	
3867	0	34800	37344	22170	22684	
3868	0	34784	37442	22004	22696	
3869	0	34708	37276	21793	22732	
3870	0	34712	37284	21576	22822	
3871	0	34788	37176	21378	22925	
3872	0	34858	37256	21272	23028	
3873	0	34676	37412	21065	23192	
3874	0	34636	37478	20940	23260	
3875	0	34612	37472	20792	23421	
3876	0	34852	37356	20712	23600	
3877	0	34312	37648	20542	23732	
3878	0	34496	37693	20453	23938	
3879	0	34637	37242	20336	24122	
3880	0	36736	36884	20324	24300	
3881	0	34572	37512	20268	24491	
3882	0	34884	37248	20229	24684	
3883	0	34952	37012	20180	24893	
3884	0	35720	36776	20116	25076	
3885	0	34844	37520	20084	25261	
3886	0	35036	37476	20082	25460	
3887	0	35688	36992	20162	25644	
3888	0	35076	37304	20177	25800	
3889	0	35461	37064	20158	26084	
3890	0	35521	37000	20264	26218	
3891	0	35692	36760	20322	26416	
3892	0	35464	37040	20401	26612	
3893	0	35520	37008	20476	26756	
3894	0	35656	37024	20617	26956	
3895	0	35744	36984	20686	27112	
3896	0	35776	36916	20872	27292	
3897	0	35828	36984	20930	27478	
3898	0	35812	36912	21066	27654	
3899	0	35753	37009	21232	27824	
3900	0	35686	37136	21432	28028	
3901	0	35620	37432	21590	28200	
3902	0	35569	37608	21739	28394	
3903	0	35508	37780	21928	28570	
3904	0	35516	37949	22028	28777	
3905	0	35786	37920	22268	28956	
3906	0	35856	37720	22453	29108	
3907	0	35752	37856	22658	29345	
3908	0	36112	38316	22824	29564	
3909	0	36228	39000	22980	29720	
3910	0	36384	39682	23218	29928	
3911	0	36420	40316	23384	30150	
3912	0	36372	40808	23624	30344	
3913	0	35884	41120	23822	30556	
3914	0	34940	42136	23980	30757	
3915	0	34836	43908	24232	30950	
3916	0	34780	45532	24453	31140	
3917	0	33149	46228	24620	31362	
3918	0	34333	45642	24885	31536	
3919	0	36812	44260	25133	31737	
3920	0	34380	43880	25374	31936	
3921	0	37688	41864	25628	32157	
3922	0	38804	40784	25832	32364	
3923	0	35181	39752	26078	32560	
3924	0	30608	37084	26389	32728	
3925	0	27949	36460	26648	32926	
3926	0	32596	33016	26952	33138	
3927	0	34080	34753	27224	33344	
3928	0	32444	37380	27504	33544	
3929	0	35536	30244	27860	33786	
3930	0	35784	33044	28138	34016	
3931	0	33356	32984	28460	34198	
3932	0	30928	35252	28790	34384	
3933	0	31280	34284	29128	34632	
3934	0	31600	34144	29472	34816	
3935	0	31412	34050	29816	35082	
3936	0	31426	34592	30172	35232	
3937	0	31876	34556	30537	35496	
3938	0	32308	34488	30890	35642	
3939	0	32576	34644	31252	35816	
3940	0	32880	34936	31620	36016	
3941	0	32892	35354	32037	36282	
3942	0	32960	35780	32406	36384	
3943	0	33142	36257	32772	36544	
3944	0	33324	36709	33101	36776	
3945	0	33594	37057	33464	36952	
3946	0	33764	37344	33824	37104	
3947	0	34020	38156	34198	37258	
3948	0	34285	38776	34569	37404	
3949	0	34730	39216	34920	37461	
3950	0	35386	39568	35312	37592	
3951	0	36140	40024	35668	37789	
3952	0	36828	40528	35976	37976	
3953	0	37664	41056	36321	38066	
3954	0	38812	41440	36642	38136	
3955	0	40129	41812	36952	38248	
3956	0	41473	42064	37300	38441	
3957	0	42576	41580	37556	38480	
3958	0	44120	40608	37844	38608	
3959	0	44876	39133	38128	38736	
3960	0	45208	37976	38452	38785	
3961	0	45224	36597	38684	38901	
3962	0	46752	35268	38984	39136	
3963	0	47324	34676	39206	39205	
3964	0	46008	35544	39420	39225	
3965	0	40322	43692	39700	39328	
3966	0	42468	35642	39872	39425	
3967	0	23152	46377	40096	39648	
3968	0	13190	41872	40300	39672	
3969	0	36472	35092	40516	39780	
3970	0	51792	41348	40752	39924	
3971	0	49864	25386	40900	39969	
3972	0	37804	41752	41024	40108	
3973	0	35576	37760	41206	40068	
3974	0	37581	35080	41528	40160	
3975	0	33440	38404	41564	40348	
3976	0	34348	37048	41704	40348	
3977	0	34384	37020	41858	40406	
3978	0	34496	37480	41996	40576	
3979	0	34584	37252	42130	40666	
3980	0	34536	37444	42312	40768	
3981	0	34649	37340	42536	40768	
3982	0	34552	37376	42568	40952	
3983	0	34484	37392	42668	41016	
3984	0	34512	37292	42794	41056	
3985	0	34408	37520	42984	41194	
3986	0	34568	37386	42976	41256	
3987	0	34568	37400	43088	41240	
3988	0	34538	37452	43184	41253	
3989	0	34668	37292	43312	41352	
3990	0	34792	37352	43344	41368	
3991	0	34473	37576	43452	41456	
3992	0	34576	37336	43464	41360	
3993	0	34992	37076	43544	41312	
3994	0	35036	37234	43572	41372	
3995	0	35186	36964	43649	41322	
3996	0	35173	37136	43699	41172	
3997	0	35170	37276	43640	41148	
3998	0	35196	37160	43616	41008	
3999	0	35592	36908	43684	40860	
4000	0	34884	37324	43592	40620	
4001	0	35272	37068	43572	40544	
4002	0	35137	37176	43508	40338	
4003	0	35249	37108	43452	40040	
4004	0	35088	37224	43376	39806	
4005	0	35500	37042	43340	39564	
4006	0	35376	37008	43288	39360	
4007	0	35452	36940	43193	39052	
4008	0	35512	36940	43017	38788	
4009	0	35625	36985	42896	38500	
4010	0	35424	37116	42876	38256	
4011	0	35588	36938	42664	37960	
4012	0	35436	37089	42488	37656	
4013	0	35538	37056	42328	37340	
4014	0	35473	37250	42162	37080	
4015	0	35428	37420	41980	36796	
4016	0	35644	37493	41906	36497	
4017	0	35457	37716	41676	36192	
4018	0	35292	37960	41542	35885	
4019	0	35434	38002	41296	35608	
4020	0	35428	37756	41122	35320	
4021	0	35408	38072	40817	35037	
4022	0	35770	38416	40544	34761	
4023	0	36133	38844	40328	34488	
4024	0	36138	39456	40088	34224	
4025	0	36368	40088	39896	33976	
4026	0	35984	40552	39592	33700	
4027	0	35684	40864	39364	33446	
4028	0	35214	41489	39188	33192	
4029	0	35010	42680	38860	32928	
4030	0	34824	44160	38656	32684	
4031	0	34418	46020	38392	32440	
4032	0	33216	45506	38124	32200	
4033	0	34481	44120	37858	31952	
4034	0	35316	43632	37632	31721	
4035	0	36316	42812	37346	31492	
4036	0	38272	41348	37088	31258	
4037	0	37836	40456	36881	31035	
4038	0	33573	39360	36640	30812	
4039	0	29272	37202	36408	30594	
4040	0	28700	36110	36096	30376	
4041	0	32816	33148	35872	30177	
4042	0	33576	35296	35722	29977	
4043	0	31132	37874	35381	29780	
4044	0	33692	28033	35208	29590	
4045	0	35018	34924	34936	29412	
4046	0	30098	34712	34716	29228	
4047	0	29053	36260	34532	29057	
4048	0	30746	34976	34254	28892	
4049	0	30052	35352	34028	28732	
4050	0	30624	35328	33884	28568	
4051	0	31597	35404	33584	28408	
4052	0	32356	35264	33376	28248	
4053	0	32764	35112	33148	28094	
4054	0	33113	35320	32920	27936	
4055	0	33352	35476	32696	27776	
4056	0	33536	36000	32468	27612	
4057	0	33761	36536	32240	27440	
4058	0	34120	37028	32026	27284	
4059	0	34264	37344	31804	27117	
4060	0	34428	37712	31552	26952	
4061	0	34492	38260	31320	26796	
4062	0	34580	38820	31069	26616	
4063	0	35296	39341	30836	26452	
4064	0	35908	39672	30578	26273	
4065	0	36448	39890	30340	26112	
4066	0	36976	40248	30048	25938	
4067	0	37676	40412	29760	25778	
4068	0	38912	40889	29544	25604	
4069	0	39972	41112	29260	25448	
4070	0	41488	41248	29028	25280	
4071	0	42376	40784	28768	25125	
4072	0	43620	39980	28508	24972	
4073	0	43828	39108	28218	24817	
4074	0	44128	38049	28016	24680	
4075	0	44044	36953	27756	24528	
4076	0	45073	35720	27501	24373	
4077	0	47320	35075	27232	24252	
4078	0	46976	35192	26976	24136	
4079	0	44500	37340	26708	24010	
4080	0	47596	33736	26476	23876	
4081	0	34248	43688	26160	23758	
4082	0	12385	46498	25906	23628	
4083	0	30696	37544	25656	23532	
4084	0	47720	41524	25456	23466	
4085	0	51000	36304	25234	23357	
4086	0	39744	31016	25040	23245	
4087	0	32256	43963	24762	23186	
4088	0	40868	32472	24570	23117	
4089	0	34800	38276	24325	23048	
4090	0	33676	37132	24180	22984	
4091	0	35256	36588	23992	22941	
4092	0	34396	37836	23816	22914	
4093	0	34624	37432	23568	22880	
4094	0	34784	37496	23501	22860	
4095	0	35036	37200	23334	22896	
4096	0	34670	37293	23216	22870	
4097	0	34712	37328	23124	22888	
4098	0	34740	37404	22940	22914	
4099	0	34824	37352	22924	22940	
4100	0	34788	37304	22886	23016	
4101	0	34892	37317	22741	23078	
4102	0	34880	37264	22792	23148	
4103	0	34924	37356	22745	23208	
4104	0	34836	37224	22748	23300	
4105	0	34861	37297	22741	23408	
4106	0	34822	37364	22782	23513	
4107	0	34980	37256	22850	23612	
4108	0	35486	36664	22898	23706	
4109	0	35312	37116	22954	23868	
4110	0	35529	36851	23032	23972	
4111	0	35468	37020	23156	24070	
4112	0	35545	36960	23232	24260	
4113	0	35232	37244	23368	24320	
4114	0	35453	37094	23512	24476	
4115	0	35481	37160	23626	24584	
4116	0	35372	37194	23804	24700	
4117	0	35440	37124	23914	24821	
4118	0	35622	36964	24122	25004	
4119	0	35460	37044	24230	25082	
4120	0	35577	37112	24409	25228	
4121	0	35736	37056	24645	25350	
4122	0	35808	37044	24744	25481	
4123	0	35720	37108	24966	25640	
4124	0	35604	36998	25153	25780	
4125	0	35570	37101	25340	25920	
4126	0	35556	37444	25522	26077	
4127	0	35660	37648	25704	26228	
4128	0	35724	37898	25876	26393	
4129	0	35712	38074	26076	26564	
4130	0	35584	38139	26224	26740	
4131	0	35648	38256	26366	26933	
4132	0	35442	38208	26585	27112	
4133	0	35532	38116	26745	27368	
4134	0	35796	38720	26908	27538	
4135	0	35888	39848	26984	27708	
4136	0	36468	40820	27172	27908	
4137	0	36232	41433	27330	28120	
4138	0	35856	42122	27528	28317	
4139	0	34780	43456	27650	28536	
4140	0	34784	45562	27778	28778	
4141	0	33408	47464	27912	28958	
4142	0	34260	46436	28077	29160	
4143	0	35120	45370	28229	29376	
4144	0	36576	43912	28347	29604	
4145	0	37472	42204	28530	29845	
4146	0	38304	41320	28672	29968	
4147	0	35532	40193	28836	30164	
4148	0	31420	38186	29060	30404	
4149	0	27100	36652	29268	30560	
4150	0	31470	33348	29452	30748	
4151	0	36000	34568	29638	30953	
4152	0	34034	34916	29860	31136	
4153	0	34580	34800	30060	31404	
4154	0	36580	31884	30280	31516	
4155	0	34698	31477	30580	31762	
4156	0	33576	32452	30772	31900	
4157	0	31985	33628	31058	32093	
4158	0	31508	33424	31310	32272	
4159	0	31268	33492	31580	32468	
4160	0	31094	33761	31880	32656	
4161	0	31329	34000	32152	32818	
4162	0	31409	34164	32496	33032	
4163	0	31784	34150	32784	33168	
4164	0	32204	34040	33098	33348	
4165	0	32518	34273	33384	33497	
4166	0	32512	34560	33688	33664	
4167	0	32521	35058	34016	33792	
4168	0	32569	35616	34356	34024	
4169	0	32832	36124	34664	34152	
4170	0	32960	36724	35024	34240	
4171	0	33282	37068	35320	34436	
4172	0	33568	37504	35626	34488	
4173	0	33636	38196	35872	34676	
4174	0	33756	38988	36152	34760	
4175	0	36524	39472	36481	34800	
4176	0	35376	38608	36742	34904	
4177	0	34529	40840	37012	35064	
4178	0	35741	41640	37266	35121	
4179	0	37664	41728	37556	35296	
4180	0	38984	42192	37792	35372	
4181	0	40696	42406	38028	35528	
4182	0	42380	42408	38212	35560	
4183	0	43808	41984	38472	35764	
4184	0	45476	41064	38716	35850	
4185	0	46248	39692	38860	35922	
4186	0	47344	37514	39096	36044	
4187	0	50592	34776	39234	36192	
4188	0	48352	37316	39413	36296	
4189	0	52824	32760	39584	36456	
4190	0	45476	35458	39756	36602	
4191	0	31916	43897	39872	36752	
4192	0	12362	43500	40060	36914	
4193	0	31509	37520	40136	37020	
4194	0	53452	42072	40328	37208	
4195	0	45770	27640	40336	37323	
4196	0	35552	42752	40428	37500	
4197	0	36028	37298	40532	37652	
4198	0	38422	34668	40616	37716	
4199	0	33496	38128	40688	37880	
4200	0	34640	36800	40856	37972	
4201	0	34628	37080	40901	38112	
4202	0	33968	37929	40916	38322	
4203	0	34396	37405	40988	38372	
4204	0	34750	37249	40952	38489	
4205	0	34300	37142	40992	38648	
4206	0	34438	37488	41036	38776	
4207	0	34392	37500	41072	38772	
4208	0	34505	37520	41088	38860	
4209	0	34442	37416	41120	39008	
4210	0	34916	37328	41232	39020	
4211	0	34660	37450	41216	39060	
4212	0	34608	37392	41180	39100	
4213	0	34385	37440	41209	39128	
4214	0	35368	37300	41252	39224	
4215	0	34668	37564	41268	39146	
4216	0	35048	37588	41274	39176	
4217	0	34896	37218	41276	39180	
4218	0	35736	36978	41334	39132	
4219	0	34764	37449	41273	38968	
4220	0	35408	37096	41260	38928	
4221	0	35376	37164	41244	38760	
4222	0	35184	37128	41208	38669	
4223	0	35216	37058	41164	38457	
4224	0	35256	37138	41140	38288	
4225	0	35332	37061	41212	38074	
4226	0	35268	37074	41120	37884	
4227	0	35425	37049	40937	37684	
4228	0	35346	36980	40848	37420	
4229	0	35536	37072	40772	37208	
4230	0	35476	37021	40744	36904	
4231	0	35552	37000	40624	36601	
4232	0	35540	37106	40524	36372	
4233	0	35514	37072	40252	36041	
4234	0	35648	37032	40233	35769	
4235	0	35644	37153	40032	35424	
4236	0	35504	37148	39788	35114	
4237	0	35516	37278	39600	34808	
4238	0	35594	37516	39418	34520	
4239	0	35589	37800	39282	34204	
4240	0	35560	37896	38992	33860	
4241	0	35496	38124	38785	33538	
4242	0	35632	38030	38617	33228	
4243	0	35536	38136	38336	32908	
4244	0	35704	38456	38090	32592	
4245	0	35900	39168	37856	32288	
4246	0	36232	39936	37577	31980	
4247	0	36250	40460	37312	31660	
4248	0	35984	40840	37052	31362	
4249	0	35244	41856	36808	31060	
4250	0	35044	42788	36536	30772	
4251	0	35008	44100	36268	30472	
4252	0	34976	45952	35984	30180	
4253	0	33182	46032	35738	29889	
4254	0	33600	44392	35432	29596	
4255	0	35624	43564	35156	29308	
4256	0	35940	43220	34880	29033	
4257	0	38992	41709	34601	28748	
4258	0	37885	41172	34316	28472	
4259	0	33824	39668	34040	28178	
4260	0	29874	37145	33808	27916	
4261	0	29089	35377	33504	27640	
4262	0	34336	33760	33236	27372	
4263	0	34297	35036	32981	27132	
4264	0	33228	36960	32764	26865	
4265	0	35680	29028	32552	26596	
4266	0	35360	33340	32278	26378	
4267	0	32268	34063	32104	26128	
4268	0	30760	35088	31876	25897	
4269	0	31352	33668	31616	25668	
4270	0	31516	33708	31408	25440	
4271	0	31160	34144	31194	25218	
4272	0	31564	34472	31032	24997	
4273	0	32000	34432	30810	24801	
4274	0	32492	34504	30624	24576	
4275	0	32898	34482	30424	24380	
4276	0	33216	34584	30256	24193	
4277	0	33156	35120	30042	23989	
4278	0	33112	35603	29860	23782	
4279	0	33124	36092	29682	23608	
4280	0	33260	36614	29492	23404	
4281	0	33678	37028	29304	23228	
4282	0	33976	37228	29128	23044	
4283	0	33996	37893	28928	22879	
4284	0	34306	38576	28701	22708	
4285	0	34576	39040	28540	22541	
4286	0	34932	39328	28326	22384	
4287	0	35460	39720	28084	22200	
4288	0	36041	40172	27936	22052	
4289	0	36700	40576	27732	21904	
4290	0	37756	41104	27544	21764	
4291	0	39080	41460	27346	21633	
4292	0	40160	41572	27088	21492	
4293	0	41458	41656	26945	21367	
4294	0	42792	41120	26680	21282	
4295	0	44158	40216	26500	21176	
4296	0	44800	38894	26212	21080	
4297	0	45416	37196	26024	21004	
4298	0	47352	35306	25848	20924	
4299	0	48888	34210	25630	20861	
4300	0	47716	34196	25440	20808	
4301	0	45952	35840	25204	20764	
4302	0	42649	41540	24976	20728	
4303	0	38054	36472	24740	20696	
4304	0	12266	47740	24515	20678	
4305	0	24780	39484	24325	20672	
4306	0	43744	38860	24072	20664	
4307	0	51072	48904	23810	20685	
4308	0	41764	31013	23732	20698	
4309	0	32160	44120	23412	20712	
4310	0	40600	31274	23300	20744	
4311	0	34804	38150	23084	20785	
4312	0	33728	37224	22888	20818	
4313	0	35180	36612	22748	20896	
4314	0	34217	37828	22604	20960	
4315	0	34688	37488	22422	21036	
4316	0	34708	37424	22260	21104	
4317	0	35104	37208	22116	21214	
4318	0	34792	37188	21993	21280	
4319	0	34844	37274	21892	21408	
4320	0	35008	37076	21772	21528	
4321	0	34861	37216	21668	21696	
4322	0	34813	37272	21601	21792	
4323	0	34960	37186	21546	21961	
4324	0	34881	37406	21436	22176	
4325	0	34900	37308	21396	22350	
4326	0	34676	37538	21392	22504	
4327	0	34832	37340	21314	22670	
4328	0	34652	37284	21277	22825	
4329	0	35280	37238	21314	23025	
4330	0	35008	37240	21311	23236	
4331	0	34672	37225	21392	23438	
4332	0	35796	36937	21382	23648	
4333	0	35504	37114	21438	23876	
4334	0	35592	36964	21516	24028	
4335	0	35612	37009	21500	24234	
4336	0	35328	37088	21576	24500	
4337	0	35676	37024	21748	24632	
4338	0	35293	37216	21800	24800	
4339	0	35025	37232	21920	25034	
4340	0	35361	37084	21972	25265	
4341	0	35456	36976	22088	25424	
4342	0	35514	36848	22268	25628	
4343	0	35568	36944	22402	25854	
4344	0	35752	36961	22506	26016	
4345	0	35620	37114	22629	26248	
4346	0	35785	37032	22767	26412	
4347	0	35716	36976	22936	26612	
4348	0	35676	37048	23000	26853	
4349	0	35552	37228	23152	27052	
4350	0	35640	37364	23360	27272	
4351	0	35616	37420	23504	27506	
4352	0	35630	37720	23652	27776	
4353	0	35884	37728	23757	28000	
4354	0	35802	37776	23886	28304	
4355	0	35912	37720	24060	28545	
4356	0	35680	37762	24148	28880	
4357	0	35926	38020	24377	29104	
4358	0	36170	38500	24516	29341	
4359	0	36144	39405	24626	29648	
4360	0	36452	40321	24755	30010	
4361	0	36372	40676	24862	30261	
4362	0	35896	41024	25056	30536	
4363	0	35456	42209	25160	30880	
4364	0	35362	43192	25333	31152	
4365	0	35344	45594	25465	31456	
4366	0	34106	46660	25632	31844	
4367	0	34388	45932	25728	32100	
4368	0	34512	44532	25916	32412	
4369	0	35644	43452	26058	32729	
4370	0	36708	41180	26260	33056	
4371	0	38657	41032	26374	33341	
4372	0	36349	40184	26580	33640	
4373	0	32180	38208	26772	33952	
4374	0	29490	36850	26956	34248	
4375	0	30746	34608	27152	34572	
4376	0	35968	34070	27342	34896	
4377	0	33636	35804	27536	35232	
4378	0	32832	36824	27716	35459	
4379	0	33866	31713	27986	35780	
4380	0	34818	33106	28235	36104	
4381	0	31269	34240	28466	36376	
4382	0	30584	35008	28722	36680	
4383	0	31194	33792	28968	36953	
4384	0	31320	33809	29240	37224	
4385	0	31096	34258	29521	37516	
4386	0	31460	34258	29780	37764	
4387	0	32080	34041	30064	37928	
4388	0	32760	34041	30344	38269	
4389	0	33198	34080	30688	38465	
4390	0	33470	34213	30936	38633	
4391	0	33528	34696	31232	38908	
4392	0	33612	35284	31557	39076	
4393	0	33560	35841	31876	39161	
4394	0	33754	36336	32176	39380	
4395	0	33832	36904	32468	39512	
4396	0	34044	37312	32760	39688	
4397	0	34128	37700	33076	39800	
4398	0	34464	38290	33392	39932	
4399	0	34808	38836	33722	40080	
4400	0	35424	39292	34016	40112	
4401	0	36088	39832	34337	40256	
4402	0	36996	40122	34641	40332	
4403	0	38008	40748	34965	40297	
4404	0	39128	41112	35272	40480	
4405	0	40376	41348	35596	40576	
4406	0	41800	41548	35904	40548	
4407	0	42632	40988	36252	40633	
4408	0	43944	40032	36572	40624	
4409	0	44724	38992	36856	40652	
4410	0	45313	38044	37132	40730	
4411	0	45664	36760	37484	40648	
4412	0	47668	34936	37820	40640	
4413	0	48396	34121	38088	40696	
4414	0	46256	35252	38400	40596	
4415	0	49976	32184	38670	40736	
4416	0	31070	45712	38864	40544	
4417	0	9820	48672	39128	40672	
4418	0	32360	34720	39380	40484	
4419	0	49610	39594	39608	40458	
4420	0	50048	36428	39830	40460	
4421	0	37012	35112	40192	40384	
4422	0	30173	42732	40357	40385	
4423	0	40737	32208	40636	40292	
4424	0	34316	38208	40708	40326	
4425	0	34184	37116	41048	40249	
4426	0	34839	36781	41140	40288	
4427	0	34162	37812	41364	40160	
4428	0	34504	37248	41544	40068	
4429	0	34641	37436	41672	40120	
4430	0	34958	37252	41922	40074	
4431	0	34706	37276	41984	40000	
4432	0	34690	37388	42146	40009	
4433	0	34660	37281	42332	39956	
4434	0	34674	37284	42444	39976	
4435	0	34865	37296	42596	39936	
4436	0	34698	37442	42725	39921	
4437	0	34710	37356	42864	39888	
4438	0	34756	37430	42988	39852	
4439	0	34724	37420	43088	39768	
4440	0	34632	37368	43264	39781	
4441	0	34764	37412	43280	39696	
4442	0	34753	37221	43472	39708	
4443	0	34656	37148	43456	39628	
4444	0	35209	37228	43592	39577	
4445	0	35440	37152	43569	39528	
4446	0	35506	37172	43608	39388	
4447	0	35073	37200	43660	39316	
4448	0	35156	37270	43684	39236	
4449	0	35168	37305	43648	39104	
4450	0	35170	37148	43640	39056	
4451	0	35569	36968	43604	38888	
4452	0	35153	37028	43560	38816	
4453	0	35356	37228	43584	38662	
4454	0	35333	36858	43512	38538	
4455	0	35400	37020	43424	38332	
4456	0	35364	36944	43232	38177	
4457	0	35432	37025	43112	38016	
4458	0	35696	37020	42976	37865	
4459	0	35516	37116	42832	37688	
4460	0	35445	37204	42688	37528	
4461	0	35520	37057	42540	37328	
4462	0	35369	37292	42393	37148	
4463	0	35424	37376	42232	37008	
4464	0	35536	37484	41884	36792	
4465	0	35456	37780	41716	36608	
4466	0	35584	37824	41416	36472	
4467	0	35530	38044	41273	36264	
4468	0	35633	38148	40913	36084	
4469	0	35836	38132	40744	35928	
4470	0	35820	38456	40464	35714	
4471	0	35968	38884	40160	35564	
4472	0	35988	39600	39864	35362	
4473	0	35756	40048	39568	35246	
4474	0	35532	41266	39292	35068	
4475	0	35384	41460	38928	34900	
4476	0	34544	42256	38664	34732	
4477	0	33669	43592	38336	34588	
4478	0	33512	46144	38072	34413	
4479	0	33448	47308	37760	34260	
4480	0	33184	45992	37472	34134	
4481	0	36240	43872	37170	33956	
4482	0	36456	43664	36872	33788	
4483	0	39744	41901	36552	33700	
4484	0	38968	41033	36284	33528	
4485	0	35472	39888	35945	33360	
4486	0	30432	37912	35660	33266	
4487	0	27320	36856	35376	33140	
4488	0	34012	33508	35180	33068	
4489	0	35708	34457	34828	32882	
4490	0	33905	35202	34536	32860	
4491	0	30888	37392	34280	32712	
4492	0	33596	31092	34092	32662	
4493	0	34852	32377	33764	32548	
4494	0	31380	33460	33520	32496	
4495	0	30776	34208	33305	32445	
4496	0	31106	33576	33028	32330	
4497	0	31056	33668	32704	32235	
4498	0	31034	34268	32444	32284	
4499	0	31608	34266	32208	32140	
4500	0	32116	34372	32004	32136	
4501	0	32608	34248	31736	32012	
4502	0	32929	34504	31444	31976	
4503	0	33012	34764	31212	31913	
4504	0	32836	35214	30976	31888	
4505	0	32968	35689	30722	31802	
4506	0	33021	36208	30480	31728	
4507	0	33268	36484	30241	31656	
4508	0	33688	36844	30004	31586	
4509	0	33776	37352	29757	31548	
4510	0	34041	38096	29504	31440	
4511	0	34206	38636	29277	31428	
4512	0	34608	39064	29004	31296	
4513	0	35456	39552	28721	31194	
4514	0	35992	40224	28528	31144	
4515	0	36740	40520	28244	31040	
4516	0	37684	41140	28033	30957	
4517	0	39044	41600	27793	30937	
4518	0	40452	42265	27473	30792	
4519	0	41880	42610	27225	30712	
4520	0	42981	41856	27048	30664	
4521	0	44432	40794	26808	30626	
4522	0	44824	39772	26564	30480	
4523	0	45716	38244	26321	30424	
4524	0	46936	36364	26057	30349	
4525	0	49964	34320	25806	30288	
4526	0	49040	34744	25576	30245	
4527	0	41190	44240	25261	30192	
4528	0	50096	30340	25113	30116	
4529	0	24674	45040	24743	30096	
4530	0	9040	48564	24493	30056	
4531	0	37690	32836	24352	29976	
4532	0	54352	41564	24012	29936	
4533	0	49700	25968	23944	29922	
4534	0	36036	41093	23624	29910	
4535	0	35640	36906	23384	29828	
4536	0	38624	34784	23204	29844	
4537	0	34404	37608	22937	29825	
4538	0	34872	36808	22734	29782	
4539	0	34724	37232	22530	29805	
4540	0	34200	37675	22360	29804	
4541	0	34740	37286	22156	29824	
4542	0	34888	37332	21988	29864	
4543	0	34824	37192	21820	29880	
4544	0	34688	37360	21602	29912	
4545	0	34772	37280	21482	29936	
4546	0	34800	37344	21328	30064	
4547	0	34744	37464	21180	30094	
4548	0	34524	37432	21084	30189	
4549	0	34728	37300	20992	30292	
4550	0	34610	37320	20876	30384	
4551	0	34920	37320	20802	30506	
4552	0	34896	37349	20772	30609	
4553	0	34761	37296	20674	30740	
4554	0	34892	37160	20636	30857	
4555	0	35504	36960	20648	30972	
4556	0	34732	37272	20561	31114	
4557	0	34900	37226	20572	31136	
4558	0	34980	37209	20560	31378	
4559	0	36330	36768	20650	31497	
4560	0	34890	37400	20653	31640	
4561	0	34936	37162	20656	31764	
4562	0	35344	37234	20768	31904	
4563	0	35324	37113	20813	32013	
4564	0	35328	37089	20856	32168	
4565	0	35292	37121	21000	32256	
4566	0	35528	36928	21058	32400	
4567	0	35416	36964	21108	32500	
4568	0	35484	36973	21250	32626	
4569	0	35520	37073	21390	32770	
4570	0	35572	37008	21469	32876	
4571	0	35524	37012	21673	32972	
4572	0	35613	37120	21732	33107	
4573	0	35676	37196	21926	33116	
4574	0	35684	37216	22050	33368	
4575	0	35744	37524	22235	33488	
4576	0	35612	37468	22411	33638	
4577	0	35568	37668	22592	33730	
4578	0	35556	37784	22692	33864	
4579	0	35486	37981	22958	34098	
4580	0	35512	37898	23092	34196	
4581	0	35549	37928	23283	34360	
4582	0	35738	38448	23456	34512	
4583	0	36170	39218	23668	34656	
4584	0	36632	39752	23832	34764	
4585	0	36704	40240	24050	35012	
4586	0	36152	40584	24212	35186	
4587	0	35156	41168	24409	35362	
4588	0	35436	42426	24633	35495	
4589	0	35432	43204	24845	35712	
4590	0	35288	45528	25002	35876	
4591	0	34094	45336	25212	36016	
4592	0	33532	43908	25440	36232	
4593	0	34424	43129	25624	36393	
4594	0	35496	43536	25880	36576	
4595	0	38000	42216	26112	36668	
4596	0	38884	41053	26276	36900	
4597	0	36116	40128	26564	37120	
4598	0	31698	38428	26752	37304	
4599	0	30388	35904	27060	37521	
4600	0	30296	35536	27321	37692	
4601	0	33812	34596	27574	37896	
4602	0	31840	37524	27848	38140	
4603	0	32792	35690	28104	38308	
4604	0	35274	30432	28389	38532	
4605	0	34248	34541	28680	38824	
4606	0	31712	35344	28961	38970	
4607	0	30960	34730	29304	39256	
4608	0	31624	34548	29562	39460	
4609	0	31096	34592	29868	39720	
4610	0	31208	34768	30170	39920	
4611	0	31581	34992	30497	40120	
4612	0	31980	34846	30820	40392	
4613	0	32476	34724	31120	40520	
4614	0	32984	34776	31454	40745	
4615	0	33209	35017	31772	41016	
4616	0	33292	35336	32106	41164	
4617	0	33336	35868	32473	41264	
4618	0	33538	36330	32769	41504	
4619	0	33672	36845	33144	41729	
4620	0	33888	37332	33452	41816	
4621	0	34028	37648	33772	42004	
4622	0	34132	38256	34128	42092	
4623	0	34348	38912	34460	42154	
4624	0	34836	39498	34821	42272	
4625	0	35308	39900	35132	42440	
4626	0	35900	40236	35512	42552	
4627	0	36514	40644	35816	42650	
4628	0	37632	41208	36200	42712	
4629	0	38844	41624	36528	42816	
4630	0	39904	41720	36889	42792	
4631	0	41208	41640	37232	42948	
4632	0	42800	40944	37540	42906	
4633	0	44208	39844	37840	43024	
4634	0	45265	38452	38240	42992	
4635	0	45976	37025	38508	43069	
4636	0	48404	34776	38824	43188	
4637	0	49128	33048	39140	43168	
4638	0	46928	34184	39548	43164	
4639	0	44641	36444	39724	43300	
4640	0	37997	43813	40044	43332	
4641	0	37728	35436	40296	43284	
4642	0	17376	45136	40560	43352	
4643	0	18548	41560	40828	43424	
4644	0	42524	37408	41120	43412	
4645	0	52656	43649	41400	43416	
4646	0	42004	31058	41624	43460	
4647	0	36180	40016	41940	43472	
4648	0	39320	33842	42120	43492	
4649	0	34944	36852	42424	43606	
4650	0	34193	37051	42584	43604	
4651	0	34668	37050	42936	43640	
4652	0	34168	37673	43072	43664	
4653	0	34644	37320	43256	43658	
4654	0	34764	37344	43472	43696	
4655	0	34980	37188	43690	43684	
4656	0	34732	37292	43908	43700	
4657	0	34712	37313	44116	43732	
4658	0	34720	37304	44356	43756	
4659	0	34690	37280	44497	43814	
4660	0	34756	37344	44724	43880	
4661	0	34762	37308	44876	43840	
4662	0	34740	37406	45040	43824	
4663	0	34604	37488	45200	43908	
4664	0	34292	37452	45348	43824	
4665	0	34664	37524	45544	43852	
4666	0	35001	37360	45652	43816	
4667	0	35336	36944	45784	43764	
4668	0	34909	37400	45888	43672	
4669	0	35129	37009	46004	43664	
4670	0	34473	37408	46084	43504	
4671	0	35388	36900	46170	43396	
4672	0	35036	37080	46236	43333	
4673	0	35120	37264	46308	43104	
4674	0	35264	37192	46416	43001	
4675	0	35520	37156	46400	42754	
4676	0	35197	37160	46460	42592	
4677	0	35248	37212	46484	42348	
4678	0	35373	37128	46448	42100	
4679	0	35616	36856	46436	41841	
4680	0	35476	37160	46368	41528	
4681	0	35616	37088	46308	41204	
4682	0	35516	37012	46276	40896	
4683	0	35488	37188	46216	40620	
4684	0	35584	37033	46101	40288	
4685	0	35680	36908	46056	39920	
4686	0	35540	37056	45948	39585	
4687	0	35488	37068	45856	39244	
4688	0	35656	37221	45675	38892	
4689	0	35641	37404	45512	38552	
4690	0	35584	37634	45424	38181	
4691	0	35720	37600	45192	37836	
4692	0	35537	37941	45044	37488	
4693	0	35784	37920	44800	37100	
4694	0	35736	38072	44648	36772	
4695	0	35710	38352	44376	36376	
4696	0	35812	38956	44133	36053	
4697	0	36312	39540	43888	35728	
4698	0	36137	40032	43636	35376	
4699	0	36029	40684	43402	34988	
4700	0	35745	41176	43104	34708	
4701	0	34861	41792	42913	34324	
4702	0	34338	43360	42540	33992	
4703	0	34700	44968	42272	33687	
4704	0	33560	46264	42016	33420	
4705	0	33348	45252	41680	33088	
4706	0	37896	42648	41484	32728	
4707	0	36488	43128	41112	32489	
4708	0	35772	42744	40816	32128	
4709	0	38608	41280	40628	31846	
4710	0	36612	40224	40328	31612	
4711	0	31992	38665	40128	31304	
4712	0	29196	36506	39793	30988	
4713	0	29352	35501	39504	30720	
4714	0	35156	33848	39276	30476	
4715	0	34068	35184	39025	30168	
4716	0	30848	38112	38772	29900	
4717	0	33248	30488	38561	29666	
4718	0	35394	33712	38428	29420	
4719	0	31536	34108	38274	29148	
4720	0	30209	35496	38032	28840	
4721	0	31114	34469	37788	28624	
4722	0	30888	34254	37664	28344	
4723	0	30728	34484	37480	28082	
4724	0	31520	34656	37248	27776	
4725	0	31968	34552	37082	27509	
4726	0	32392	34560	36988	27193	
4727	0	32584	34698	36804	26932	
4728	0	32756	35084	36616	26644	
4729	0	32736	35421	36560	26312	
4730	0	32852	35872	36312	25984	
4731	0	33090	36320	36209	25729	
4732	0	33440	36692	36024	25360	
4733	0	33712	37084	35906	25069	
4734	0	33832	37704	35733	24748	
4735	0	33989	38396	35604	24408	
4736	0	34324	39082	35492	24069	
4737	0	35017	39556	35312	23730	
4738	0	35700	40041	35162	23432	
4739	0	36548	40380	34992	23097	
4740	0	37348	40896	34864	22746	
4741	0	38452	41184	34696	22428	
4742	0	39488	41728	34525	22036	
4743	0	40680	42148	34376	21797	
4744	0	42204	41898	34192	21481	
4745	0	43280	40932	34013	21144	
4746	0	44516	40016	33825	20892	
4747	0	44884	38500	33608	20586	
4748	0	45657	36916	33420	20326	
4749	0	48160	34564	33200	20009	
4750	0	45876	38294	33013	19672	
4751	0	49412	33926	32780	19534	
4752	0	44372	36876	32592	19338	
4753	0	34952	44268	32364	19038	
4754	0	19528	40488	32108	18909	
4755	0	30968	38537	31892	18563	
4756	0	53064	37677	31648	18436	
4757	0	44196	27105	31445	18264	
4758	0	34146	45760	31128	18168	
4759	0	39265	33024	30896	17962	
4760	0	36696	37060	30656	17774	
4761	0	33776	37696	30392	17698	
4762	0	34768	36586	30145	17619	
4763	0	34520	37264	29882	17512	
4764	0	34496	37384	29628	17398	
4765	0	34344	37420	29384	17346	
4766	0	34805	37345	29114	17280	
4767	0	34796	37202	28850	17229	
4768	0	34588	37458	28600	17267	
4769	0	34504	37416	28384	17202	
4770	0	34380	37477	28116	17290	
4771	0	34405	37392	27893	17255	
4772	0	34708	37252	27664	17336	
4773	0	34861	37248	27384	17360	
4774	0	34845	37384	27200	17508	
4775	0	34565	37434	26997	17545	
4776	0	34290	37512	26740	17710	
4777	0	35976	37156	26573	17836	
4778	0	34461	37544	26322	17949	
4779	0	34860	37240	26176	18112	
4780	0	35516	36936	26018	18218	
4781	0	35576	37073	25862	18414	
4782	0	35345	37148	25692	18566	
4783	0	35216	37272	25494	18728	
4784	0	35109	37223	25345	18911	
4785	0	35408	37048	25228	19068	
4786	0	35248	37181	25184	19235	
4787	0	35232	37154	25057	19420	
4788	0	35304	37172	24968	19589	
4789	0	35373	37068	24845	19753	
4790	0	35338	37088	24800	19906	
4791	0	35604	36920	24776	20063	
4792	0	35444	37092	24756	20212	
4793	0	35436	37040	24713	20376	
4794	0	35656	37022	24652	20528	
4795	0	35664	36992	24692	20676	
4796	0	35665	37028	24641	20816	
4797	0	35624	37044	24740	20962	
4798	0	35716	37072	24720	21112	
4799	0	35504	37224	24792	21260	
4800	0	35552	37493	24852	21397	
4801	0	35472	37612	24949	21533	
4802	0	35506	37688	24997	21675	
4803	0	35428	37880	25109	21821	
4804	0	35668	38041	25162	21972	
4805	0	35642	38016	25324	22116	
4806	0	35684	38116	25434	22259	
4807	0	35780	38612	25544	22420	
4808	0	36288	39196	25664	22580	
4809	0	36350	39724	25836	22737	
4810	0	36060	40492	25954	22888	
4811	0	35929	41076	26104	23048	
4812	0	35526	41064	26324	23216	
4813	0	35076	42184	26435	23378	
4814	0	34704	43612	26632	23556	
4815	0	34724	45584	26776	23732	
4816	0	33160	46612	26984	23896	
4817	0	33744	44812	27180	24088	
4818	0	37418	43784	27312	24277	
4819	0	35436	42924	27564	24460	
4820	0	38016	42272	27764	24649	
4821	0	38216	41128	27989	24858	
4822	0	35164	39706	28148	25040	
4823	0	30973	37196	28404	25264	
4824	0	28810	36304	28654	25472	
4825	0	33640	34272	28902	25700	
4826	0	34192	35321	29132	25932	
4827	0	32308	37632	29376	26176	
4828	0	35648	29453	29626	26424	
4829	0	35704	33420	29873	26697	
4830	0	32724	33682	30136	26952	
4831	0	30642	34702	30432	27234	
4832	0	31377	33932	30731	27520	
4833	0	31412	33668	30966	27795	
4834	0	30917	34080	31268	28108	
4835	0	31180	34276	31589	28365	
4836	0	31784	34144	31841	28688	
4837	0	32424	34073	32136	28980	
4838	0	32760	34172	32474	29312	
4839	0	33016	34397	32753	29584	
4840	0	33008	34800	33068	29916	
4841	0	33181	35158	33409	30164	
4842	0	33369	35540	33696	30457	
4843	0	33482	36216	34002	30785	
4844	0	33944	36468	34328	31108	
4845	0	34288	36640	34660	31362	
4846	0	34168	37168	35000	31650	
4847	0	34193	37904	35306	31929	
4848	0	34696	38584	35626	32248	
4849	0	35148	39040	35968	32560	
4850	0	35776	39396	36240	32794	
4851	0	36404	39620	36572	33096	
4852	0	37176	40004	36938	33426	
4853	0	38104	40568	37208	33649	
4854	0	39112	41148	37552	33992	
4855	0	40544	41672	37880	34228	
4856	0	41756	41536	38176	34496	
4857	0	42788	40632	38428	34784	
4858	0	43328	39528	38765	35092	
4859	0	43640	38568	39040	35360	
4860	0	44168	37444	39337	35692	
4861	0	45616	36096	39664	35952	
4862	0	49168	34040	39940	36278	
4863	0	47836	34288	40220	36496	
4864	0	41104	44316	40484	36806	
4865	0	44836	35872	40736	37141	
4866	0	18578	46688	40968	37340	
4867	0	15852	42196	41216	37690	
4868	0	40784	36920	41496	37924	
4869	0	52688	46598	41712	38236	
4870	0	40136	31060	41960	38489	
4871	0	31524	44860	42160	38708	
4872	0	41802	30796	42396	38993	
4873	0	35158	37712	42712	39168	
4874	0	33645	37512	42890	39410	
4875	0	35372	36570	43008	39696	
4876	0	33920	37981	43189	39888	
4877	0	34712	37260	43448	40032	
4878	0	34917	37372	43637	40304	
4879	0	35212	36976	43722	40450	
4880	0	34888	37296	43884	40708	
4881	0	35004	37185	44044	40838	
4882	0	34872	37264	44220	41056	
4883	0	34900	37136	44364	41201	
4884	0	34888	37292	44520	41344	
4885	0	34956	37176	44700	41476	
4886	0	34804	37372	44868	41568	
4887	0	35692	37024	44953	41624	
4888	0	34864	37344	45156	41776	
4889	0	34853	37352	45216	41841	
4890	0	34904	37281	45344	41833	
4891	0	34528	37460	45452	41860	
4892	0	35496	36929	45562	41904	
4893	0	35544	36739	45648	41836	
4894	0	35256	37056	45756	41829	
4895	0	35056	37116	45869	41713	
4896	0	35416	36970	45862	41706	
4897	0	35281	37202	45932	41524	
4898	0	35588	37032	45952	41424	
4899	0	35756	36888	45996	41273	
4900	0	35544	36960	46005	41148	
4901	0	35800	36921	46036	40912	
4902	0	35304	37428	46052	40688	
4903	0	35644	36824	45970	40458	
4904	0	35721	37012	45920	40232	
4905	0	35958	37034	45864	40004	
4906	0	35808	36940	45856	39716	
4907	0	35708	37028	45784	39448	
4908	0	35580	37144	45604	39148	
4909	0	35692	37028	45496	38849	
4910	0	35704	37099	45360	38569	
4911	0	35800	37211	45249	38266	
4912	0	35672	37488	45066	37960	
4913	0	35829	37692	44852	37660	
4914	0	35669	37852	44624	37356	
4915	0	35732	37956	44417	37056	
4916	0	35717	37784	44188	36748	
4917	0	35736	37722	43940	36464	
4918	0	36024	38044	43760	36152	
4919	0	36148	38738	43496	35872	
4920	0	36330	39264	43196	35578	
4921	0	36216	39876	42832	35305	
4922	0	36088	41128	42580	35032	
4923	0	35478	41656	42240	34736	
4924	0	35386	42673	41916	34468	
4925	0	34112	43860	41616	34194	
4926	0	33381	46113	41312	33924	
4927	0	32912	47528	40970	33665	
4928	0	36000	44988	40644	33449	
4929	0	38768	44288	40312	33208	
4930	0	35977	43404	39992	32950	
4931	0	38856	42265	39576	32733	
4932	0	38297	41936	39228	32513	
4933	0	34532	40504	38898	32288	
4934	0	27481	37784	38573	32100	
4935	0	26344	36396	38240	31902	
4936	0	35397	31828	37916	31721	
4937	0	35596	35720	37576	31541	
4938	0	31340	38420	37318	31368	
4939	0	35018	26824	36940	31224	
4940	0	34040	35216	36680	31072	
4941	0	29885	34473	36316	30930	
4942	0	29312	34884	36058	30813	
4943	0	30408	34213	35708	30684	
4944	0	30308	34124	35408	30576	
4945	0	30584	34444	35104	30450	
4946	0	31324	34636	34808	30340	
4947	0	32205	34584	34520	30244	
4948	0	32308	34682	34232	30136	
4949	0	32516	34820	33932	30056	
4950	0	32736	35120	33698	29942	
4951	0	32904	35628	33368	29856	
4952	0	33250	36212	33084	29778	
4953	0	33496	36614	32836	29704	
4954	0	33620	37072	32517	29625	
4955	0	33825	37640	32224	29486	
4956	0	34204	38138	31936	29441	
4957	0	34404	38816	31649	29341	
4958	0	34952	39236	31333	29221	
4959	0	35546	39688	31056	29098	
4960	0	36256	40164	30714	29048	
4961	0	36812	40568	30456	28948	
4962	0	37788	41088	30149	28792	
4963	0	39124	41780	29838	28717	
4964	0	40456	42363	29516	28584	
4965	0	42456	42370	29125	28496	
4966	0	43873	41576	28898	28376	
4967	0	45100	40012	28561	28333	
4968	0	45624	38720	28208	28169	
4969	0	45732	37056	27961	28069	
4970	0	46844	35256	27645	27960	
4971	0	48412	33993	27349	27864	
4972	0	45416	40828	27013	27768	
4973	0	46140	36856	26716	27677	
4974	0	43620	44256	26388	27566	
4975	0	19165	43513	26084	27520	
4976	0	29624	39892	25820	27398	
4977	0	48928	30228	25592	27300	
4978	0	46160	27048	25324	27228	
4979	0	35546	43644	24907	27150	
4980	0	40764	32894	24745	27060	
4981	0	35744	36776	24402	26996	
4982	0	33736	37890	24177	26916	
4983	0	34736	36740	23932	26876	
4984	0	34432	37544	23627	26805	
4985	0	34704	37177	23434	26792	
4986	0	34328	37576	23212	26692	
4987	0	34752	37512	22978	26688	
4988	0	34868	37394	22693	26629	
4989	0	34628	37388	22476	26644	
4990	0	34632	37313	22313	26642	
4991	0	34096	37738	22145	26612	
4992	0	34898	37152	21972	26636	
4993	0	35084	36828	21816	26666	
4994	0	35080	36960	21672	26724	
4995	0	35665	37210	21464	26760	
4996	0	35101	37228	21348	26809	
4997	0	35113	36946	21261	26885	
4998	0	34937	37242	21174	26944	
4999	0	35472	36876	21112	27073	
5000	0	35061	37120	21049	27080	
5001	0	35268	37046	20958	27160	
5002	0	35940	36844	20972	27258	
5003	0	35482	36956	20924	27316	
5004	0	35536	36965	20898	27484	
5005	0	35456	37052	20905	27492	
5006	0	35442	37252	20836	27568	
5007	0	35496	37262	20882	27748	
5008	0	35628	37008	20920	27728	
5009	0	35310	37114	20970	27864	
5010	0	35636	37460	21016	27936	
5011	0	35432	37132	21092	28015	
5012	0	35320	37184	21194	28090	
5013	0	35796	37228	21256	28146	
5014	0	35609	37048	21364	28264	
5015	0	35688	36988	21452	28341	
5016	0	35904	37280	21565	28473	
5017	0	35724	37260	21685	28598	
5018	0	35717	37320	21793	28618	
5019	0	35665	37384	21883	28700	
5020	0	35672	37556	22032	28856	
5021	0	35686	37772	22088	28980	
5022	0	35732	37912	22284	29072	
5023	0	35616	37984	22404	29216	
5024	0	35624	38136	22481	29312	
5025	0	35488	38048	22676	29464	
5026	0	35564	38396	22761	29668	
5027	0	35972	38840	22904	29724	
5028	0	36256	40020	23084	29924	
5029	0	36248	40848	23244	30080	
5030	0	36224	41692	23340	30268	
5031	0	35604	42196	23438	30384	
5032	0	35100	43428	23582	30584	
5033	0	34505	45196	23776	30722	
5034	0	32716	47448	23876	30904	
5035	0	33928	46272	24032	31076	
5036	0	37000	44384	24218	31272	
5037	0	37352	43544	24368	31448	
5038	0	39224	42660	24464	31608	
5039	0	38560	41884	24610	31808	
5040	0	34928	40564	24770	31965	
5041	0	30037	38112	24948	32133	
5042	0	27809	35956	25189	32288	
5043	0	31520	34432	25412	32496	
5044	0	33564	37496	25569	32673	
5045	0	36000	33692	25808	32876	
5046	0	37156	31956	26017	33036	
5047	0	34992	30548	26265	33272	
5048	0	33216	33384	26486	33376	
5049	0	31468	33656	26736	33584	
5050	0	30920	33818	26996	33710	
5051	0	30304	34116	27264	33888	
5052	0	30006	34624	27545	34032	
5053	0	30496	34852	27830	34176	
5054	0	31012	34424	28124	34313	
5055	0	31368	35016	28426	34440	
5056	0	31981	34800	28732	34528	
5057	0	32489	34852	29048	34612	
5058	0	32878	35016	29369	34738	
5059	0	33021	35556	29674	34776	
5060	0	33072	36024	30022	34865	
5061	0	33145	36504	30344	34956	
5062	0	33368	36800	30684	34893	
5063	0	33380	37298	31041	34960	
5064	0	33710	38052	31378	34944	
5065	0	33824	38816	31721	34884	
5066	0	34396	39385	32084	34857	
5067	0	34922	39948	32436	34836	
5068	0	35649	40364	32792	34872	
5069	0	36348	40648	33164	34744	
5070	0	36968	41084	33518	34689	
5071	0	38184	41700	33865	34656	
5072	0	39628	42245	34236	34672	
5073	0	41272	42425	34585	34528	
5074	0	42732	42092	34920	34474	
5075	0	44489	41320	35252	34444	
5076	0	45432	40060	35604	34372	
5077	0	45720	38266	35944	34424	
5078	0	46476	36236	36272	34288	
5079	0	48918	34524	36546	34268	
5080	0	47420	33232	36876	34218	
5081	0	45992	34617	37177	34184	
5082	0	35904	47684	37462	34168	
5083	0	45600	33957	37732	34160	
5084	0	26968	45728	37972	34180	
5085	0	9643	45468	38204	34224	
5086	0	36224	33888	38500	34236	
5087	0	51504	44176	38672	34210	
5088	0	51500	23896	38952	34241	
5089	0	38976	37516	39129	34308	
5090	0	36056	36912	39340	34308	
5091	0	39045	33690	39560	34380	
5092	0	33312	39088	39796	34428	
5093	0	34868	36408	40008	34497	
5094	0	34336	37344	40112	34581	
5095	0	34482	37409	40276	34648	
5096	0	34329	37532	40592	34730	
5097	0	34656	37592	40673	34809	
5098	0	34868	37181	40780	34898	
5099	0	34602	37260	40946	35001	
5100	0	34696	37226	41100	35112	
5101	0	34781	37268	41376	35210	
5102	0	34768	37250	41385	35332	
5103	0	34640	37353	41536	35432	
5104	0	34988	37156	41780	35552	
5105	0	34768	37433	41808	35673	
5106	0	34704	37508	42064	35804	
5107	0	34684	37516	42144	35912	
5108	0	34592	37645	42197	36032	
5109	0	34800	37310	42361	36136	
5110	0	34570	37384	42420	36244	
5111	0	34852	37084	42528	36344	
5112	0	34572	37320	42636	36448	
5113	0	35548	36976	42692	36544	
5114	0	35184	37188	42848	36612	
5115	0	34980	37340	42828	36692	
5116	0	35420	37172	42840	36764	
5117	0	35202	37460	42908	36832	
5118	0	35140	37248	42880	36880	
5119	0	35120	37398	42956	36896	
5120	0	34665	37336	42940	36938	
5121	0	35372	37322	42864	36956	
5122	0	35390	37080	42760	36988	
5123	0	35314	37053	42745	36986	
5124	0	35376	37188	42666	36952	
5125	0	35357	37128	42428	36936	
5126	0	35282	37200	42284	36940	
5127	0	35376	37192	42113	36900	
5128	0	35512	37208	41920	36824	
5129	0	35424	37200	41708	36768	
5130	0	35388	37322	41480	36729	
5131	0	35325	37453	41364	36656	
5132	0	35448	37552	40972	36609	
5133	0	35496	37632	40690	36544	
5134	0	35516	37752	40412	36466	
5135	0	35668	37796	40217	36385	
5136	0	35600	37772	39852	36336	
5137	0	35605	37816	39488	36233	
5138	0	35600	37988	39216	36232	
5139	0	35609	38468	38865	36128	
5140	0	35814	39136	38485	36097	
5141	0	35430	40152	38100	35994	
5142	0	35668	41148	37788	35904	
5143	0	35236	41840	37464	35888	
5144	0	34301	42832	37128	35900	
5145	0	33744	44076	36782	35760	
5146	0	32916	45436	36441	35714	
5147	0	32660	46152	36112	35753	
5148	0	34881	44500	35792	35596	
5149	0	36150	43792	35460	35646	
5150	0	37652	43688	35128	35489	
5151	0	39912	41844	34806	35538	
5152	0	38464	40853	34504	35387	
5153	0	34808	40328	34220	35446	
5154	0	29233	38284	33900	35392	
5155	0	25458	37288	33609	35260	
5156	0	33244	33889	33352	35248	
5157	0	36532	34408	33116	35170	
5158	0	35538	34628	32856	35124	
5159	0	33084	37101	32614	35077	
5160	0	35276	29213	32492	35040	
5161	0	35164	33338	32220	35032	
5162	0	32432	33492	31997	35040	
5163	0	30520	34864	31761	34976	
5164	0	30666	34304	31621	34856	
5165	0	30724	34348	31428	34776	
5166	0	30525	34762	31272	34672	
5167	0	30956	34977	31068	34664	
5168	0	31756	34626	30884	34593	
5169	0	32004	35074	30712	34440	
5170	0	32580	35004	30568	34418	
5171	0	33028	35122	30388	34340	
5172	0	33296	35282	30228	34124	
5173	0	33441	35568	30064	34077	
5174	0	33714	36186	29909	33944	
5175	0	33993	36869	29748	33784	
5176	0	34384	37412	29568	33694	
5177	0	34684	37861	29394	33501	
5178	0	34803	38483	29224	33420	
5179	0	35224	38962	29028	33200	
5180	0	36042	39544	28796	33140	
5181	0	36560	39784	28641	33013	
5182	0	37240	40112	28433	32820	
5183	0	38112	40460	28256	32624	
5184	0	39196	40792	28048	32452	
5185	0	40364	40924	27780	32356	
5186	0	41656	41016	27560	32204	
5187	0	42536	40844	27340	32048	
5188	0	43372	40056	27142	31888	
5189	0	44340	39484	26824	31736	
5190	0	44580	38216	26620	31605	
5191	0	44644	37068	26381	31474	
5192	0	44994	35986	26153	31386	
5193	0	46377	34640	25880	31220	
5194	0	41792	42860	25570	31092	
5195	0	48400	33900	25308	31001	
5196	0	37729	45456	24996	30916	
5197	0	20756	44272	24653	30796	
5198	0	23338	42168	24418	30681	
5199	0	46880	36080	24214	30589	
5200	0	52340	33540	23872	30478	
5201	0	39008	38640	23594	30416	
5202	0	33065	41668	23294	30340	
5203	0	40192	32377	23064	30268	
5204	0	33860	38752	22756	30228	
5205	0	33769	37088	22480	30153	
5206	0	34624	37050	22162	30108	
5207	0	34106	37864	21914	30081	
5208	0	34332	37336	21648	30048	
5209	0	34428	37472	21392	30048	
5210	0	34652	37492	21122	30038	
5211	0	34460	37280	20892	30044	
5212	0	34488	37348	20601	30072	
5213	0	34157	37636	20333	30077	
5214	0	34522	37508	20196	30168	
5215	0	34340	37208	19976	30174	
5216	0	34876	37152	19750	30216	
5217	0	34448	37378	19584	30260	
5218	0	35148	37280	19388	30356	
5219	0	34620	37297	19270	30440	
5220	0	33936	37568	19132	30524	
5221	0	35576	37336	19002	30570	
5222	0	34972	37200	18892	30700	
5223	0	35170	37016	18802	30690	
5224	0	35300	36792	18674	30846	
5225	0	35309	36932	18668	30912	
5226	0	35088	37364	18610	30965	
5227	0	35246	37128	18528	31033	
5228	0	34612	37416	18529	31088	
5229	0	35516	37196	18540	31128	
5230	0	35272	37220	18540	31200	
5231	0	35280	37230	18580	31212	
5232	0	35212	37128	18689	31264	
5233	0	35384	37008	18696	31288	
5234	0	35377	37100	18772	31276	
5235	0	35417	37000	18922	31388	
5236	0	35424	36914	18980	31336	
5237	0	35520	36880	19184	31333	
5238	0	35753	36900	19303	31408	
5239	0	35652	36948	19462	31392	
5240	0	35688	36952	19642	31390	
5241	0	35562	36992	19773	31428	
5242	0	35620	37074	19986	31456	
5243	0	35704	37385	20193	31502	
5244	0	35656	37520	20386	31408	
5245	0	35396	37660	20608	31576	
5246	0	35560	37740	20840	31612	
5247	0	35500	37766	20980	31648	
5248	0	35552	37728	21233	31748	
5249	0	35649	37769	21512	31812	
5250	0	36148	38128	21720	31892	
5251	0	36281	39248	21924	32036	
5252	0	36401	39976	22168	32128	
5253	0	36596	40308	22421	32104	
5254	0	36193	40504	22723	32298	
5255	0	36044	41212	22944	32404	
5256	0	35013	41834	23195	32524	
5257	0	35300	43040	23412	32640	
5258	0	35776	44292	23698	32788	
5259	0	34956	46352	23964	32900	
5260	0	33036	46084	24181	33048	
5261	0	33004	45208	24482	33174	
5262	0	34872	43644	24734	33392	
5263	0	35385	43152	24968	33492	
5264	0	38092	41245	25264	33644	
5265	0	38148	40784	25580	33760	
5266	0	34336	39260	25856	33920	
5267	0	30713	36800	26216	34152	
5268	0	28885	35140	26489	34260	
5269	0	32617	34254	26818	34468	
5270	0	32269	37165	27156	34652	
5271	0	33622	34448	27497	34764	
5272	0	35436	28644	27830	34952	
5273	0	35160	32996	28168	35092	
5274	0	31476	34600	28512	35340	
5275	0	30536	35272	28866	35433	
5276	0	30862	33865	29221	35626	
5277	0	30776	34160	29588	35776	
5278	0	30584	34369	29954	35888	
5279	0	31192	34604	30314	36132	
5280	0	31612	34532	30690	36261	
5281	0	32160	34406	31076	36377	
5282	0	32736	34313	31457	36612	
5283	0	33146	34576	31858	36733	
5284	0	33208	34833	32256	36800	
5285	0	33200	35292	32664	36928	
5286	0	33109	35916	33005	37049	
5287	0	33248	36476	33444	37245	
5288	0	33364	37076	33800	37376	
5289	0	33533	37228	34196	37432	
5290	0	33589	37722	34660	37600	
5291	0	33778	38496	35016	37680	
5292	0	34080	39364	35413	37788	
5293	0	34770	39906	35868	38012	
5294	0	35700	40148	36256	38068	
5295	0	36652	40552	36648	38300	
5296	0	37788	41228	37074	38360	
5297	0	39052	41584	37533	38644	
5298	0	40365	41912	37924	38780	
5299	0	41940	42217	38264	38796	
5300	0	42944	41636	38688	38968	
5301	0	44352	40756	39040	39220	
5302	0	45196	39532	39420	39312	
5303	0	45992	37949	39868	39548	
5304	0	49260	35540	40156	39688	
5305	0	49760	34048	40624	39781	
5306	0	48648	35964	40860	40088	
5307	0	47345	37668	41280	40129	
5308	0	35976	47216	41504	40408	
5309	0	15913	44464	41876	40572	
5310	0	27972	36333	42244	40704	
5311	0	47296	36768	42440	40896	
5312	0	55314	46996	42753	41048	
5313	0	35824	35472	43016	41204	
5314	0	30365	43532	43280	41336	
5315	0	43648	32884	43576	41588	
5316	0	34994	38688	43800	41780	
5317	0	33586	37401	44040	41864	
5318	0	34904	36760	44372	42088	
5319	0	33677	37972	44588	42270	
5320	0	34024	37480	44836	42384	
5321	0	34504	37376	44984	42576	
5322	0	34752	37340	45241	42776	
5323	0	34352	37292	45456	43032	
5324	0	34392	37380	45642	43193	
5325	0	34277	37564	45856	43361	
5326	0	34610	37360	46080	43560	
5327	0	34680	37278	46344	43696	
5328	0	34768	37288	46486	43948	
5329	0	34524	37348	46660	44066	
5330	0	34276	37488	46936	44276	
5331	0	34844	37368	47024	44480	
5332	0	33152	37638	47264	44640	
5333	0	34768	37418	47424	44780	
5334	0	36820	36772	47520	44880	
5335	0	34952	37170	47664	45008	
5336	0	35202	37138	47864	45144	
5337	0	34784	37460	47892	45260	
5338	0	35042	37169	48072	45332	
5339	0	35412	37200	48096	45408	
5340	0	35394	37128	48161	45408	
5341	0	35388	37170	48228	45472	
5342	0	35170	37277	48292	45440	
5343	0	35313	37140	48217	45408	
5344	0	35304	37128	48268	45388	
5345	0	35332	37024	48242	45312	
5346	0	35460	36868	48193	45296	
5347	0	35644	36920	48064	45148	
5348	0	35440	36976	48008	45024	
5349	0	35538	36896	47868	44897	
5350	0	35636	36984	47804	44752	
5351	0	35728	37042	47562	44588	
5352	0	35512	37032	47408	44472	
5353	0	35370	37009	47280	44230	
5354	0	35569	37336	47084	44068	
5355	0	35641	37376	46816	43846	
5356	0	35508	37568	46548	43692	
5357	0	35485	37716	46300	43404	
5358	0	35447	37808	46116	43232	
5359	0	35645	37812	45764	43024	
5360	0	35624	37616	45524	42816	
5361	0	35524	37660	45180	42576	
5362	0	35842	38304	44849	42336	
5363	0	36320	38880	44537	42144	
5364	0	36348	39680	44256	41912	
5365	0	36192	39969	43852	41600	
5366	0	36288	40365	43544	41372	
5367	0	35600	40696	43152	41148	
5368	0	34946	41848	42792	40921	
5369	0	35057	43066	42464	40676	
5370	0	35233	44008	42112	40568	
5371	0	34678	45404	41658	40320	
5372	0	33565	45460	41350	40105	
5373	0	33526	43820	40976	39876	
5374	0	37060	42797	40528	39570	
5375	0	35524	42984	40136	39424	
5376	0	39540	41760	39760	39176	
5377	0	39040	40672	39376	39018	
5378	0	33898	39304	39024	38834	
5379	0	30760	36685	38697	38570	
5380	0	29588	35556	38300	38420	
5381	0	33514	34165	37920	38206	
5382	0	33640	35945	37648	38072	
5383	0	33680	35354	37188	37988	
5384	0	36576	31077	36848	37724	
5385	0	35396	32264	36596	37556	
5386	0	32364	33584	36144	37376	
5387	0	30584	34874	35868	37360	
5388	0	30721	34084	35448	37173	
5389	0	30868	34072	35204	36936	
5390	0	30596	34489	34744	36768	
5391	0	31196	34592	34444	36680	
5392	0	31760	34836	34076	36498	
5393	0	32308	34629	33738	36328	
5394	0	32973	34752	33444	36148	
5395	0	33224	34796	33090	35920	
5396	0	33212	35108	32736	35760	
5397	0	33136	35548	32437	35617	
5398	0	33133	36032	32064	35360	
5399	0	33406	36432	31736	35168	
5400	0	33736	36776	31381	35064	
5401	0	33881	37141	31044	34824	
5402	0	34112	37676	30690	34549	
5403	0	34368	38194	30325	34402	
5404	0	34584	38920	29984	34192	
5405	0	34945	39309	29570	33937	
5406	0	35476	39792	29249	33704	
5407	0	35882	40296	28884	33456	
5408	0	36536	40704	28513	33213	
5409	0	37664	41048	28164	33016	
5410	0	38896	41329	27757	32805	
5411	0	40000	41300	27440	32588	
5412	0	41284	41548	27092	32352	
5413	0	42102	40962	26728	32133	
5414	0	43220	40496	26363	31972	
5415	0	44340	39820	26065	31720	
5416	0	44952	38368	25761	31552	
5417	0	46780	36556	25367	31316	
5418	0	50984	34132	25099	31130	
5419	0	47384	38076	24708	30960	
5420	0	52136	32708	24455	30749	
5421	0	40008	43584	24080	30586	
5422	0	15948	46289	23709	30385	
5423	0	22914	40472	23470	30244	
5424	0	47104	37972	23144	30105	
5425	0	52384	33272	22852	29898	
5426	0	38948	33733	22610	29717	
5427	0	31481	41920	22261	29601	
5428	0	41536	31105	22029	29468	
5429	0	34250	38648	21788	29304	
5430	0	34560	36892	21500	29168	
5431	0	35308	36580	21235	29084	
5432	0	34248	37908	21056	28920	
5433	0	34744	37180	20852	28812	
5434	0	34941	37245	20654	28704	
5435	0	34904	37221	20438	28553	
5436	0	34672	37500	20312	28504	
5437	0	34672	37460	20150	28448	
5438	0	34724	37370	19999	28325	
5439	0	34976	37248	19880	28316	
5440	0	35108	37120	19782	28276	
5441	0	35028	37152	19665	28218	
5442	0	34892	37240	19636	28220	
5443	0	35164	37116	19616	28216	
5444	0	34576	37476	19595	28148	
5445	0	35304	37330	19568	28148	
5446	0	34738	37472	19522	28157	
5447	0	34994	37004	19570	28125	
5448	0	35404	37072	19652	28090	
5449	0	34988	37000	19698	28168	
5450	0	35320	37076	19812	28192	
5451	0	35444	37120	19842	28222	
5452	0	35454	37084	20002	28228	
5453	0	35520	37148	20116	28208	
5454	0	35416	37170	20304	28229	
5455	0	35456	37096	20466	28285	
5456	0	35820	36832	20562	28252	
5457	0	35172	36809	20776	28260	
5458	0	35624	37200	21000	28274	
5459	0	35196	36929	21217	28268	
5460	0	35580	36728	21433	28289	
5461	0	35526	36848	21650	28296	
5462	0	35584	36876	21876	28308	
5463	0	35460	37058	22096	28332	
5464	0	35508	36952	22296	28332	
5465	0	35609	37116	22548	28324	
5466	0	35728	37016	22737	28378	
5467	0	35708	37064	23010	28396	
5468	0	35705	37106	23200	28426	
5469	0	35670	37260	23390	28462	
5470	0	35768	37460	23624	28520	
5471	0	35772	37481	23884	28572	
5472	0	35837	37512	24132	28697	
5473	0	35861	37492	24320	28722	
5474	0	35872	37548	24524	28787	
5475	0	35992	37644	24682	28872	
5476	0	36144	38244	24881	28973	
5477	0	36264	38604	25124	29064	
5478	0	36372	39320	25300	29185	
5479	0	36257	39920	25531	29388	
5480	0	36336	40424	25664	29482	
5481	0	35600	40808	25894	29588	
5482	0	34762	41828	25994	29729	
5483	0	35076	43514	26210	29932	
5484	0	34188	45772	26340	30026	
5485	0	32784	46297	26492	30214	
5486	0	33744	44932	26684	30349	
5487	0	37484	43026	26824	30522	
5488	0	38336	42504	27042	30704	
5489	0	40776	41032	27194	30868	
5490	0	39488	41112	27356	31088	
5491	0	36672	40120	27544	31228	
5492	0	31378	38420	27725	31430	
5493	0	28728	36272	27905	31605	
5494	0	30736	34753	28076	31802	
5495	0	36428	33272	28270	32068	
5496	0	35056	34880	28452	32198	
5497	0	33828	34780	28642	32402	
5498	0	32386	35580	28848	32604	
5499	0	34168	32504	29050	32793	
5500	0	34496	32080	29296	32998	
5501	0	31484	34061	29480	33184	
5502	0	30916	34658	29718	33400	
5503	0	31456	33989	29953	33576	
5504	0	31552	34136	30222	33761	
5505	0	31441	34089	30456	34002	
5506	0	31944	34341	30689	34216	
5507	0	32398	34260	30968	34284	
5508	0	32778	34340	31189	34469	
5509	0	33060	34356	31464	34722	
5510	0	33116	34776	31720	34852	
5511	0	33362	35264	32012	34928	
5512	0	33420	35680	32272	35078	
5513	0	33628	36176	32568	35294	
5514	0	33888	36540	32864	35336	
5515	0	33956	37072	33176	35460	
5516	0	34168	37500	33444	35600	
5517	0	34364	37940	33728	35796	
5518	0	34473	38664	34017	35896	
5519	0	34768	39160	34320	36004	
5520	0	35160	39666	34616	36092	
5521	0	35568	40153	34937	36321	
5522	0	36172	40576	35232	36400	
5523	0	37144	41048	35552	36533	
5524	0	38429	41316	35840	36553	
5525	0	39844	41336	36118	36648	
5526	0	41068	41068	36424	36760	
5527	0	41808	40636	36712	36901	
5528	0	43021	40012	36948	37084	
5529	0	43578	39076	37212	37093	
5530	0	44416	38130	37532	37272	
5531	0	44880	37028	37748	37346	
5532	0	45936	35778	38080	37451	
5533	0	48296	34356	38272	37568	
5534	0	46196	35484	38480	37656	
5535	0	49256	32068	38792	37730	
5536	0	40064	39721	38993	37772	
5537	0	20542	49177	39136	37940	
5538	0	19149	40548	39321	37916	
5539	0	39424	36985	39556	38104	
5540	0	52132	34968	39680	38122	
5541	0	41312	32320	40000	38224	
5542	0	30921	46584	40028	38237	
5543	0	39405	31624	40284	38304	
5544	0	36232	37424	40340	38384	
5545	0	33296	37645	40498	38552	
5546	0	35072	36672	40632	38624	
5547	0	34144	37584	40776	38668	
5548	0	34464	37408	40872	38780	
5549	0	34560	37370	41000	38772	
5550	0	34865	37244	41140	38901	
5551	0	34906	37174	41264	38877	
5552	0	34624	37312	41408	38984	
5553	0	34688	37424	41430	39088	
5554	0	34488	37500	41592	39204	
5555	0	34784	37252	41614	39232	
5556	0	34736	37284	41708	39280	
5557	0	34836	37256	41800	39417	
5558	0	35024	37249	41865	39428	
5559	0	34840	37488	42036	39516	
5560	0	34396	37556	42104	39500	
5561	0	35028	37172	42196	39556	
5562	0	36202	36804	42192	39536	
5563	0	34192	37600	42184	39632	
5564	0	35224	37258	42204	39657	
5565	0	34898	37238	42338	39576	
5566	0	35425	37356	42316	39641	
5567	0	35316	37120	42224	39553	
5568	0	35576	37248	42216	39496	
5569	0	35280	37160	42196	39400	
5570	0	35352	37056	42164	39416	
5571	0	35248	37052	42248	39256	
5572	0	35702	36772	42044	39200	
5573	0	34888	36868	42016	39080	
5574	0	35828	37060	41880	38992	
5575	0	35364	36912	41788	38788	
5576	0	35504	36968	41792	38672	
5577	0	35392	36764	41520	38560	
5578	0	35656	36921	41388	38428	
5579	0	35676	37024	41224	38228	
5580	0	35732	37144	41044	38048	
5581	0	35656	37024	40962	37886	
5582	0	35624	36988	40800	37616	
5583	0	35536	37112	40586	37488	
5584	0	35557	37376	40360	37228	
5585	0	35512	37740	40098	37102	
5586	0	35690	37620	39765	36864	
5587	0	35584	37760	39512	36688	
5588	0	35626	37741	39226	36504	
5589	0	35880	37780	39036	36224	
5590	0	35818	37649	38664	36076	
5591	0	35996	37636	38448	35832	
5592	0	35785	38144	38176	35612	
5593	0	36168	38632	37776	35416	
5594	0	36284	39404	37496	35210	
5595	0	36372	39964	37152	34965	
5596	0	36260	40684	36802	34701	
5597	0	35640	40962	36489	34513	
5598	0	35044	42320	36180	34248	
5599	0	34626	43512	35854	34104	
5600	0	34656	44824	35516	33816	
5601	0	33336	46384	35185	33572	
5602	0	33496	44914	34836	33417	
5603	0	37096	43040	34532	33124	
5604	0	35572	43097	34189	32868	
5605	0	38120	41764	33872	32648	
5606	0	39764	40736	33536	32408	
5607	0	36544	40200	33209	32256	
5608	0	31760	38460	32892	31964	
5609	0	27517	36840	32556	31812	
5610	0	28288	34780	32258	31506	
5611	0	35108	34036	31980	31296	
5612	0	35300	33944	31705	31071	
5613	0	34120	36404	31402	30832	
5614	0	35932	28188	31129	30625	
5615	0	34924	33208	30853	30465	
5616	0	32053	34280	30624	30234	
5617	0	30220	35396	30384	29964	
5618	0	30769	34044	30144	29752	
5619	0	30964	34392	29918	29544	
5620	0	30539	34764	29704	29330	
5621	0	31292	34768	29500	29177	
5622	0	31898	34693	29316	28923	
5623	0	32420	34960	29120	28708	
5624	0	32942	34924	28932	28500	
5625	0	33254	34948	28760	28285	
5626	0	33340	35300	28580	28080	
5627	0	33456	35829	28414	27920	
5628	0	33580	36280	28232	27638	
5629	0	33800	36680	28082	27484	
5630	0	34034	37102	27890	27216	
5631	0	34224	37658	27788	26997	
5632	0	34428	38252	27578	26789	
5633	0	34892	38760	27484	26601	
5634	0	35216	39169	27328	26420	
5635	0	35748	39737	27172	26170	
5636	0	36356	40200	27008	25964	
5637	0	37056	40712	26894	25768	
5638	0	38012	41192	26717	25568	
5639	0	39000	41588	26633	25396	
5640	0	40224	41528	26456	25188	
5641	0	41520	41184	26301	25016	
5642	0	42553	40560	26210	24820	
5643	0	43688	40068	26042	24621	
5644	0	44192	38984	25916	24452	
5645	0	44612	37648	25764	24280	
5646	0	45440	35772	25582	24148	
5647	0	47576	34356	25464	23964	
5648	0	46716	35032	25332	23802	
5649	0	45656	35808	25124	23670	
5650	0	42396	42168	24961	23490	
5651	0	41596	32832	24892	23372	
5652	0	14073	48540	24668	23233	
5653	0	22584	39746	24494	23102	
5654	0	44380	39396	24412	23017	
5655	0	46152	31488	24269	22908	
5656	0	39908	31873	24140	22780	
5657	0	32194	43728	23896	22688	
5658	0	40732	32186	23810	22594	
5659	0	35476	37128	23685	22512	
5660	0	33501	37872	23572	22448	
5661	0	35010	36324	23432	22392	
5662	0	33300	38388	23324	22328	
5663	0	34180	37432	23162	22292	
5664	0	34717	37346	23050	22284	
5665	0	34836	37184	22960	22254	
5666	0	34544	37420	22897	22256	
5667	0	34752	37304	22824	22320	
5668	0	34620	37452	22752	22313	
5669	0	34656	37288	22648	22360	
5670	0	34858	37312	22626	22432	
5671	0	34628	37456	22594	22476	
5672	0	34888	37386	22536	22556	
5673	0	34660	37504	22536	22643	
5674	0	34656	37434	22452	22712	
5675	0	35040	37220	22509	22852	
5676	0	34946	37276	22540	22926	
5677	0	34512	37400	22601	23025	
5678	0	34977	37097	22674	23130	
5679	0	35003	37116	22717	23256	
5680	0	35068	37172	22769	23340	
5681	0	35360	37128	22922	23460	
5682	0	34885	37328	23056	23572	
5683	0	35041	37200	23171	23696	
5684	0	34704	37456	23360	23778	
5685	0	35528	37304	23553	23864	
5686	0	35524	36822	23750	23986	
5687	0	34464	37013	23945	24064	
5688	0	34612	37560	24092	24193	
5689	0	35650	36361	24380	24248	
5690	0	35384	36882	24629	24364	
5691	0	35320	36920	24856	24414	
5692	0	35576	37348	25105	24500	
5693	0	35600	37224	25365	24577	
5694	0	35468	37252	25600	24692	
5695	0	35520	37213	25900	24754	
5696	0	35512	37164	26192	24873	
5697	0	35464	37208	26452	24960	
5698	0	35500	37284	26664	25033	
5699	0	35488	37496	26992	25122	
5700	0	35476	37652	27264	25238	
5701	0	35664	37688	27505	25375	
5702	0	35624	37800	27792	25462	
5703	0	35816	38025	27997	25597	
5704	0	35740	37946	28284	25710	
5705	0	35552	38169	28556	25836	
5706	0	35768	38356	28800	25956	
5707	0	36056	39056	29032	26081	
5708	0	36128	39789	29248	26218	
5709	0	36320	40513	29522	26360	
5710	0	36304	41220	29736	26505	
5711	0	35434	41560	29976	26665	
5712	0	34657	43000	30164	26786	
5713	0	34324	44248	30369	26948	
5714	0	33710	46424	30661	27072	
5715	0	33400	45629	30880	27224	
5716	0	35336	44160	31108	27360	
5717	0	36340	43584	31348	27511	
5718	0	37576	42716	31553	27660	
5719	0	39288	40932	31781	27812	
5720	0	37892	40185	32040	27952	
5721	0	34260	38872	32257	28112	
5722	0	30301	36824	32488	28268	
5723	0	27933	36666	32738	28420	
5724	0	34872	33669	32973	28580	
5725	0	35634	34557	33272	28732	
5726	0	32850	37493	33464	28896	
5727	0	35444	31885	33796	29064	
5728	0	35100	33216	34024	29232	
5729	0	32849	33082	34272	29390	
5730	0	30482	34812	34548	29564	
5731	0	31000	34308	34832	29736	
5732	0	31352	34069	35120	29904	
5733	0	31044	34265	35400	30074	
5734	0	31400	34480	35698	30222	
5735	0	32044	34496	36048	30388	
5736	0	32584	34357	36256	30555	
5737	0	32968	34396	36512	30706	
5738	0	33160	34472	36796	30848	
5739	0	33096	34716	37072	31004	
5740	0	33142	35182	37336	31138	
5741	0	33214	35640	37648	31289	
5742	0	33500	36104	37912	31416	
5743	0	33729	36585	38140	31566	
5744	0	33940	36924	38346	31696	
5745	0	34092	37480	38576	31828	
5746	0	34345	38044	38794	31936	
5747	0	34690	38484	39028	32080	
5748	0	35228	39108	39228	32214	
5749	0	35866	39544	39544	32356	
5750	0	36528	39818	39756	32451	
5751	0	37344	40344	39944	32580	
5752	0	38260	40636	40032	32716	
5753	0	39564	40976	40200	32864	
5754	0	41260	41252	40378	32989	
5755	0	42388	40960	40552	33104	
5756	0	43268	40384	40718	33225	
5757	0	44048	39520	40896	33364	
5758	0	44828	38544	41026	33520	
5759	0	44928	37292	41184	33652	
5760	0	45208	36452	41337	33800	
5761	0	47744	34708	41448	33960	
5762	0	43496	42320	41554	34076	
5763	0	49012	32326	41825	34260	
5764	0	36212	46340	41756	34376	
5765	0	20671	46788	41908	34537	
5766	0	22394	40288	42072	34684	
5767	0	48020	35556	42194	34844	
5768	0	51604	37088	42224	34976	
5769	0	39996	39056	42209	35137	
5770	0	33449	40520	42276	35292	
5771	0	38909	34626	42352	35421	
5772	0	34968	37592	42404	35564	
5773	0	33636	37656	42441	35709	
5774	0	34420	36832	42596	35836	
5775	0	34368	37700	42612	35960	
5776	0	34284	37360	42568	36096	
5777	0	34592	37176	42692	36220	
5778	0	34716	37300	42697	36344	
5779	0	34757	37280	42608	36488	
5780	0	34436	37465	42600	36584	
5781	0	34506	37360	42604	36708	
5782	0	34272	37489	42676	36816	
5783	0	34536	37408	42605	36956	
5784	0	34708	37348	42680	37037	
5785	0	34649	37364	42604	37148	
5786	0	35448	37416	42592	37252	
5787	0	34520	37600	42569	37360	
5788	0	34589	37476	42564	37456	
5789	0	34803	37492	42656	37540	
5790	0	34436	37460	42544	37618	
5791	0	34880	37240	42513	37657	
5792	0	35232	37132	42572	37720	
5793	0	34000	37450	42476	37720	
5794	0	35068	37336	42408	37761	
5795	0	35336	37228	42368	37808	
5796	0	35180	37417	42426	37784	
5797	0	35108	37260	42360	37760	
5798	0	35446	37088	42208	37760	
5799	0	35384	37049	42136	37708	
5800	0	35385	37008	42080	37636	
