# OpenSignals Text File Format. Version 1
# {"00:07:80:F9:F3:52": {"position": 0, "device": "biosignalsplux", "device name": "00:07:80:F9:F3:52", "device connection": "BTH00:07:80:F9:F3:52", "sampling rate": 100, "resolution": [16, 16, 16, 16], "firmware version": 775, "comments": "", "keywords": "", "mode": 0, "sync interval": 2, "date": "2025-9-19", "time": "9:48:37.952", "channels": [1, 2, 3, 4], "sensor": ["XYZ", "XYZ", "RIP", "RIP"], "label": ["CH1", "CH2", "CH3", "CH4"], "column": ["nSeq", "DI", "CH1", "CH2", "CH3", "CH4"], "special": [{"SpO2": [80, 40, 5, 4, 3, 3]}, {"SpO2": [80, 40, 5, 4, 3, 3]}, {"SpO2": [80, 40, 5, 4, 3, 3]}, {"SpO2": [80, 40, 5, 4, 3, 3]}, {"SpO2": [80, 40, 5, 4, 3, 3]}, {"SpO2": [80, 40, 5, 4, 3, 3]}, {"SpO2": [80, 40, 5, 4, 3, 3]}, {"SpO2": [80, 40, 5, 4, 3, 3]}], "digital IO": [0, 1], "sleeve color": ["white", "white", "dark_blue", "light_blue"], "convertedValues": 0}}
# EndOfHeader
0	0	33977	37440	33625	32172	
1	0	33984	37440	33714	32188	
2	0	33988	37440	33796	32273	
3	0	34004	37426	33876	32360	
4	0	33980	37440	33953	32424	
5	0	34004	37429	33992	32524	
6	0	33984	37440	34116	32646	
7	0	34008	37440	34168	32706	
8	0	34000	37428	34272	32762	
9	0	34004	37426	34344	32848	
10	0	33996	37440	34488	32993	
11	0	34002	37440	34536	32989	
12	0	33988	37448	34632	33104	
13	0	34002	37425	34744	33224	
14	0	34000	37436	34840	33248	
15	0	34004	37424	34944	33288	
16	0	33984	37436	35042	33396	
17	0	34010	37416	35169	33460	
18	0	33988	37448	35268	33516	
19	0	34004	37450	35384	33666	
20	0	33992	37440	35544	33676	
21	0	33992	37424	35636	33808	
22	0	34002	37440	35752	33914	
23	0	34008	37442	35864	34000	
24	0	34004	37452	35986	34048	
25	0	34001	37440	36176	34184	
26	0	34000	37432	36216	34208	
27	0	33988	37432	36356	34312	
28	0	34001	37440	36504	34364	
29	0	33992	37445	36608	34516	
30	0	34008	37425	36812	34564	
31	0	34000	37448	36922	34693	
32	0	34002	37448	36976	34793	
33	0	34012	37432	37104	34956	
34	0	34008	37440	37308	35048	
35	0	34004	37434	37352	35178	
36	0	33997	37440	37468	35268	
37	0	34005	37444	37601	35360	
38	0	33992	37424	37730	35436	
39	0	33988	37448	37844	35568	
40	0	34004	37442	38033	35724	
41	0	33996	37448	38080	35800	
42	0	34004	37428	38220	35992	
43	0	33993	37434	38392	36068	
44	0	33996	37428	38444	36224	
45	0	34020	37428	38560	36252	
46	0	34004	37440	38776	36386	
47	0	33993	37432	38784	36580	
48	0	33988	37442	38913	36664	
49	0	33992	37436	39000	36740	
50	0	34004	37440	39124	36832	
51	0	34016	37432	39201	37004	
52	0	34008	37432	39312	37078	
53	0	34012	37429	39432	37204	
54	0	34008	37412	39510	37324	
55	0	34004	37428	39589	37408	
56	0	33993	37434	39700	37464	
57	0	34000	37440	39776	37628	
58	0	34001	37436	39896	37748	
59	0	34004	37440	39956	37772	
60	0	34013	37432	40144	37890	
61	0	34016	37441	40128	38000	
62	0	34000	37434	40208	38013	
63	0	34004	37429	40322	38180	
64	0	34000	37428	40364	38228	
65	0	34012	37434	40448	38304	
66	0	34016	37432	40520	38328	
67	0	34008	37434	40588	38488	
68	0	33993	37440	40649	38560	
69	0	34012	37440	40856	38602	
70	0	33996	37440	40792	38592	
71	0	34016	37441	40857	38708	
72	0	34016	37432	40952	38744	
73	0	34008	37432	41068	38832	
74	0	34016	37441	41096	38904	
75	0	33980	37416	41096	38856	
76	0	33982	37440	41168	38928	
77	0	34036	37420	41264	39018	
78	0	34024	37412	41192	38969	
79	0	33988	37412	41233	39018	
80	0	34008	37432	41296	39024	
81	0	34016	37437	41444	39120	
82	0	34004	37448	41336	39100	
83	0	34012	37440	41389	39096	
84	0	34009	37433	41388	39120	
85	0	34000	37448	41418	39112	
86	0	34016	37434	41560	39180	
87	0	34008	37421	41456	39189	
88	0	34004	37432	41468	39168	
89	0	33996	37424	41480	39124	
90	0	34010	37440	41528	39072	
91	0	34012	37436	41496	39148	
92	0	34012	37436	41506	39064	
93	0	34012	37412	41612	39051	
94	0	34010	37432	41492	39040	
95	0	34000	37440	41564	39032	
96	0	34008	37428	41481	39016	
97	0	34004	37441	41472	38984	
98	0	34024	37440	41456	39052	
99	0	33993	37434	41445	39040	
100	0	34008	37440	41453	38960	
101	0	34006	37442	41473	39008	
102	0	34000	37448	41400	38986	
103	0	34008	37434	41364	38904	
104	0	34016	37420	41400	38858	
105	0	34016	37424	41416	38877	
106	0	33990	37430	41284	38824	
107	0	34020	37420	41236	38845	
108	0	34008	37432	41248	38845	
109	0	33996	37440	41174	38745	
110	0	34000	37434	41144	38704	
111	0	34022	37420	41101	38696	
112	0	34013	37408	41040	38694	
113	0	34004	37426	41056	38706	
114	0	34000	37440	40960	38664	
115	0	34016	37448	41040	38556	
116	0	34004	37432	40872	38585	
117	0	34008	37442	40808	38489	
118	0	34013	37432	40784	38476	
119	0	34009	37424	40708	38376	
120	0	34016	37428	40744	38320	
121	0	34000	37434	40720	38316	
122	0	34005	37426	40540	38236	
123	0	34004	37440	40616	38145	
124	0	34017	37432	40424	38188	
125	0	34008	37424	40416	38136	
126	0	34008	37448	40308	38076	
127	0	34012	37444	40248	37937	
128	0	33992	37448	40192	37921	
129	0	34000	37448	40122	37873	
130	0	33992	37448	40056	37700	
131	0	34004	37440	40032	37672	
132	0	34004	37440	40048	37617	
133	0	34000	37440	39897	37582	
134	0	34004	37448	39800	37426	
135	0	34004	37444	39736	37381	
136	0	34001	37432	39672	37308	
137	0	33992	37440	39600	37200	
138	0	34012	37443	39632	37136	
139	0	34012	37413	39453	37017	
140	0	34000	37436	39400	36980	
141	0	34008	37436	39320	36856	
142	0	33988	37432	39236	36812	
143	0	34004	37436	39193	36748	
144	0	34001	37425	39098	36589	
145	0	34016	37412	39128	36500	
146	0	34012	37432	38956	36456	
147	0	34000	37440	38960	36412	
148	0	34004	37448	38928	36240	
149	0	33988	37460	38749	36209	
150	0	33996	37442	38738	36104	
151	0	34008	37436	38600	35944	
152	0	34000	37436	38596	35876	
153	0	33997	37444	38460	35820	
154	0	34000	37432	38364	35692	
155	0	34000	37429	38304	35568	
156	0	33996	37432	38280	35540	
157	0	34020	37424	38196	35368	
158	0	34000	37428	38172	35352	
159	0	34024	37424	38036	35172	
160	0	33996	37440	37944	35076	
161	0	34008	37434	37865	35044	
162	0	34004	37448	37805	34899	
163	0	33992	37460	37725	34772	
164	0	34012	37444	37742	34688	
165	0	33992	37428	37680	34608	
166	0	34016	37432	37581	34500	
167	0	34016	37440	37450	34364	
168	0	34020	37448	37361	34324	
169	0	34000	37434	37292	34184	
170	0	34004	37440	37224	34090	
171	0	34000	37434	37160	33964	
172	0	34012	37436	37081	33908	
173	0	34016	37441	37048	33824	
174	0	34016	37440	36964	33672	
175	0	34020	37416	36888	33568	
176	0	34032	37417	36784	33456	
177	0	34033	37436	36752	33388	
178	0	34010	37436	36637	33272	
179	0	34000	37448	36576	33226	
180	0	34001	37449	36504	33108	
181	0	34016	37440	36490	32988	
182	0	34012	37434	36348	32908	
183	0	34008	37440	36340	32808	
184	0	34012	37448	36208	32780	
185	0	34004	37432	36154	32644	
186	0	34012	37432	36112	32544	
187	0	34020	37408	35984	32520	
188	0	34016	37420	35902	32416	
189	0	34008	37440	35872	32337	
190	0	33988	37472	35729	32225	
191	0	34000	37465	35650	32160	
192	0	33994	37444	35604	32085	
193	0	33996	37440	35528	32064	
194	0	34008	37444	35446	31937	
195	0	34002	37440	35274	31900	
196	0	34012	37444	35220	31832	
197	0	34024	37416	35076	31728	
198	0	34016	37428	35040	31692	
199	0	34016	37440	34880	31636	
200	0	33992	37461	34812	31541	
201	0	34008	37440	34656	31488	
202	0	33989	37456	34616	31444	
203	0	34008	37448	34428	31408	
204	0	33993	37440	34325	31326	
205	0	33996	37460	34213	31264	
206	0	34020	37448	34112	31208	
207	0	34012	37432	33972	31122	
208	0	34008	37418	33901	31058	
209	0	34009	37432	33756	31022	
210	0	34020	37428	33648	30944	
211	0	34016	37440	33520	30944	
212	0	34016	37432	33396	30842	
213	0	34016	37444	33284	30844	
214	0	34016	37468	33176	30796	
215	0	34008	37460	33104	30698	
216	0	34024	37444	32988	30648	
217	0	34028	37442	32849	30624	
218	0	34016	37434	32774	30601	
219	0	33972	37396	32643	30532	
220	0	34032	37428	32550	30504	
221	0	34025	37440	32440	30406	
222	0	34024	37422	32340	30400	
223	0	34009	37450	32253	30321	
224	0	34006	37404	32164	30281	
225	0	34008	37440	32064	30248	
226	0	34028	37460	31986	30186	
227	0	34000	37440	31885	30148	
228	0	34036	37436	31820	30112	
229	0	34000	37442	31716	30056	
230	0	34036	37472	31640	30026	
231	0	33996	37444	31557	30036	
232	0	34021	37445	31476	29954	
233	0	34034	37434	31400	29904	
234	0	34000	37458	31320	29868	
235	0	34029	37452	31246	29848	
236	0	34021	37472	31176	29789	
237	0	34009	37452	31096	29768	
238	0	34016	37456	31020	29744	
239	0	34016	37428	30954	29696	
240	0	34048	37420	30884	29682	
241	0	34029	37428	30812	29672	
242	0	34016	37418	30752	29652	
243	0	34036	37432	30682	29624	
244	0	34024	37452	30612	29520	
245	0	34024	37456	30552	29504	
246	0	33997	37396	30496	29488	
247	0	34040	37464	30433	29460	
248	0	34000	37440	30368	29428	
249	0	34052	37440	30301	29428	
250	0	34000	37440	30244	29388	
251	0	34032	37444	30208	29368	
252	0	34032	37429	30128	29349	
253	0	34008	37428	30098	29336	
254	0	34036	37466	30060	29356	
255	0	33980	37460	30000	29385	
256	0	33920	37361	29972	29316	
257	0	34016	37498	29920	29305	
258	0	34016	37464	29888	29302	
259	0	33996	37453	29856	29360	
260	0	33994	37444	29825	29360	
261	0	33988	37460	29789	29356	
262	0	33968	37424	29760	29356	
263	0	33997	37472	29720	29308	
264	0	33992	37456	29722	29308	
265	0	33972	37428	29694	29357	
266	0	33968	37480	29669	29342	
267	0	33992	37456	29648	29344	
268	0	33976	37440	29656	29352	
269	0	34040	37400	29616	29404	
270	0	34020	37434	29616	29388	
271	0	34004	37428	29608	29408	
272	0	33997	37444	29629	29474	
273	0	34000	37460	29601	29456	
274	0	34032	37492	29628	29514	
275	0	34016	37440	29611	29572	
276	0	34008	37474	29633	29557	
277	0	34060	37504	29648	29592	
278	0	34008	37448	29657	29664	
279	0	34016	37496	29665	29648	
280	0	34025	37432	29672	29676	
281	0	34016	37515	29666	29787	
282	0	34032	37464	29702	29766	
283	0	34000	37442	29726	29808	
284	0	34033	37468	29748	29832	
285	0	34008	37444	29763	29926	
286	0	34032	37436	29797	29968	
287	0	33976	37468	29828	29975	
288	0	34029	37472	29852	30092	
289	0	33980	37493	29884	30139	
290	0	34024	37442	29890	30105	
291	0	34048	37484	29928	30196	
292	0	34056	37460	29980	30192	
293	0	34042	37442	29996	30265	
294	0	34017	37453	30050	30270	
295	0	34050	37416	30088	30333	
296	0	34004	37464	30132	30394	
297	0	34020	37468	30164	30368	
298	0	34098	37386	30200	30404	
299	0	34048	37476	30240	30456	
300	0	34048	37440	30292	30472	
301	0	33993	37460	30325	30476	
302	0	34052	37440	30372	30489	
303	0	34072	37432	30418	30577	
304	0	34032	37464	30452	30522	
305	0	34060	37456	30496	30580	
306	0	34160	37368	30540	30576	
307	0	34044	37480	30572	30640	
308	0	34080	37448	30612	30592	
309	0	34136	37464	30658	30596	
310	0	34064	37456	30698	30620	
311	0	34120	37432	30732	30683	
312	0	34112	37436	30777	30716	
313	0	34120	37445	30801	30672	
314	0	34112	37424	30836	30648	
315	0	34120	37441	30864	30660	
316	0	34091	37484	30892	30664	
317	0	34052	37508	30914	30744	
318	0	34112	37476	30946	30688	
319	0	34092	37540	30960	30684	
320	0	34120	37502	30994	30732	
321	0	34148	37528	31005	30726	
322	0	34152	37498	31030	30693	
323	0	34162	37468	31036	30702	
324	0	34184	37426	31056	30776	
325	0	34220	37376	31068	30704	
326	0	34272	37385	31068	30701	
327	0	34256	37460	31073	30756	
328	0	34276	37424	31090	30770	
329	0	34314	37432	31096	30694	
330	0	34317	37416	31096	30752	
331	0	34288	37428	31096	30708	
332	0	34248	37456	31092	30766	
333	0	34292	37401	31094	30717	
334	0	34308	37356	31092	30737	
335	0	34282	37392	31092	30680	
336	0	34257	37427	31084	30680	
337	0	34256	37396	31077	30738	
338	0	34264	37394	31073	30686	
339	0	34268	37384	31070	30692	
340	0	34264	37388	31064	30762	
341	0	34200	37458	31054	30760	
342	0	34248	37392	31044	30693	
343	0	34164	37452	31060	30672	
344	0	34214	37436	31040	30744	
345	0	34237	37408	31036	30688	
346	0	34154	37472	31032	30700	
347	0	34168	37448	31032	30704	
348	0	34176	37448	31025	30790	
349	0	34104	37508	31033	30704	
350	0	34152	37480	31036	30742	
351	0	34128	37506	31041	30736	
352	0	34145	37480	31057	30812	
353	0	34156	37472	31048	30754	
354	0	34173	37440	31056	30832	
355	0	34156	37488	31072	30788	
356	0	34150	37500	31076	30808	
357	0	34181	37457	31085	30892	
358	0	34229	37364	31084	30858	
359	0	34184	37420	31097	30864	
360	0	34170	37424	31112	30960	
361	0	34196	37417	31125	30944	
362	0	34180	37448	31128	31010	
363	0	34196	37406	31136	30994	
364	0	34166	37440	31146	31050	
365	0	34196	37436	31152	31113	
366	0	34176	37448	31164	31144	
367	0	34165	37466	31174	31122	
368	0	34156	37460	31188	31244	
369	0	34160	37452	31200	31240	
370	0	34176	37424	31210	31232	
371	0	34162	37452	31236	31321	
372	0	34176	37432	31248	31320	
373	0	34192	37434	31256	31368	
374	0	34168	37450	31276	31443	
375	0	34170	37460	31298	31464	
376	0	34176	37461	31312	31592	
377	0	34188	37440	31329	31616	
378	0	34188	37452	31348	31648	
379	0	34184	37461	31370	31761	
380	0	34182	37450	31392	31744	
381	0	34200	37456	31421	31872	
382	0	34192	37434	31440	31928	
383	0	34204	37402	31480	32032	
384	0	34196	37436	31492	32032	
385	0	34200	37440	31522	32171	
386	0	34197	37440	31552	32222	
387	0	34213	37445	31588	32268	
388	0	34218	37432	31605	32324	
389	0	34208	37458	31644	32420	
390	0	34226	37440	31688	32488	
391	0	34241	37440	31708	32574	
392	0	34237	37449	31728	32721	
393	0	34256	37416	31776	32726	
394	0	34248	37420	31788	32902	
395	0	34232	37450	31832	32888	
396	0	34276	37440	31864	33004	
397	0	34256	37432	31880	33048	
398	0	34276	37440	31909	33132	
399	0	34297	37397	31937	33196	
400	0	34268	37432	31968	33260	
401	0	34316	37420	32008	33333	
402	0	34329	37424	32024	33428	
403	0	34320	37410	32036	33474	
404	0	34344	37397	32065	33588	
405	0	34332	37408	32089	33600	
406	0	34376	37377	32105	33704	
407	0	34404	37345	32144	33736	
408	0	34400	37354	32141	33774	
409	0	34418	37368	32180	33848	
410	0	34404	37324	32200	33896	
411	0	34452	37328	32212	33949	
412	0	34458	37304	32225	33992	
413	0	34464	37296	32229	34104	
414	0	34492	37297	32256	34052	
415	0	34525	37308	32268	34104	
416	0	34481	37300	32290	34162	
417	0	34465	37324	32304	34232	
418	0	34461	37324	32358	34290	
419	0	34498	37328	32378	34328	
420	0	34496	37328	32384	34328	
421	0	34499	37321	32384	34294	
422	0	34485	37325	32400	34337	
423	0	34508	37328	32424	34332	
424	0	34473	37346	32440	34344	
425	0	34500	37328	32464	34296	
426	0	34478	37364	32504	34296	
427	0	34476	37360	32485	34354	
428	0	34465	37366	32524	34324	
429	0	34473	37356	32537	34368	
430	0	34465	37360	32534	34260	
431	0	34468	37344	32544	34216	
432	0	34472	37356	32584	34196	
433	0	34470	37340	32584	34185	
434	0	34460	37361	32584	34144	
435	0	34480	37336	32612	34128	
436	0	34474	37356	32584	34077	
437	0	34468	37344	32592	34052	
438	0	34462	37344	32596	34004	
439	0	34456	37344	32628	33944	
440	0	34452	37364	32636	33900	
441	0	34460	37348	32608	33920	
442	0	34444	37349	32621	33816	
443	0	34441	37364	32634	33758	
444	0	34436	37349	32613	33800	
445	0	34436	37354	32632	33710	
446	0	34416	37386	32632	33596	
447	0	34412	37384	32604	33556	
448	0	34392	37380	32605	33560	
449	0	34380	37417	32590	33504	
450	0	34392	37392	32596	33420	
451	0	34388	37381	32568	33313	
452	0	34380	37372	32541	33320	
453	0	34385	37388	32548	33220	
454	0	34388	37396	32505	33177	
455	0	34368	37420	32504	33108	
456	0	34377	37409	32468	33068	
457	0	34392	37416	32462	33008	
458	0	34396	37412	32432	33012	
459	0	34400	37388	32388	32944	
460	0	34408	37364	32356	32945	
461	0	34436	37377	32332	32828	
462	0	34420	37378	32300	32792	
463	0	34456	37394	32273	32728	
464	0	34480	37312	32225	32762	
465	0	34478	37320	32184	32624	
466	0	34468	37312	32152	32572	
467	0	34488	37312	32118	32592	
468	0	34476	37316	32036	32445	
469	0	34468	37320	31996	32384	
470	0	34468	37325	31964	32328	
471	0	34452	37324	31892	32266	
472	0	34464	37320	31840	32216	
473	0	34424	37440	31780	32120	
474	0	34453	37314	31732	32044	
475	0	34444	37376	31668	31992	
476	0	34432	37424	31604	31969	
477	0	34418	37388	31540	31790	
478	0	34417	37392	31482	31732	
479	0	34408	37386	31412	31642	
480	0	34396	37388	31344	31584	
481	0	34396	37372	31288	31561	
482	0	34409	37342	31218	31440	
483	0	34376	37381	31169	31366	
484	0	34392	37352	31109	31256	
485	0	34377	37392	31060	31181	
486	0	34372	37376	31008	31132	
487	0	34388	37344	30985	31133	
488	0	34384	37364	30948	31004	
489	0	34337	37404	30912	31032	
490	0	34356	37360	30908	30900	
491	0	34332	37384	30908	30872	
492	0	34300	37436	30896	30808	
493	0	34316	37426	30896	30837	
494	0	34305	37410	30912	30756	
495	0	34312	37412	30930	30732	
496	0	34316	37434	30960	30752	
497	0	34321	37425	31001	30728	
498	0	34312	37418	31028	30713	
499	0	34313	37416	31088	30670	
500	0	34300	37432	31140	30730	
501	0	34308	37428	31200	30704	
502	0	34304	37416	31260	30712	
503	0	34288	37408	31342	30754	
504	0	34297	37405	31396	30750	
505	0	34280	37392	31460	30720	
506	0	34304	37404	31541	30724	
507	0	34296	37400	31610	30772	
508	0	34308	37392	31684	30797	
509	0	34308	37384	31738	30826	
510	0	34288	37408	31816	30818	
511	0	34304	37396	31880	30816	
512	0	34304	37400	31952	30812	
513	0	34280	37428	31984	30880	
514	0	34284	37420	32025	30872	
515	0	34288	37412	32068	30862	
516	0	34297	37388	32097	30922	
517	0	34290	37410	32120	30892	
518	0	34297	37394	32164	30936	
519	0	34301	37401	32152	30928	
520	0	34294	37380	32184	30937	
521	0	34300	37420	32180	30940	
522	0	34304	37400	32154	30960	
523	0	34289	37436	32144	31000	
524	0	34324	37393	32133	31067	
525	0	34292	37424	32121	31009	
526	0	34336	37388	32114	31089	
527	0	34312	37396	32104	31044	
528	0	34360	37400	32084	31104	
529	0	34361	37400	32069	31108	
530	0	34360	37405	32056	31217	
531	0	34356	37377	32052	31248	
532	0	34360	37390	32052	31240	
533	0	34364	37392	32048	31296	
534	0	34369	37384	32064	31397	
535	0	34368	37400	32076	31468	
536	0	34368	37400	32104	31481	
537	0	34364	37384	32137	31556	
538	0	34369	37392	32181	31637	
539	0	34344	37388	32252	31716	
540	0	34348	37380	32306	31820	
541	0	34336	37376	32398	31988	
542	0	34316	37380	32500	32032	
543	0	34332	37412	32584	32145	
544	0	34304	37400	32688	32356	
545	0	34285	37416	32816	32409	
546	0	34293	37420	32956	32637	
547	0	34308	37412	33109	32724	
548	0	34304	37425	33300	32858	
549	0	34308	37412	33468	33032	
550	0	34297	37421	33640	33272	
551	0	34296	37404	33874	33460	
552	0	34284	37408	34048	33688	
553	0	34302	37380	34280	33852	
554	0	34284	37400	34570	34076	
555	0	34292	37405	34762	34208	
556	0	34328	37380	35044	34516	
557	0	34288	37400	35300	34733	
558	0	34316	37384	35617	34900	
559	0	34274	37400	35865	35084	
560	0	34292	37400	36160	35298	
561	0	34286	37400	36450	35600	
562	0	34284	37416	36768	35786	
563	0	34280	37396	37076	36076	
564	0	34277	37416	37378	36208	
565	0	34292	37410	37734	36444	
566	0	34292	37405	38066	36657	
567	0	34296	37412	38408	36882	
568	0	34268	37442	38720	37106	
569	0	34274	37424	38980	37352	
570	0	34268	37432	39304	37626	
571	0	34260	37436	39620	37848	
572	0	34268	37400	39948	38024	
573	0	34264	37408	40368	38261	
574	0	34256	37420	40568	38358	
575	0	34252	37405	40968	38620	
576	0	34249	37378	41212	38828	
577	0	34240	37396	41473	38952	
578	0	34265	37396	41892	39096	
579	0	34266	37372	42036	39288	
580	0	34236	37384	42318	39444	
581	0	34304	37352	42652	39616	
582	0	34281	37341	42933	39786	
583	0	34256	37362	43072	39940	
584	0	34296	37456	43410	40012	
585	0	34224	37434	43600	40165	
586	0	33976	37536	43736	40248	
587	0	34332	37448	43960	40346	
588	0	34244	37476	44124	40416	
589	0	34232	37468	44280	40496	
590	0	34282	37568	44472	40570	
591	0	34248	37405	44644	40644	
592	0	34312	37376	44704	40656	
593	0	34376	37308	44824	40736	
594	0	34378	37273	44953	40720	
595	0	34520	37336	45028	40736	
596	0	34369	37370	45040	40744	
597	0	34136	37488	45096	40792	
598	0	34364	37504	45120	40797	
599	0	34000	37560	45152	40720	
600	0	34337	37432	45136	40752	
601	0	34364	37344	45120	40716	
602	0	34084	37453	45108	40664	
603	0	34172	37442	45108	40584	
604	0	34176	37516	45024	40512	
605	0	34204	37532	44928	40464	
606	0	33964	37512	44836	40458	
607	0	33826	37556	44816	40384	
608	0	33874	37528	44632	40264	
609	0	33909	37568	44588	40173	
610	0	33964	37537	44426	40136	
611	0	33940	37516	44288	40028	
612	0	33828	37532	44116	39914	
613	0	33606	37732	43962	39841	
614	0	33924	37548	43832	39752	
615	0	34094	37420	43712	39649	
616	0	33972	37484	43448	39520	
617	0	34004	37496	43370	39476	
618	0	34040	37470	43172	39364	
619	0	33972	37512	43008	39262	
620	0	33850	37596	42721	39152	
621	0	33956	37528	42628	39044	
622	0	34080	37440	42412	38860	
623	0	34036	37520	42120	38820	
624	0	33972	37541	41997	38689	
625	0	33969	37536	41832	38608	
626	0	33992	37596	41604	38453	
627	0	33932	37576	41272	38392	
628	0	34064	37544	41056	38256	
629	0	34056	37525	40872	38088	
630	0	34064	37612	40648	38009	
631	0	33868	37720	40528	37924	
632	0	34160	37764	40224	37808	
633	0	34092	37742	40012	37680	
634	0	34052	37812	39920	37524	
635	0	34153	37736	39608	37420	
636	0	34080	37772	39512	37372	
637	0	33992	37792	39304	37250	
638	0	33988	37744	39076	37112	
639	0	34040	37848	38889	37032	
640	0	34144	37874	38624	36936	
641	0	34370	37896	38432	36841	
642	0	34361	37981	38301	36728	
643	0	34400	38080	38060	36684	
644	0	34585	38228	37920	36680	
645	0	34616	38448	37762	36616	
646	0	34276	38769	37544	36530	
647	0	34004	39440	37364	36408	
648	0	34165	39640	37249	36450	
649	0	34001	40064	37042	36418	
650	0	33936	40348	36956	36332	
651	0	34024	40529	36796	36297	
652	0	34210	40516	36628	36276	
653	0	33844	40800	36490	36268	
654	0	33488	40908	36326	36264	
655	0	33928	40705	36200	36324	
656	0	34089	40612	36096	36282	
657	0	34656	39916	35916	36384	
658	0	34812	39320	35794	36440	
659	0	34924	38336	35700	36498	
660	0	35254	37716	35624	36524	
661	0	34452	37072	35539	36524	
662	0	34048	35454	35476	36504	
663	0	34020	35900	35292	36634	
664	0	33328	36041	35232	36736	
665	0	35388	33356	35141	36800	
666	0	33524	36284	35060	36884	
667	0	32304	36264	35004	36824	
668	0	32164	35637	34912	36901	
669	0	32174	35636	34896	36997	
670	0	32180	35536	34804	37056	
671	0	32548	35293	34772	37176	
672	0	32728	35208	34724	37200	
673	0	32876	35264	34702	37288	
674	0	33066	35467	34698	37396	
675	0	33224	35648	34698	37569	
676	0	33344	35620	34737	37645	
677	0	33492	35752	34704	37656	
678	0	33580	35806	34740	37788	
679	0	33666	35918	34742	37844	
680	0	33812	36020	34788	37928	
681	0	33928	36028	34864	38074	
682	0	33944	35896	34940	38274	
683	0	33944	35889	34960	38320	
684	0	33824	35812	35016	38452	
685	0	33736	35784	35124	38448	
686	0	33609	35653	35242	38532	
687	0	33460	35520	35284	38744	
688	0	33428	35600	35440	38752	
689	0	33460	35641	35492	38834	
690	0	33548	35633	35620	38912	
691	0	33668	35734	35737	39020	
692	0	33805	35793	35864	39156	
693	0	33984	35928	36000	39244	
694	0	34544	36393	36140	39348	
695	0	35130	36848	36276	39472	
696	0	35960	37336	36416	39428	
697	0	36913	38128	36584	39612	
698	0	37876	38932	36722	39680	
699	0	38928	39164	36885	39800	
700	0	40296	39438	37020	39740	
701	0	40446	39237	37188	39916	
702	0	50956	41416	37344	39924	
703	0	44408	47808	37544	40112	
704	0	44416	38880	37692	40105	
705	0	40184	33053	37862	40104	
706	0	31413	40114	38097	40157	
707	0	35434	37608	38212	40305	
708	0	34096	37048	38380	40304	
709	0	33704	37137	38544	40492	
710	0	33116	37736	38820	40504	
711	0	33236	38080	38916	40452	
712	0	33712	37504	39164	40608	
713	0	33985	37480	39256	40570	
714	0	34041	37506	39397	40621	
715	0	34042	37085	39572	40764	
716	0	34144	37232	39740	40797	
717	0	33782	37570	39905	40952	
718	0	33788	37720	40144	40972	
719	0	33936	37536	40340	41080	
720	0	34080	37482	40512	41004	
721	0	34168	37524	40584	41192	
722	0	34172	37506	40760	41149	
723	0	34114	37425	41026	41232	
724	0	34025	37544	41080	41276	
725	0	34044	37624	41272	41377	
726	0	34116	37520	41452	41384	
727	0	34552	37497	41628	41544	
728	0	34618	37392	41746	41528	
729	0	34708	37404	41906	41512	
730	0	34852	37432	42032	41672	
731	0	34892	37372	42240	41548	
732	0	34828	37344	42320	41578	
733	0	34580	37432	42461	41648	
734	0	34810	37341	42708	41624	
735	0	36236	36704	42856	41498	
736	0	34777	37056	42961	41581	
737	0	35000	37124	43008	41440	
738	0	35072	36917	43132	41376	
739	0	34849	36874	43276	41314	
740	0	35268	36916	43452	41264	
741	0	35232	36952	43520	41208	
742	0	35104	37104	43672	41136	
743	0	35300	36992	43786	41128	
744	0	35284	37116	43978	41060	
745	0	35220	37080	44100	41020	
746	0	35145	37212	44224	40954	
747	0	35141	37096	44348	40880	
748	0	35164	37092	44432	40826	
749	0	35120	37160	44528	40760	
750	0	35148	37108	44692	40626	
751	0	35040	37200	44736	40620	
752	0	35152	37252	44852	40544	
753	0	35144	37196	44928	40464	
754	0	35304	37248	45012	40404	
755	0	35280	37313	45092	40376	
756	0	35272	37470	45192	40329	
757	0	35168	37612	45256	40336	
758	0	34896	37764	45312	40285	
759	0	35008	37916	45396	40242	
760	0	35052	37840	45440	40212	
761	0	35220	37981	45464	40192	
762	0	35584	38449	45540	40152	
763	0	35844	38720	45600	40132	
764	0	35770	39224	45640	40116	
765	0	35720	39448	45596	40088	
766	0	35372	39880	45676	40068	
767	0	35120	39672	45600	40056	
768	0	34328	40258	45676	40028	
769	0	34564	40696	45592	40012	
770	0	35088	40904	45597	39994	
771	0	35316	41596	45564	39988	
772	0	34968	42036	45569	39992	
773	0	34436	42436	45588	40000	
774	0	32759	42532	45476	40028	
775	0	33112	42380	45452	39996	
776	0	34220	42224	45452	40009	
777	0	34848	41672	45376	40072	
778	0	36440	41148	45341	40064	
779	0	37652	40500	45320	40082	
780	0	34784	39840	45276	40160	
781	0	33196	37912	45252	40140	
782	0	31744	35617	45216	40180	
783	0	31432	35048	45172	40260	
784	0	35336	34196	45172	40314	
785	0	33488	37244	45152	40308	
786	0	37204	31860	45086	40336	
787	0	36752	34744	45077	40416	
788	0	34936	35200	45048	40424	
789	0	32864	35795	44944	40506	
790	0	32261	35376	44942	40472	
791	0	31704	34954	44924	40512	
792	0	31376	34802	44888	40581	
793	0	31481	34696	44832	40529	
794	0	31908	34545	44800	40562	
795	0	32568	34456	44722	40572	
796	0	33066	34144	44736	40548	
797	0	33544	34144	44688	40520	
798	0	33868	34113	44588	40532	
799	0	34092	34212	44552	40513	
800	0	34098	34562	44496	40452	
801	0	33864	34884	44520	40472	
802	0	33690	35154	44456	40396	
803	0	33456	35424	44432	40324	
804	0	33384	35776	44392	40285	
805	0	33348	36132	44384	40298	
806	0	33480	36392	44437	40286	
807	0	33456	36544	44436	40192	
808	0	33822	36752	44392	40136	
809	0	33900	37120	44384	40164	
810	0	34000	37402	44424	40076	
811	0	34284	37732	44412	40088	
812	0	34988	37972	44372	40060	
813	0	35840	38232	44394	39972	
814	0	37104	38594	44428	39986	
815	0	37916	38901	44396	39912	
816	0	39354	39412	44412	39944	
817	0	40068	40112	44409	39852	
818	0	40824	40106	44452	39888	
819	0	41196	41196	44424	39816	
820	0	43184	40704	44424	39820	
821	0	41616	48208	44444	39776	
822	0	51368	34658	44448	39762	
823	0	46177	39392	44464	39672	
824	0	44608	40084	44452	39682	
825	0	48432	52996	44448	39656	
826	0	48368	31980	44432	39608	
827	0	36608	36986	44508	39504	
828	0	36060	36628	44412	39464	
829	0	35192	37337	44404	39412	
830	0	34426	37226	44400	39400	
831	0	34376	37204	44360	39284	
832	0	32850	38392	44348	39270	
833	0	33780	38008	44336	39173	
834	0	33896	37600	44304	39080	
835	0	34453	37066	44328	39018	
836	0	34560	37048	44240	38971	
837	0	34572	37312	44232	38905	
838	0	34581	37146	44177	38833	
839	0	34644	37360	44160	38724	
840	0	34372	37434	44108	38656	
841	0	34426	37364	44096	38576	
842	0	34584	37320	44068	38500	
843	0	34552	37424	44056	38378	
844	0	34600	37316	44048	38288	
845	0	34540	37352	43914	38184	
846	0	34320	37448	43868	38060	
847	0	34634	37300	43800	37933	
848	0	35536	37156	43810	37800	
849	0	34588	37444	43660	37680	
850	0	34742	37312	43580	37512	
851	0	35056	37240	43505	37329	
852	0	35053	37154	43360	37152	
853	0	34852	37208	43321	36964	
854	0	34848	37192	43124	36764	
855	0	34730	37340	42992	36548	
856	0	34692	37114	42850	36332	
857	0	34984	37192	42772	36089	
858	0	34816	37228	42484	35849	
859	0	34992	36924	42288	35604	
860	0	35368	37516	42100	35360	
861	0	35000	37238	41901	35092	
862	0	35084	36944	41709	34824	
863	0	35266	37088	41600	34560	
864	0	35072	37053	41226	34272	
865	0	35128	37072	41016	33996	
866	0	35124	37200	40744	33752	
867	0	35232	37068	40560	33460	
868	0	35096	37232	40312	33180	
869	0	35008	37242	40037	32916	
870	0	35052	37286	39760	32648	
871	0	35032	37284	39500	32384	
872	0	35077	37356	39172	32132	
873	0	35236	37545	38881	31880	
874	0	35305	37380	38464	31586	
875	0	35074	37616	38212	31333	
876	0	35032	37472	37848	31098	
877	0	35288	37524	37528	30857	
878	0	35324	37736	37172	30610	
879	0	35536	38028	36844	30372	
880	0	35640	38464	36532	30136	
881	0	35804	39016	36194	29904	
882	0	35728	39608	35832	29673	
883	0	35800	39716	35461	29464	
884	0	35604	39760	35141	29228	
885	0	34906	40152	34754	29008	
886	0	34626	40800	34424	28790	
887	0	34720	41568	34072	28574	
888	0	35292	42024	33696	28360	
889	0	34922	42369	33348	28148	
890	0	33864	42836	33004	27949	
891	0	32040	43464	32637	27736	
892	0	31906	42034	32290	27528	
893	0	34120	41705	31902	27322	
894	0	35740	42236	31601	27108	
895	0	34897	42232	31240	26908	
896	0	38004	41044	30892	26701	
897	0	36856	40280	30552	26500	
898	0	33956	39160	30282	26293	
899	0	30692	37168	29963	26082	
900	0	29384	35784	29665	25874	
901	0	31108	34544	29381	25664	
902	0	35032	34588	29085	25452	
903	0	35276	34652	28816	25236	
904	0	33912	36792	28532	25025	
905	0	37856	32512	28282	24796	
906	0	36248	33736	28018	24564	
907	0	33888	34276	27762	24332	
908	0	32492	34852	27508	24100	
909	0	32144	34888	27276	23856	
910	0	31604	34576	27032	23589	
911	0	31492	34440	26808	23332	
912	0	31484	34488	26568	23072	
913	0	31568	34830	26290	22805	
914	0	32430	34552	26112	22514	
915	0	33348	34248	25864	22240	
916	0	33726	34230	25640	21961	
917	0	33792	34458	25426	21672	
918	0	33896	34690	25200	21392	
919	0	33648	35128	24946	21108	
920	0	33552	35576	24706	20824	
921	0	33392	36024	24473	20544	
922	0	33461	36240	24208	20262	
923	0	33430	36664	23945	20000	
924	0	33476	36964	23760	19734	
925	0	33744	37336	23488	19480	
926	0	33888	37616	23236	19228	
927	0	33856	38052	22971	18977	
928	0	34144	38432	22724	18736	
929	0	34608	38960	22424	18514	
930	0	35416	39322	22180	18281	
931	0	36480	39748	21856	18068	
932	0	37600	39836	21529	17848	
933	0	38804	40400	21270	17648	
934	0	39872	40725	21020	17456	
935	0	41258	41116	20688	17251	
936	0	42364	40576	20416	17082	
937	0	44322	40248	20112	16894	
938	0	45792	39192	19762	16733	
939	0	46204	38585	19520	16556	
940	0	53448	34788	19250	16405	
941	0	43676	39208	18925	16256	
942	0	40036	42770	18612	16102	
943	0	26665	46368	18322	15964	
944	0	44128	52024	18056	15822	
945	0	47152	25104	17810	15699	
946	0	28377	48632	17492	15566	
947	0	38716	29473	17220	15440	
948	0	40076	35212	16936	15326	
949	0	32512	38816	16633	15212	
950	0	35041	36272	16410	15098	
951	0	33760	38016	16109	15008	
952	0	34208	37980	15910	14934	
953	0	33857	37468	15602	14873	
954	0	34584	37314	15440	14822	
955	0	34844	36928	15222	14792	
956	0	34252	37466	14968	14788	
957	0	34944	37170	14804	14787	
958	0	34808	37066	14612	14808	
959	0	34674	37102	14448	14840	
960	0	34852	37105	14219	14906	
961	0	34833	37140	14121	15005	
962	0	34948	37056	13973	15066	
963	0	35128	37216	13865	15214	
964	0	35100	37002	13762	15322	
965	0	35242	37129	13668	15408	
966	0	34994	37240	13584	15625	
967	0	34924	37170	13475	15778	
968	0	34816	37290	13455	15864	
969	0	35104	37276	13444	16086	
970	0	34916	37368	13372	16232	
971	0	35305	37160	13364	16376	
972	0	35228	37306	13401	16592	
973	0	35352	36872	13406	16760	
974	0	35214	37142	13473	16904	
975	0	34512	37184	13524	17132	
976	0	34772	37376	13532	17270	
977	0	35048	37220	13642	17469	
978	0	35244	37188	13716	17672	
979	0	35421	37016	13771	17826	
980	0	34969	37136	13890	18004	
981	0	35556	37064	13963	18224	
982	0	35320	37056	14130	18405	
983	0	35494	36912	14164	18585	
984	0	35453	36840	14322	18786	
985	0	35444	36932	14418	18960	
986	0	35448	36849	14580	19160	
987	0	35512	36856	14780	19452	
988	0	35488	36952	14902	19640	
989	0	35354	36904	15065	19922	
990	0	35228	37088	15168	20075	
991	0	35372	37112	15360	20377	
992	0	35168	37148	15468	20628	
993	0	35432	37352	15667	20843	
994	0	35484	37368	15824	21137	
995	0	35464	37401	15964	21394	
996	0	35440	37332	16168	21586	
997	0	35313	37316	16300	21918	
998	0	35428	37676	16498	22092	
999	0	35776	38064	16665	22430	
1000	0	36128	38632	16849	22642	
1001	0	36284	38944	16996	22910	
1002	0	36448	39420	17145	23188	
1003	0	36492	39592	17341	23381	
1004	0	35452	39900	17565	23682	
1005	0	35120	40568	17760	23920	
1006	0	35660	41480	17944	24180	
1007	0	35688	42312	18104	24392	
1008	0	36252	43012	18322	24652	
1009	0	35780	43940	18528	24924	
1010	0	33651	44961	18704	25096	
1011	0	32784	43572	18882	25310	
1012	0	33354	42757	19124	25518	
1013	0	33680	42080	19361	25748	
1014	0	36796	42236	19552	25978	
1015	0	38968	39692	19769	26216	
1016	0	37980	40177	20068	26408	
1017	0	35292	38548	20274	26664	
1018	0	31144	36872	20584	26932	
1019	0	28777	35184	20864	27158	
1020	0	31380	33776	21113	27406	
1021	0	34785	34525	21374	27620	
1022	0	34016	34198	21645	27828	
1023	0	33612	36308	21888	28102	
1024	0	37952	32592	22236	28356	
1025	0	36516	31828	22456	28552	
1026	0	34884	33227	22756	28808	
1027	0	33156	33584	23028	29028	
1028	0	32308	34230	23340	29228	
1029	0	32409	34148	23652	29459	
1030	0	31544	34004	23908	29648	
1031	0	31196	34120	24179	29849	
1032	0	31538	34056	24428	30061	
1033	0	31824	34306	24684	30252	
1034	0	32396	34548	24973	30386	
1035	0	32846	34384	25192	30556	
1036	0	33116	34396	25468	30741	
1037	0	33268	34680	25704	30888	
1038	0	33276	35044	25956	31056	
1039	0	33324	35312	26244	31196	
1040	0	33368	35784	26489	31344	
1041	0	33482	36204	26730	31516	
1042	0	33596	36650	26926	31692	
1043	0	33688	37168	27204	31824	
1044	0	33753	37526	27434	31976	
1045	0	33818	38081	27681	32164	
1046	0	33950	38604	27908	32321	
1047	0	34401	39132	28109	32424	
1048	0	34784	39696	28360	32561	
1049	0	35716	40208	28541	32792	
1050	0	36857	40672	28812	32889	
1051	0	38292	40900	29042	33020	
1052	0	39836	41296	29186	33168	
1053	0	40864	41576	29472	33376	
1054	0	41576	41224	29605	33436	
1055	0	43448	40960	29862	33596	
1056	0	45592	40240	30092	33736	
1057	0	46893	38708	30288	33865	
1058	0	49792	36669	30468	34096	
1059	0	48812	39065	30624	34184	
1060	0	53988	30010	30832	34304	
1061	0	31920	45256	30957	34448	
1062	0	20356	47192	31121	34440	
1063	0	25360	38144	31322	34560	
1064	0	55116	47268	31408	34710	
1065	0	40545	28482	31644	34813	
1066	0	27552	48868	31712	34820	
1067	0	40096	32496	31888	34952	
1068	0	36944	35584	32040	35028	
1069	0	32100	38896	32164	35048	
1070	0	35488	36029	32306	35132	
1071	0	33560	38524	32398	35182	
1072	0	34337	37324	32480	35345	
1073	0	34333	37402	32589	35312	
1074	0	34938	37180	32690	35396	
1075	0	34696	37124	32788	35472	
1076	0	34589	37338	32888	35512	
1077	0	34608	37278	33008	35650	
1078	0	34753	37110	33052	35737	
1079	0	34616	37280	33132	35713	
1080	0	34666	37316	33208	35752	
1081	0	34772	37232	33281	35912	
1082	0	34752	37336	33376	35956	
1083	0	34472	37409	33432	36004	
1084	0	31411	36590	33461	36088	
1085	0	34814	37418	33512	36109	
1086	0	33736	37560	33564	36108	
1087	0	34016	37496	33626	36153	
1088	0	35248	37120	33652	36048	
1089	0	34948	37296	33625	36156	
1090	0	34960	37120	33664	36112	
1091	0	35704	36968	33616	35988	
1092	0	34888	37568	33580	35924	
1093	0	35064	37200	33580	35898	
1094	0	35048	37336	33529	35794	
1095	0	35120	37320	33452	35712	
1096	0	35426	36888	33362	35624	
1097	0	35048	37276	33278	35564	
1098	0	35180	37068	33165	35466	
1099	0	35322	37138	33048	35328	
1100	0	35424	36900	32905	35109	
1101	0	35292	36988	32769	34970	
1102	0	35440	36880	32572	34817	
1103	0	35456	36956	32409	34704	
1104	0	35513	36852	32208	34544	
1105	0	35612	37108	32025	34324	
1106	0	35444	37044	31776	34256	
1107	0	35504	37096	31536	33960	
1108	0	35485	37248	31292	33805	
1109	0	35340	37328	31028	33700	
1110	0	35264	37464	30756	33552	
1111	0	35198	37576	30480	33270	
1112	0	35248	37632	30184	33133	
1113	0	35352	37752	29894	32993	
1114	0	35232	37608	29593	32768	
1115	0	35468	37624	29248	32637	
1116	0	35844	37924	28954	32412	
1117	0	36213	38252	28641	32300	
1118	0	36396	38776	28272	32164	
1119	0	35920	39444	27933	31938	
1120	0	35953	40148	27680	31786	
1121	0	35768	40492	27312	31660	
1122	0	35500	40912	26992	31506	
1123	0	34920	41496	26652	31325	
1124	0	34936	42716	26300	31216	
1125	0	34698	43720	25996	31024	
1126	0	33656	45224	25678	30882	
1127	0	32592	45576	25286	30764	
1128	0	32420	44256	25026	30646	
1129	0	34228	43132	24716	30481	
1130	0	35988	43024	24374	30356	
1131	0	38360	40814	24102	30264	
1132	0	39316	40360	23736	30164	
1133	0	36700	39728	23460	30070	
1134	0	31504	37850	23098	29942	
1135	0	26936	36840	22889	29864	
1136	0	28716	34048	22604	29804	
1137	0	35352	33981	22264	29696	
1138	0	36174	34280	22002	29624	
1139	0	34104	34816	21780	29568	
1140	0	34493	34369	21534	29500	
1141	0	37152	33688	21312	29440	
1142	0	34937	30346	21056	29368	
1143	0	33988	33294	20852	29280	
1144	0	33041	33554	20632	29180	
1145	0	32432	33470	20430	29076	
1146	0	32280	33236	20160	28994	
1147	0	32048	33626	20025	28892	
1148	0	31856	33942	19858	28758	
1149	0	31736	33932	19640	28648	
1150	0	32077	33949	19509	28513	
1151	0	32324	34113	19376	28362	
1152	0	32628	34296	19245	28244	
1153	0	32601	34628	19089	28100	
1154	0	32592	35122	18994	27942	
1155	0	32717	35464	18885	27778	
1156	0	32788	35874	18716	27588	
1157	0	32888	36437	18674	27424	
1158	0	33248	36746	18618	27252	
1159	0	33324	37296	18466	27088	
1160	0	33404	38216	18379	26864	
1161	0	34020	38756	18352	26656	
1162	0	34152	39304	18330	26456	
1163	0	34624	39920	18240	26282	
1164	0	35448	40553	18156	26025	
1165	0	36528	41120	18124	25865	
1166	0	37960	41564	18085	25580	
1167	0	39376	42244	18080	25424	
1168	0	40804	42784	18046	25249	
1169	0	42188	42772	17991	25018	
1170	0	44036	42076	17977	24888	
1171	0	45764	40721	17930	24644	
1172	0	47656	38568	17884	24416	
1173	0	50784	35444	17826	24308	
1174	0	43664	44728	17819	24138	
1175	0	55448	28846	17769	23956	
1176	0	35940	48640	17737	23784	
1177	0	13762	47532	17718	23620	
1178	0	29800	37716	17706	23449	
1179	0	55450	34272	17731	23237	
1180	0	40656	26298	17656	23125	
1181	0	28954	48233	17670	22968	
1182	0	39256	33184	17609	22837	
1183	0	35704	36636	17630	22712	
1184	0	33242	37768	17594	22568	
1185	0	35050	36772	17608	22476	
1186	0	34004	38056	17592	22378	
1187	0	34586	36996	17584	22281	
1188	0	34329	37656	17603	22204	
1189	0	34676	37148	17609	22179	
1190	0	34764	37025	17620	22033	
1191	0	34612	37230	17630	22018	
1192	0	34684	37312	17641	22011	
1193	0	34428	37408	17668	22065	
1194	0	34520	37232	17718	22042	
1195	0	34676	37248	17733	22116	
1196	0	34674	37340	17807	22176	
1197	0	34581	37417	17844	22216	
1198	0	34732	37322	17956	22330	
1199	0	34637	37434	18040	22370	
1200	0	34676	37436	18106	22484	
1201	0	34657	37484	18217	22556	
1202	0	34648	37440	18324	22701	
1203	0	34792	37285	18448	22868	
1204	0	34944	37244	18520	22940	
1205	0	34924	37264	18686	23029	
1206	0	34905	37312	18849	23224	
1207	0	34960	37292	19000	23344	
1208	0	34954	37314	19161	23472	
1209	0	35066	37408	19348	23632	
1210	0	35082	37344	19458	23715	
1211	0	35000	37396	19618	23858	
1212	0	35056	37370	19900	24018	
1213	0	35560	36976	20076	24044	
1214	0	35336	37176	20276	24254	
1215	0	34992	36794	20482	24388	
1216	0	35613	37077	20734	24434	
1217	0	35804	36600	20948	24640	
1218	0	35096	36896	21140	24730	
1219	0	35408	36892	21422	24925	
1220	0	35136	37260	21676	25045	
1221	0	35140	37224	21885	25176	
1222	0	35392	37112	22171	25312	
1223	0	35360	36960	22422	25457	
1224	0	35082	37124	22708	25608	
1225	0	35204	37110	22972	25756	
1226	0	35444	37160	23233	25944	
1227	0	35300	37368	23500	26091	
1228	0	35200	37612	23822	26256	
1229	0	35300	37664	24116	26420	
1230	0	35472	37680	24328	26594	
1231	0	35233	37581	24696	26765	
1232	0	35216	37656	24962	26930	
1233	0	35320	38000	25281	27088	
1234	0	35700	38497	25576	27265	
1235	0	35857	39001	25834	27452	
1236	0	35780	39416	26118	27604	
1237	0	35849	40176	26452	27800	
1238	0	35537	40908	26740	27952	
1239	0	34937	40984	27024	28140	
1240	0	34328	41772	27300	28282	
1241	0	33571	42920	27564	28472	
1242	0	33496	45124	27896	28656	
1243	0	32392	46400	28101	28850	
1244	0	31848	45688	28460	28956	
1245	0	33320	44544	28712	29117	
1246	0	34898	43532	29024	29282	
1247	0	37880	42244	29332	29514	
1248	0	40896	41204	29634	29656	
1249	0	37956	40786	29932	29832	
1250	0	34624	39560	30252	29944	
1251	0	29266	37696	30540	30122	
1252	0	25288	36096	30828	30342	
1253	0	31384	32888	31120	30473	
1254	0	35000	34256	31434	30630	
1255	0	36388	34684	31742	30786	
1256	0	34016	34736	32052	30970	
1257	0	34232	33540	32377	31176	
1258	0	35362	34912	32728	31276	
1259	0	34434	30076	33052	31476	
1260	0	34424	32360	33372	31561	
1261	0	32832	33445	33762	31757	
1262	0	32156	33744	34060	31848	
1263	0	32464	33356	34346	31952	
1264	0	32372	33521	34656	32089	
1265	0	32136	34112	34998	32184	
1266	0	31905	34225	35434	32291	
1267	0	32282	34424	35660	32412	
1268	0	32836	34428	36064	32516	
1269	0	32968	34372	36344	32612	
1270	0	33189	34528	36656	32676	
1271	0	33340	34709	36988	32772	
1272	0	33524	35057	37320	32844	
1273	0	33584	35501	37652	32976	
1274	0	33658	36024	38080	33036	
1275	0	33712	36492	38340	33144	
1276	0	33746	36932	38624	33216	
1277	0	33840	37632	39024	33314	
1278	0	34042	38193	39244	33416	
1279	0	34000	38876	39660	33520	
1280	0	34388	39594	39834	33617	
1281	0	35140	40061	40124	33732	
1282	0	36152	40601	40397	33824	
1283	0	37260	40905	40716	33945	
1284	0	38405	40997	40916	34057	
1285	0	39728	41060	41160	34176	
1286	0	40744	41242	41449	34265	
1287	0	41930	41129	41636	34406	
1288	0	43644	40672	41844	34524	
1289	0	44978	39658	42044	34617	
1290	0	46372	38576	42352	34756	
1291	0	48953	37144	42528	34860	
1292	0	54200	31936	42716	34980	
1293	0	44012	37632	42852	35114	
1294	0	36212	45272	42896	35232	
1295	0	15219	47244	42992	35312	
1296	0	31789	35528	43240	35464	
1297	0	55464	37365	43268	35568	
1298	0	33276	27434	43424	35644	
1299	0	29165	43901	43428	35760	
1300	0	40980	35724	43540	35834	
1301	0	36800	35408	43632	35956	
1302	0	31971	39272	43713	35996	
1303	0	34540	36440	43785	36108	
1304	0	34188	37378	43792	36193	
1305	0	33560	37736	43824	36264	
1306	0	33788	37440	43872	36308	
1307	0	34320	37424	43952	36372	
1308	0	34552	37320	43952	36456	
1309	0	34329	37298	44072	36524	
1310	0	34465	37336	44096	36552	
1311	0	34234	37432	44069	36626	
1312	0	34316	37322	44172	36684	
1313	0	34360	37350	44156	36716	
1314	0	34488	37316	44208	36740	
1315	0	34464	37289	44282	36784	
1316	0	34596	37408	44268	36796	
1317	0	34620	37356	44348	36824	
1318	0	34504	37464	44362	36800	
1319	0	34597	37373	44424	36792	
1320	0	34232	37600	44396	36794	
1321	0	34702	37336	44428	36752	
1322	0	34636	37376	44440	36690	
1323	0	34928	37256	44468	36636	
1324	0	34945	37524	44497	36548	
1325	0	34730	37472	44576	36456	
1326	0	34116	37568	44568	36296	
1327	0	34329	37534	44560	36152	
1328	0	34444	37401	44504	36048	
1329	0	35050	37232	44484	35868	
1330	0	34802	37314	44476	35677	
1331	0	34232	37616	44440	35544	
1332	0	35296	37408	44464	35296	
1333	0	34944	37046	44384	35124	
1334	0	35034	37264	44312	34884	
1335	0	34884	37188	44304	34632	
1336	0	34880	37180	44181	34473	
1337	0	34976	37116	44108	34164	
1338	0	35092	36968	44068	34025	
1339	0	35224	37092	43937	33760	
1340	0	35264	37164	43840	33528	
1341	0	35261	37344	43800	33208	
1342	0	35272	37444	43596	33014	
1343	0	35140	37600	43500	32732	
1344	0	35136	37716	43324	32518	
1345	0	35140	37780	43178	32273	
1346	0	35326	37820	43026	32072	
1347	0	35236	37696	42880	31872	
1348	0	35188	37832	42696	31608	
1349	0	35360	38212	42578	31344	
1350	0	35736	38864	42364	31117	
1351	0	35977	39332	42180	30896	
1352	0	35696	39904	42040	30725	
1353	0	35522	40272	41912	30448	
1354	0	35489	40696	41632	30256	
1355	0	34904	40949	41472	30064	
1356	0	34392	41680	41212	29806	
1357	0	33897	42580	41016	29609	
1358	0	33540	44072	40820	29392	
1359	0	31752	46996	40588	29165	
1360	0	30732	46642	40356	28968	
1361	0	32188	44410	40176	28824	
1362	0	36098	43602	39928	28585	
1363	0	38444	42641	39648	28420	
1364	0	39633	41616	39396	28203	
1365	0	37076	40964	39176	28033	
1366	0	34272	39696	38904	27854	
1367	0	28609	37977	38688	27666	
1368	0	25856	35468	38396	27502	
1369	0	32676	32562	38112	27404	
1370	0	37097	33500	37892	27225	
1371	0	36928	33602	37696	27082	
1372	0	34044	34428	37352	26977	
1373	0	36253	34830	37089	26856	
1374	0	34404	28504	36764	26704	
1375	0	35768	32056	36460	26556	
1376	0	32264	32636	36160	26484	
1377	0	32020	33301	35868	26336	
1378	0	31776	33465	35601	26273	
1379	0	31212	33628	35332	26146	
1380	0	31004	33980	35041	26052	
1381	0	31216	34336	34732	25916	
1382	0	31489	34553	34424	25803	
1383	0	31792	34588	34085	25712	
1384	0	32324	34565	33728	25589	
1385	0	32816	34480	33392	25484	
1386	0	33076	34812	33101	25381	
1387	0	33410	34876	32832	25288	
1388	0	33568	35492	32497	25192	
1389	0	33528	36028	32160	25086	
1390	0	33420	36764	31856	25000	
1391	0	33620	37380	31554	24898	
1392	0	33796	37640	31258	24820	
1393	0	33940	38280	30968	24733	
1394	0	34214	38884	30660	24668	
1395	0	34604	39201	30365	24606	
1396	0	35116	39384	30105	24545	
1397	0	35916	39648	29836	24498	
1398	0	36952	39988	29505	24460	
1399	0	38196	40528	29269	24424	
1400	0	39512	40953	28944	24400	
1401	0	40832	40912	28752	24392	
1402	0	42336	40808	28488	24384	
1403	0	43544	40265	28201	24400	
1404	0	45120	39500	27968	24402	
1405	0	45892	38464	27720	24430	
1406	0	46236	37340	27484	24466	
1407	0	46236	35976	27212	24507	
1408	0	39960	42473	26970	24588	
1409	0	50992	30996	26800	24616	
1410	0	30124	47476	26500	24676	
1411	0	19732	49208	26224	24756	
1412	0	32970	36624	26008	24868	
1413	0	48957	25415	25892	24912	
1414	0	37825	46310	25576	25000	
1415	0	32640	36960	25348	25154	
1416	0	36092	37680	25210	25228	
1417	0	34104	37248	24972	25373	
1418	0	33864	37267	24768	25504	
1419	0	34384	36628	24597	25570	
1420	0	33514	37740	24444	25724	
1421	0	33835	37560	24244	25877	
1422	0	33882	37680	24050	25957	
1423	0	34468	37304	23941	26116	
1424	0	34424	37280	23812	26318	
1425	0	34396	37288	23682	26502	
1426	0	34376	37308	23564	26636	
1427	0	34240	37394	23426	26852	
1428	0	34376	37354	23284	27000	
1429	0	34284	37528	23182	27198	
1430	0	34356	37440	23139	27414	
1431	0	34317	37468	23104	27624	
1432	0	34024	37508	23098	27825	
1433	0	34056	37656	23008	28040	
1434	0	34888	37308	22970	28276	
1435	0	34292	37568	23029	28520	
1436	0	35148	37188	23032	28736	
1437	0	33973	37536	23069	28944	
1438	0	35085	37136	23114	29181	
1439	0	35193	37236	23173	29312	
1440	0	34578	37608	23201	29522	
1441	0	35056	37096	23280	29728	
1442	0	35686	36961	23392	29896	
1443	0	34496	37524	23442	30072	
1444	0	34580	37420	23576	30252	
1445	0	34872	37432	23712	30396	
1446	0	35272	37001	23866	30588	
1447	0	35174	37060	23988	30728	
1448	0	35150	37056	24160	30876	
1449	0	35225	36961	24338	30970	
1450	0	35164	36836	24512	31104	
1451	0	35144	36914	24613	31256	
1452	0	35301	36992	24801	31380	
1453	0	35278	36996	25025	31452	
1454	0	35204	37076	25233	31568	
1455	0	35268	37162	25360	31648	
1456	0	35317	37324	25628	31796	
1457	0	35340	37336	25821	31856	
1458	0	35354	37432	26032	31996	
1459	0	35328	37464	26236	32069	
1460	0	35304	37493	26449	32146	
1461	0	35224	37504	26656	32268	
1462	0	35308	37716	26872	32448	
1463	0	35404	37660	27032	32505	
1464	0	35352	37616	27285	32612	
1465	0	35364	37952	27516	32745	
1466	0	35796	38244	27696	32884	
1467	0	35956	38936	27944	32988	
1468	0	35920	39664	28161	33121	
1469	0	36148	39721	28346	33304	
1470	0	35849	40412	28579	33413	
1471	0	35713	40728	28728	33568	
1472	0	35488	41164	28980	33692	
1473	0	35204	41880	29136	33852	
1474	0	35133	43148	29338	34000	
1475	0	35112	43584	29612	34216	
1476	0	35594	44844	29800	34392	
1477	0	33053	45860	30008	34497	
1478	0	32952	44776	30218	34728	
1479	0	33612	43560	30396	34912	
1480	0	35112	42312	30692	35024	
1481	0	35244	41496	30881	35220	
1482	0	38057	40036	31132	35397	
1483	0	36034	39957	31333	35648	
1484	0	33052	37840	31552	35848	
1485	0	29664	35656	31810	36000	
1486	0	30548	33536	32009	36200	
1487	0	34584	32656	32242	36417	
1488	0	34425	35672	32465	36696	
1489	0	34932	34781	32765	36924	
1490	0	37156	29945	32981	37061	
1491	0	35876	31850	33218	37314	
1492	0	32773	33081	33469	37524	
1493	0	31288	34208	33706	37712	
1494	0	31020	34184	33968	38000	
1495	0	31286	33760	34225	38220	
1496	0	30852	33976	34496	38320	
1497	0	31152	34232	34753	38540	
1498	0	31624	34272	35052	38752	
1499	0	32370	34312	35344	38968	
1500	0	33068	34069	35612	39264	
1501	0	33618	34200	35860	39360	
1502	0	33720	34244	36149	39572	
1503	0	33664	34720	36344	39800	
1504	0	33540	35058	36664	39978	
1505	0	33410	35580	36932	40020	
1506	0	33552	35968	37065	40272	
1507	0	33509	36424	37368	40400	
1508	0	33628	36896	37632	40564	
1509	0	33888	37269	37792	40712	
1510	0	33956	37720	38017	40849	
1511	0	34236	38290	38256	41108	
1512	0	34636	38736	38484	41188	
1513	0	34961	39202	38772	41436	
1514	0	35618	39700	38897	41602	
1515	0	36396	40044	39098	41792	
1516	0	37517	40418	39288	41825	
1517	0	38861	41022	39492	41978	
1518	0	39778	40896	39657	42171	
1519	0	40820	40932	39932	42336	
1520	0	42168	40624	40028	42400	
1521	0	43532	39712	40184	42592	
1522	0	44468	38888	40466	42604	
1523	0	45108	37960	40504	42835	
1524	0	45962	36856	40792	42868	
1525	0	48180	35386	40788	43028	
1526	0	39325	44372	40896	43018	
1527	0	49180	30610	41117	43121	
1528	0	25952	45378	41148	43188	
1529	0	17748	47076	41284	43297	
1530	0	33984	37836	41378	43321	
1531	0	55456	41648	41512	43460	
1532	0	47556	32737	41580	43453	
1533	0	27300	46770	41656	43592	
1534	0	40858	32992	41780	43572	
1535	0	35512	37248	41844	43620	
1536	0	32308	38732	41948	43728	
1537	0	35152	36126	42016	43736	
1538	0	33940	37848	42192	43804	
1539	0	34464	37234	42144	43921	
1540	0	33961	37492	42322	43972	
1541	0	34296	37356	42332	44056	
1542	0	34564	37224	42361	44104	
1543	0	34226	37516	42428	44220	
1544	0	34404	37284	42552	44248	
1545	0	34232	37569	42572	44336	
1546	0	34076	37597	42624	44440	
1547	0	34344	37380	42760	44528	
1548	0	34204	37604	42872	44633	
1549	0	34268	37632	42828	44780	
1550	0	34446	37404	42898	44809	
1551	0	32656	37316	42960	44960	
1552	0	34104	37730	43028	44992	
1553	0	35174	37376	43160	45048	
1554	0	34428	37524	43208	45136	
1555	0	35008	37141	43152	45202	
1556	0	34220	37704	43272	45228	
1557	0	34560	37376	43257	45268	
1558	0	35412	37068	43242	45312	
1559	0	34359	37341	43272	45296	
1560	0	35244	37340	43269	45312	
1561	0	35116	37400	43296	45248	
1562	0	35068	37284	43308	45216	
1563	0	35248	36976	43265	45220	
1564	0	35174	37130	43246	45164	
1565	0	35172	36964	43256	45064	
1566	0	35310	36944	43160	44936	
1567	0	35323	36940	43140	44801	
1568	0	35272	36861	43084	44712	
1569	0	35300	36938	43112	44588	
1570	0	35280	36929	42952	44393	
1571	0	35384	36912	42872	44265	
1572	0	35432	36952	42788	44056	
1573	0	35468	36904	42704	43912	
1574	0	35340	36960	42588	43780	
1575	0	35469	36976	42560	43536	
1576	0	35492	37160	42474	43316	
1577	0	35328	37364	42336	43217	
1578	0	35429	37416	42112	42956	
1579	0	35504	37546	41912	42696	
1580	0	35380	37548	41880	42612	
1581	0	35397	37676	41568	42356	
1582	0	35620	37640	41532	42036	
1583	0	35664	37596	41352	41960	
1584	0	35592	37654	41018	41616	
1585	0	35600	37992	40800	41444	
1586	0	35821	38444	40582	41248	
1587	0	35848	38906	40393	40952	
1588	0	35785	39584	40152	40729	
1589	0	35952	39737	39928	40568	
1590	0	35520	40057	39760	40328	
1591	0	35204	40320	39408	40164	
1592	0	34872	41192	39160	39956	
1593	0	35124	42144	38908	39610	
1594	0	35193	43256	38684	39404	
1595	0	34874	44088	38386	39280	
1596	0	33480	44500	38140	39008	
1597	0	34124	43488	37872	38770	
1598	0	34880	42816	37584	38506	
1599	0	34580	42432	37312	38297	
1600	0	35808	41136	37037	38105	
1601	0	37416	40304	36800	37980	
1602	0	36164	39608	36554	37632	
1603	0	33104	37221	36228	37426	
1604	0	30461	35520	35968	37226	
1605	0	30460	34784	35777	37064	
1606	0	33800	34156	35440	36810	
1607	0	33620	35688	35168	36610	
1608	0	33274	36034	34882	36552	
1609	0	36114	32257	34634	36204	
1610	0	34328	32586	34376	36128	
1611	0	33472	33904	34104	35816	
1612	0	31928	34408	33840	35696	
1613	0	31744	34193	33592	35552	
1614	0	32000	33808	33340	35218	
1615	0	31777	34116	33100	35016	
1616	0	31844	34352	32796	34817	
1617	0	32160	34456	32540	34637	
1618	0	32504	34708	32300	34396	
1619	0	32582	35101	32046	34232	
1620	0	32722	35421	31784	33936	
1621	0	33028	35696	31520	33760	
1622	0	33176	35904	31258	33462	
1623	0	33240	36168	31008	33213	
1624	0	33481	36416	30764	32952	
1625	0	33776	36666	30505	32714	
1626	0	33972	37202	30256	32444	
1627	0	34144	37672	30004	32188	
1628	0	34349	38161	29780	31928	
1629	0	34604	38576	29542	31694	
1630	0	34976	39040	29292	31403	
1631	0	35577	39512	29042	31097	
1632	0	36106	39888	28832	30904	
1633	0	36960	40238	28539	30541	
1634	0	37776	40472	28353	30284	
1635	0	38608	40724	28088	30060	
1636	0	39608	41000	27873	29724	
1637	0	40816	41096	27692	29445	
1638	0	41445	40530	27492	29188	
1639	0	42872	39688	27312	28924	
1640	0	43384	38736	27092	28656	
1641	0	43816	37693	26900	28413	
1642	0	43601	36544	26736	28168	
1643	0	44352	35232	26537	27980	
1644	0	45516	34665	26378	27682	
1645	0	45000	34884	26164	27420	
1646	0	35976	44928	25884	27194	
1647	0	46804	32036	25802	26972	
1648	0	18550	49600	25554	26760	
1649	0	16928	42216	25425	26532	
1650	0	39620	35822	25286	26392	
1651	0	54468	48920	25100	26182	
1652	0	35944	31456	25013	25995	
1653	0	28212	46040	24808	25744	
1654	0	40856	31710	24728	25585	
1655	0	35093	37572	24540	25416	
1656	0	32900	37920	24386	25257	
1657	0	34636	37184	24282	25114	
1658	0	33614	37998	24188	24974	
1659	0	34260	37300	24117	24862	
1660	0	34457	37624	23992	24748	
1661	0	34640	37137	23928	24657	
1662	0	34560	37424	23828	24637	
1663	0	34508	37361	23760	24578	
1664	0	34676	37098	23709	24544	
1665	0	34757	37104	23646	24481	
1666	0	34512	37338	23592	24478	
1667	0	34608	37384	23497	24509	
1668	0	34628	37378	23556	24564	
1669	0	34616	37445	23472	24582	
1670	0	34472	37476	23512	24644	
1671	0	34476	37604	23520	24709	
1672	0	34460	37736	23464	24824	
1673	0	34212	37392	23544	24950	
1674	0	34404	37544	23529	25056	
1675	0	35812	37040	23526	25140	
1676	0	34708	37468	23630	25277	
1677	0	35146	37268	23713	25401	
1678	0	35336	37172	23760	25568	
1679	0	34748	37565	23818	25716	
1680	0	34808	37344	23924	25844	
1681	0	34956	37448	23958	26002	
1682	0	34964	37320	24146	26162	
1683	0	35072	37216	24242	26333	
1684	0	34944	37224	24363	26484	
1685	0	35090	37128	24430	26661	
1686	0	35148	37028	24642	26824	
1687	0	35108	37080	24785	27008	
1688	0	35156	37025	24930	27230	
1689	0	35170	37024	25080	27377	
1690	0	35128	37120	25184	27552	
1691	0	35264	37056	25406	27734	
1692	0	35224	37120	25577	27932	
1693	0	35152	37076	25694	28140	
1694	0	35324	37072	25944	28332	
1695	0	35262	37170	26112	28544	
1696	0	35280	37280	26304	28811	
1697	0	35164	37404	26498	29052	
1698	0	35186	37410	26680	29196	
1699	0	35088	37608	26837	29420	
1700	0	35194	37504	27002	29728	
1701	0	35212	37696	27203	29942	
1702	0	35292	37436	27444	30132	
1703	0	35272	37600	27653	30376	
1704	0	35396	37680	27858	30592	
1705	0	35592	38136	28046	30885	
1706	0	35696	38604	28240	31076	
1707	0	35744	39168	28449	31380	
1708	0	35504	39908	28682	31648	
1709	0	35460	40408	28852	31825	
1710	0	34980	40904	29065	32117	
1711	0	34437	41404	29298	32317	
1712	0	33880	42604	29442	32568	
1713	0	33346	43716	29656	32825	
1714	0	31840	45080	29952	33056	
1715	0	32416	44928	30140	33312	
1716	0	32702	43824	30408	33570	
1717	0	36800	42632	30582	33881	
1718	0	36088	42432	30833	34094	
1719	0	39864	40528	31136	34334	
1720	0	38504	40448	31362	34636	
1721	0	35134	39124	31596	34872	
1722	0	31308	37732	31852	35125	
1723	0	27888	36192	32144	35417	
1724	0	29180	35260	32410	35685	
1725	0	35568	34082	32669	35880	
1726	0	36312	34146	32932	36204	
1727	0	35508	34924	33225	36408	
1728	0	35340	34538	33593	36656	
1729	0	34412	34956	33818	36900	
1730	0	34992	31874	34189	37130	
1731	0	34340	33156	34500	37396	
1732	0	32712	33832	34820	37716	
1733	0	32362	34378	35084	37796	
1734	0	32064	34196	35400	38036	
1735	0	31888	34204	35708	38240	
1736	0	31775	34360	36080	38452	
1737	0	32000	34325	36336	38588	
1738	0	32310	34508	36680	38776	
1739	0	32616	34560	36940	38988	
1740	0	33176	34537	37296	39084	
1741	0	33212	34640	37564	39348	
1742	0	33292	34952	37808	39392	
1743	0	33412	35344	38100	39504	
1744	0	33618	35744	38416	39616	
1745	0	33760	36196	38706	39744	
1746	0	33941	36620	38940	39968	
1747	0	34073	37106	39196	39952	
1748	0	34216	37472	39466	40088	
1749	0	34464	37948	39792	40176	
1750	0	34746	38368	40084	40352	
1751	0	35112	38800	40256	40348	
1752	0	35656	39440	40516	40545	
1753	0	36476	39872	40882	40504	
1754	0	37644	40360	41148	40626	
1755	0	38890	40520	41313	40780	
1756	0	40252	40688	41544	40829	
1757	0	41378	40832	41802	40832	
1758	0	42424	40704	42096	40896	
1759	0	43872	40441	42250	41036	
1760	0	44729	39820	42489	41120	
1761	0	45200	38572	42832	41192	
1762	0	46848	36730	42952	41304	
1763	0	47312	39080	43208	41328	
1764	0	52136	31652	43360	41328	
1765	0	37477	43312	43540	41384	
1766	0	24804	46492	43784	41528	
1767	0	17634	42560	43924	41624	
1768	0	45426	33760	44128	41680	
1769	0	53696	43757	44268	41752	
1770	0	43360	43152	44412	41740	
1771	0	31128	40448	44624	41784	
1772	0	38336	34948	44704	41836	
1773	0	34816	37028	44888	41992	
1774	0	32756	37924	44960	41968	
1775	0	34456	36852	45088	42070	
1776	0	33586	37888	45152	42056	
1777	0	33801	37489	45236	42176	
1778	0	33960	37493	45332	42176	
1779	0	34152	37428	45464	42272	
1780	0	34016	37408	45548	42345	
1781	0	34080	37560	45568	42328	
1782	0	34056	37609	45648	42436	
1783	0	33702	37540	45785	42472	
1784	0	33836	37508	45764	42480	
1785	0	34336	37427	45872	42460	
1786	0	34382	37428	45956	42552	
1787	0	34272	37468	45948	42500	
1788	0	34036	37476	46016	42464	
1789	0	34522	37536	46016	42504	
1790	0	34538	37472	46112	42504	
1791	0	34504	37416	46064	42456	
1792	0	35489	37104	46061	42368	
1793	0	34340	37533	46076	42248	
1794	0	35424	36900	46084	42204	
1795	0	34537	37480	46109	42068	
1796	0	34918	37140	46052	41876	
1797	0	34800	37325	45996	41752	
1798	0	34696	37198	45889	41604	
1799	0	34852	37282	45884	41376	
1800	0	34872	37288	45824	41176	
1801	0	34880	37164	45688	40981	
1802	0	34936	37194	45560	40754	
1803	0	35016	36984	45458	40460	
1804	0	35068	36908	45385	40233	
1805	0	35124	36882	45184	40001	
1806	0	35160	36897	45048	39674	
1807	0	35124	36984	44860	39434	
1808	0	34925	37138	44720	39132	
1809	0	35072	37196	44556	38858	
1810	0	35195	37280	44337	38604	
1811	0	35232	37340	44076	38284	
1812	0	35208	37232	43840	38024	
1813	0	35394	37284	43617	37728	
1814	0	35192	37284	43449	37432	
1815	0	35229	37404	43096	37168	
1816	0	35284	37652	42866	36864	
1817	0	35128	37652	42576	36596	
1818	0	35100	37648	42380	36298	
1819	0	35224	37896	42020	36024	
1820	0	35288	37792	41696	35764	
1821	0	35272	37854	41366	35468	
1822	0	35544	37960	41056	35213	
1823	0	35856	38224	40819	34936	
1824	0	35822	38600	40545	34664	
1825	0	36105	38920	40096	34400	
1826	0	35868	39396	39792	34129	
1827	0	35501	39856	39528	33878	
1828	0	35416	40056	39168	33620	
1829	0	35140	40396	38844	33336	
1830	0	34940	40836	38432	33088	
1831	0	34955	41652	38098	32820	
1832	0	35200	42264	37821	32560	
1833	0	34680	43392	37444	32312	
1834	0	33193	43828	37128	32060	
1835	0	33508	43320	36805	31820	
1836	0	33866	43124	36484	31569	
1837	0	34899	42540	36153	31326	
1838	0	35612	42168	35828	31072	
1839	0	37186	41324	35484	30820	
1840	0	37057	40584	35164	30604	
1841	0	33832	38880	34837	30358	
1842	0	30955	36500	34560	30145	
1843	0	30072	35696	34204	29912	
1844	0	31976	33956	33940	29700	
1845	0	36288	34480	33532	29481	
1846	0	33328	37268	33194	29284	
1847	0	37040	33376	32882	29106	
1848	0	36264	31858	32541	28924	
1849	0	34360	33697	32244	28744	
1850	0	32172	34920	31904	28542	
1851	0	31744	34784	31512	28364	
1852	0	31650	34040	31152	28186	
1853	0	31288	34124	30804	28013	
1854	0	31512	34168	30452	27864	
1855	0	31708	34260	30080	27697	
1856	0	32452	33808	29708	27493	
1857	0	33088	33652	29328	27330	
1858	0	33384	33664	28944	27160	
1859	0	33480	33908	28569	27005	
1860	0	33510	34345	28188	26816	
1861	0	33319	34908	27804	26637	
1862	0	33164	35464	27420	26528	
1863	0	33040	36016	27034	26297	
1864	0	33024	36548	26674	26180	
1865	0	33216	36952	26312	26028	
1866	0	33368	37304	25900	25800	
1867	0	33324	37804	25600	25646	
1868	0	33584	38268	25229	25482	
1869	0	33881	38785	24889	25360	
1870	0	34172	39489	24572	25186	
1871	0	34612	40120	24252	25076	
1872	0	35472	40677	23881	24948	
1873	0	36288	41384	23581	24720	
1874	0	38056	41644	23301	24572	
1875	0	39105	41456	22962	24454	
1876	0	40832	41792	22676	24354	
1877	0	42268	41728	22464	24218	
1878	0	44033	40752	22124	24146	
1879	0	45644	39328	21864	24016	
1880	0	46392	38068	21640	23928	
1881	0	47436	36324	21380	23766	
1882	0	49064	34948	21198	23661	
1883	0	46740	34860	20964	23573	
1884	0	43196	37688	20637	23462	
1885	0	47408	33760	20482	23334	
1886	0	17369	47384	20240	23296	
1887	0	12343	44128	20022	23195	
1888	0	35300	34640	19821	23120	
1889	0	50328	38708	19638	23004	
1890	0	46704	33960	19470	22978	
1891	0	33562	45120	19233	22916	
1892	0	34900	36692	19040	22794	
1893	0	38840	34412	18916	22808	
1894	0	33240	38864	18689	22688	
1895	0	34596	36992	18536	22632	
1896	0	34072	37153	18382	22646	
1897	0	33517	38072	18238	22618	
1898	0	33908	37432	18110	22528	
1899	0	34072	37528	17960	22567	
1900	0	34244	37468	17812	22614	
1901	0	34084	37480	17707	22586	
1902	0	34080	37556	17612	22594	
1903	0	34136	37544	17480	22616	
1904	0	34308	37412	17396	22660	
1905	0	34241	37412	17300	22720	
1906	0	34344	37504	17167	22800	
1907	0	34393	37436	17058	22900	
1908	0	34290	37620	17051	22976	
1909	0	34162	37676	17003	23076	
1910	0	34422	37484	16950	23192	
1911	0	34301	37660	16908	23298	
1912	0	33740	37956	16844	23476	
1913	0	34536	37312	16848	23533	
1914	0	34344	37729	16808	23678	
1915	0	35642	37140	16843	23820	
1916	0	34648	37512	16836	23936	
1917	0	33694	37466	16796	24088	
1918	0	34772	37508	16830	24196	
1919	0	35036	37296	16952	24284	
1920	0	35124	37270	16960	24386	
1921	0	34900	37130	17052	24537	
1922	0	34780	37385	17089	24684	
1923	0	34956	37226	17216	24766	
1924	0	34952	37269	17268	24926	
1925	0	34548	37352	17399	25028	
1926	0	35064	37328	17492	25192	
1927	0	35084	37048	17584	25261	
1928	0	35036	37081	17768	25417	
1929	0	34976	37202	17900	25504	
1930	0	35156	37192	18100	25710	
1931	0	35036	37104	18243	25912	
1932	0	35146	37158	18426	26076	
1933	0	35096	37169	18550	26169	
1934	0	35129	37129	18781	26356	
1935	0	35020	37188	18947	26500	
1936	0	35000	37280	19125	26656	
1937	0	35088	37384	19259	26912	
1938	0	35129	37400	19489	27112	
1939	0	35116	37560	19652	27340	
1940	0	35085	37672	19889	27512	
1941	0	35205	37704	20072	27724	
1942	0	35344	37704	20232	27992	
1943	0	35277	37556	20424	28224	
1944	0	35289	37654	20700	28451	
1945	0	35372	37906	20848	28696	
1946	0	35700	38336	21044	28965	
1947	0	35716	38728	21236	29192	
1948	0	35548	39072	21480	29485	
1949	0	35300	39656	21600	29716	
1950	0	35008	40009	21850	29974	
1951	0	34560	40380	22056	30240	
1952	0	34264	40816	22240	30505	
1953	0	33704	41648	22456	30837	
1954	0	33105	42552	22648	31076	
1955	0	32372	43904	22828	31360	
1956	0	31872	45060	23065	31618	
1957	0	34182	43408	23272	31850	
1958	0	34548	43324	23489	32192	
1959	0	37192	43128	23688	32464	
1960	0	39490	42136	23910	32762	
1961	0	38856	40906	24137	33061	
1962	0	36058	40424	24314	33392	
1963	0	32664	39101	24602	33708	
1964	0	29112	37120	24760	34045	
1965	0	27024	35849	25080	34354	
1966	0	34586	33264	25328	34708	
1967	0	35350	34853	25516	34992	
1968	0	35440	34848	25765	35368	
1969	0	35016	35556	26040	35736	
1970	0	34600	33284	26314	36140	
1971	0	34856	35413	26552	36320	
1972	0	34552	31085	26853	36724	
1973	0	34468	32801	27100	37092	
1974	0	32586	33964	27378	37410	
1975	0	32082	34032	27648	37624	
1976	0	32853	33900	27924	37964	
1977	0	32098	33840	28193	38259	
1978	0	31956	33652	28480	38604	
1979	0	32174	33924	28760	38828	
1980	0	32277	34216	29037	39049	
1981	0	32446	34457	29340	39348	
1982	0	32690	34700	29600	39514	
1983	0	32677	34970	29908	39744	
1984	0	32832	35460	30176	39924	
1985	0	33241	35712	30466	40124	
1986	0	33450	36244	30776	40344	
1987	0	33468	36708	31052	40540	
1988	0	33704	37313	31360	40608	
1989	0	33724	37772	31636	40784	
1990	0	33776	38228	31940	40976	
1991	0	33922	38860	32237	41118	
1992	0	34212	39524	32541	41200	
1993	0	34442	39882	32836	41344	
1994	0	34968	40456	33129	41528	
1995	0	35920	41048	33433	41612	
1996	0	36930	41346	33720	41704	
1997	0	38144	41768	34033	41701	
1998	0	39388	42124	34336	41800	
1999	0	40336	42216	34632	41996	
2000	0	42016	41920	34916	41952	
2001	0	43312	41280	35220	42017	
2002	0	44625	39796	35496	42066	
2003	0	45938	37872	35796	42113	
2004	0	50932	35480	36072	42129	
2005	0	49352	35104	36468	42162	
2006	0	50820	35504	36660	42264	
2007	0	42944	40448	36956	42140	
2008	0	19434	45088	37248	42116	
2009	0	15076	38688	37508	42120	
2010	0	33828	36236	37792	42200	
2011	0	48592	40485	38089	42080	
2012	0	40416	31155	38320	42049	
2013	0	31042	44776	38588	42016	
2014	0	35716	35604	38830	42064	
2015	0	39820	34782	39149	41994	
2016	0	33384	38610	39408	41936	
2017	0	34384	37040	39596	41908	
2018	0	34032	37212	39844	41836	
2019	0	33764	37742	39996	41737	
2020	0	33916	37356	40208	41840	
2021	0	34117	37472	40448	41784	
2022	0	34432	37356	40737	41736	
2023	0	34380	37484	40932	41608	
2024	0	34080	37608	41024	41644	
2025	0	33988	37556	41244	41588	
2026	0	34020	37548	41408	41590	
2027	0	34256	37392	41720	41484	
2028	0	34264	37420	41778	41408	
2029	0	34284	37448	42024	41360	
2030	0	34379	37448	42224	41449	
2031	0	34336	37552	42265	41296	
2032	0	34316	37684	42442	41228	
2033	0	34201	37668	42604	41192	
2034	0	34356	37489	42700	41192	
2035	0	34547	37324	42824	41064	
2036	0	34664	37320	42944	41008	
2037	0	34540	37421	43028	40904	
2038	0	34616	37424	43122	40900	
2039	0	34500	37357	43196	40728	
2040	0	34948	37360	43265	40616	
2041	0	34310	37664	43304	40576	
2042	0	34392	37476	43397	40388	
2043	0	34868	37230	43413	40288	
2044	0	34861	37218	43448	40084	
2045	0	34924	37276	43432	39872	
2046	0	35304	37060	43384	39704	
2047	0	34672	36864	43348	39588	
2048	0	34884	37450	43344	39401	
2049	0	34984	37192	43292	39170	
2050	0	34776	37194	43256	39013	
2051	0	35012	37156	43272	38798	
2052	0	34949	37164	43113	38544	
2053	0	34944	37152	43092	38360	
2054	0	34884	37084	42908	38170	
2055	0	34908	37078	42908	37912	
2056	0	34896	37120	42794	37697	
2057	0	34976	37362	42684	37456	
2058	0	35008	37488	42521	37272	
2059	0	34893	37508	42364	37032	
2060	0	35097	37708	42304	36796	
2061	0	34984	37794	42064	36568	
2062	0	35024	37764	41988	36332	
2063	0	35172	37617	41696	36132	
2064	0	35061	37784	41604	35897	
2065	0	35140	37930	41345	35668	
2066	0	35386	38300	41188	35426	
2067	0	35576	39096	40976	35220	
2068	0	35784	39320	40892	34994	
2069	0	35832	39490	40584	34761	
2070	0	35529	39725	40476	34549	
2071	0	34928	40152	40221	34320	
2072	0	34798	41060	40040	34112	
2073	0	35114	41560	39740	33900	
2074	0	34784	42152	39496	33704	
2075	0	34368	43136	39332	33509	
2076	0	32976	44580	39076	33322	
2077	0	32336	43388	38788	33140	
2078	0	33244	42425	38568	32952	
2079	0	32961	42332	38344	32800	
2080	0	35977	42468	38084	32651	
2081	0	36124	41841	37772	32501	
2082	0	38297	40224	37484	32392	
2083	0	36480	39786	37228	32272	
2084	0	33832	38014	36921	32160	
2085	0	29104	36816	36624	32076	
2086	0	27788	35722	36356	32000	
2087	0	32509	33310	36122	31905	
2088	0	35361	34224	35728	31826	
2089	0	33516	36180	35428	31762	
2090	0	34884	33992	35156	31720	
2091	0	35562	33400	34778	31624	
2092	0	33956	33144	34482	31562	
2093	0	30296	34916	34152	31544	
2094	0	30501	34900	33796	31396	
2095	0	30813	34337	33472	31368	
2096	0	30681	34954	33168	31216	
2097	0	30912	34856	32848	31134	
2098	0	31620	34728	32577	30988	
2099	0	32072	34796	32196	30872	
2100	0	32692	34884	31901	30717	
2101	0	32992	35180	31656	30564	
2102	0	33148	35482	31340	30324	
2103	0	33100	36147	31056	30116	
2104	0	33145	36744	30784	29904	
2105	0	33068	37087	30525	29708	
2106	0	33308	37320	30264	29468	
2107	0	33214	38088	30021	29217	
2108	0	33229	38976	29774	28936	
2109	0	33654	39762	29484	28688	
2110	0	33952	40040	29284	28356	
2111	0	34476	40332	29064	28116	
2112	0	34854	40752	28770	27784	
2113	0	35484	41092	28602	27520	
2114	0	36556	41644	28330	27176	
2115	0	37972	42093	28149	26868	
2116	0	39528	42304	27944	26561	
2117	0	41012	41848	27686	26296	
2118	0	42500	41281	27464	25953	
2119	0	43776	40824	27341	25651	
2120	0	44844	39481	27144	25344	
2121	0	47096	37110	26944	25046	
2122	0	51556	34512	26752	24768	
2123	0	49472	35268	26524	24472	
2124	0	47276	36792	26344	24192	
2125	0	35608	48264	26109	23882	
2126	0	44589	31537	26000	23610	
2127	0	20280	45408	25728	23342	
2128	0	9957	43976	25545	23076	
2129	0	39328	35409	25426	22848	
2130	0	47132	40332	25228	22576	
2131	0	55200	47836	24944	22344	
2132	0	32560	37541	24868	22130	
2133	0	30482	41024	24706	21904	
2134	0	40800	32660	24530	21688	
2135	0	31896	40116	24322	21505	
2136	0	34444	36492	24236	21332	
2137	0	33864	37308	24056	21169	
2138	0	33162	37936	23938	21026	
2139	0	33792	37384	23720	20889	
2140	0	33860	37648	23640	20776	
2141	0	34072	37794	23468	20701	
2142	0	33836	37716	23384	20636	
2143	0	33848	37469	23286	20586	
2144	0	33844	37552	23184	20577	
2145	0	34017	37572	23040	20577	
2146	0	34060	37488	22973	20586	
2147	0	34009	37484	22904	20640	
2148	0	34192	37492	22848	20708	
2149	0	34144	37468	22768	20792	
2150	0	34049	37480	22728	20912	
2151	0	34236	37536	22688	21041	
2152	0	34480	37312	22662	21178	
2153	0	34416	37533	22576	21350	
2154	0	34040	37600	22629	21530	
2155	0	34776	37392	22620	21708	
2156	0	34368	37432	22628	21914	
2157	0	34952	37320	22603	22100	
2158	0	34216	37612	22616	22296	
2159	0	35556	37292	22672	22504	
2160	0	34694	37384	22725	22722	
2161	0	35164	37201	22779	22994	
2162	0	35025	37289	22878	23219	
2163	0	35040	37226	22892	23420	
2164	0	34276	37496	22961	23644	
2165	0	34680	37476	23088	23874	
2166	0	35324	37632	23210	24106	
2167	0	34896	37228	23290	24372	
2168	0	34874	37264	23408	24645	
2169	0	35108	37172	23537	24898	
2170	0	35053	37264	23592	25204	
2171	0	35076	37200	23808	25452	
2172	0	35060	37162	23902	25697	
2173	0	34984	37181	24064	25958	
2174	0	34896	37328	24201	26232	
2175	0	34969	37364	24353	26520	
2176	0	34972	37524	24521	26808	
2177	0	34941	37640	24694	27090	
2178	0	34948	37593	24824	27420	
2179	0	34922	37808	25000	27680	
2180	0	35024	37798	25188	27945	
2181	0	34900	37792	25341	28261	
2182	0	34977	37896	25512	28576	
2183	0	35137	38160	25668	28824	
2184	0	35578	38612	25832	29176	
2185	0	35748	39412	26024	29456	
2186	0	35534	40224	26130	29722	
2187	0	35389	40880	26320	30040	
2188	0	35217	41000	26506	30324	
2189	0	34284	41680	26696	30621	
2190	0	33792	42525	26844	30972	
2191	0	33828	43752	27018	31202	
2192	0	32464	45764	27206	31482	
2193	0	31018	46048	27421	31804	
2194	0	32896	43712	27613	32096	
2195	0	35944	42601	27764	32396	
2196	0	36321	44156	27924	32672	
2197	0	39161	41892	28212	33024	
2198	0	38880	41056	28401	33366	
2199	0	35954	40234	28645	33600	
2200	0	31184	38408	28816	33972	
2201	0	26496	36636	29064	34272	
2202	0	28868	34808	29304	34636	
2203	0	35620	34160	29522	34976	
2204	0	36848	33910	29772	35281	
2205	0	33696	35048	29992	35648	
2206	0	32976	36012	30245	35980	
2207	0	34752	29720	30488	36377	
2208	0	35420	32940	30720	36752	
2209	0	32484	33426	30970	36997	
2210	0	31560	34506	31232	37372	
2211	0	31621	33960	31522	37728	
2212	0	31452	33812	31812	38084	
2213	0	31236	34184	32036	38420	
2214	0	31464	34408	32293	38680	
2215	0	31816	34432	32568	38968	
2216	0	32240	34533	32844	39250	
2217	0	32690	34554	33172	39416	
2218	0	32826	34712	33428	39800	
2219	0	33170	34844	33684	39952	
2220	0	33259	35208	34024	40214	
2221	0	33208	35572	34268	40416	
2222	0	33312	36024	34620	40661	
2223	0	33308	36464	34881	40904	
2224	0	33546	36856	35208	40984	
2225	0	33822	37292	35430	41208	
2226	0	33974	37672	35744	41408	
2227	0	34272	38408	36052	41629	
2228	0	34432	38988	36372	41689	
2229	0	34992	39640	36740	41888	
2230	0	35820	40296	36994	42008	
2231	0	37132	40960	37308	42188	
2232	0	38576	41437	37628	42340	
2233	0	39996	41436	38020	42432	
2234	0	41200	41408	38352	42501	
2235	0	42396	41480	38588	42716	
2236	0	43980	40800	38984	42804	
2237	0	45352	40580	39246	42909	
2238	0	46144	38793	39568	42916	
2239	0	48548	36624	39908	43000	
2240	0	50732	33882	40196	43076	
2241	0	41928	42880	40456	43164	
2242	0	43064	40236	40764	43336	
2243	0	22614	45420	41096	43384	
2244	0	10368	41241	41344	43368	
2245	0	32270	35225	41748	43400	
2246	0	53274	37638	42068	43448	
2247	0	39916	29728	42256	43508	
2248	0	25288	46408	42488	43592	
2249	0	40520	32480	42780	43562	
2250	0	36466	36756	43064	43636	
2251	0	32384	38342	43336	43712	
2252	0	34344	37068	43604	43684	
2253	0	33401	38412	43852	43676	
2254	0	33320	37792	44104	43696	
2255	0	33916	37605	44417	43720	
2256	0	34149	37448	44600	43736	
2257	0	33756	37352	44836	43776	
2258	0	33666	37588	45072	43808	
2259	0	33918	37648	45312	43872	
2260	0	34000	37448	45576	43876	
2261	0	34540	37314	45776	43936	
2262	0	34556	37248	46073	43868	
2263	0	34168	37428	46228	43892	
2264	0	34528	37528	46500	43904	
2265	0	34516	37472	46744	43912	
2266	0	34504	37484	46872	43940	
2267	0	33850	37880	47136	43882	
2268	0	34686	37368	47300	43872	
2269	0	34900	37296	47456	43798	
2270	0	35080	37277	47637	43720	
2271	0	33512	37605	47856	43640	
2272	0	34988	37120	48000	43560	
2273	0	34588	37472	48112	43472	
2274	0	35164	37280	48280	43281	
2275	0	34720	37432	48368	43172	
2276	0	34860	37308	48480	42952	
2277	0	35120	37353	48584	42784	
2278	0	34936	37364	48736	42560	
2279	0	35049	37216	48804	42320	
2280	0	35072	37240	48844	42066	
2281	0	35040	37193	48848	41808	
2282	0	35010	37084	48884	41536	
2283	0	34944	37092	48912	41236	
2284	0	35083	37168	48968	40956	
2285	0	35161	37089	48956	40657	
2286	0	35264	37056	48884	40313	
2287	0	35144	37024	48928	39996	
2288	0	35352	37012	48840	39668	
2289	0	35312	37160	48760	39320	
2290	0	35181	37178	48684	39032	
2291	0	35138	37380	48640	38672	
2292	0	35092	37466	48508	38397	
2293	0	35156	37592	48385	38044	
2294	0	35128	37708	48280	37716	
2295	0	35162	37869	48153	37312	
2296	0	35392	38064	47992	37068	
2297	0	35280	37992	47892	36736	
2298	0	35446	37960	47712	36386	
2299	0	35370	38196	47456	36096	
2300	0	35744	38880	47296	35742	
2301	0	35818	39564	47064	35440	
2302	0	36004	40100	46890	35096	
2303	0	35851	39952	46616	34788	
2304	0	35400	40452	46360	34560	
2305	0	34884	40993	46161	34217	
2306	0	35108	41788	45844	33840	
2307	0	35510	42728	45632	33550	
2308	0	35205	43272	45281	33286	
2309	0	34124	44672	45066	33072	
2310	0	33005	43564	44728	32724	
2311	0	34070	42994	44492	32476	
2312	0	35724	42024	44125	32192	
2313	0	35968	41236	43860	31892	
2314	0	34624	41232	43528	31588	
2315	0	36016	39832	43200	31352	
2316	0	34646	38848	42984	31108	
2317	0	32716	36861	42652	30876	
2318	0	30736	34472	42304	30600	
2319	0	31240	34120	41888	30338	
2320	0	32872	35065	41696	30124	
2321	0	34952	34882	41212	29920	
2322	0	35758	33912	40866	29696	
2323	0	36028	30836	40516	29465	
2324	0	33456	33156	40252	29266	
2325	0	32552	33980	39820	29081	
2326	0	31584	34416	39464	28948	
2327	0	31184	33981	39104	28724	
2328	0	31088	34053	38745	28538	
2329	0	31088	34362	38384	28364	
2330	0	31824	34488	38084	28206	
2331	0	32372	34465	37650	28040	
2332	0	32972	34517	37288	27848	
2333	0	33320	34753	36904	27648	
2334	0	33269	35146	36516	27498	
2335	0	33032	35340	36144	27336	
2336	0	32896	35740	35768	27164	
2337	0	33028	36218	35377	26962	
2338	0	33368	36356	35072	26796	
2339	0	33344	36816	34632	26652	
2340	0	33532	37450	34268	26480	
2341	0	33780	38104	33874	26316	
2342	0	34122	38336	33504	26141	
2343	0	34436	38664	33135	25978	
2344	0	34800	39164	32780	25792	
2345	0	34912	39700	32396	25657	
2346	0	35268	40296	32000	25500	
2347	0	35876	40657	31604	25344	
2348	0	36908	40984	31224	25178	
2349	0	38112	41220	30844	25036	
2350	0	39380	40944	30452	24878	
2351	0	40096	40824	30085	24732	
2352	0	41124	40164	29688	24585	
2353	0	42114	39536	29314	24438	
2354	0	42928	38516	28936	24297	
2355	0	43553	37652	28540	24161	
2356	0	43578	37036	28180	24020	
2357	0	44664	36112	27830	23890	
2358	0	46204	35684	27439	23749	
2359	0	46296	35829	27088	23624	
2360	0	37660	47426	26680	23502	
2361	0	45644	31904	26436	23368	
2362	0	16150	46596	25968	23252	
2363	0	14328	43428	25726	23132	
2364	0	44928	36136	25462	23006	
2365	0	51848	43417	25057	22904	
2366	0	39428	33282	24873	22792	
2367	0	28950	43848	24486	22704	
2368	0	40656	31324	24306	22618	
2369	0	35897	37381	23962	22528	
2370	0	33288	38028	23772	22434	
2371	0	35312	36308	23512	22350	
2372	0	34548	37498	23296	22294	
2373	0	34576	37308	23068	22244	
2374	0	34522	37322	22865	22176	
2375	0	34937	37136	22666	22177	
2376	0	34976	37100	22475	22156	
2377	0	34618	37288	22316	22108	
2378	0	34642	37344	22085	22118	
2379	0	34568	37502	21944	22136	
2380	0	34720	37312	21808	22160	
2381	0	34852	37252	21732	22184	
2382	0	34868	37318	21628	22290	
2383	0	34744	37384	21512	22312	
2384	0	34784	37417	21488	22365	
2385	0	34737	37460	21384	22436	
2386	0	34344	37616	21384	22533	
2387	0	34884	37592	21299	22693	
2388	0	34821	37472	21316	22770	
2389	0	34828	36920	21297	22850	
2390	0	35196	37440	21314	22938	
2391	0	35196	37185	21304	23001	
2392	0	36404	36864	21264	23088	
2393	0	35377	37337	21348	23248	
2394	0	35786	37024	21356	23288	
2395	0	35557	37120	21468	23400	
2396	0	35164	37377	21533	23504	
2397	0	35512	36888	21665	23642	
2398	0	35328	37121	21723	23722	
2399	0	35608	36744	21840	23864	
2400	0	35008	36817	21954	23950	
2401	0	35656	36914	22034	24096	
2402	0	35160	36968	22160	24140	
2403	0	35484	36885	22288	24280	
2404	0	35464	36820	22512	24412	
2405	0	35488	36938	22626	24596	
2406	0	35444	36932	22788	24685	
2407	0	35304	36904	22984	24868	
2408	0	35473	37024	23064	24989	
2409	0	35544	36948	23264	25245	
2410	0	35522	36992	23468	25372	
2411	0	35610	37076	23616	25568	
2412	0	35592	37136	23781	25770	
2413	0	35472	37268	23922	26024	
2414	0	35476	37298	24128	26250	
2415	0	35506	37502	24258	26481	
2416	0	35676	37524	24413	26720	
2417	0	35560	37341	24576	27004	
2418	0	35660	37525	24728	27272	
2419	0	35904	37856	24852	27548	
2420	0	35993	38492	25061	27834	
2421	0	36164	39196	25193	28164	
2422	0	36116	40202	25306	28450	
2423	0	36230	40764	25444	28796	
2424	0	35644	40996	25589	29060	
2425	0	34848	41674	25762	29360	
2426	0	34792	42972	25928	29714	
2427	0	33729	45532	26033	30032	
2428	0	32000	47064	26234	30298	
2429	0	32676	45792	26332	30656	
2430	0	33916	44181	26560	30920	
2431	0	39160	42960	26736	31236	
2432	0	37677	43708	26848	31556	
2433	0	41700	40980	27056	31856	
2434	0	37280	40834	27276	32152	
2435	0	33082	38664	27461	32461	
2436	0	26914	36968	27608	32845	
2437	0	27032	35808	27848	33104	
2438	0	35424	33044	28052	33388	
2439	0	36632	34076	28268	33796	
2440	0	34824	35292	28472	34000	
2441	0	33546	34436	28684	34300	
2442	0	35304	32580	28900	34640	
2443	0	35244	29912	29160	34956	
2444	0	34124	32246	29360	35250	
2445	0	33184	33085	29600	35580	
2446	0	32452	33408	29856	35928	
2447	0	32604	33332	30052	36130	
2448	0	32268	33417	30308	36424	
2449	0	31928	33520	30533	36736	
2450	0	32153	33692	30728	36928	
2451	0	32172	33780	30964	37252	
2452	0	32200	34180	31233	37446	
2453	0	32036	34600	31464	37726	
2454	0	32160	35068	31668	37888	
2455	0	32440	35096	31892	38184	
2456	0	32932	35333	32152	38417	
2457	0	33200	35757	32324	38618	
2458	0	33625	36197	32592	38776	
2459	0	33961	36680	32778	38993	
2460	0	34125	37176	33002	39096	
2461	0	34348	37858	33224	39314	
2462	0	34601	38425	33456	39396	
2463	0	35008	38908	33656	39540	
2464	0	35428	39500	33888	39704	
2465	0	35928	40068	34088	39874	
2466	0	36720	40492	34288	39888	
2467	0	37569	41056	34497	40096	
2468	0	38736	41692	34704	40160	
2469	0	40016	42136	34900	40300	
2470	0	41168	42080	35088	40293	
2471	0	42052	41417	35280	40389	
2472	0	42860	40336	35465	40540	
2473	0	43348	39540	35584	40614	
2474	0	43512	38628	35808	40640	
2475	0	43892	37452	35972	40808	
2476	0	46580	35584	36216	40869	
2477	0	47538	34710	36304	40869	
2478	0	45664	36104	36453	40934	
2479	0	51186	33868	36609	41016	
2480	0	29504	44741	36756	41188	
2481	0	9260	48312	36944	41224	
2482	0	32220	36714	37044	41209	
2483	0	53312	31365	37148	41276	
2484	0	46820	31020	37290	41380	
2485	0	28856	45968	37396	41520	
2486	0	41080	30766	37500	41428	
2487	0	35468	37128	37588	41592	
2488	0	33136	38208	37781	41565	
2489	0	34765	36600	37880	41584	
2490	0	33752	38160	37966	41665	
2491	0	34276	37544	38032	41672	
2492	0	34208	37502	38120	41852	
2493	0	34852	37390	38228	41801	
2494	0	34696	37209	38224	41776	
2495	0	34632	37296	38301	41840	
2496	0	34800	37184	38508	41896	
2497	0	34500	37392	38472	41868	
2498	0	34544	37348	38544	41904	
2499	0	34593	37604	38658	42044	
2500	0	34656	37316	38788	42009	
2501	0	34674	37386	38848	42002	
2502	0	34682	37478	38844	42009	
2503	0	34656	37424	38904	41960	
2504	0	34698	37388	38969	41956	
2505	0	34344	37581	39056	41960	
2506	0	34664	37080	39114	42004	
2507	0	34748	37352	39129	41964	
2508	0	34768	37412	39256	41832	
2509	0	35284	37088	39200	41892	
2510	0	34948	37352	39232	41804	
2511	0	34957	37300	39244	41728	
2512	0	35156	37280	39246	41517	
2513	0	35100	37196	39336	41392	
2514	0	35108	37312	39240	41300	
2515	0	35344	37026	39200	41140	
2516	0	35216	37116	39164	40992	
2517	0	35164	37228	39228	40922	
2518	0	35324	37036	39172	40664	
2519	0	35424	37168	39017	40449	
2520	0	35762	36724	38932	40264	
2521	0	35472	36964	38944	40196	
2522	0	35497	37020	38732	39928	
2523	0	35413	37059	38656	39693	
2524	0	35452	37036	38501	39632	
2525	0	35556	36852	38364	39292	
2526	0	35516	36864	38208	39204	
2527	0	35484	36985	38060	38944	
2528	0	35496	37096	37948	38820	
2529	0	35669	37272	37788	38536	
2530	0	35536	37408	37546	38437	
2531	0	35516	37504	37340	38132	
2532	0	35556	37572	37217	38037	
2533	0	35576	37696	36936	37736	
2534	0	35480	37564	36786	37541	
2535	0	35472	37888	36520	37336	
2536	0	35688	38072	36232	37142	
2537	0	35972	38784	35992	37074	
2538	0	36060	39352	35768	36764	
2539	0	35940	40484	35524	36688	
2540	0	35786	40942	35280	36484	
2541	0	35528	41504	35008	36144	
2542	0	34892	42328	34752	36072	
2543	0	34042	43272	34512	35748	
2544	0	33708	45066	34260	35608	
2545	0	31905	47076	33968	35392	
2546	0	33356	45088	33696	35240	
2547	0	36036	43228	33436	34931	
2548	0	37472	43252	33180	34702	
2549	0	38540	41256	32916	34490	
2550	0	39396	41008	32656	34272	
2551	0	37013	40372	32409	34065	
2552	0	31440	38928	32162	33909	
2553	0	26592	37280	31912	33657	
2554	0	27081	34136	31676	33424	
2555	0	37097	33056	31453	33220	
2556	0	37564	33824	31225	33004	
2557	0	34884	35660	31032	32796	
2558	0	34685	33464	30788	32589	
2559	0	35681	29968	30600	32386	
2560	0	35648	31090	30384	32164	
2561	0	33328	32250	30224	31954	
2562	0	31777	33916	30048	31748	
2563	0	31668	33888	29824	31520	
2564	0	31756	33552	29644	31296	
2565	0	31608	33688	29476	31081	
2566	0	31578	34029	29296	30868	
2567	0	31974	34344	29144	30600	
2568	0	32440	34488	28968	30392	
2569	0	32720	34580	28795	30184	
2570	0	32914	34776	28637	29856	
2571	0	32865	35104	28489	29626	
2572	0	32992	35432	28308	29366	
2573	0	33092	35968	28177	29084	
2574	0	33492	36254	28052	28748	
2575	0	33746	36552	27873	28488	
2576	0	33796	37208	27740	28197	
2577	0	33856	37744	27585	27896	
2578	0	34022	38404	27425	27594	
2579	0	34276	38738	27238	27304	
2580	0	34661	39192	27159	26973	
2581	0	35060	39733	26989	26677	
2582	0	35654	40386	26894	26412	
2583	0	36554	41177	26756	26128	
2584	0	37940	41644	26648	25837	
2585	0	39504	41572	26520	25568	
2586	0	41300	41659	26373	25357	
2587	0	42144	41400	26246	25053	
2588	0	43584	40834	26163	24818	
2589	0	44940	40320	26041	24594	
2590	0	45152	38856	25864	24395	
2591	0	45058	37388	25780	24221	
2592	0	45324	35946	25699	23999	
2593	0	47608	35028	25556	23838	
2594	0	47057	34877	25425	23696	
2595	0	41621	43396	25300	23520	
2596	0	42736	35860	25193	23396	
2597	0	16869	46700	25009	23252	
2598	0	14068	42640	24984	23140	
2599	0	36397	35044	24882	23062	
2600	0	46168	35588	24825	22956	
2601	0	50104	41288	24648	22894	
2602	0	37300	43636	24556	22800	
2603	0	34388	38128	24476	22778	
2604	0	39001	34556	24402	22713	
2605	0	33512	38689	24290	22672	
2606	0	33972	37044	24228	22646	
2607	0	34054	36992	24120	22634	
2608	0	33949	37772	24056	22656	
2609	0	33952	37368	23957	22637	
2610	0	34056	37462	23856	22678	
2611	0	34286	37545	23833	22736	
2612	0	34178	37556	23740	22792	
2613	0	34101	37505	23713	22872	
2614	0	34091	37482	23668	22934	
2615	0	34124	37572	23544	23056	
2616	0	34144	37448	23562	23192	
2617	0	34332	37388	23553	23296	
2618	0	34482	37380	23500	23436	
2619	0	34305	37584	23496	23596	
2620	0	35124	37688	23489	23746	
2621	0	35026	37456	23496	23926	
2622	0	34480	37362	23466	24100	
2623	0	34024	37448	23573	24272	
2624	0	34984	37244	23578	24446	
2625	0	34849	37096	23577	24636	
2626	0	34390	37314	23698	24805	
2627	0	34720	37576	23724	24982	
2628	0	35740	36974	23845	25200	
2629	0	34616	37544	23949	25328	
2630	0	35619	37196	24044	25484	
2631	0	35138	37298	24192	25658	
2632	0	35416	37124	24292	25801	
2633	0	35260	37101	24400	25978	
2634	0	35164	37060	24600	26184	
2635	0	34713	37416	24777	26283	
2636	0	35264	37168	24956	26428	
2637	0	35233	36944	25121	26654	
2638	0	35312	36960	25268	26720	
2639	0	35448	37017	25472	26894	
2640	0	35356	37080	25748	27010	
2641	0	35280	36805	25986	27194	
2642	0	35512	36768	26162	27296	
2643	0	35474	36996	26460	27446	
2644	0	35400	36952	26704	27594	
2645	0	35482	36964	26976	27720	
2646	0	35356	37392	27188	27872	
2647	0	35540	37516	27444	28084	
2648	0	35304	37700	27769	28236	
2649	0	35424	37696	28040	28320	
2650	0	35268	37824	28280	28500	
2651	0	35408	37873	28604	28685	
2652	0	35360	37740	28876	28848	
2653	0	35580	37712	29168	28932	
2654	0	35692	38076	29417	29088	
2655	0	36076	38736	29728	29322	
2656	0	36178	39296	30023	29421	
2657	0	36233	40065	30277	29641	
2658	0	36024	40630	30580	29768	
2659	0	35500	40688	30849	29932	
2660	0	35056	41364	31090	30081	
2661	0	34721	42416	31432	30245	
2662	0	35104	43380	31709	30413	
2663	0	34720	45228	31946	30600	
2664	0	32864	46024	32188	30813	
2665	0	32492	45070	32520	31004	
2666	0	34056	43112	32796	31114	
2667	0	37001	42716	33073	31284	
2668	0	36756	40944	33348	31460	
2669	0	40408	40440	33624	31652	
2670	0	37472	39501	33898	31905	
2671	0	32708	37944	34152	32025	
2672	0	27296	35354	34432	32244	
2673	0	31028	33888	34716	32498	
2674	0	34044	34880	35048	32688	
2675	0	33250	36436	35340	32929	
2676	0	35000	33800	35654	33090	
2677	0	36592	31596	35872	33386	
2678	0	34674	30684	36152	33608	
2679	0	32956	32860	36444	33834	
2680	0	31600	33386	36730	34070	
2681	0	31218	33490	37044	34222	
2682	0	30614	34056	37416	34520	
2683	0	30356	34776	37668	34692	
2684	0	30752	34666	37860	34904	
2685	0	31521	34829	38146	35108	
2686	0	31985	34956	38484	35344	
2687	0	32724	34793	38748	35562	
2688	0	33341	34634	38944	35710	
2689	0	33480	34656	39188	35930	
2690	0	33348	35188	39516	36068	
2691	0	33298	36032	39720	36280	
2692	0	33328	36288	39932	36388	
2693	0	33504	36624	40176	36541	
2694	0	33664	37144	40420	36700	
2695	0	33922	37716	40633	36824	
2696	0	34080	38228	40872	36968	
2697	0	34356	38944	41172	37072	
2698	0	34601	39360	41401	37170	
2699	0	35160	40048	41609	37332	
2700	0	35640	40404	41744	37416	
2701	0	36256	40988	41925	37468	
2702	0	37348	41360	42218	37586	
2703	0	38636	41952	42348	37649	
2704	0	40172	42004	42580	37748	
2705	0	41708	42076	42704	37794	
2706	0	42648	41681	42940	37873	
2707	0	44640	40816	43144	37944	
2708	0	45748	39244	43293	37980	
2709	0	46372	37856	43376	38048	
2710	0	46824	36252	43628	38100	
2711	0	47804	34952	43676	38144	
2712	0	46432	35672	43809	38220	
2713	0	44354	36784	43926	38256	
2714	0	43068	36952	44108	38292	
2715	0	39392	38112	44160	38354	
2716	0	21464	41856	44248	38373	
2717	0	8956	44488	44312	38406	
2718	0	37152	33488	44417	38450	
2719	0	43964	39114	44525	38473	
2720	0	50644	41777	44544	38528	
2721	0	37916	31969	44594	38544	
2722	0	29349	43877	44640	38561	
2723	0	39112	32920	44764	38584	
2724	0	34292	38032	44774	38634	
2725	0	32878	37924	44760	38632	
2726	0	34736	36770	44780	38664	
2727	0	33416	38048	44753	38680	
2728	0	34070	37644	44828	38697	
2729	0	34160	37604	44848	38704	
2730	0	34280	37636	44764	38716	
2731	0	34300	37417	44740	38765	
2732	0	34360	37408	44780	38776	
2733	0	34625	37202	44752	38788	
2734	0	34582	37268	44644	38776	
2735	0	34552	37328	44596	38808	
2736	0	34482	37448	44556	38784	
2737	0	34380	37328	44560	38780	
2738	0	35137	37373	44428	38752	
2739	0	34580	37364	44352	38736	
2740	0	34592	37568	44258	38744	
2741	0	34808	37324	44221	38672	
2742	0	34784	37272	44089	38652	
2743	0	34440	37394	43994	38569	
2744	0	34720	37216	43821	38496	
2745	0	35173	37034	43752	38388	
2746	0	34724	37176	43616	38308	
2747	0	34908	37308	43372	38164	
2748	0	34960	37212	43244	38036	
2749	0	35744	37100	43036	37920	
2750	0	35216	37164	42952	37720	
2751	0	34533	37368	42644	37560	
2752	0	35336	37208	42452	37332	
2753	0	35168	37164	42196	37168	
2754	0	35008	37224	41961	36953	
2755	0	35076	37131	41728	36712	
2756	0	35120	37112	41556	36496	
2757	0	35264	37108	41240	36212	
2758	0	35266	37176	40976	35972	
2759	0	35332	37130	40856	35716	
2760	0	35392	37104	40448	35488	
2761	0	35252	37066	40248	35204	
2762	0	35302	37064	40016	34996	
2763	0	35328	37296	39632	34728	
2764	0	35265	37412	39432	34460	
2765	0	35316	37538	39072	34233	
2766	0	35344	37524	38777	33984	
2767	0	35338	37668	38480	33788	
2768	0	35468	37712	38192	33540	
2769	0	35392	37816	37912	33328	
2770	0	35472	37584	37698	33088	
2771	0	35340	38080	37307	32888	
2772	0	35672	38384	37048	32696	
2773	0	36020	38764	36740	32504	
2774	0	36233	39296	36418	32320	
2775	0	35932	39653	36136	32128	
2776	0	35861	40220	35811	31978	
2777	0	35556	40352	35504	31792	
2778	0	35252	41212	35228	31620	
2779	0	35100	42072	34972	31480	
2780	0	35165	43408	34616	31345	
2781	0	34976	44293	34324	31164	
2782	0	33776	45248	34004	31024	
2783	0	33793	44457	33668	30884	
2784	0	34704	43577	33384	30785	
2785	0	35696	42676	33096	30633	
2786	0	34872	41344	32786	30560	
2787	0	37420	40170	32449	30388	
2788	0	37234	39592	32146	30292	
2789	0	35252	38348	31824	30212	
2790	0	30636	36804	31493	30074	
2791	0	29408	34984	31188	29984	
2792	0	32878	33412	30906	29892	
2793	0	36000	34888	30572	29794	
2794	0	34114	35262	30245	29708	
2795	0	31888	36532	29940	29644	
2796	0	34140	30432	29644	29608	
2797	0	35280	33020	29348	29488	
2798	0	32021	33250	29062	29376	
2799	0	30781	34672	28736	29308	
2800	0	31220	33866	28452	29220	
2801	0	31032	33896	28164	29161	
2802	0	31128	34316	27879	29040	
2803	0	31641	34408	27600	28944	
2804	0	31980	34528	27320	28932	
2805	0	32588	34396	27040	28748	
2806	0	33073	34490	26773	28668	
2807	0	33308	34684	26532	28530	
2808	0	33340	35172	26289	28420	
2809	0	33245	35768	25996	28282	
2810	0	33188	36188	25793	28164	
2811	0	33552	36700	25500	28096	
2812	0	33748	37204	25248	27912	
2813	0	33894	37580	25024	27789	
2814	0	34116	38240	24780	27640	
2815	0	34200	38904	24592	27524	
2816	0	34348	39424	24400	27384	
2817	0	34784	39920	24152	27244	
2818	0	35432	40520	23922	27120	
2819	0	36016	41020	23756	26968	
2820	0	36888	41521	23524	26845	
2821	0	38068	41792	23392	26700	
2822	0	39232	41892	23178	26580	
2823	0	40560	42117	22970	26457	
2824	0	41676	41814	22814	26296	
2825	0	43296	40960	22616	26244	
2826	0	44352	39456	22496	26072	
2827	0	45320	38164	22304	25924	
2828	0	47244	36028	22130	25788	
2829	0	50164	34860	21984	25693	
2830	0	47008	34520	21822	25568	
2831	0	35725	47932	21676	25449	
2832	0	45608	36076	21490	25376	
2833	0	29984	43969	21292	25220	
2834	0	12441	42980	21161	25204	
2835	0	26370	37220	21089	25092	
2836	0	49728	34802	20956	25010	
2837	0	55384	45408	20852	24950	
2838	0	34112	38337	20692	24878	
2839	0	30594	42746	20566	24822	
2840	0	40168	33413	20452	24777	
2841	0	34324	37828	20376	24760	
2842	0	33048	37944	20316	24787	
2843	0	34733	36632	20252	24745	
2844	0	33760	37944	20176	24754	
2845	0	34228	37432	20082	24768	
2846	0	34236	37536	19997	24780	
2847	0	34404	37532	19969	24805	
2848	0	34201	37512	19992	24924	
2849	0	34226	37544	19941	25042	
2850	0	34220	37548	19972	25124	
2851	0	34144	37536	19976	25218	
2852	0	34200	37108	20024	25372	
2853	0	34501	37334	20060	25500	
2854	0	34396	37424	20033	25652	
2855	0	34748	37289	20157	25813	
2856	0	34784	37280	20200	25996	
2857	0	34340	37524	20264	26186	
2858	0	35349	37064	20416	26344	
2859	0	34898	37320	20545	26498	
2860	0	34936	37233	20630	26760	
2861	0	34940	37392	20768	26914	
2862	0	34785	37164	20962	27178	
2863	0	33948	37172	21077	27309	
2864	0	34932	37392	21320	27510	
2865	0	34692	37368	21484	27721	
2866	0	36000	36936	21670	27924	
2867	0	34926	37244	21889	28096	
2868	0	35176	37148	22041	28296	
2869	0	35016	37192	22284	28448	
2870	0	34980	37208	22528	28641	
2871	0	35066	37128	22664	28820	
2872	0	35157	37080	22948	28944	
2873	0	35272	36980	23176	29169	
2874	0	35282	37160	23420	29340	
2875	0	35164	37124	23661	29514	
2876	0	35296	37100	23936	29696	
2877	0	35256	37202	24152	29864	
2878	0	35298	37177	24392	30074	
2879	0	35256	37250	24644	30206	
2880	0	35372	37509	24885	30364	
2881	0	35204	37660	25128	30536	
2882	0	35350	37704	25404	30716	
2883	0	35360	37724	25593	30893	
2884	0	35296	38044	25892	31096	
2885	0	35124	38084	26104	31248	
2886	0	35300	37872	26380	31444	
2887	0	35252	38220	26614	31608	
2888	0	35628	38576	26840	31820	
2889	0	35932	38976	27024	32024	
2890	0	36120	39532	27284	32160	
2891	0	35960	40296	27528	32369	
2892	0	35659	40556	27706	32568	
2893	0	35124	41272	27924	32716	
2894	0	34808	42000	28188	32941	
2895	0	34882	42928	28352	33152	
2896	0	34644	44073	28592	33308	
2897	0	33916	46024	28800	33512	
2898	0	32968	45432	29004	33606	
2899	0	33728	43916	29244	33772	
2900	0	34698	43208	29433	34040	
2901	0	36768	41984	29696	34186	
2902	0	38664	40652	29916	34344	
2903	0	38429	40505	30149	34520	
2904	0	34212	39013	30337	34672	
2905	0	29861	37372	30561	34842	
2906	0	27896	36032	30800	35082	
2907	0	29792	34496	31020	35300	
2908	0	34220	34816	31244	35488	
2909	0	34054	34400	31490	35680	
2910	0	32804	36112	31666	35872	
2911	0	35189	33616	31908	36080	
2912	0	35600	30432	32144	36257	
2913	0	34292	33507	32400	36470	
2914	0	32116	34284	32624	36593	
2915	0	31752	34340	32912	36880	
2916	0	31849	34000	33104	36992	
2917	0	31680	33988	33356	37250	
2918	0	31482	34582	33624	37360	
2919	0	31409	35024	33832	37520	
2920	0	31650	35168	34096	37768	
2921	0	32028	35400	34368	37972	
2922	0	32493	35408	34600	38002	
2923	0	32748	35672	34864	38146	
2924	0	33116	35880	35177	38288	
2925	0	33340	36232	35376	38456	
2926	0	33604	36696	35704	38544	
2927	0	33728	37160	35880	38720	
2928	0	33928	37724	36199	38864	
2929	0	34074	38212	36464	38936	
2930	0	34218	38688	36672	38905	
2931	0	34560	39328	37012	39000	
2932	0	35141	39964	37186	39176	
2933	0	36192	40424	37448	39212	
2934	0	37225	40744	37692	39237	
2935	0	38146	41072	37953	39296	
2936	0	39356	41336	38208	39464	
2937	0	40801	41408	38414	39368	
2938	0	41328	41340	38744	39421	
2939	0	42668	40453	38884	39560	
2940	0	44300	39628	39188	39640	
2941	0	45016	38665	39340	39620	
2942	0	45340	37424	39561	39696	
2943	0	46076	35976	39784	39626	
2944	0	47352	34744	40112	39649	
2945	0	46932	34712	40176	39768	
2946	0	45460	35466	40384	39824	
2947	0	37820	44524	40512	39856	
2948	0	40440	35612	40840	39768	
2949	0	10413	50688	40866	39820	
2950	0	23770	38460	41009	39828	
2951	0	43148	37756	41156	39936	
2952	0	54140	33897	41304	39824	
2953	0	37960	29572	41537	39937	
2954	0	26536	47404	41560	39952	
2955	0	40372	33160	41728	39913	
2956	0	35712	37076	41817	39992	
2957	0	32448	38228	41928	39996	
2958	0	34792	36562	42098	39936	
2959	0	34036	37656	42272	39884	
2960	0	34033	37616	42288	39964	
2961	0	34232	37520	42444	39900	
2962	0	34190	37473	42449	39920	
2963	0	34336	37404	42616	39936	
2964	0	33936	37628	42576	40012	
2965	0	34284	37440	42632	40020	
2966	0	34376	37464	42737	39976	
2967	0	34384	37416	42869	40000	
2968	0	34324	37508	42904	39928	
2969	0	34348	37476	42968	40016	
2970	0	34452	37364	43040	39978	
2971	0	34336	37660	43064	39916	
2972	0	34340	37508	43081	39916	
2973	0	34560	37466	43040	39872	
2974	0	34496	37424	43088	39840	
2975	0	34722	37400	43080	39816	
2976	0	34460	37408	43141	39748	
2977	0	35566	36944	43081	39648	
2978	0	34864	37564	43068	39620	
2979	0	34668	37428	43124	39468	
2980	0	35332	36916	43032	39400	
2981	0	34726	37432	43040	39236	
2982	0	34968	37317	42945	39082	
2983	0	34968	37268	42884	39008	
2984	0	35088	37205	42792	38780	
2985	0	35440	37092	42833	38617	
2986	0	35012	36852	42641	38410	
2987	0	35424	37193	42520	38239	
2988	0	34968	36970	42520	38080	
2989	0	35220	36992	42260	37812	
2990	0	35204	37006	42112	37620	
2991	0	35224	37100	41960	37400	
2992	0	35348	37140	41940	37160	
2993	0	35212	37124	41696	36954	
2994	0	35230	37256	41466	36728	
2995	0	35272	37216	41244	36481	
2996	0	35184	37332	41032	36240	
2997	0	35200	37540	40808	36004	
2998	0	35224	37608	40716	35782	
2999	0	35362	37721	40476	35556	
3000	0	35341	37856	40172	35316	
3001	0	35336	38000	39952	35088	
3002	0	35488	38004	39608	34880	
3003	0	35552	37892	39344	34668	
3004	0	35329	38200	39112	34428	
3005	0	35776	38376	38784	34260	
3006	0	35720	39064	38496	34016	
3007	0	35708	40026	38200	33808	
3008	0	35772	40640	37920	33624	
3009	0	35684	40884	37668	33400	
3010	0	35144	41408	37352	33188	
3011	0	34332	42181	37029	32996	
3012	0	34405	43520	36720	32793	
3013	0	33061	45378	36436	32608	
3014	0	32125	45340	36130	32452	
3015	0	33857	44232	35776	32236	
3016	0	34697	43644	35486	32114	
3017	0	36274	42404	35148	31918	
3018	0	38472	40756	34824	31710	
3019	0	37640	40760	34508	31540	
3020	0	33888	39904	34178	31376	
3021	0	30892	37758	33872	31229	
3022	0	28080	36550	33540	31124	
3023	0	29000	34840	33293	30965	
3024	0	36576	34497	32920	30816	
3025	0	34916	34840	32618	30724	
3026	0	33378	35722	32372	30564	
3027	0	34088	32868	32088	30442	
3028	0	35010	32952	31762	30296	
3029	0	32584	33664	31517	30237	
3030	0	30304	34960	31268	30064	
3031	0	30466	34744	31044	29933	
3032	0	31340	34637	30778	29846	
3033	0	31292	34824	30556	29721	
3034	0	31740	34844	30353	29576	
3035	0	32144	35092	30152	29464	
3036	0	32784	35142	29973	29322	
3037	0	33132	35204	29784	29176	
3038	0	33440	35208	29626	29077	
3039	0	33360	35628	29456	28865	
3040	0	33400	36240	29284	28701	
3041	0	33660	36668	29152	28524	
3042	0	33812	37220	29004	28410	
3043	0	34088	37640	28860	28216	
3044	0	34388	38164	28716	27994	
3045	0	34836	38524	28552	27802	
3046	0	35024	39057	28484	27596	
3047	0	35841	39668	28357	27402	
3048	0	36460	40132	28180	27253	
3049	0	37080	40456	28107	27038	
3050	0	37861	40824	28000	26849	
3051	0	38766	41232	27877	26704	
3052	0	39708	41592	27776	26515	
3053	0	40864	41948	27698	26297	
3054	0	41764	41588	27528	26164	
3055	0	42904	40948	27442	25957	
3056	0	44016	40068	27334	25801	
3057	0	44784	38652	27270	25690	
3058	0	45504	37021	27168	25541	
3059	0	48260	35284	27056	25420	
3060	0	48260	34529	26972	25256	
3061	0	45816	35752	26818	25148	
3062	0	37484	48520	26653	25028	
3063	0	45152	36714	26624	24938	
3064	0	27620	43392	26468	24850	
3065	0	10192	43153	26373	24770	
3066	0	27826	37081	26292	24744	
3067	0	51536	37988	26160	24680	
3068	0	47808	36345	26088	24594	
3069	0	35544	41168	25986	24581	
3070	0	34220	39026	25864	24556	
3071	0	38512	35336	25828	24544	
3072	0	34953	37440	25694	24562	
3073	0	33457	37656	25617	24568	
3074	0	34808	36544	25568	24614	
3075	0	33840	37920	25400	24622	
3076	0	34568	37220	25404	24696	
3077	0	34464	37505	25288	24786	
3078	0	34760	37368	25298	24857	
3079	0	34556	37368	25256	24945	
3080	0	34468	37333	25168	25065	
3081	0	34716	37272	25156	25253	
3082	0	34636	37328	25076	25360	
3083	0	34746	37268	25124	25520	
3084	0	34840	37308	25074	25690	
3085	0	34668	37349	25092	25850	
3086	0	35012	37040	25096	26043	
3087	0	34994	37240	25168	26264	
3088	0	34860	37248	25120	26442	
3089	0	34784	37368	25236	26609	
3090	0	34756	37410	25245	26812	
3091	0	34981	37128	25348	27012	
3092	0	34844	37177	25394	27248	
3093	0	35032	37264	25494	27432	
3094	0	35120	37186	25520	27692	
3095	0	35788	37080	25630	27802	
3096	0	35212	37056	25748	27989	
3097	0	35248	37160	25916	28188	
3098	0	35028	37244	26073	28392	
3099	0	35056	37292	26226	28642	
3100	0	35248	37153	26352	28736	
3101	0	35268	37032	26508	28897	
3102	0	35041	37280	26684	29117	
3103	0	35316	37016	26868	29224	
3104	0	35434	36997	27077	29384	
3105	0	35440	37025	27256	29532	
3106	0	35416	37060	27432	29682	
3107	0	35453	37129	27665	29894	
3108	0	35420	37240	27900	29968	
3109	0	35480	37115	28104	30112	
3110	0	35608	37208	28345	30208	
3111	0	35568	37280	28576	30320	
3112	0	35488	37596	28788	30444	
3113	0	35336	37796	29040	30520	
3114	0	35340	37944	29284	30604	
3115	0	35444	37948	29525	30688	
3116	0	35488	37898	29749	30858	
3117	0	35480	37928	30030	30912	
3118	0	35780	38260	30284	30936	
3119	0	36116	38844	30521	31004	
3120	0	36080	39584	30814	31092	
3121	0	35880	40184	31074	31148	
3122	0	36060	40940	31306	31280	
3123	0	35144	41384	31596	31260	
3124	0	34968	41744	31842	31384	
3125	0	34930	42888	32110	31452	
3126	0	34104	45248	32457	31500	
3127	0	32029	46744	32732	31577	
3128	0	32394	45920	33008	31580	
3129	0	36704	43506	33298	31644	
3130	0	38188	46692	33572	31716	
3131	0	34962	42824	33844	31768	
3132	0	35716	41288	34152	31820	
3133	0	34812	40824	34460	31896	
3134	0	30952	38396	34762	32000	
3135	0	26300	36744	35024	32112	
3136	0	27268	35128	35344	32144	
3137	0	35264	31332	35712	32288	
3138	0	38664	33688	36038	32308	
3139	0	33596	36584	36268	32395	
3140	0	35784	29772	36688	32538	
3141	0	35444	32602	36913	32604	
3142	0	32836	32376	37220	32716	
3143	0	29868	35376	37636	32798	
3144	0	30492	34440	37889	32888	
3145	0	31020	34096	38200	32992	
3146	0	30525	34588	38448	33080	
3147	0	31145	34629	38756	33192	
3148	0	31997	34633	39036	33290	
3149	0	32470	34990	39420	33378	
3150	0	32748	35272	39604	33468	
3151	0	33085	35592	39880	33554	
3152	0	33394	35885	40172	33641	
3153	0	33868	36388	40468	33712	
3154	0	34224	36824	40736	33792	
3155	0	34412	37244	40957	33848	
3156	0	34424	37708	41192	33952	
3157	0	34529	38172	41440	33984	
3158	0	34852	38697	41720	34040	
3159	0	35120	39052	41904	34098	
3160	0	35560	39560	42136	34180	
3161	0	35972	39967	42352	34240	
3162	0	36832	40257	42553	34232	
3163	0	37764	40560	42745	34277	
3164	0	38664	40650	43008	34340	
3165	0	39896	40737	43112	34408	
3166	0	40832	40960	43280	34396	
3167	0	41744	40717	43536	34476	
3168	0	42820	40132	43604	34544	
3169	0	43892	39280	43762	34576	
3170	0	44800	38080	43880	34612	
3171	0	44416	37020	44000	34646	
3172	0	44460	36112	44146	34688	
3173	0	45788	35108	44232	34716	
3174	0	45737	35128	44324	34708	
3175	0	43368	36176	44477	34776	
3176	0	36140	48508	44468	34833	
3177	0	41512	35020	44564	34888	
3178	0	14993	45768	44648	34892	
3179	0	16200	40832	44680	34936	
3180	0	41864	36017	44740	34960	
3181	0	51292	38468	44786	35000	
3182	0	42528	27894	44836	35068	
3183	0	27596	46600	44812	35024	
3184	0	40700	32872	44876	35068	
3185	0	35212	37112	44836	35080	
3186	0	32912	38668	44884	35206	
3187	0	34704	36512	44888	35141	
3188	0	34136	37513	44824	35225	
3189	0	34193	37672	44801	35204	
3190	0	34457	37332	44808	35336	
3191	0	34584	37613	44776	35296	
3192	0	34354	37472	44736	35356	
3193	0	34396	37580	44772	35432	
3194	0	34620	37200	44692	35496	
3195	0	34440	37376	44712	35456	
3196	0	34656	37300	44676	35592	
3197	0	34604	37348	44625	35604	
3198	0	34556	37432	44604	35640	
3199	0	34528	37448	44476	35728	
3200	0	34648	37597	44480	35757	
3201	0	34573	37600	44368	35764	
3202	0	34506	37600	44280	35860	
3203	0	34592	37316	44216	35876	
3204	0	34592	37368	44198	35926	
3205	0	34920	37344	44024	35904	
3206	0	34845	37276	43928	35948	
3207	0	34948	37328	43808	35924	
3208	0	34784	37366	43698	35944	
3209	0	35132	37224	43584	35936	
3210	0	34628	37332	43460	35885	
3211	0	35453	36980	43317	35897	
3212	0	34936	37516	43168	35817	
3213	0	35216	37117	42988	35800	
3214	0	35108	37117	42752	35712	
3215	0	35236	36992	42616	35648	
3216	0	35344	36998	42492	35570	
3217	0	35256	36884	42224	35476	
3218	0	35284	36976	42088	35376	
3219	0	35312	36928	41728	35282	
3220	0	35524	36928	41588	35172	
3221	0	35445	36988	41290	35040	
3222	0	35272	37156	41032	34932	
3223	0	35444	37074	40864	34804	
3224	0	35304	37268	40512	34668	
3225	0	35386	37398	40281	34538	
3226	0	35556	37564	40032	34388	
3227	0	35264	37809	39712	34244	
3228	0	35392	37780	39472	34112	
3229	0	35596	37784	39244	33953	
3230	0	35641	38032	38868	33810	
3231	0	35828	38048	38632	33668	
3232	0	35564	38233	38332	33560	
3233	0	35772	38482	38004	33388	
3234	0	35988	39036	37604	33278	
3235	0	35833	39444	37316	33144	
3236	0	35876	40394	37012	33012	
3237	0	35601	40968	36653	32842	
3238	0	35424	41248	36321	32684	
3239	0	34768	41952	35972	32560	
3240	0	34345	43112	35632	32456	
3241	0	33512	45384	35304	32308	
3242	0	32280	46566	34940	32220	
3243	0	33168	45652	34561	32080	
3244	0	34364	45264	34272	31948	
3245	0	36834	43460	33888	31860	
3246	0	36534	42984	33490	31740	
3247	0	39000	41432	33161	31656	
3248	0	36862	40400	32800	31568	
3249	0	31884	38386	32432	31456	
3250	0	29408	36344	32084	31441	
3251	0	31482	33912	31708	31305	
3252	0	38456	34221	31322	31216	
3253	0	35600	35608	30966	31139	
3254	0	32500	36101	30596	31122	
3255	0	34352	30520	30240	31028	
3256	0	35929	33212	29888	31044	
3257	0	32371	33112	29584	30928	
3258	0	30841	34401	29250	30892	
3259	0	31132	33866	28914	30808	
3260	0	31324	33876	28602	30756	
3261	0	31248	34029	28301	30800	
3262	0	31528	34084	28016	30644	
3263	0	32093	34024	27746	30612	
3264	0	32688	33817	27489	30588	
3265	0	33100	33890	27244	30507	
3266	0	33248	33977	26986	30437	
3267	0	33261	34124	26765	30382	
3268	0	33152	34528	26573	30400	
3269	0	33154	34981	26368	30272	
3270	0	33138	35408	26176	30184	
3271	0	33288	35824	25988	30105	
3272	0	33566	36144	25816	30044	
3273	0	33633	36448	25603	30021	
3274	0	33685	36920	25464	29856	
3275	0	33921	37564	25298	29768	
3276	0	33912	37845	25132	29765	
3277	0	34328	38288	25025	29620	
3278	0	34630	38896	24853	29509	
3279	0	35256	39393	24692	29424	
3280	0	36192	39868	24588	29321	
3281	0	37568	40360	24437	29238	
3282	0	38920	40868	24317	29152	
3283	0	40489	41742	24180	29028	
3284	0	42124	42256	24047	28944	
3285	0	43952	42340	23925	28836	
3286	0	45596	41184	23749	28773	
3287	0	47396	40024	23636	28707	
3288	0	48144	38173	23556	28620	
3289	0	50600	35656	23438	28592	
3290	0	43768	42360	23278	28472	
3291	0	51568	32124	23236	28449	
3292	0	35468	48344	23038	28376	
3293	0	26792	46284	22901	28308	
3294	0	20370	41220	22826	28268	
3295	0	49628	35674	22737	28216	
3296	0	47168	27448	22682	28188	
3297	0	37773	43481	22498	28156	
3298	0	35632	35749	22441	28164	
3299	0	38620	36274	22265	28137	
3300	0	34200	37940	22250	28130	
3301	0	34344	36608	22100	28160	
3302	0	34540	37292	22074	28198	
3303	0	33672	38304	21993	28196	
3304	0	34181	37384	21897	28276	
3305	0	34600	37524	21851	28282	
3306	0	34539	37040	21722	28360	
3307	0	34272	37552	21744	28402	
3308	0	34817	37304	21696	28560	
3309	0	34592	37116	21656	28557	
3310	0	36176	36876	21616	28700	
3311	0	34232	37488	21572	28824	
3312	0	34460	37192	21554	28964	
3313	0	35100	37168	21592	29072	
3314	0	33184	37216	21601	29192	
3315	0	34884	37464	21628	29324	
3316	0	33890	37264	21604	29498	
3317	0	34784	37396	21658	29581	
3318	0	35228	37274	21686	29774	
3319	0	35130	37404	21741	29882	
3320	0	35285	37166	21842	30025	
3321	0	35352	37152	21916	30072	
3322	0	35250	37308	21997	30240	
3323	0	35402	37324	22075	30368	
3324	0	35424	37040	22108	30386	
3325	0	35208	36701	22196	30528	
3326	0	35968	36380	22376	30624	
3327	0	35385	36096	22485	30665	
3328	0	35928	36181	22556	30717	
3329	0	35841	36060	22694	30718	
3330	0	35928	35892	22814	30760	
3331	0	36036	36083	22889	30828	
3332	0	36074	36257	23068	30836	
3333	0	36224	36664	23194	30846	
3334	0	36288	36808	23318	30812	
3335	0	36076	36948	23450	30834	
3336	0	36204	37320	23600	30792	
3337	0	36000	37260	23720	30776	
3338	0	36197	37490	23846	30805	
3339	0	35876	37784	23908	30702	
3340	0	35908	38056	24056	30664	
3341	0	36128	37989	24169	30632	
3342	0	35808	38162	24315	30588	
3343	0	35848	38108	24408	30516	
3344	0	35924	37981	24468	30482	
3345	0	35884	38376	24597	30492	
3346	0	35896	39248	24652	30445	
3347	0	36329	39776	24822	30420	
3348	0	36588	40129	24864	30364	
3349	0	36512	40624	25005	30352	
3350	0	36004	41354	25040	30365	
3351	0	35376	42072	25132	30324	
3352	0	34924	43368	25208	30324	
3353	0	34524	44780	25236	30326	
3354	0	34660	45136	25318	30368	
3355	0	33848	44405	25386	30340	
3356	0	35812	43802	25498	30336	
3357	0	35848	42668	25569	30345	
3358	0	35988	41834	25628	30372	
3359	0	36808	42084	25712	30404	
3360	0	35024	40394	25792	30450	
3361	0	31828	38362	25838	30501	
3362	0	30433	35077	25912	30548	
3363	0	30594	34392	26022	30616	
3364	0	33522	34792	26096	30657	
3365	0	32284	37956	26130	30728	
3366	0	36389	32336	26324	30856	
3367	0	35668	31829	26436	30936	
3368	0	33360	34381	26536	31021	
3369	0	32170	35048	26674	31097	
3370	0	31978	34656	26784	31184	
3371	0	32104	34104	26948	31328	
3372	0	31878	34544	27090	31384	
3373	0	31976	34872	27268	31465	
3374	0	32184	34896	27420	31568	
3375	0	32424	34812	27616	31688	
3376	0	32536	34792	27808	31765	
3377	0	32504	34920	28000	31888	
3378	0	32581	35084	28196	31944	
3379	0	32786	35328	28392	32028	
3380	0	32664	35668	28580	32097	
3381	0	32776	36120	28808	32172	
3382	0	32996	36576	29008	32260	
3383	0	33144	36986	29232	32292	
3384	0	33364	37396	29437	32350	
3385	0	33460	37952	29640	32440	
3386	0	33554	38688	29825	32508	
3387	0	33858	39380	30044	32552	
3388	0	34404	39888	30240	32540	
3389	0	35208	40288	30402	32572	
3390	0	36136	40620	30636	32701	
3391	0	37280	41040	30818	32682	
3392	0	38784	41496	30977	32804	
3393	0	40120	41480	31196	32732	
3394	0	42081	41784	31336	32740	
3395	0	43266	41538	31552	32776	
3396	0	44872	40844	31710	32856	
3397	0	46076	39561	31861	32832	
3398	0	46634	38240	32009	32861	
3399	0	49264	36112	32145	32897	
3400	0	48228	39594	32300	32984	
3401	0	51568	33872	32425	32965	
3402	0	46859	35904	32592	32955	
3403	0	39136	45920	32644	32972	
3404	0	20157	42153	32816	33104	
3405	0	30412	39489	32936	33117	
3406	0	51288	31008	33056	33070	
3407	0	38810	25718	33212	33076	
3408	0	29916	47042	33245	33192	
3409	0	40894	33826	33417	33136	
3410	0	35680	38364	33508	33260	
3411	0	33657	37549	33585	33276	
3412	0	34089	37652	33697	33256	
3413	0	33684	37824	33840	33371	
3414	0	34512	37284	33925	33413	
3415	0	34636	37288	34065	33426	
3416	0	34760	37060	34164	33456	
3417	0	34448	37486	34304	33504	
3418	0	34497	37484	34424	33586	
3419	0	34432	37452	34568	33662	
3420	0	34228	37540	34709	33842	
3421	0	34378	37428	34908	33889	
3422	0	34672	37452	34996	33940	
3423	0	34192	37808	35176	34138	
3424	0	34380	37356	35356	34237	
3425	0	34220	37596	35496	34384	
3426	0	34347	37584	35720	34416	
3427	0	34636	37298	35868	34620	
3428	0	35016	37141	36056	34762	
3429	0	35832	37168	36312	34904	
3430	0	35008	37136	36528	35048	
3431	0	35154	37152	36748	35117	
3432	0	34985	37280	36944	35253	
3433	0	35176	37232	37146	35492	
3434	0	35020	37196	37266	35560	
3435	0	35137	37258	37477	35744	
3436	0	35232	37284	37692	35968	
3437	0	35104	37220	37912	36020	
3438	0	35144	37228	38105	36252	
3439	0	35242	37196	38322	36396	
3440	0	35162	37072	38560	36512	
3441	0	35344	37144	38836	36624	
3442	0	35536	37145	38917	36840	
3443	0	35360	36997	39120	36914	
3444	0	35472	37180	39308	37132	
3445	0	35576	37226	39548	37176	
3446	0	35445	37258	39680	37312	
3447	0	35473	37296	39972	37508	
3448	0	35500	37400	40140	37682	
3449	0	35328	37700	40240	37816	
3450	0	35521	37792	40428	37936	
3451	0	35480	37940	40562	38016	
3452	0	35357	38164	40772	38228	
3453	0	35484	38200	40944	38320	
3454	0	35524	38165	40992	38516	
3455	0	35476	38528	41156	38688	
3456	0	35616	39376	41322	38754	
3457	0	36152	39980	41400	38948	
3458	0	36100	40793	41525	39141	
3459	0	35852	41081	41686	39204	
3460	0	35146	41952	41784	39392	
3461	0	34756	42992	41894	39584	
3462	0	34634	44112	42040	39720	
3463	0	34244	46400	42156	39812	
3464	0	33345	46753	42260	39921	
3465	0	34730	45476	42395	40152	
3466	0	38180	44048	42544	40284	
3467	0	35228	43696	42608	40440	
3468	0	39346	41962	42724	40505	
3469	0	37960	41144	42932	40720	
3470	0	33368	39280	43000	40748	
3471	0	28644	36832	43152	40954	
3472	0	28608	35369	43248	41036	
3473	0	35096	34662	43458	41184	
3474	0	34568	35304	43548	41344	
3475	0	33954	36320	43780	41376	
3476	0	36032	31248	43877	41564	
3477	0	34484	32360	44048	41644	
3478	0	32522	33192	44192	41824	
3479	0	30641	34800	44412	41889	
3480	0	30688	33688	44597	42056	
3481	0	30814	33678	44760	42172	
3482	0	30946	33832	44936	42240	
3483	0	31240	33980	45188	42449	
3484	0	31568	34264	45344	42560	
3485	0	32236	34002	45533	42632	
3486	0	32605	34152	45728	42772	
3487	0	32788	34216	45936	42908	
3488	0	32784	34654	46128	42954	
3489	0	32677	34944	46316	43076	
3490	0	32724	35372	46588	43250	
3491	0	32932	35972	46756	43298	
3492	0	33152	36253	46906	43404	
3493	0	33360	36722	47096	43561	
3494	0	33576	37113	47284	43600	
3495	0	33740	37448	47446	43752	
3496	0	34009	37977	47668	43808	
3497	0	34428	38734	47872	43864	
3498	0	34944	39556	48001	43944	
3499	0	35772	40092	48204	44072	
3500	0	36925	40697	48297	44168	
3501	0	38420	41120	48416	44232	
3502	0	39940	42090	48620	44308	
3503	0	41792	42432	48680	44384	
3504	0	43140	42304	48866	44428	
3505	0	44680	41376	48920	44493	
3506	0	45582	40328	49104	44548	
3507	0	46484	39040	49156	44616	
3508	0	46656	37472	49300	44668	
3509	0	49580	35036	49392	44741	
3510	0	49724	34378	49394	44788	
3511	0	46788	37944	49520	44804	
3512	0	50220	37544	49556	44848	
3513	0	29117	46600	49568	44898	
3514	0	9584	43872	49608	44932	
3515	0	28309	35140	49664	45008	
3516	0	45386	37644	49624	44992	
3517	0	54448	36506	49648	45056	
3518	0	35392	31778	49688	45076	
3519	0	29389	45184	49592	45050	
3520	0	42808	33892	49556	45064	
3521	0	34984	37708	49600	45100	
3522	0	32960	37848	49520	45124	
3523	0	34572	36924	49480	45136	
3524	0	33272	38210	49384	45120	
3525	0	34358	37424	49320	45132	
3526	0	34458	37456	49252	45124	
3527	0	34412	37328	49152	45068	
3528	0	34292	37472	49104	45100	
3529	0	34532	37316	49008	45048	
3530	0	34368	37378	48920	45028	
3531	0	34380	37408	48864	45024	
3532	0	34344	37493	48788	45032	
3533	0	34385	37356	48704	44984	
3534	0	33900	37456	48552	44928	
3535	0	34360	37456	48500	44908	
3536	0	34837	37432	48368	44884	
3537	0	34332	37628	48224	44860	
3538	0	33746	37428	48073	44752	
3539	0	34720	37204	47936	44680	
3540	0	33716	37264	47757	44640	
3541	0	34934	37208	47625	44568	
3542	0	35108	37228	47489	44480	
3543	0	34984	37280	47288	44360	
3544	0	35068	37261	47053	44168	
3545	0	35085	37336	46888	44081	
3546	0	35016	37337	46626	43912	
3547	0	34944	37356	46365	43706	
3548	0	35024	37236	46144	43598	
3549	0	35060	37136	45896	43414	
3550	0	34956	37202	45648	43168	
3551	0	35122	37117	45428	42928	
3552	0	35144	37088	45105	42768	
3553	0	35352	37092	44833	42533	
3554	0	35381	37080	44548	42204	
3555	0	35446	37160	44284	42020	
3556	0	35420	37220	44056	41720	
3557	0	35392	37160	43724	41460	
3558	0	35300	37309	43385	41194	
3559	0	35240	37426	43074	41040	
3560	0	35264	37544	42832	40684	
3561	0	35332	37745	42468	40528	
3562	0	35272	37836	42276	40256	
3563	0	35212	38064	41952	39950	
3564	0	35417	37816	41504	39768	
3565	0	35296	38000	41184	39444	
3566	0	35392	38328	40992	39138	
3567	0	35812	38625	40648	38916	
3568	0	35888	39272	40276	38636	
3569	0	36076	39680	39945	38408	
3570	0	35892	40040	39602	38202	
3571	0	35634	40536	39240	37908	
3572	0	35048	41124	38920	37764	
3573	0	34552	42176	38608	37524	
3574	0	34864	43472	38234	37176	
3575	0	34612	45281	37941	37020	
3576	0	33736	45960	37604	36728	
3577	0	33800	44708	37268	36485	
3578	0	35700	43600	36936	36268	
3579	0	36808	43096	36608	36000	
3580	0	35524	42052	36284	35736	
3581	0	37772	41281	35948	35552	
3582	0	36056	40404	35648	35284	
3583	0	32448	38536	35333	35048	
3584	0	28036	36954	35012	34897	
3585	0	28781	35068	34660	34596	
3586	0	34524	34736	34380	34478	
3587	0	33176	35280	34096	34272	
3588	0	31472	37924	33764	33948	
3589	0	35232	33652	33492	33850	
3590	0	34512	29908	33192	33532	
3591	0	33646	33404	32900	33400	
3592	0	32496	33816	32621	33124	
3593	0	31581	33952	32340	32916	
3594	0	31862	34132	32100	32696	
3595	0	31682	34244	31818	32534	
3596	0	32057	34668	31561	32278	
3597	0	32428	34552	31348	32144	
3598	0	32544	34788	31060	31852	
3599	0	32434	35252	30824	31712	
3600	0	32452	35640	30580	31461	
3601	0	32309	35960	30336	31144	
3602	0	32584	36016	30104	30904	
3603	0	33032	36417	29872	30683	
3604	0	33230	36752	29628	30461	
3605	0	33432	37260	29389	30220	
3606	0	33704	38000	29116	29912	
3607	0	34068	38500	28886	29649	
3608	0	34388	38948	28660	29400	
3609	0	34800	39444	28444	29144	
3610	0	35360	39948	28194	28896	
3611	0	35936	40448	27960	28696	
3612	0	36800	40545	27692	28384	
3613	0	37968	41209	27416	28142	
3614	0	39091	41440	27208	27918	
3615	0	40324	41708	26924	27700	
3616	0	41860	41436	26744	27450	
3617	0	43336	40793	26440	27156	
3618	0	44464	39882	26276	26932	
3619	0	44656	38776	26046	26708	
3620	0	45224	37756	25749	26504	
3621	0	46148	35977	25569	26297	
3622	0	47912	34808	25354	26136	
3623	0	47252	34804	25105	25926	
3624	0	45264	35560	24884	25764	
3625	0	45424	37504	24633	25562	
3626	0	35904	40180	24374	25398	
3627	0	12024	46248	24165	25240	
3628	0	20780	37632	23980	25080	
3629	0	44180	35832	23786	24961	
3630	0	55306	42468	23554	24812	
3631	0	37840	29866	23389	24714	
3632	0	26776	47960	23128	24600	
3633	0	41668	30144	23024	24512	
3634	0	35160	38008	22817	24480	
3635	0	32864	38008	22604	24349	
3636	0	34656	36625	22392	24284	
3637	0	33228	38564	22219	24208	
3638	0	34340	37344	22108	24226	
3639	0	34235	37468	21969	24168	
3640	0	34692	37352	21840	24131	
3641	0	34317	37348	21696	24122	
3642	0	34576	37340	21581	24138	
3643	0	34608	37324	21500	24176	
3644	0	34582	37204	21366	24180	
3645	0	34424	37348	21289	24294	
3646	0	34409	37428	21202	24306	
3647	0	34404	37432	21139	24444	
3648	0	34484	37508	21089	24452	
3649	0	34412	37553	21053	24569	
3650	0	34372	37632	20965	24668	
3651	0	34321	37444	20964	24843	
3652	0	34358	37416	21016	24910	
3653	0	34568	37304	21048	25058	
3654	0	34836	37212	21076	25148	
3655	0	35256	36984	21072	25258	
3656	0	34729	37221	21120	25408	
3657	0	35080	37184	21164	25534	
3658	0	34944	37184	21217	25648	
3659	0	35048	37208	21353	25776	
3660	0	35392	37088	21390	25852	
3661	0	35372	36938	21500	25984	
3662	0	34488	37348	21600	26129	
3663	0	35180	37525	21732	26256	
3664	0	35309	36888	21882	26436	
3665	0	35140	37188	22018	26465	
3666	0	35244	37280	22124	26592	
3667	0	35412	37050	22258	26676	
3668	0	35261	37304	22402	26864	
3669	0	35280	37288	22575	26997	
3670	0	35424	37192	22760	27133	
3671	0	35156	37373	22924	27216	
3672	0	35229	37360	23064	27384	
3673	0	35504	37380	23216	27498	
3674	0	35392	37592	23376	27662	
3675	0	35440	37612	23536	27836	
3676	0	35396	37684	23708	27964	
3677	0	35404	37736	23861	28108	
3678	0	35536	37564	24040	28280	
3679	0	35660	37536	24184	28486	
3680	0	35724	37774	24328	28642	
3681	0	35881	38268	24509	28912	
3682	0	36108	38760	24706	29097	
3683	0	36018	39426	24853	29220	
3684	0	35797	40308	25041	29428	
3685	0	35644	40812	25188	29636	
3686	0	35620	41160	25373	29864	
3687	0	34920	42020	25552	30082	
3688	0	34612	43508	25632	30328	
3689	0	34424	45200	25861	30552	
3690	0	33868	46584	25976	30804	
3691	0	33409	45740	26169	31060	
3692	0	34144	44716	26288	31308	
3693	0	35392	43376	26517	31514	
3694	0	35364	42280	26624	31770	
3695	0	37424	40880	26888	32020	
3696	0	36148	39913	27044	32260	
3697	0	31749	38544	27200	32508	
3698	0	29678	37276	27451	32772	
3699	0	27394	36512	27632	33008	
3700	0	33621	33476	27866	33280	
3701	0	34376	35448	28064	33524	
3702	0	34024	35072	28288	33776	
3703	0	33437	35386	28520	34032	
3704	0	36880	29760	28784	34264	
3705	0	34596	32232	29016	34556	
3706	0	33132	33348	29232	34748	
3707	0	31573	33284	29512	34960	
3708	0	31122	33788	29736	35236	
3709	0	31061	35034	30016	35428	
3710	0	31098	34892	30272	35666	
3711	0	31337	34632	30544	35872	
3712	0	31691	34840	30832	36012	
3713	0	32048	35297	31132	36184	
3714	0	32508	35600	31380	36368	
3715	0	33044	35792	31662	36608	
3716	0	33346	35932	31964	36706	
3717	0	33485	36164	32225	36844	
3718	0	33888	36528	32509	37028	
3719	0	34280	36969	32820	37116	
3720	0	34616	37440	33077	37237	
3721	0	35016	37765	33360	37354	
3722	0	35202	38312	33600	37538	
3723	0	35552	38692	33882	37682	
3724	0	36008	39104	34136	37752	
3725	0	36584	39488	34398	37732	
3726	0	37080	39720	34640	37930	
3727	0	38160	40496	34857	37984	
3728	0	39192	40762	35092	38068	
3729	0	40498	40800	35308	38226	
3730	0	41568	40924	35520	38176	
3731	0	42308	40468	35776	38288	
3732	0	42628	39920	35924	38373	
3733	0	44048	39256	36176	38464	
3734	0	44200	38544	36324	38560	
3735	0	44160	37657	36500	38609	
3736	0	44112	36649	36712	38748	
3737	0	45196	35593	36876	38753	
3738	0	46096	35174	36976	38838	
3739	0	45048	35216	37136	38968	
3740	0	43556	35684	37256	39032	
3741	0	43504	37744	37377	39088	
3742	0	14462	46896	37502	39240	
3743	0	14056	42897	37668	39360	
3744	0	39906	35700	37716	39408	
3745	0	50321	42829	37792	39464	
3746	0	50584	26876	37892	39516	
3747	0	32976	41648	38015	39664	
3748	0	37032	35736	38048	39824	
3749	0	38716	34569	38121	39801	
3750	0	33782	38205	38169	39952	
3751	0	34868	36496	38346	40048	
3752	0	33954	37920	38304	40120	
3753	0	34352	37504	38324	40177	
3754	0	34566	37525	38360	40232	
3755	0	34940	37408	38444	40360	
3756	0	34880	37128	38452	40349	
3757	0	34820	37312	38488	40380	
3758	0	35104	37056	38524	40449	
3759	0	34834	37120	38552	40648	
3760	0	34916	37264	38596	40704	
3761	0	34936	37136	38616	40676	
3762	0	35289	37192	38652	40808	
3763	0	34888	37196	38700	40844	
3764	0	34868	37304	38832	40864	
3765	0	34830	37368	38852	40844	
3766	0	34916	37284	38764	40896	
3767	0	34748	37280	38840	40796	
3768	0	35512	36696	38880	40778	
3769	0	34490	37312	38936	40802	
3770	0	35216	36936	38832	40672	
3771	0	35069	37189	38900	40729	
3772	0	35616	37042	38936	40668	
3773	0	34433	37245	38901	40440	
3774	0	34948	37252	38808	40428	
3775	0	35592	37192	38792	40336	
3776	0	35108	37256	38792	40096	
3777	0	35016	37057	38761	39941	
3778	0	35412	37052	38688	39828	
3779	0	35332	37060	38740	39588	
3780	0	35516	36960	38560	39372	
3781	0	35409	37004	38496	39156	
3782	0	35648	37040	38512	38928	
3783	0	35677	36938	38336	38820	
3784	0	35600	36964	38228	38588	
3785	0	35745	36969	38120	38345	
3786	0	35757	37146	38080	37976	
3787	0	35616	37168	37904	37764	
3788	0	35744	37360	37752	37576	
3789	0	35605	37546	37680	37216	
3790	0	35628	37665	37458	36960	
3791	0	35384	38000	37380	36761	
3792	0	35348	37928	37178	36512	
3793	0	35569	37944	36978	36196	
3794	0	35660	38200	36780	36056	
3795	0	35969	38456	36664	35736	
3796	0	36296	39197	36404	35540	
3797	0	36424	39840	36196	35293	
3798	0	36498	40728	36008	35000	
3799	0	36556	40700	35804	34794	
3800	0	35708	41128	35612	34484	
3801	0	35377	42520	35402	34312	
3802	0	34964	43696	35197	34024	
3803	0	35004	45724	34964	33800	
3804	0	33988	46392	34762	33648	
3805	0	34208	44936	34553	33328	
3806	0	35104	43844	34321	33104	
3807	0	35368	43136	34089	32868	
3808	0	35212	41616	33868	32644	
3809	0	37884	40064	33636	32472	
3810	0	35348	39292	33408	32219	
3811	0	31948	37436	33216	32042	
3812	0	29412	36150	32973	31776	
3813	0	29506	35164	32744	31572	
3814	0	33234	34548	32552	31341	
3815	0	33196	34734	32338	31164	
3816	0	33789	35826	32164	30912	
3817	0	35184	30432	31984	30718	
3818	0	34366	33312	31788	30520	
3819	0	32070	34892	31584	30320	
3820	0	30753	34880	31428	30150	
3821	0	31616	34080	31240	29941	
3822	0	31008	34416	31028	29784	
3823	0	30993	34876	30864	29558	
3824	0	31680	34936	30708	29400	
3825	0	32208	35028	30544	29152	
3826	0	32773	35000	30366	28964	
3827	0	33090	35065	30232	28773	
3828	0	33340	35378	30050	28554	
3829	0	33306	35744	29883	28349	
3830	0	33332	36160	29733	28196	
3831	0	33522	36696	29560	27928	
3832	0	33664	37140	29402	27744	
3833	0	33984	37568	29249	27497	
3834	0	34228	37920	29088	27273	
3835	0	34400	38532	28914	27057	
3836	0	34816	38892	28724	26872	
3837	0	35424	39264	28552	26622	
3838	0	36136	39609	28389	26401	
3839	0	36796	40009	28196	26185	
3840	0	37516	40544	28016	25964	
3841	0	38460	40804	27813	25760	
3842	0	39612	41080	27638	25552	
3843	0	40604	41420	27436	25357	
3844	0	41912	41472	27224	25128	
3845	0	42784	40644	27046	24925	
3846	0	43816	39754	26842	24746	
3847	0	44536	38608	26644	24545	
3848	0	45400	36994	26443	24362	
3849	0	48420	34456	26240	24222	
3850	0	47736	33920	26008	24052	
3851	0	47124	34512	25809	23864	
3852	0	43850	38416	25556	23714	
3853	0	47404	36756	25352	23584	
3854	0	32832	43136	25092	23436	
3855	0	14717	43636	24848	23305	
3856	0	22272	38612	24662	23201	
3857	0	41128	37772	24421	23117	
3858	0	51984	43408	24152	23019	
3859	0	42296	27337	24034	22894	
3860	0	28537	47564	23692	22848	
3861	0	40773	31824	23536	22764	
3862	0	34960	37780	23208	22718	
3863	0	33700	37372	22992	22661	
3864	0	34974	36764	22844	22652	
3865	0	34140	37640	22549	22637	
3866	0	34542	37440	22356	22633	
3867	0	34800	37344	22170	22684	
3868	0	34784	37442	22004	22696	
3869	0	34708	37276	21793	22732	
3870	0	34712	37284	21576	22822	
3871	0	34788	37176	21378	22925	
3872	0	34858	37256	21272	23028	
3873	0	34676	37412	21065	23192	
3874	0	34636	37478	20940	23260	
3875	0	34612	37472	20792	23421	
3876	0	34852	37356	20712	23600	
3877	0	34312	37648	20542	23732	
3878	0	34496	37693	20453	23938	
3879	0	34637	37242	20336	24122	
3880	0	36736	36884	20324	24300	
3881	0	34572	37512	20268	24491	
3882	0	34884	37248	20229	24684	
3883	0	34952	37012	20180	24893	
3884	0	35720	36776	20116	25076	
3885	0	34844	37520	20084	25261	
3886	0	35036	37476	20082	25460	
3887	0	35688	36992	20162	25644	
3888	0	35076	37304	20177	25800	
3889	0	35461	37064	20158	26084	
3890	0	35521	37000	20264	26218	
3891	0	35692	36760	20322	26416	
3892	0	35464	37040	20401	26612	
3893	0	35520	37008	20476	26756	
3894	0	35656	37024	20617	26956	
3895	0	35744	36984	20686	27112	
3896	0	35776	36916	20872	27292	
3897	0	35828	36984	20930	27478	
3898	0	35812	36912	21066	27654	
3899	0	35753	37009	21232	27824	
3900	0	35686	37136	21432	28028	
3901	0	35620	37432	21590	28200	
3902	0	35569	37608	21739	28394	
3903	0	35508	37780	21928	28570	
3904	0	35516	37949	22028	28777	
3905	0	35786	37920	22268	28956	
3906	0	35856	37720	22453	29108	
3907	0	35752	37856	22658	29345	
3908	0	36112	38316	22824	29564	
3909	0	36228	39000	22980	29720	
3910	0	36384	39682	23218	29928	
3911	0	36420	40316	23384	30150	
3912	0	36372	40808	23624	30344	
3913	0	35884	41120	23822	30556	
3914	0	34940	42136	23980	30757	
3915	0	34836	43908	24232	30950	
3916	0	34780	45532	24453	31140	
3917	0	33149	46228	24620	31362	
3918	0	34333	45642	24885	31536	
3919	0	36812	44260	25133	31737	
3920	0	34380	43880	25374	31936	
3921	0	37688	41864	25628	32157	
3922	0	38804	40784	25832	32364	
3923	0	35181	39752	26078	32560	
3924	0	30608	37084	26389	32728	
3925	0	27949	36460	26648	32926	
3926	0	32596	33016	26952	33138	
3927	0	34080	34753	27224	33344	
3928	0	32444	37380	27504	33544	
3929	0	35536	30244	27860	33786	
3930	0	35784	33044	28138	34016	
3931	0	33356	32984	28460	34198	
3932	0	30928	35252	28790	34384	
3933	0	31280	34284	29128	34632	
3934	0	31600	34144	29472	34816	
3935	0	31412	34050	29816	35082	
3936	0	31426	34592	30172	35232	
3937	0	31876	34556	30537	35496	
3938	0	32308	34488	30890	35642	
3939	0	32576	34644	31252	35816	
3940	0	32880	34936	31620	36016	
3941	0	32892	35354	32037	36282	
3942	0	32960	35780	32406	36384	
3943	0	33142	36257	32772	36544	
3944	0	33324	36709	33101	36776	
3945	0	33594	37057	33464	36952	
3946	0	33764	37344	33824	37104	
3947	0	34020	38156	34198	37258	
3948	0	34285	38776	34569	37404	
3949	0	34730	39216	34920	37461	
3950	0	35386	39568	35312	37592	
3951	0	36140	40024	35668	37789	
3952	0	36828	40528	35976	37976	
3953	0	37664	41056	36321	38066	
3954	0	38812	41440	36642	38136	
3955	0	40129	41812	36952	38248	
3956	0	41473	42064	37300	38441	
3957	0	42576	41580	37556	38480	
3958	0	44120	40608	37844	38608	
3959	0	44876	39133	38128	38736	
3960	0	45208	37976	38452	38785	
3961	0	45224	36597	38684	38901	
3962	0	46752	35268	38984	39136	
3963	0	47324	34676	39206	39205	
3964	0	46008	35544	39420	39225	
3965	0	40322	43692	39700	39328	
3966	0	42468	35642	39872	39425	
3967	0	23152	46377	40096	39648	
3968	0	13190	41872	40300	39672	
3969	0	36472	35092	40516	39780	
3970	0	51792	41348	40752	39924	
3971	0	49864	25386	40900	39969	
3972	0	37804	41752	41024	40108	
3973	0	35576	37760	41206	40068	
3974	0	37581	35080	41528	40160	
3975	0	33440	38404	41564	40348	
3976	0	34348	37048	41704	40348	
3977	0	34384	37020	41858	40406	
3978	0	34496	37480	41996	40576	
3979	0	34584	37252	42130	40666	
3980	0	34536	37444	42312	40768	
3981	0	34649	37340	42536	40768	
3982	0	34552	37376	42568	40952	
3983	0	34484	37392	42668	41016	
3984	0	34512	37292	42794	41056	
3985	0	34408	37520	42984	41194	
3986	0	34568	37386	42976	41256	
3987	0	34568	37400	43088	41240	
3988	0	34538	37452	43184	41253	
3989	0	34668	37292	43312	41352	
3990	0	34792	37352	43344	41368	
3991	0	34473	37576	43452	41456	
3992	0	34576	37336	43464	41360	
3993	0	34992	37076	43544	41312	
3994	0	35036	37234	43572	41372	
3995	0	35186	36964	43649	41322	
3996	0	35173	37136	43699	41172	
3997	0	35170	37276	43640	41148	
3998	0	35196	37160	43616	41008	
3999	0	35592	36908	43684	40860	
4000	0	34884	37324	43592	40620	
4001	0	35272	37068	43572	40544	
4002	0	35137	37176	43508	40338	
4003	0	35249	37108	43452	40040	
4004	0	35088	37224	43376	39806	
4005	0	35500	37042	43340	39564	
4006	0	35376	37008	43288	39360	
4007	0	35452	36940	43193	39052	
4008	0	35512	36940	43017	38788	
4009	0	35625	36985	42896	38500	
4010	0	35424	37116	42876	38256	
4011	0	35588	36938	42664	37960	
4012	0	35436	37089	42488	37656	
4013	0	35538	37056	42328	37340	
4014	0	35473	37250	42162	37080	
4015	0	35428	37420	41980	36796	
4016	0	35644	37493	41906	36497	
4017	0	35457	37716	41676	36192	
4018	0	35292	37960	41542	35885	
4019	0	35434	38002	41296	35608	
4020	0	35428	37756	41122	35320	
4021	0	35408	38072	40817	35037	
4022	0	35770	38416	40544	34761	
4023	0	36133	38844	40328	34488	
4024	0	36138	39456	40088	34224	
4025	0	36368	40088	39896	33976	
4026	0	35984	40552	39592	33700	
4027	0	35684	40864	39364	33446	
4028	0	35214	41489	39188	33192	
4029	0	35010	42680	38860	32928	
4030	0	34824	44160	38656	32684	
4031	0	34418	46020	38392	32440	
4032	0	33216	45506	38124	32200	
4033	0	34481	44120	37858	31952	
4034	0	35316	43632	37632	31721	
4035	0	36316	42812	37346	31492	
4036	0	38272	41348	37088	31258	
4037	0	37836	40456	36881	31035	
4038	0	33573	39360	36640	30812	
4039	0	29272	37202	36408	30594	
4040	0	28700	36110	36096	30376	
4041	0	32816	33148	35872	30177	
4042	0	33576	35296	35722	29977	
4043	0	31132	37874	35381	29780	
4044	0	33692	28033	35208	29590	
4045	0	35018	34924	34936	29412	
4046	0	30098	34712	34716	29228	
4047	0	29053	36260	34532	29057	
4048	0	30746	34976	34254	28892	
4049	0	30052	35352	34028	28732	
4050	0	30624	35328	33884	28568	
4051	0	31597	35404	33584	28408	
4052	0	32356	35264	33376	28248	
4053	0	32764	35112	33148	28094	
4054	0	33113	35320	32920	27936	
4055	0	33352	35476	32696	27776	
4056	0	33536	36000	32468	27612	
4057	0	33761	36536	32240	27440	
4058	0	34120	37028	32026	27284	
4059	0	34264	37344	31804	27117	
4060	0	34428	37712	31552	26952	
4061	0	34492	38260	31320	26796	
4062	0	34580	38820	31069	26616	
4063	0	35296	39341	30836	26452	
4064	0	35908	39672	30578	26273	
4065	0	36448	39890	30340	26112	
4066	0	36976	40248	30048	25938	
4067	0	37676	40412	29760	25778	
4068	0	38912	40889	29544	25604	
4069	0	39972	41112	29260	25448	
4070	0	41488	41248	29028	25280	
4071	0	42376	40784	28768	25125	
4072	0	43620	39980	28508	24972	
4073	0	43828	39108	28218	24817	
4074	0	44128	38049	28016	24680	
4075	0	44044	36953	27756	24528	
4076	0	45073	35720	27501	24373	
4077	0	47320	35075	27232	24252	
4078	0	46976	35192	26976	24136	
4079	0	44500	37340	26708	24010	
4080	0	47596	33736	26476	23876	
4081	0	34248	43688	26160	23758	
4082	0	12385	46498	25906	23628	
4083	0	30696	37544	25656	23532	
4084	0	47720	41524	25456	23466	
4085	0	51000	36304	25234	23357	
4086	0	39744	31016	25040	23245	
4087	0	32256	43963	24762	23186	
4088	0	40868	32472	24570	23117	
4089	0	34800	38276	24325	23048	
4090	0	33676	37132	24180	22984	
4091	0	35256	36588	23992	22941	
4092	0	34396	37836	23816	22914	
4093	0	34624	37432	23568	22880	
4094	0	34784	37496	23501	22860	
4095	0	35036	37200	23334	22896	
4096	0	34670	37293	23216	22870	
4097	0	34712	37328	23124	22888	
4098	0	34740	37404	22940	22914	
4099	0	34824	37352	22924	22940	
4100	0	34788	37304	22886	23016	
4101	0	34892	37317	22741	23078	
4102	0	34880	37264	22792	23148	
4103	0	34924	37356	22745	23208	
4104	0	34836	37224	22748	23300	
4105	0	34861	37297	22741	23408	
4106	0	34822	37364	22782	23513	
4107	0	34980	37256	22850	23612	
4108	0	35486	36664	22898	23706	
4109	0	35312	37116	22954	23868	
4110	0	35529	36851	23032	23972	
4111	0	35468	37020	23156	24070	
4112	0	35545	36960	23232	24260	
4113	0	35232	37244	23368	24320	
4114	0	35453	37094	23512	24476	
4115	0	35481	37160	23626	24584	
4116	0	35372	37194	23804	24700	
4117	0	35440	37124	23914	24821	
4118	0	35622	36964	24122	25004	
4119	0	35460	37044	24230	25082	
4120	0	35577	37112	24409	25228	
4121	0	35736	37056	24645	25350	
4122	0	35808	37044	24744	25481	
4123	0	35720	37108	24966	25640	
4124	0	35604	36998	25153	25780	
4125	0	35570	37101	25340	25920	
4126	0	35556	37444	25522	26077	
4127	0	35660	37648	25704	26228	
4128	0	35724	37898	25876	26393	
4129	0	35712	38074	26076	26564	
4130	0	35584	38139	26224	26740	
4131	0	35648	38256	26366	26933	
4132	0	35442	38208	26585	27112	
4133	0	35532	38116	26745	27368	
4134	0	35796	38720	26908	27538	
4135	0	35888	39848	26984	27708	
4136	0	36468	40820	27172	27908	
4137	0	36232	41433	27330	28120	
4138	0	35856	42122	27528	28317	
4139	0	34780	43456	27650	28536	
4140	0	34784	45562	27778	28778	
4141	0	33408	47464	27912	28958	
4142	0	34260	46436	28077	29160	
4143	0	35120	45370	28229	29376	
4144	0	36576	43912	28347	29604	
4145	0	37472	42204	28530	29845	
4146	0	38304	41320	28672	29968	
4147	0	35532	40193	28836	30164	
4148	0	31420	38186	29060	30404	
4149	0	27100	36652	29268	30560	
4150	0	31470	33348	29452	30748	
4151	0	36000	34568	29638	30953	
4152	0	34034	34916	29860	31136	
4153	0	34580	34800	30060	31404	
4154	0	36580	31884	30280	31516	
4155	0	34698	31477	30580	31762	
4156	0	33576	32452	30772	31900	
4157	0	31985	33628	31058	32093	
4158	0	31508	33424	31310	32272	
4159	0	31268	33492	31580	32468	
4160	0	31094	33761	31880	32656	
4161	0	31329	34000	32152	32818	
4162	0	31409	34164	32496	33032	
4163	0	31784	34150	32784	33168	
4164	0	32204	34040	33098	33348	
4165	0	32518	34273	33384	33497	
4166	0	32512	34560	33688	33664	
4167	0	32521	35058	34016	33792	
4168	0	32569	35616	34356	34024	
4169	0	32832	36124	34664	34152	
4170	0	32960	36724	35024	34240	
4171	0	33282	37068	35320	34436	
4172	0	33568	37504	35626	34488	
4173	0	33636	38196	35872	34676	
4174	0	33756	38988	36152	34760	
4175	0	36524	39472	36481	34800	
4176	0	35376	38608	36742	34904	
4177	0	34529	40840	37012	35064	
4178	0	35741	41640	37266	35121	
4179	0	37664	41728	37556	35296	
4180	0	38984	42192	37792	35372	
4181	0	40696	42406	38028	35528	
4182	0	42380	42408	38212	35560	
4183	0	43808	41984	38472	35764	
4184	0	45476	41064	38716	35850	
4185	0	46248	39692	38860	35922	
4186	0	47344	37514	39096	36044	
4187	0	50592	34776	39234	36192	
4188	0	48352	37316	39413	36296	
4189	0	52824	32760	39584	36456	
4190	0	45476	35458	39756	36602	
4191	0	31916	43897	39872	36752	
4192	0	12362	43500	40060	36914	
4193	0	31509	37520	40136	37020	
4194	0	53452	42072	40328	37208	
4195	0	45770	27640	40336	37323	
4196	0	35552	42752	40428	37500	
4197	0	36028	37298	40532	37652	
4198	0	38422	34668	40616	37716	
4199	0	33496	38128	40688	37880	
4200	0	34640	36800	40856	37972	
4201	0	34628	37080	40901	38112	
4202	0	33968	37929	40916	38322	
4203	0	34396	37405	40988	38372	
4204	0	34750	37249	40952	38489	
4205	0	34300	37142	40992	38648	
4206	0	34438	37488	41036	38776	
4207	0	34392	37500	41072	38772	
4208	0	34505	37520	41088	38860	
4209	0	34442	37416	41120	39008	
4210	0	34916	37328	41232	39020	
4211	0	34660	37450	41216	39060	
4212	0	34608	37392	41180	39100	
4213	0	34385	37440	41209	39128	
4214	0	35368	37300	41252	39224	
4215	0	34668	37564	41268	39146	
4216	0	35048	37588	41274	39176	
4217	0	34896	37218	41276	39180	
4218	0	35736	36978	41334	39132	
4219	0	34764	37449	41273	38968	
4220	0	35408	37096	41260	38928	
4221	0	35376	37164	41244	38760	
4222	0	35184	37128	41208	38669	
4223	0	35216	37058	41164	38457	
4224	0	35256	37138	41140	38288	
4225	0	35332	37061	41212	38074	
4226	0	35268	37074	41120	37884	
4227	0	35425	37049	40937	37684	
4228	0	35346	36980	40848	37420	
4229	0	35536	37072	40772	37208	
4230	0	35476	37021	40744	36904	
4231	0	35552	37000	40624	36601	
4232	0	35540	37106	40524	36372	
4233	0	35514	37072	40252	36041	
4234	0	35648	37032	40233	35769	
4235	0	35644	37153	40032	35424	
4236	0	35504	37148	39788	35114	
4237	0	35516	37278	39600	34808	
4238	0	35594	37516	39418	34520	
4239	0	35589	37800	39282	34204	
4240	0	35560	37896	38992	33860	
4241	0	35496	38124	38785	33538	
4242	0	35632	38030	38617	33228	
4243	0	35536	38136	38336	32908	
4244	0	35704	38456	38090	32592	
4245	0	35900	39168	37856	32288	
4246	0	36232	39936	37577	31980	
4247	0	36250	40460	37312	31660	
4248	0	35984	40840	37052	31362	
4249	0	35244	41856	36808	31060	
4250	0	35044	42788	36536	30772	
4251	0	35008	44100	36268	30472	
4252	0	34976	45952	35984	30180	
4253	0	33182	46032	35738	29889	
4254	0	33600	44392	35432	29596	
4255	0	35624	43564	35156	29308	
4256	0	35940	43220	34880	29033	
4257	0	38992	41709	34601	28748	
4258	0	37885	41172	34316	28472	
4259	0	33824	39668	34040	28178	
4260	0	29874	37145	33808	27916	
4261	0	29089	35377	33504	27640	
4262	0	34336	33760	33236	27372	
4263	0	34297	35036	32981	27132	
4264	0	33228	36960	32764	26865	
4265	0	35680	29028	32552	26596	
4266	0	35360	33340	32278	26378	
4267	0	32268	34063	32104	26128	
4268	0	30760	35088	31876	25897	
4269	0	31352	33668	31616	25668	
4270	0	31516	33708	31408	25440	
4271	0	31160	34144	31194	25218	
4272	0	31564	34472	31032	24997	
4273	0	32000	34432	30810	24801	
4274	0	32492	34504	30624	24576	
4275	0	32898	34482	30424	24380	
4276	0	33216	34584	30256	24193	
4277	0	33156	35120	30042	23989	
4278	0	33112	35603	29860	23782	
4279	0	33124	36092	29682	23608	
4280	0	33260	36614	29492	23404	
4281	0	33678	37028	29304	23228	
4282	0	33976	37228	29128	23044	
4283	0	33996	37893	28928	22879	
4284	0	34306	38576	28701	22708	
4285	0	34576	39040	28540	22541	
4286	0	34932	39328	28326	22384	
4287	0	35460	39720	28084	22200	
4288	0	36041	40172	27936	22052	
4289	0	36700	40576	27732	21904	
4290	0	37756	41104	27544	21764	
4291	0	39080	41460	27346	21633	
4292	0	40160	41572	27088	21492	
4293	0	41458	41656	26945	21367	
4294	0	42792	41120	26680	21282	
4295	0	44158	40216	26500	21176	
4296	0	44800	38894	26212	21080	
4297	0	45416	37196	26024	21004	
4298	0	47352	35306	25848	20924	
4299	0	48888	34210	25630	20861	
4300	0	47716	34196	25440	20808	
4301	0	45952	35840	25204	20764	
4302	0	42649	41540	24976	20728	
4303	0	38054	36472	24740	20696	
4304	0	12266	47740	24515	20678	
4305	0	24780	39484	24325	20672	
4306	0	43744	38860	24072	20664	
4307	0	51072	48904	23810	20685	
4308	0	41764	31013	23732	20698	
4309	0	32160	44120	23412	20712	
4310	0	40600	31274	23300	20744	
4311	0	34804	38150	23084	20785	
4312	0	33728	37224	22888	20818	
4313	0	35180	36612	22748	20896	
4314	0	34217	37828	22604	20960	
4315	0	34688	37488	22422	21036	
4316	0	34708	37424	22260	21104	
4317	0	35104	37208	22116	21214	
4318	0	34792	37188	21993	21280	
4319	0	34844	37274	21892	21408	
4320	0	35008	37076	21772	21528	
4321	0	34861	37216	21668	21696	
4322	0	34813	37272	21601	21792	
4323	0	34960	37186	21546	21961	
4324	0	34881	37406	21436	22176	
4325	0	34900	37308	21396	22350	
4326	0	34676	37538	21392	22504	
4327	0	34832	37340	21314	22670	
4328	0	34652	37284	21277	22825	
4329	0	35280	37238	21314	23025	
4330	0	35008	37240	21311	23236	
4331	0	34672	37225	21392	23438	
4332	0	35796	36937	21382	23648	
4333	0	35504	37114	21438	23876	
4334	0	35592	36964	21516	24028	
4335	0	35612	37009	21500	24234	
4336	0	35328	37088	21576	24500	
4337	0	35676	37024	21748	24632	
4338	0	35293	37216	21800	24800	
4339	0	35025	37232	21920	25034	
4340	0	35361	37084	21972	25265	
4341	0	35456	36976	22088	25424	
4342	0	35514	36848	22268	25628	
4343	0	35568	36944	22402	25854	
4344	0	35752	36961	22506	26016	
4345	0	35620	37114	22629	26248	
4346	0	35785	37032	22767	26412	
4347	0	35716	36976	22936	26612	
4348	0	35676	37048	23000	26853	
4349	0	35552	37228	23152	27052	
4350	0	35640	37364	23360	27272	
4351	0	35616	37420	23504	27506	
4352	0	35630	37720	23652	27776	
4353	0	35884	37728	23757	28000	
4354	0	35802	37776	23886	28304	
4355	0	35912	37720	24060	28545	
4356	0	35680	37762	24148	28880	
4357	0	35926	38020	24377	29104	
4358	0	36170	38500	24516	29341	
4359	0	36144	39405	24626	29648	
4360	0	36452	40321	24755	30010	
4361	0	36372	40676	24862	30261	
4362	0	35896	41024	25056	30536	
4363	0	35456	42209	25160	30880	
4364	0	35362	43192	25333	31152	
4365	0	35344	45594	25465	31456	
4366	0	34106	46660	25632	31844	
4367	0	34388	45932	25728	32100	
4368	0	34512	44532	25916	32412	
4369	0	35644	43452	26058	32729	
4370	0	36708	41180	26260	33056	
4371	0	38657	41032	26374	33341	
4372	0	36349	40184	26580	33640	
4373	0	32180	38208	26772	33952	
4374	0	29490	36850	26956	34248	
4375	0	30746	34608	27152	34572	
4376	0	35968	34070	27342	34896	
4377	0	33636	35804	27536	35232	
4378	0	32832	36824	27716	35459	
4379	0	33866	31713	27986	35780	
4380	0	34818	33106	28235	36104	
4381	0	31269	34240	28466	36376	
4382	0	30584	35008	28722	36680	
4383	0	31194	33792	28968	36953	
4384	0	31320	33809	29240	37224	
4385	0	31096	34258	29521	37516	
4386	0	31460	34258	29780	37764	
4387	0	32080	34041	30064	37928	
4388	0	32760	34041	30344	38269	
4389	0	33198	34080	30688	38465	
4390	0	33470	34213	30936	38633	
4391	0	33528	34696	31232	38908	
4392	0	33612	35284	31557	39076	
4393	0	33560	35841	31876	39161	
4394	0	33754	36336	32176	39380	
4395	0	33832	36904	32468	39512	
4396	0	34044	37312	32760	39688	
4397	0	34128	37700	33076	39800	
4398	0	34464	38290	33392	39932	
4399	0	34808	38836	33722	40080	
4400	0	35424	39292	34016	40112	
4401	0	36088	39832	34337	40256	
4402	0	36996	40122	34641	40332	
4403	0	38008	40748	34965	40297	
4404	0	39128	41112	35272	40480	
4405	0	40376	41348	35596	40576	
4406	0	41800	41548	35904	40548	
4407	0	42632	40988	36252	40633	
4408	0	43944	40032	36572	40624	
4409	0	44724	38992	36856	40652	
4410	0	45313	38044	37132	40730	
4411	0	45664	36760	37484	40648	
4412	0	47668	34936	37820	40640	
4413	0	48396	34121	38088	40696	
4414	0	46256	35252	38400	40596	
4415	0	49976	32184	38670	40736	
4416	0	31070	45712	38864	40544	
4417	0	9820	48672	39128	40672	
4418	0	32360	34720	39380	40484	
4419	0	49610	39594	39608	40458	
4420	0	50048	36428	39830	40460	
4421	0	37012	35112	40192	40384	
4422	0	30173	42732	40357	40385	
4423	0	40737	32208	40636	40292	
4424	0	34316	38208	40708	40326	
4425	0	34184	37116	41048	40249	
4426	0	34839	36781	41140	40288	
4427	0	34162	37812	41364	40160	
4428	0	34504	37248	41544	40068	
4429	0	34641	37436	41672	40120	
4430	0	34958	37252	41922	40074	
4431	0	34706	37276	41984	40000	
4432	0	34690	37388	42146	40009	
4433	0	34660	37281	42332	39956	
4434	0	34674	37284	42444	39976	
4435	0	34865	37296	42596	39936	
4436	0	34698	37442	42725	39921	
4437	0	34710	37356	42864	39888	
4438	0	34756	37430	42988	39852	
4439	0	34724	37420	43088	39768	
4440	0	34632	37368	43264	39781	
4441	0	34764	37412	43280	39696	
4442	0	34753	37221	43472	39708	
4443	0	34656	37148	43456	39628	
4444	0	35209	37228	43592	39577	
4445	0	35440	37152	43569	39528	
4446	0	35506	37172	43608	39388	
4447	0	35073	37200	43660	39316	
4448	0	35156	37270	43684	39236	
4449	0	35168	37305	43648	39104	
4450	0	35170	37148	43640	39056	
4451	0	35569	36968	43604	38888	
4452	0	35153	37028	43560	38816	
4453	0	35356	37228	43584	38662	
4454	0	35333	36858	43512	38538	
4455	0	35400	37020	43424	38332	
4456	0	35364	36944	43232	38177	
4457	0	35432	37025	43112	38016	
4458	0	35696	37020	42976	37865	
4459	0	35516	37116	42832	37688	
4460	0	35445	37204	42688	37528	
4461	0	35520	37057	42540	37328	
4462	0	35369	37292	42393	37148	
4463	0	35424	37376	42232	37008	
4464	0	35536	37484	41884	36792	
4465	0	35456	37780	41716	36608	
4466	0	35584	37824	41416	36472	
4467	0	35530	38044	41273	36264	
4468	0	35633	38148	40913	36084	
4469	0	35836	38132	40744	35928	
4470	0	35820	38456	40464	35714	
4471	0	35968	38884	40160	35564	
4472	0	35988	39600	39864	35362	
4473	0	35756	40048	39568	35246	
4474	0	35532	41266	39292	35068	
4475	0	35384	41460	38928	34900	
4476	0	34544	42256	38664	34732	
4477	0	33669	43592	38336	34588	
4478	0	33512	46144	38072	34413	
4479	0	33448	47308	37760	34260	
4480	0	33184	45992	37472	34134	
4481	0	36240	43872	37170	33956	
4482	0	36456	43664	36872	33788	
4483	0	39744	41901	36552	33700	
4484	0	38968	41033	36284	33528	
4485	0	35472	39888	35945	33360	
4486	0	30432	37912	35660	33266	
4487	0	27320	36856	35376	33140	
4488	0	34012	33508	35180	33068	
4489	0	35708	34457	34828	32882	
4490	0	33905	35202	34536	32860	
4491	0	30888	37392	34280	32712	
4492	0	33596	31092	34092	32662	
4493	0	34852	32377	33764	32548	
4494	0	31380	33460	33520	32496	
4495	0	30776	34208	33305	32445	
4496	0	31106	33576	33028	32330	
4497	0	31056	33668	32704	32235	
4498	0	31034	34268	32444	32284	
4499	0	31608	34266	32208	32140	
4500	0	32116	34372	32004	32136	
4501	0	32608	34248	31736	32012	
4502	0	32929	34504	31444	31976	
4503	0	33012	34764	31212	31913	
4504	0	32836	35214	30976	31888	
4505	0	32968	35689	30722	31802	
4506	0	33021	36208	30480	31728	
4507	0	33268	36484	30241	31656	
4508	0	33688	36844	30004	31586	
4509	0	33776	37352	29757	31548	
4510	0	34041	38096	29504	31440	
4511	0	34206	38636	29277	31428	
4512	0	34608	39064	29004	31296	
4513	0	35456	39552	28721	31194	
4514	0	35992	40224	28528	31144	
4515	0	36740	40520	28244	31040	
4516	0	37684	41140	28033	30957	
4517	0	39044	41600	27793	30937	
4518	0	40452	42265	27473	30792	
4519	0	41880	42610	27225	30712	
4520	0	42981	41856	27048	30664	
4521	0	44432	40794	26808	30626	
4522	0	44824	39772	26564	30480	
4523	0	45716	38244	26321	30424	
4524	0	46936	36364	26057	30349	
4525	0	49964	34320	25806	30288	
4526	0	49040	34744	25576	30245	
4527	0	41190	44240	25261	30192	
4528	0	50096	30340	25113	30116	
4529	0	24674	45040	24743	30096	
4530	0	9040	48564	24493	30056	
4531	0	37690	32836	24352	29976	
4532	0	54352	41564	24012	29936	
4533	0	49700	25968	23944	29922	
4534	0	36036	41093	23624	29910	
4535	0	35640	36906	23384	29828	
4536	0	38624	34784	23204	29844	
4537	0	34404	37608	22937	29825	
4538	0	34872	36808	22734	29782	
4539	0	34724	37232	22530	29805	
4540	0	34200	37675	22360	29804	
4541	0	34740	37286	22156	29824	
4542	0	34888	37332	21988	29864	
4543	0	34824	37192	21820	29880	
4544	0	34688	37360	21602	29912	
4545	0	34772	37280	21482	29936	
4546	0	34800	37344	21328	30064	
4547	0	34744	37464	21180	30094	
4548	0	34524	37432	21084	30189	
4549	0	34728	37300	20992	30292	
4550	0	34610	37320	20876	30384	
4551	0	34920	37320	20802	30506	
4552	0	34896	37349	20772	30609	
4553	0	34761	37296	20674	30740	
4554	0	34892	37160	20636	30857	
4555	0	35504	36960	20648	30972	
4556	0	34732	37272	20561	31114	
4557	0	34900	37226	20572	31136	
4558	0	34980	37209	20560	31378	
4559	0	36330	36768	20650	31497	
4560	0	34890	37400	20653	31640	
4561	0	34936	37162	20656	31764	
4562	0	35344	37234	20768	31904	
4563	0	35324	37113	20813	32013	
4564	0	35328	37089	20856	32168	
4565	0	35292	37121	21000	32256	
4566	0	35528	36928	21058	32400	
4567	0	35416	36964	21108	32500	
4568	0	35484	36973	21250	32626	
4569	0	35520	37073	21390	32770	
4570	0	35572	37008	21469	32876	
4571	0	35524	37012	21673	32972	
4572	0	35613	37120	21732	33107	
4573	0	35676	37196	21926	33116	
4574	0	35684	37216	22050	33368	
4575	0	35744	37524	22235	33488	
4576	0	35612	37468	22411	33638	
4577	0	35568	37668	22592	33730	
4578	0	35556	37784	22692	33864	
4579	0	35486	37981	22958	34098	
4580	0	35512	37898	23092	34196	
4581	0	35549	37928	23283	34360	
4582	0	35738	38448	23456	34512	
4583	0	36170	39218	23668	34656	
4584	0	36632	39752	23832	34764	
4585	0	36704	40240	24050	35012	
4586	0	36152	40584	24212	35186	
4587	0	35156	41168	24409	35362	
4588	0	35436	42426	24633	35495	
4589	0	35432	43204	24845	35712	
4590	0	35288	45528	25002	35876	
4591	0	34094	45336	25212	36016	
4592	0	33532	43908	25440	36232	
4593	0	34424	43129	25624	36393	
4594	0	35496	43536	25880	36576	
4595	0	38000	42216	26112	36668	
4596	0	38884	41053	26276	36900	
4597	0	36116	40128	26564	37120	
4598	0	31698	38428	26752	37304	
4599	0	30388	35904	27060	37521	
4600	0	30296	35536	27321	37692	
4601	0	33812	34596	27574	37896	
4602	0	31840	37524	27848	38140	
4603	0	32792	35690	28104	38308	
4604	0	35274	30432	28389	38532	
4605	0	34248	34541	28680	38824	
4606	0	31712	35344	28961	38970	
4607	0	30960	34730	29304	39256	
4608	0	31624	34548	29562	39460	
4609	0	31096	34592	29868	39720	
4610	0	31208	34768	30170	39920	
4611	0	31581	34992	30497	40120	
4612	0	31980	34846	30820	40392	
4613	0	32476	34724	31120	40520	
4614	0	32984	34776	31454	40745	
4615	0	33209	35017	31772	41016	
4616	0	33292	35336	32106	41164	
4617	0	33336	35868	32473	41264	
4618	0	33538	36330	32769	41504	
4619	0	33672	36845	33144	41729	
4620	0	33888	37332	33452	41816	
4621	0	34028	37648	33772	42004	
4622	0	34132	38256	34128	42092	
4623	0	34348	38912	34460	42154	
4624	0	34836	39498	34821	42272	
4625	0	35308	39900	35132	42440	
4626	0	35900	40236	35512	42552	
4627	0	36514	40644	35816	42650	
4628	0	37632	41208	36200	42712	
4629	0	38844	41624	36528	42816	
4630	0	39904	41720	36889	42792	
4631	0	41208	41640	37232	42948	
4632	0	42800	40944	37540	42906	
4633	0	44208	39844	37840	43024	
4634	0	45265	38452	38240	42992	
4635	0	45976	37025	38508	43069	
4636	0	48404	34776	38824	43188	
4637	0	49128	33048	39140	43168	
4638	0	46928	34184	39548	43164	
4639	0	44641	36444	39724	43300	
4640	0	37997	43813	40044	43332	
4641	0	37728	35436	40296	43284	
4642	0	17376	45136	40560	43352	
4643	0	18548	41560	40828	43424	
4644	0	42524	37408	41120	43412	
4645	0	52656	43649	41400	43416	
4646	0	42004	31058	41624	43460	
4647	0	36180	40016	41940	43472	
4648	0	39320	33842	42120	43492	
4649	0	34944	36852	42424	43606	
4650	0	34193	37051	42584	43604	
4651	0	34668	37050	42936	43640	
4652	0	34168	37673	43072	43664	
4653	0	34644	37320	43256	43658	
4654	0	34764	37344	43472	43696	
4655	0	34980	37188	43690	43684	
4656	0	34732	37292	43908	43700	
4657	0	34712	37313	44116	43732	
4658	0	34720	37304	44356	43756	
4659	0	34690	37280	44497	43814	
4660	0	34756	37344	44724	43880	
4661	0	34762	37308	44876	43840	
4662	0	34740	37406	45040	43824	
4663	0	34604	37488	45200	43908	
4664	0	34292	37452	45348	43824	
4665	0	34664	37524	45544	43852	
4666	0	35001	37360	45652	43816	
4667	0	35336	36944	45784	43764	
4668	0	34909	37400	45888	43672	
4669	0	35129	37009	46004	43664	
4670	0	34473	37408	46084	43504	
4671	0	35388	36900	46170	43396	
4672	0	35036	37080	46236	43333	
4673	0	35120	37264	46308	43104	
4674	0	35264	37192	46416	43001	
4675	0	35520	37156	46400	42754	
4676	0	35197	37160	46460	42592	
4677	0	35248	37212	46484	42348	
4678	0	35373	37128	46448	42100	
4679	0	35616	36856	46436	41841	
4680	0	35476	37160	46368	41528	
4681	0	35616	37088	46308	41204	
4682	0	35516	37012	46276	40896	
4683	0	35488	37188	46216	40620	
4684	0	35584	37033	46101	40288	
4685	0	35680	36908	46056	39920	
4686	0	35540	37056	45948	39585	
4687	0	35488	37068	45856	39244	
4688	0	35656	37221	45675	38892	
4689	0	35641	37404	45512	38552	
4690	0	35584	37634	45424	38181	
4691	0	35720	37600	45192	37836	
4692	0	35537	37941	45044	37488	
4693	0	35784	37920	44800	37100	
4694	0	35736	38072	44648	36772	
4695	0	35710	38352	44376	36376	
4696	0	35812	38956	44133	36053	
4697	0	36312	39540	43888	35728	
4698	0	36137	40032	43636	35376	
4699	0	36029	40684	43402	34988	
4700	0	35745	41176	43104	34708	
4701	0	34861	41792	42913	34324	
4702	0	34338	43360	42540	33992	
4703	0	34700	44968	42272	33687	
4704	0	33560	46264	42016	33420	
4705	0	33348	45252	41680	33088	
4706	0	37896	42648	41484	32728	
4707	0	36488	43128	41112	32489	
4708	0	35772	42744	40816	32128	
4709	0	38608	41280	40628	31846	
4710	0	36612	40224	40328	31612	
4711	0	31992	38665	40128	31304	
4712	0	29196	36506	39793	30988	
4713	0	29352	35501	39504	30720	
4714	0	35156	33848	39276	30476	
4715	0	34068	35184	39025	30168	
4716	0	30848	38112	38772	29900	
4717	0	33248	30488	38561	29666	
4718	0	35394	33712	38428	29420	
4719	0	31536	34108	38274	29148	
4720	0	30209	35496	38032	28840	
4721	0	31114	34469	37788	28624	
4722	0	30888	34254	37664	28344	
4723	0	30728	34484	37480	28082	
4724	0	31520	34656	37248	27776	
4725	0	31968	34552	37082	27509	
4726	0	32392	34560	36988	27193	
4727	0	32584	34698	36804	26932	
4728	0	32756	35084	36616	26644	
4729	0	32736	35421	36560	26312	
4730	0	32852	35872	36312	25984	
4731	0	33090	36320	36209	25729	
4732	0	33440	36692	36024	25360	
4733	0	33712	37084	35906	25069	
4734	0	33832	37704	35733	24748	
4735	0	33989	38396	35604	24408	
4736	0	34324	39082	35492	24069	
4737	0	35017	39556	35312	23730	
4738	0	35700	40041	35162	23432	
4739	0	36548	40380	34992	23097	
4740	0	37348	40896	34864	22746	
4741	0	38452	41184	34696	22428	
4742	0	39488	41728	34525	22036	
4743	0	40680	42148	34376	21797	
4744	0	42204	41898	34192	21481	
4745	0	43280	40932	34013	21144	
4746	0	44516	40016	33825	20892	
4747	0	44884	38500	33608	20586	
4748	0	45657	36916	33420	20326	
4749	0	48160	34564	33200	20009	
4750	0	45876	38294	33013	19672	
4751	0	49412	33926	32780	19534	
4752	0	44372	36876	32592	19338	
4753	0	34952	44268	32364	19038	
4754	0	19528	40488	32108	18909	
4755	0	30968	38537	31892	18563	
4756	0	53064	37677	31648	18436	
4757	0	44196	27105	31445	18264	
4758	0	34146	45760	31128	18168	
4759	0	39265	33024	30896	17962	
4760	0	36696	37060	30656	17774	
4761	0	33776	37696	30392	17698	
4762	0	34768	36586	30145	17619	
4763	0	34520	37264	29882	17512	
4764	0	34496	37384	29628	17398	
4765	0	34344	37420	29384	17346	
4766	0	34805	37345	29114	17280	
4767	0	34796	37202	28850	17229	
4768	0	34588	37458	28600	17267	
4769	0	34504	37416	28384	17202	
4770	0	34380	37477	28116	17290	
4771	0	34405	37392	27893	17255	
4772	0	34708	37252	27664	17336	
4773	0	34861	37248	27384	17360	
4774	0	34845	37384	27200	17508	
4775	0	34565	37434	26997	17545	
4776	0	34290	37512	26740	17710	
4777	0	35976	37156	26573	17836	
4778	0	34461	37544	26322	17949	
4779	0	34860	37240	26176	18112	
4780	0	35516	36936	26018	18218	
4781	0	35576	37073	25862	18414	
4782	0	35345	37148	25692	18566	
4783	0	35216	37272	25494	18728	
4784	0	35109	37223	25345	18911	
4785	0	35408	37048	25228	19068	
4786	0	35248	37181	25184	19235	
4787	0	35232	37154	25057	19420	
4788	0	35304	37172	24968	19589	
4789	0	35373	37068	24845	19753	
4790	0	35338	37088	24800	19906	
4791	0	35604	36920	24776	20063	
4792	0	35444	37092	24756	20212	
4793	0	35436	37040	24713	20376	
4794	0	35656	37022	24652	20528	
4795	0	35664	36992	24692	20676	
4796	0	35665	37028	24641	20816	
4797	0	35624	37044	24740	20962	
4798	0	35716	37072	24720	21112	
4799	0	35504	37224	24792	21260	
4800	0	35552	37493	24852	21397	
4801	0	35472	37612	24949	21533	
4802	0	35506	37688	24997	21675	
4803	0	35428	37880	25109	21821	
4804	0	35668	38041	25162	21972	
4805	0	35642	38016	25324	22116	
4806	0	35684	38116	25434	22259	
4807	0	35780	38612	25544	22420	
4808	0	36288	39196	25664	22580	
4809	0	36350	39724	25836	22737	
4810	0	36060	40492	25954	22888	
4811	0	35929	41076	26104	23048	
4812	0	35526	41064	26324	23216	
4813	0	35076	42184	26435	23378	
4814	0	34704	43612	26632	23556	
4815	0	34724	45584	26776	23732	
4816	0	33160	46612	26984	23896	
4817	0	33744	44812	27180	24088	
4818	0	37418	43784	27312	24277	
4819	0	35436	42924	27564	24460	
4820	0	38016	42272	27764	24649	
4821	0	38216	41128	27989	24858	
4822	0	35164	39706	28148	25040	
4823	0	30973	37196	28404	25264	
4824	0	28810	36304	28654	25472	
4825	0	33640	34272	28902	25700	
4826	0	34192	35321	29132	25932	
4827	0	32308	37632	29376	26176	
4828	0	35648	29453	29626	26424	
4829	0	35704	33420	29873	26697	
4830	0	32724	33682	30136	26952	
4831	0	30642	34702	30432	27234	
4832	0	31377	33932	30731	27520	
4833	0	31412	33668	30966	27795	
4834	0	30917	34080	31268	28108	
4835	0	31180	34276	31589	28365	
4836	0	31784	34144	31841	28688	
4837	0	32424	34073	32136	28980	
4838	0	32760	34172	32474	29312	
4839	0	33016	34397	32753	29584	
4840	0	33008	34800	33068	29916	
4841	0	33181	35158	33409	30164	
4842	0	33369	35540	33696	30457	
4843	0	33482	36216	34002	30785	
4844	0	33944	36468	34328	31108	
4845	0	34288	36640	34660	31362	
4846	0	34168	37168	35000	31650	
4847	0	34193	37904	35306	31929	
4848	0	34696	38584	35626	32248	
4849	0	35148	39040	35968	32560	
4850	0	35776	39396	36240	32794	
4851	0	36404	39620	36572	33096	
4852	0	37176	40004	36938	33426	
4853	0	38104	40568	37208	33649	
4854	0	39112	41148	37552	33992	
4855	0	40544	41672	37880	34228	
4856	0	41756	41536	38176	34496	
4857	0	42788	40632	38428	34784	
4858	0	43328	39528	38765	35092	
4859	0	43640	38568	39040	35360	
4860	0	44168	37444	39337	35692	
4861	0	45616	36096	39664	35952	
4862	0	49168	34040	39940	36278	
4863	0	47836	34288	40220	36496	
4864	0	41104	44316	40484	36806	
4865	0	44836	35872	40736	37141	
4866	0	18578	46688	40968	37340	
4867	0	15852	42196	41216	37690	
4868	0	40784	36920	41496	37924	
4869	0	52688	46598	41712	38236	
4870	0	40136	31060	41960	38489	
4871	0	31524	44860	42160	38708	
4872	0	41802	30796	42396	38993	
4873	0	35158	37712	42712	39168	
4874	0	33645	37512	42890	39410	
4875	0	35372	36570	43008	39696	
4876	0	33920	37981	43189	39888	
4877	0	34712	37260	43448	40032	
4878	0	34917	37372	43637	40304	
4879	0	35212	36976	43722	40450	
4880	0	34888	37296	43884	40708	
4881	0	35004	37185	44044	40838	
4882	0	34872	37264	44220	41056	
4883	0	34900	37136	44364	41201	
4884	0	34888	37292	44520	41344	
4885	0	34956	37176	44700	41476	
4886	0	34804	37372	44868	41568	
4887	0	35692	37024	44953	41624	
4888	0	34864	37344	45156	41776	
4889	0	34853	37352	45216	41841	
4890	0	34904	37281	45344	41833	
4891	0	34528	37460	45452	41860	
4892	0	35496	36929	45562	41904	
4893	0	35544	36739	45648	41836	
4894	0	35256	37056	45756	41829	
4895	0	35056	37116	45869	41713	
4896	0	35416	36970	45862	41706	
4897	0	35281	37202	45932	41524	
4898	0	35588	37032	45952	41424	
4899	0	35756	36888	45996	41273	
4900	0	35544	36960	46005	41148	
4901	0	35800	36921	46036	40912	
4902	0	35304	37428	46052	40688	
4903	0	35644	36824	45970	40458	
4904	0	35721	37012	45920	40232	
4905	0	35958	37034	45864	40004	
4906	0	35808	36940	45856	39716	
4907	0	35708	37028	45784	39448	
4908	0	35580	37144	45604	39148	
4909	0	35692	37028	45496	38849	
4910	0	35704	37099	45360	38569	
4911	0	35800	37211	45249	38266	
4912	0	35672	37488	45066	37960	
4913	0	35829	37692	44852	37660	
4914	0	35669	37852	44624	37356	
4915	0	35732	37956	44417	37056	
4916	0	35717	37784	44188	36748	
4917	0	35736	37722	43940	36464	
4918	0	36024	38044	43760	36152	
4919	0	36148	38738	43496	35872	
4920	0	36330	39264	43196	35578	
4921	0	36216	39876	42832	35305	
4922	0	36088	41128	42580	35032	
4923	0	35478	41656	42240	34736	
4924	0	35386	42673	41916	34468	
4925	0	34112	43860	41616	34194	
4926	0	33381	46113	41312	33924	
4927	0	32912	47528	40970	33665	
4928	0	36000	44988	40644	33449	
4929	0	38768	44288	40312	33208	
4930	0	35977	43404	39992	32950	
4931	0	38856	42265	39576	32733	
4932	0	38297	41936	39228	32513	
4933	0	34532	40504	38898	32288	
4934	0	27481	37784	38573	32100	
4935	0	26344	36396	38240	31902	
4936	0	35397	31828	37916	31721	
4937	0	35596	35720	37576	31541	
4938	0	31340	38420	37318	31368	
4939	0	35018	26824	36940	31224	
4940	0	34040	35216	36680	31072	
4941	0	29885	34473	36316	30930	
4942	0	29312	34884	36058	30813	
4943	0	30408	34213	35708	30684	
4944	0	30308	34124	35408	30576	
4945	0	30584	34444	35104	30450	
4946	0	31324	34636	34808	30340	
4947	0	32205	34584	34520	30244	
4948	0	32308	34682	34232	30136	
4949	0	32516	34820	33932	30056	
4950	0	32736	35120	33698	29942	
4951	0	32904	35628	33368	29856	
4952	0	33250	36212	33084	29778	
4953	0	33496	36614	32836	29704	
4954	0	33620	37072	32517	29625	
4955	0	33825	37640	32224	29486	
4956	0	34204	38138	31936	29441	
4957	0	34404	38816	31649	29341	
4958	0	34952	39236	31333	29221	
4959	0	35546	39688	31056	29098	
4960	0	36256	40164	30714	29048	
4961	0	36812	40568	30456	28948	
4962	0	37788	41088	30149	28792	
4963	0	39124	41780	29838	28717	
4964	0	40456	42363	29516	28584	
4965	0	42456	42370	29125	28496	
4966	0	43873	41576	28898	28376	
4967	0	45100	40012	28561	28333	
4968	0	45624	38720	28208	28169	
4969	0	45732	37056	27961	28069	
4970	0	46844	35256	27645	27960	
4971	0	48412	33993	27349	27864	
4972	0	45416	40828	27013	27768	
4973	0	46140	36856	26716	27677	
4974	0	43620	44256	26388	27566	
4975	0	19165	43513	26084	27520	
4976	0	29624	39892	25820	27398	
4977	0	48928	30228	25592	27300	
4978	0	46160	27048	25324	27228	
4979	0	35546	43644	24907	27150	
4980	0	40764	32894	24745	27060	
4981	0	35744	36776	24402	26996	
4982	0	33736	37890	24177	26916	
4983	0	34736	36740	23932	26876	
4984	0	34432	37544	23627	26805	
4985	0	34704	37177	23434	26792	
4986	0	34328	37576	23212	26692	
4987	0	34752	37512	22978	26688	
4988	0	34868	37394	22693	26629	
4989	0	34628	37388	22476	26644	
4990	0	34632	37313	22313	26642	
4991	0	34096	37738	22145	26612	
4992	0	34898	37152	21972	26636	
4993	0	35084	36828	21816	26666	
4994	0	35080	36960	21672	26724	
4995	0	35665	37210	21464	26760	
4996	0	35101	37228	21348	26809	
4997	0	35113	36946	21261	26885	
4998	0	34937	37242	21174	26944	
4999	0	35472	36876	21112	27073	
5000	0	35061	37120	21049	27080	
5001	0	35268	37046	20958	27160	
5002	0	35940	36844	20972	27258	
5003	0	35482	36956	20924	27316	
5004	0	35536	36965	20898	27484	
5005	0	35456	37052	20905	27492	
5006	0	35442	37252	20836	27568	
5007	0	35496	37262	20882	27748	
5008	0	35628	37008	20920	27728	
5009	0	35310	37114	20970	27864	
5010	0	35636	37460	21016	27936	
5011	0	35432	37132	21092	28015	
5012	0	35320	37184	21194	28090	
5013	0	35796	37228	21256	28146	
5014	0	35609	37048	21364	28264	
5015	0	35688	36988	21452	28341	
5016	0	35904	37280	21565	28473	
5017	0	35724	37260	21685	28598	
5018	0	35717	37320	21793	28618	
5019	0	35665	37384	21883	28700	
5020	0	35672	37556	22032	28856	
5021	0	35686	37772	22088	28980	
5022	0	35732	37912	22284	29072	
5023	0	35616	37984	22404	29216	
5024	0	35624	38136	22481	29312	
5025	0	35488	38048	22676	29464	
5026	0	35564	38396	22761	29668	
5027	0	35972	38840	22904	29724	
5028	0	36256	40020	23084	29924	
5029	0	36248	40848	23244	30080	
5030	0	36224	41692	23340	30268	
5031	0	35604	42196	23438	30384	
5032	0	35100	43428	23582	30584	
5033	0	34505	45196	23776	30722	
5034	0	32716	47448	23876	30904	
5035	0	33928	46272	24032	31076	
5036	0	37000	44384	24218	31272	
5037	0	37352	43544	24368	31448	
5038	0	39224	42660	24464	31608	
5039	0	38560	41884	24610	31808	
5040	0	34928	40564	24770	31965	
5041	0	30037	38112	24948	32133	
5042	0	27809	35956	25189	32288	
5043	0	31520	34432	25412	32496	
5044	0	33564	37496	25569	32673	
5045	0	36000	33692	25808	32876	
5046	0	37156	31956	26017	33036	
5047	0	34992	30548	26265	33272	
5048	0	33216	33384	26486	33376	
5049	0	31468	33656	26736	33584	
5050	0	30920	33818	26996	33710	
5051	0	30304	34116	27264	33888	
5052	0	30006	34624	27545	34032	
5053	0	30496	34852	27830	34176	
5054	0	31012	34424	28124	34313	
5055	0	31368	35016	28426	34440	
5056	0	31981	34800	28732	34528	
5057	0	32489	34852	29048	34612	
5058	0	32878	35016	29369	34738	
5059	0	33021	35556	29674	34776	
5060	0	33072	36024	30022	34865	
5061	0	33145	36504	30344	34956	
5062	0	33368	36800	30684	34893	
5063	0	33380	37298	31041	34960	
5064	0	33710	38052	31378	34944	
5065	0	33824	38816	31721	34884	
5066	0	34396	39385	32084	34857	
5067	0	34922	39948	32436	34836	
5068	0	35649	40364	32792	34872	
5069	0	36348	40648	33164	34744	
5070	0	36968	41084	33518	34689	
5071	0	38184	41700	33865	34656	
5072	0	39628	42245	34236	34672	
5073	0	41272	42425	34585	34528	
5074	0	42732	42092	34920	34474	
5075	0	44489	41320	35252	34444	
5076	0	45432	40060	35604	34372	
5077	0	45720	38266	35944	34424	
5078	0	46476	36236	36272	34288	
5079	0	48918	34524	36546	34268	
5080	0	47420	33232	36876	34218	
5081	0	45992	34617	37177	34184	
5082	0	35904	47684	37462	34168	
5083	0	45600	33957	37732	34160	
5084	0	26968	45728	37972	34180	
5085	0	9643	45468	38204	34224	
5086	0	36224	33888	38500	34236	
5087	0	51504	44176	38672	34210	
5088	0	51500	23896	38952	34241	
5089	0	38976	37516	39129	34308	
5090	0	36056	36912	39340	34308	
5091	0	39045	33690	39560	34380	
5092	0	33312	39088	39796	34428	
5093	0	34868	36408	40008	34497	
5094	0	34336	37344	40112	34581	
5095	0	34482	37409	40276	34648	
5096	0	34329	37532	40592	34730	
5097	0	34656	37592	40673	34809	
5098	0	34868	37181	40780	34898	
5099	0	34602	37260	40946	35001	
5100	0	34696	37226	41100	35112	
5101	0	34781	37268	41376	35210	
5102	0	34768	37250	41385	35332	
5103	0	34640	37353	41536	35432	
5104	0	34988	37156	41780	35552	
5105	0	34768	37433	41808	35673	
5106	0	34704	37508	42064	35804	
5107	0	34684	37516	42144	35912	
5108	0	34592	37645	42197	36032	
5109	0	34800	37310	42361	36136	
5110	0	34570	37384	42420	36244	
5111	0	34852	37084	42528	36344	
5112	0	34572	37320	42636	36448	
5113	0	35548	36976	42692	36544	
5114	0	35184	37188	42848	36612	
5115	0	34980	37340	42828	36692	
5116	0	35420	37172	42840	36764	
5117	0	35202	37460	42908	36832	
5118	0	35140	37248	42880	36880	
5119	0	35120	37398	42956	36896	
5120	0	34665	37336	42940	36938	
5121	0	35372	37322	42864	36956	
5122	0	35390	37080	42760	36988	
5123	0	35314	37053	42745	36986	
5124	0	35376	37188	42666	36952	
5125	0	35357	37128	42428	36936	
5126	0	35282	37200	42284	36940	
5127	0	35376	37192	42113	36900	
5128	0	35512	37208	41920	36824	
5129	0	35424	37200	41708	36768	
5130	0	35388	37322	41480	36729	
5131	0	35325	37453	41364	36656	
5132	0	35448	37552	40972	36609	
5133	0	35496	37632	40690	36544	
5134	0	35516	37752	40412	36466	
5135	0	35668	37796	40217	36385	
5136	0	35600	37772	39852	36336	
5137	0	35605	37816	39488	36233	
5138	0	35600	37988	39216	36232	
5139	0	35609	38468	38865	36128	
5140	0	35814	39136	38485	36097	
5141	0	35430	40152	38100	35994	
5142	0	35668	41148	37788	35904	
5143	0	35236	41840	37464	35888	
5144	0	34301	42832	37128	35900	
5145	0	33744	44076	36782	35760	
5146	0	32916	45436	36441	35714	
5147	0	32660	46152	36112	35753	
5148	0	34881	44500	35792	35596	
5149	0	36150	43792	35460	35646	
5150	0	37652	43688	35128	35489	
5151	0	39912	41844	34806	35538	
5152	0	38464	40853	34504	35387	
5153	0	34808	40328	34220	35446	
5154	0	29233	38284	33900	35392	
5155	0	25458	37288	33609	35260	
5156	0	33244	33889	33352	35248	
5157	0	36532	34408	33116	35170	
5158	0	35538	34628	32856	35124	
5159	0	33084	37101	32614	35077	
5160	0	35276	29213	32492	35040	
5161	0	35164	33338	32220	35032	
5162	0	32432	33492	31997	35040	
5163	0	30520	34864	31761	34976	
5164	0	30666	34304	31621	34856	
5165	0	30724	34348	31428	34776	
5166	0	30525	34762	31272	34672	
5167	0	30956	34977	31068	34664	
5168	0	31756	34626	30884	34593	
5169	0	32004	35074	30712	34440	
5170	0	32580	35004	30568	34418	
5171	0	33028	35122	30388	34340	
5172	0	33296	35282	30228	34124	
5173	0	33441	35568	30064	34077	
5174	0	33714	36186	29909	33944	
5175	0	33993	36869	29748	33784	
5176	0	34384	37412	29568	33694	
5177	0	34684	37861	29394	33501	
5178	0	34803	38483	29224	33420	
5179	0	35224	38962	29028	33200	
5180	0	36042	39544	28796	33140	
5181	0	36560	39784	28641	33013	
5182	0	37240	40112	28433	32820	
5183	0	38112	40460	28256	32624	
5184	0	39196	40792	28048	32452	
5185	0	40364	40924	27780	32356	
5186	0	41656	41016	27560	32204	
5187	0	42536	40844	27340	32048	
5188	0	43372	40056	27142	31888	
5189	0	44340	39484	26824	31736	
5190	0	44580	38216	26620	31605	
5191	0	44644	37068	26381	31474	
5192	0	44994	35986	26153	31386	
5193	0	46377	34640	25880	31220	
5194	0	41792	42860	25570	31092	
5195	0	48400	33900	25308	31001	
5196	0	37729	45456	24996	30916	
5197	0	20756	44272	24653	30796	
5198	0	23338	42168	24418	30681	
5199	0	46880	36080	24214	30589	
5200	0	52340	33540	23872	30478	
5201	0	39008	38640	23594	30416	
5202	0	33065	41668	23294	30340	
5203	0	40192	32377	23064	30268	
5204	0	33860	38752	22756	30228	
5205	0	33769	37088	22480	30153	
5206	0	34624	37050	22162	30108	
5207	0	34106	37864	21914	30081	
5208	0	34332	37336	21648	30048	
5209	0	34428	37472	21392	30048	
5210	0	34652	37492	21122	30038	
5211	0	34460	37280	20892	30044	
5212	0	34488	37348	20601	30072	
5213	0	34157	37636	20333	30077	
5214	0	34522	37508	20196	30168	
5215	0	34340	37208	19976	30174	
5216	0	34876	37152	19750	30216	
5217	0	34448	37378	19584	30260	
5218	0	35148	37280	19388	30356	
5219	0	34620	37297	19270	30440	
5220	0	33936	37568	19132	30524	
5221	0	35576	37336	19002	30570	
5222	0	34972	37200	18892	30700	
5223	0	35170	37016	18802	30690	
5224	0	35300	36792	18674	30846	
5225	0	35309	36932	18668	30912	
5226	0	35088	37364	18610	30965	
5227	0	35246	37128	18528	31033	
5228	0	34612	37416	18529	31088	
5229	0	35516	37196	18540	31128	
5230	0	35272	37220	18540	31200	
5231	0	35280	37230	18580	31212	
5232	0	35212	37128	18689	31264	
5233	0	35384	37008	18696	31288	
5234	0	35377	37100	18772	31276	
5235	0	35417	37000	18922	31388	
5236	0	35424	36914	18980	31336	
5237	0	35520	36880	19184	31333	
5238	0	35753	36900	19303	31408	
5239	0	35652	36948	19462	31392	
5240	0	35688	36952	19642	31390	
5241	0	35562	36992	19773	31428	
5242	0	35620	37074	19986	31456	
5243	0	35704	37385	20193	31502	
5244	0	35656	37520	20386	31408	
5245	0	35396	37660	20608	31576	
5246	0	35560	37740	20840	31612	
5247	0	35500	37766	20980	31648	
5248	0	35552	37728	21233	31748	
5249	0	35649	37769	21512	31812	
5250	0	36148	38128	21720	31892	
5251	0	36281	39248	21924	32036	
5252	0	36401	39976	22168	32128	
5253	0	36596	40308	22421	32104	
5254	0	36193	40504	22723	32298	
5255	0	36044	41212	22944	32404	
5256	0	35013	41834	23195	32524	
5257	0	35300	43040	23412	32640	
5258	0	35776	44292	23698	32788	
5259	0	34956	46352	23964	32900	
5260	0	33036	46084	24181	33048	
5261	0	33004	45208	24482	33174	
5262	0	34872	43644	24734	33392	
5263	0	35385	43152	24968	33492	
5264	0	38092	41245	25264	33644	
5265	0	38148	40784	25580	33760	
5266	0	34336	39260	25856	33920	
5267	0	30713	36800	26216	34152	
5268	0	28885	35140	26489	34260	
5269	0	32617	34254	26818	34468	
5270	0	32269	37165	27156	34652	
5271	0	33622	34448	27497	34764	
5272	0	35436	28644	27830	34952	
5273	0	35160	32996	28168	35092	
5274	0	31476	34600	28512	35340	
5275	0	30536	35272	28866	35433	
5276	0	30862	33865	29221	35626	
5277	0	30776	34160	29588	35776	
5278	0	30584	34369	29954	35888	
5279	0	31192	34604	30314	36132	
5280	0	31612	34532	30690	36261	
5281	0	32160	34406	31076	36377	
5282	0	32736	34313	31457	36612	
5283	0	33146	34576	31858	36733	
5284	0	33208	34833	32256	36800	
5285	0	33200	35292	32664	36928	
5286	0	33109	35916	33005	37049	
5287	0	33248	36476	33444	37245	
5288	0	33364	37076	33800	37376	
5289	0	33533	37228	34196	37432	
5290	0	33589	37722	34660	37600	
5291	0	33778	38496	35016	37680	
5292	0	34080	39364	35413	37788	
5293	0	34770	39906	35868	38012	
5294	0	35700	40148	36256	38068	
5295	0	36652	40552	36648	38300	
5296	0	37788	41228	37074	38360	
5297	0	39052	41584	37533	38644	
5298	0	40365	41912	37924	38780	
5299	0	41940	42217	38264	38796	
5300	0	42944	41636	38688	38968	
5301	0	44352	40756	39040	39220	
5302	0	45196	39532	39420	39312	
5303	0	45992	37949	39868	39548	
5304	0	49260	35540	40156	39688	
5305	0	49760	34048	40624	39781	
5306	0	48648	35964	40860	40088	
5307	0	47345	37668	41280	40129	
5308	0	35976	47216	41504	40408	
5309	0	15913	44464	41876	40572	
5310	0	27972	36333	42244	40704	
5311	0	47296	36768	42440	40896	
5312	0	55314	46996	42753	41048	
5313	0	35824	35472	43016	41204	
5314	0	30365	43532	43280	41336	
5315	0	43648	32884	43576	41588	
5316	0	34994	38688	43800	41780	
5317	0	33586	37401	44040	41864	
5318	0	34904	36760	44372	42088	
5319	0	33677	37972	44588	42270	
5320	0	34024	37480	44836	42384	
5321	0	34504	37376	44984	42576	
5322	0	34752	37340	45241	42776	
5323	0	34352	37292	45456	43032	
5324	0	34392	37380	45642	43193	
5325	0	34277	37564	45856	43361	
5326	0	34610	37360	46080	43560	
5327	0	34680	37278	46344	43696	
5328	0	34768	37288	46486	43948	
5329	0	34524	37348	46660	44066	
5330	0	34276	37488	46936	44276	
5331	0	34844	37368	47024	44480	
5332	0	33152	37638	47264	44640	
5333	0	34768	37418	47424	44780	
5334	0	36820	36772	47520	44880	
5335	0	34952	37170	47664	45008	
5336	0	35202	37138	47864	45144	
5337	0	34784	37460	47892	45260	
5338	0	35042	37169	48072	45332	
5339	0	35412	37200	48096	45408	
5340	0	35394	37128	48161	45408	
5341	0	35388	37170	48228	45472	
5342	0	35170	37277	48292	45440	
5343	0	35313	37140	48217	45408	
5344	0	35304	37128	48268	45388	
5345	0	35332	37024	48242	45312	
5346	0	35460	36868	48193	45296	
5347	0	35644	36920	48064	45148	
5348	0	35440	36976	48008	45024	
5349	0	35538	36896	47868	44897	
5350	0	35636	36984	47804	44752	
5351	0	35728	37042	47562	44588	
5352	0	35512	37032	47408	44472	
5353	0	35370	37009	47280	44230	
5354	0	35569	37336	47084	44068	
5355	0	35641	37376	46816	43846	
5356	0	35508	37568	46548	43692	
5357	0	35485	37716	46300	43404	
5358	0	35447	37808	46116	43232	
5359	0	35645	37812	45764	43024	
5360	0	35624	37616	45524	42816	
5361	0	35524	37660	45180	42576	
5362	0	35842	38304	44849	42336	
5363	0	36320	38880	44537	42144	
5364	0	36348	39680	44256	41912	
5365	0	36192	39969	43852	41600	
5366	0	36288	40365	43544	41372	
5367	0	35600	40696	43152	41148	
5368	0	34946	41848	42792	40921	
5369	0	35057	43066	42464	40676	
5370	0	35233	44008	42112	40568	
5371	0	34678	45404	41658	40320	
5372	0	33565	45460	41350	40105	
5373	0	33526	43820	40976	39876	
5374	0	37060	42797	40528	39570	
5375	0	35524	42984	40136	39424	
5376	0	39540	41760	39760	39176	
5377	0	39040	40672	39376	39018	
5378	0	33898	39304	39024	38834	
5379	0	30760	36685	38697	38570	
5380	0	29588	35556	38300	38420	
5381	0	33514	34165	37920	38206	
5382	0	33640	35945	37648	38072	
5383	0	33680	35354	37188	37988	
5384	0	36576	31077	36848	37724	
5385	0	35396	32264	36596	37556	
5386	0	32364	33584	36144	37376	
5387	0	30584	34874	35868	37360	
5388	0	30721	34084	35448	37173	
5389	0	30868	34072	35204	36936	
5390	0	30596	34489	34744	36768	
5391	0	31196	34592	34444	36680	
5392	0	31760	34836	34076	36498	
5393	0	32308	34629	33738	36328	
5394	0	32973	34752	33444	36148	
5395	0	33224	34796	33090	35920	
5396	0	33212	35108	32736	35760	
5397	0	33136	35548	32437	35617	
5398	0	33133	36032	32064	35360	
5399	0	33406	36432	31736	35168	
5400	0	33736	36776	31381	35064	
5401	0	33881	37141	31044	34824	
5402	0	34112	37676	30690	34549	
5403	0	34368	38194	30325	34402	
5404	0	34584	38920	29984	34192	
5405	0	34945	39309	29570	33937	
5406	0	35476	39792	29249	33704	
5407	0	35882	40296	28884	33456	
5408	0	36536	40704	28513	33213	
5409	0	37664	41048	28164	33016	
5410	0	38896	41329	27757	32805	
5411	0	40000	41300	27440	32588	
5412	0	41284	41548	27092	32352	
5413	0	42102	40962	26728	32133	
5414	0	43220	40496	26363	31972	
5415	0	44340	39820	26065	31720	
5416	0	44952	38368	25761	31552	
5417	0	46780	36556	25367	31316	
5418	0	50984	34132	25099	31130	
5419	0	47384	38076	24708	30960	
5420	0	52136	32708	24455	30749	
5421	0	40008	43584	24080	30586	
5422	0	15948	46289	23709	30385	
5423	0	22914	40472	23470	30244	
5424	0	47104	37972	23144	30105	
5425	0	52384	33272	22852	29898	
5426	0	38948	33733	22610	29717	
5427	0	31481	41920	22261	29601	
5428	0	41536	31105	22029	29468	
5429	0	34250	38648	21788	29304	
5430	0	34560	36892	21500	29168	
5431	0	35308	36580	21235	29084	
5432	0	34248	37908	21056	28920	
5433	0	34744	37180	20852	28812	
5434	0	34941	37245	20654	28704	
5435	0	34904	37221	20438	28553	
5436	0	34672	37500	20312	28504	
5437	0	34672	37460	20150	28448	
5438	0	34724	37370	19999	28325	
5439	0	34976	37248	19880	28316	
5440	0	35108	37120	19782	28276	
5441	0	35028	37152	19665	28218	
5442	0	34892	37240	19636	28220	
5443	0	35164	37116	19616	28216	
5444	0	34576	37476	19595	28148	
5445	0	35304	37330	19568	28148	
5446	0	34738	37472	19522	28157	
5447	0	34994	37004	19570	28125	
5448	0	35404	37072	19652	28090	
5449	0	34988	37000	19698	28168	
5450	0	35320	37076	19812	28192	
5451	0	35444	37120	19842	28222	
5452	0	35454	37084	20002	28228	
5453	0	35520	37148	20116	28208	
5454	0	35416	37170	20304	28229	
5455	0	35456	37096	20466	28285	
5456	0	35820	36832	20562	28252	
5457	0	35172	36809	20776	28260	
5458	0	35624	37200	21000	28274	
5459	0	35196	36929	21217	28268	
5460	0	35580	36728	21433	28289	
5461	0	35526	36848	21650	28296	
5462	0	35584	36876	21876	28308	
5463	0	35460	37058	22096	28332	
5464	0	35508	36952	22296	28332	
5465	0	35609	37116	22548	28324	
5466	0	35728	37016	22737	28378	
5467	0	35708	37064	23010	28396	
5468	0	35705	37106	23200	28426	
5469	0	35670	37260	23390	28462	
5470	0	35768	37460	23624	28520	
5471	0	35772	37481	23884	28572	
5472	0	35837	37512	24132	28697	
5473	0	35861	37492	24320	28722	
5474	0	35872	37548	24524	28787	
5475	0	35992	37644	24682	28872	
5476	0	36144	38244	24881	28973	
5477	0	36264	38604	25124	29064	
5478	0	36372	39320	25300	29185	
5479	0	36257	39920	25531	29388	
5480	0	36336	40424	25664	29482	
5481	0	35600	40808	25894	29588	
5482	0	34762	41828	25994	29729	
5483	0	35076	43514	26210	29932	
5484	0	34188	45772	26340	30026	
5485	0	32784	46297	26492	30214	
5486	0	33744	44932	26684	30349	
5487	0	37484	43026	26824	30522	
5488	0	38336	42504	27042	30704	
5489	0	40776	41032	27194	30868	
5490	0	39488	41112	27356	31088	
5491	0	36672	40120	27544	31228	
5492	0	31378	38420	27725	31430	
5493	0	28728	36272	27905	31605	
5494	0	30736	34753	28076	31802	
5495	0	36428	33272	28270	32068	
5496	0	35056	34880	28452	32198	
5497	0	33828	34780	28642	32402	
5498	0	32386	35580	28848	32604	
5499	0	34168	32504	29050	32793	
5500	0	34496	32080	29296	32998	
5501	0	31484	34061	29480	33184	
5502	0	30916	34658	29718	33400	
5503	0	31456	33989	29953	33576	
5504	0	31552	34136	30222	33761	
5505	0	31441	34089	30456	34002	
5506	0	31944	34341	30689	34216	
5507	0	32398	34260	30968	34284	
5508	0	32778	34340	31189	34469	
5509	0	33060	34356	31464	34722	
5510	0	33116	34776	31720	34852	
5511	0	33362	35264	32012	34928	
5512	0	33420	35680	32272	35078	
5513	0	33628	36176	32568	35294	
5514	0	33888	36540	32864	35336	
5515	0	33956	37072	33176	35460	
5516	0	34168	37500	33444	35600	
5517	0	34364	37940	33728	35796	
5518	0	34473	38664	34017	35896	
5519	0	34768	39160	34320	36004	
5520	0	35160	39666	34616	36092	
5521	0	35568	40153	34937	36321	
5522	0	36172	40576	35232	36400	
5523	0	37144	41048	35552	36533	
5524	0	38429	41316	35840	36553	
5525	0	39844	41336	36118	36648	
5526	0	41068	41068	36424	36760	
5527	0	41808	40636	36712	36901	
5528	0	43021	40012	36948	37084	
5529	0	43578	39076	37212	37093	
5530	0	44416	38130	37532	37272	
5531	0	44880	37028	37748	37346	
5532	0	45936	35778	38080	37451	
5533	0	48296	34356	38272	37568	
5534	0	46196	35484	38480	37656	
5535	0	49256	32068	38792	37730	
5536	0	40064	39721	38993	37772	
5537	0	20542	49177	39136	37940	
5538	0	19149	40548	39321	37916	
5539	0	39424	36985	39556	38104	
5540	0	52132	34968	39680	38122	
5541	0	41312	32320	40000	38224	
5542	0	30921	46584	40028	38237	
5543	0	39405	31624	40284	38304	
5544	0	36232	37424	40340	38384	
5545	0	33296	37645	40498	38552	
5546	0	35072	36672	40632	38624	
5547	0	34144	37584	40776	38668	
5548	0	34464	37408	40872	38780	
5549	0	34560	37370	41000	38772	
5550	0	34865	37244	41140	38901	
5551	0	34906	37174	41264	38877	
5552	0	34624	37312	41408	38984	
5553	0	34688	37424	41430	39088	
5554	0	34488	37500	41592	39204	
5555	0	34784	37252	41614	39232	
5556	0	34736	37284	41708	39280	
5557	0	34836	37256	41800	39417	
5558	0	35024	37249	41865	39428	
5559	0	34840	37488	42036	39516	
5560	0	34396	37556	42104	39500	
5561	0	35028	37172	42196	39556	
5562	0	36202	36804	42192	39536	
5563	0	34192	37600	42184	39632	
5564	0	35224	37258	42204	39657	
5565	0	34898	37238	42338	39576	
5566	0	35425	37356	42316	39641	
5567	0	35316	37120	42224	39553	
5568	0	35576	37248	42216	39496	
5569	0	35280	37160	42196	39400	
5570	0	35352	37056	42164	39416	
5571	0	35248	37052	42248	39256	
5572	0	35702	36772	42044	39200	
5573	0	34888	36868	42016	39080	
5574	0	35828	37060	41880	38992	
5575	0	35364	36912	41788	38788	
5576	0	35504	36968	41792	38672	
5577	0	35392	36764	41520	38560	
5578	0	35656	36921	41388	38428	
5579	0	35676	37024	41224	38228	
5580	0	35732	37144	41044	38048	
5581	0	35656	37024	40962	37886	
5582	0	35624	36988	40800	37616	
5583	0	35536	37112	40586	37488	
5584	0	35557	37376	40360	37228	
5585	0	35512	37740	40098	37102	
5586	0	35690	37620	39765	36864	
5587	0	35584	37760	39512	36688	
5588	0	35626	37741	39226	36504	
5589	0	35880	37780	39036	36224	
5590	0	35818	37649	38664	36076	
5591	0	35996	37636	38448	35832	
5592	0	35785	38144	38176	35612	
5593	0	36168	38632	37776	35416	
5594	0	36284	39404	37496	35210	
5595	0	36372	39964	37152	34965	
5596	0	36260	40684	36802	34701	
5597	0	35640	40962	36489	34513	
5598	0	35044	42320	36180	34248	
5599	0	34626	43512	35854	34104	
5600	0	34656	44824	35516	33816	
5601	0	33336	46384	35185	33572	
5602	0	33496	44914	34836	33417	
5603	0	37096	43040	34532	33124	
5604	0	35572	43097	34189	32868	
5605	0	38120	41764	33872	32648	
5606	0	39764	40736	33536	32408	
5607	0	36544	40200	33209	32256	
5608	0	31760	38460	32892	31964	
5609	0	27517	36840	32556	31812	
5610	0	28288	34780	32258	31506	
5611	0	35108	34036	31980	31296	
5612	0	35300	33944	31705	31071	
5613	0	34120	36404	31402	30832	
5614	0	35932	28188	31129	30625	
5615	0	34924	33208	30853	30465	
5616	0	32053	34280	30624	30234	
5617	0	30220	35396	30384	29964	
5618	0	30769	34044	30144	29752	
5619	0	30964	34392	29918	29544	
5620	0	30539	34764	29704	29330	
5621	0	31292	34768	29500	29177	
5622	0	31898	34693	29316	28923	
5623	0	32420	34960	29120	28708	
5624	0	32942	34924	28932	28500	
5625	0	33254	34948	28760	28285	
5626	0	33340	35300	28580	28080	
5627	0	33456	35829	28414	27920	
5628	0	33580	36280	28232	27638	
5629	0	33800	36680	28082	27484	
5630	0	34034	37102	27890	27216	
5631	0	34224	37658	27788	26997	
5632	0	34428	38252	27578	26789	
5633	0	34892	38760	27484	26601	
5634	0	35216	39169	27328	26420	
5635	0	35748	39737	27172	26170	
5636	0	36356	40200	27008	25964	
5637	0	37056	40712	26894	25768	
5638	0	38012	41192	26717	25568	
5639	0	39000	41588	26633	25396	
5640	0	40224	41528	26456	25188	
5641	0	41520	41184	26301	25016	
5642	0	42553	40560	26210	24820	
5643	0	43688	40068	26042	24621	
5644	0	44192	38984	25916	24452	
5645	0	44612	37648	25764	24280	
5646	0	45440	35772	25582	24148	
5647	0	47576	34356	25464	23964	
5648	0	46716	35032	25332	23802	
5649	0	45656	35808	25124	23670	
5650	0	42396	42168	24961	23490	
5651	0	41596	32832	24892	23372	
5652	0	14073	48540	24668	23233	
5653	0	22584	39746	24494	23102	
5654	0	44380	39396	24412	23017	
5655	0	46152	31488	24269	22908	
5656	0	39908	31873	24140	22780	
5657	0	32194	43728	23896	22688	
5658	0	40732	32186	23810	22594	
5659	0	35476	37128	23685	22512	
5660	0	33501	37872	23572	22448	
5661	0	35010	36324	23432	22392	
5662	0	33300	38388	23324	22328	
5663	0	34180	37432	23162	22292	
5664	0	34717	37346	23050	22284	
5665	0	34836	37184	22960	22254	
5666	0	34544	37420	22897	22256	
5667	0	34752	37304	22824	22320	
5668	0	34620	37452	22752	22313	
5669	0	34656	37288	22648	22360	
5670	0	34858	37312	22626	22432	
5671	0	34628	37456	22594	22476	
5672	0	34888	37386	22536	22556	
5673	0	34660	37504	22536	22643	
5674	0	34656	37434	22452	22712	
5675	0	35040	37220	22509	22852	
5676	0	34946	37276	22540	22926	
5677	0	34512	37400	22601	23025	
5678	0	34977	37097	22674	23130	
5679	0	35003	37116	22717	23256	
5680	0	35068	37172	22769	23340	
5681	0	35360	37128	22922	23460	
5682	0	34885	37328	23056	23572	
5683	0	35041	37200	23171	23696	
5684	0	34704	37456	23360	23778	
5685	0	35528	37304	23553	23864	
5686	0	35524	36822	23750	23986	
5687	0	34464	37013	23945	24064	
5688	0	34612	37560	24092	24193	
5689	0	35650	36361	24380	24248	
5690	0	35384	36882	24629	24364	
5691	0	35320	36920	24856	24414	
5692	0	35576	37348	25105	24500	
5693	0	35600	37224	25365	24577	
5694	0	35468	37252	25600	24692	
5695	0	35520	37213	25900	24754	
5696	0	35512	37164	26192	24873	
5697	0	35464	37208	26452	24960	
5698	0	35500	37284	26664	25033	
5699	0	35488	37496	26992	25122	
5700	0	35476	37652	27264	25238	
5701	0	35664	37688	27505	25375	
5702	0	35624	37800	27792	25462	
5703	0	35816	38025	27997	25597	
5704	0	35740	37946	28284	25710	
5705	0	35552	38169	28556	25836	
5706	0	35768	38356	28800	25956	
5707	0	36056	39056	29032	26081	
5708	0	36128	39789	29248	26218	
5709	0	36320	40513	29522	26360	
5710	0	36304	41220	29736	26505	
5711	0	35434	41560	29976	26665	
5712	0	34657	43000	30164	26786	
5713	0	34324	44248	30369	26948	
5714	0	33710	46424	30661	27072	
5715	0	33400	45629	30880	27224	
5716	0	35336	44160	31108	27360	
5717	0	36340	43584	31348	27511	
5718	0	37576	42716	31553	27660	
5719	0	39288	40932	31781	27812	
5720	0	37892	40185	32040	27952	
5721	0	34260	38872	32257	28112	
5722	0	30301	36824	32488	28268	
5723	0	27933	36666	32738	28420	
5724	0	34872	33669	32973	28580	
5725	0	35634	34557	33272	28732	
5726	0	32850	37493	33464	28896	
5727	0	35444	31885	33796	29064	
5728	0	35100	33216	34024	29232	
5729	0	32849	33082	34272	29390	
5730	0	30482	34812	34548	29564	
5731	0	31000	34308	34832	29736	
5732	0	31352	34069	35120	29904	
5733	0	31044	34265	35400	30074	
5734	0	31400	34480	35698	30222	
5735	0	32044	34496	36048	30388	
5736	0	32584	34357	36256	30555	
5737	0	32968	34396	36512	30706	
5738	0	33160	34472	36796	30848	
5739	0	33096	34716	37072	31004	
5740	0	33142	35182	37336	31138	
5741	0	33214	35640	37648	31289	
5742	0	33500	36104	37912	31416	
5743	0	33729	36585	38140	31566	
5744	0	33940	36924	38346	31696	
5745	0	34092	37480	38576	31828	
5746	0	34345	38044	38794	31936	
5747	0	34690	38484	39028	32080	
5748	0	35228	39108	39228	32214	
5749	0	35866	39544	39544	32356	
5750	0	36528	39818	39756	32451	
5751	0	37344	40344	39944	32580	
5752	0	38260	40636	40032	32716	
5753	0	39564	40976	40200	32864	
5754	0	41260	41252	40378	32989	
5755	0	42388	40960	40552	33104	
5756	0	43268	40384	40718	33225	
5757	0	44048	39520	40896	33364	
5758	0	44828	38544	41026	33520	
5759	0	44928	37292	41184	33652	
5760	0	45208	36452	41337	33800	
5761	0	47744	34708	41448	33960	
5762	0	43496	42320	41554	34076	
5763	0	49012	32326	41825	34260	
5764	0	36212	46340	41756	34376	
5765	0	20671	46788	41908	34537	
5766	0	22394	40288	42072	34684	
5767	0	48020	35556	42194	34844	
5768	0	51604	37088	42224	34976	
5769	0	39996	39056	42209	35137	
5770	0	33449	40520	42276	35292	
5771	0	38909	34626	42352	35421	
5772	0	34968	37592	42404	35564	
5773	0	33636	37656	42441	35709	
5774	0	34420	36832	42596	35836	
5775	0	34368	37700	42612	35960	
5776	0	34284	37360	42568	36096	
5777	0	34592	37176	42692	36220	
5778	0	34716	37300	42697	36344	
5779	0	34757	37280	42608	36488	
5780	0	34436	37465	42600	36584	
5781	0	34506	37360	42604	36708	
5782	0	34272	37489	42676	36816	
5783	0	34536	37408	42605	36956	
5784	0	34708	37348	42680	37037	
5785	0	34649	37364	42604	37148	
5786	0	35448	37416	42592	37252	
5787	0	34520	37600	42569	37360	
5788	0	34589	37476	42564	37456	
5789	0	34803	37492	42656	37540	
5790	0	34436	37460	42544	37618	
5791	0	34880	37240	42513	37657	
5792	0	35232	37132	42572	37720	
5793	0	34000	37450	42476	37720	
5794	0	35068	37336	42408	37761	
5795	0	35336	37228	42368	37808	
5796	0	35180	37417	42426	37784	
5797	0	35108	37260	42360	37760	
5798	0	35446	37088	42208	37760	
5799	0	35384	37049	42136	37708	
5800	0	35385	37008	42080	37636	
5801	0	35456	36853	42012	37512	
5802	0	35194	37016	42056	37444	
5803	0	35336	36920	41844	37336	
5804	0	35436	36872	41740	37184	
5805	0	35440	36884	41768	37108	
5806	0	35496	36776	41592	36916	
5807	0	35512	36836	41436	36793	
5808	0	35434	37004	41380	36612	
5809	0	35640	37132	41192	36460	
5810	0	35528	37001	41174	36272	
5811	0	35497	36986	41056	36096	
5812	0	35588	37128	40801	35947	
5813	0	35540	37304	40640	35730	
5814	0	35688	37312	40505	35548	
5815	0	35684	37484	40317	35364	
5816	0	35556	37640	40136	35192	
5817	0	35505	37816	39964	35012	
5818	0	35796	37781	39858	34836	
5819	0	35664	37890	39568	34649	
5820	0	35666	38044	39380	34432	
5821	0	35744	38512	39188	34268	
5822	0	35958	39152	39009	34112	
5823	0	35913	39964	38748	33909	
5824	0	36088	40280	38468	33764	
5825	0	35812	40820	38221	33569	
5826	0	35096	41472	38004	33408	
5827	0	34576	42492	37768	33249	
5828	0	34898	43604	37504	33070	
5829	0	34404	45520	37276	32906	
5830	0	33068	45816	37032	32765	
5831	0	33798	44056	36764	32614	
5832	0	36704	43489	36512	32416	
5833	0	36776	42996	36252	32300	
5834	0	38652	41288	36000	32132	
5835	0	38044	40456	35768	31948	
5836	0	34416	39576	35528	31804	
5837	0	30504	37672	35290	31652	
5838	0	27692	36632	35032	31546	
5839	0	31504	34080	34756	31404	
5840	0	36450	34426	34572	31273	
5841	0	34444	34904	34413	31091	
5842	0	34044	36322	34076	31003	
5843	0	34536	29254	33900	30872	
5844	0	34500	33778	33740	30689	
5845	0	31282	34099	33460	30605	
5846	0	30249	34780	33256	30476	
5847	0	31176	33924	33120	30314	
5848	0	30972	34392	32865	30198	
5849	0	30928	34812	32712	30100	
5850	0	31473	35052	32522	29928	
5851	0	32068	34926	32345	29844	
5852	0	32465	35084	32126	29672	
5853	0	32836	35136	31964	29530	
5854	0	33156	35264	31776	29428	
5855	0	33156	35626	31600	29289	
5856	0	33256	36236	31433	29101	
5857	0	33520	36740	31249	28966	
5858	0	34016	37081	31056	28816	
5859	0	34274	37692	30861	28672	
5860	0	34412	38561	30673	28548	
5861	0	34728	39148	30460	28368	
5862	0	35274	39560	30262	28236	
5863	0	35732	39964	30076	28064	
5864	0	36332	40208	29849	27976	
5865	0	36968	40536	29596	27768	
5866	0	37540	40844	29393	27678	
5867	0	38212	41100	29216	27494	
5868	0	39184	41437	28985	27400	
5869	0	40332	41432	28756	27260	
5870	0	41264	41416	28464	27080	
5871	0	42392	40697	28256	26984	
5872	0	43100	39408	28000	26816	
5873	0	43108	38268	27796	26748	
5874	0	43680	37376	27568	26598	
5875	0	44873	36116	27314	26492	
5876	0	47257	34784	27069	26380	
5877	0	47276	34784	26830	26284	
5878	0	45576	35428	26552	26178	
5879	0	41272	42448	26289	26088	
5880	0	42664	33156	26048	26002	
5881	0	21798	47064	25720	25952	
5882	0	11563	46124	25492	25944	
5883	0	38680	35460	25312	25808	
5884	0	51284	43508	25044	25758	
5885	0	51208	25418	24897	25708	
5886	0	35596	36056	24608	25672	
5887	0	33904	39772	24336	25704	
5888	0	41386	32045	24201	25640	
5889	0	33816	38528	23906	25592	
5890	0	34516	36961	23730	25574	
5891	0	34916	36720	23476	25626	
5892	0	34460	37741	23344	25600	
5893	0	34704	37478	23182	25665	
5894	0	34860	37408	22986	25664	
5895	0	34912	37160	22800	25705	
5896	0	34938	37096	22672	25792	
5897	0	34970	37168	22530	25885	
5898	0	34880	37212	22390	25980	
5899	0	34856	37264	22214	26084	
5900	0	34824	37324	22090	26248	
5901	0	34866	37372	22013	26425	
5902	0	34931	37312	21916	26544	
5903	0	35080	37088	21793	26716	
5904	0	34656	37536	21745	26908	
5905	0	34917	37260	21656	27108	
5906	0	34992	36988	21560	27274	
5907	0	35140	37368	21576	27524	
5908	0	35172	37168	21540	27700	
5909	0	35096	36868	21497	27952	
5910	0	35736	36916	21548	28178	
5911	0	35370	37084	21562	28389	
5912	0	35616	37000	21532	28644	
5913	0	35280	37128	21602	28836	
5914	0	35361	37084	21664	29032	
5915	0	35220	37248	21700	29284	
5916	0	35464	36973	21805	29496	
5917	0	35452	36912	21900	29663	
5918	0	34992	37020	21944	29852	
5919	0	35548	37100	22105	30032	
5920	0	35544	36928	22194	30196	
5921	0	35576	36936	22284	30356	
5922	0	35640	36788	22474	30509	
5923	0	35620	36852	22628	30641	
5924	0	35580	36756	22822	30784	
5925	0	35668	36912	22939	30912	
5926	0	35748	36976	23174	31029	
5927	0	35716	36992	23332	31152	
5928	0	35664	37056	23568	31262	
5929	0	35864	37312	23748	31380	
5930	0	35649	37421	23920	31501	
5931	0	35800	37544	24196	31605	
5932	0	35740	37572	24412	31745	
5933	0	35724	37673	24664	31828	
5934	0	35876	37656	24928	31996	
5935	0	35840	37509	25212	32108	
5936	0	35928	37596	25454	32264	
5937	0	36134	38140	25706	32400	
5938	0	36440	38816	25986	32554	
5939	0	36420	39212	26260	32752	
5940	0	36536	39992	26552	32896	
5941	0	36444	40448	26850	33104	
5942	0	35740	40624	27110	33276	
5943	0	35236	41716	27384	33464	
5944	0	34916	42880	27714	33712	
5945	0	35284	44564	27993	33872	
5946	0	34464	45845	28328	34080	
5947	0	33689	45616	28628	34360	
5948	0	35224	44036	28968	34536	
5949	0	37552	43064	29212	34796	
5950	0	36880	42153	29613	34992	
5951	0	39812	40480	29900	35274	
5952	0	38112	40388	30280	35548	
5953	0	33640	38545	30616	35780	
5954	0	28632	36560	30949	36032	
5955	0	29492	35276	31292	36312	
5956	0	35272	33985	31700	36492	
5957	0	34286	35138	32044	36724	
5958	0	33035	35940	32424	37040	
5959	0	35204	28816	32800	37181	
5960	0	35016	34040	33184	37440	
5961	0	31991	34112	33584	37644	
5962	0	30745	34992	34068	37884	
5963	0	31178	34072	34464	38200	
5964	0	31128	34068	34848	38320	
5965	0	31132	34344	35284	38540	
5966	0	31596	34480	35728	38756	
5967	0	32238	34181	36180	38848	
5968	0	32852	33904	36644	39115	
5969	0	33184	34056	37092	39266	
5970	0	33436	34336	37508	39320	
5971	0	33372	34700	38084	39424	
5972	0	33356	35308	38396	39626	
5973	0	33380	35794	38936	39620	
5974	0	33658	36260	39264	39848	
5975	0	33897	36522	39744	39916	
5976	0	33922	36932	40240	40000	
5977	0	34077	37316	40528	40036	
5978	0	34232	38181	40936	40008	
5979	0	34536	38916	41364	40164	
5980	0	34876	39333	41769	40188	
5981	0	35556	39848	42144	40236	
5982	0	36192	40260	42521	40235	
5983	0	36897	40760	42956	40304	
5984	0	38132	41268	43264	40296	
5985	0	39473	41640	43705	40285	
5986	0	40864	41840	44060	40292	
5987	0	42520	41624	44320	40364	
5988	0	44096	40544	44641	40396	
5989	0	44992	39844	44972	40416	
5990	0	45278	38304	45264	40489	
5991	0	46464	36668	45545	40492	
5992	0	49720	33953	45824	40516	
5993	0	44480	42568	46120	40572	
5994	0	50116	34028	46312	40650	
5995	0	41344	44060	46548	40672	
5996	0	22894	45340	46792	40746	
5997	0	17057	39462	47044	40760	
5998	0	37136	36152	47236	40818	
5999	0	51704	42104	47352	40888	
6000	0	43304	29070	47580	40960	
6001	0	35532	42780	47672	40992	
6002	0	37000	35660	47904	41054	
6003	0	38506	34528	48004	41120	
6004	0	33776	38168	48108	41192	
6005	0	34361	37184	48236	41260	
6006	0	34552	37076	48320	41321	
6007	0	34240	37584	48408	41393	
6008	0	34392	37344	48528	41468	
6009	0	34644	37268	48632	41544	
6010	0	34776	37270	48632	41613	
6011	0	34560	37312	48748	41716	
6012	0	34488	37496	48808	41812	
6013	0	34253	37568	48916	41898	
6014	0	34326	37416	48970	41992	
6015	0	34696	37180	49028	42096	
6016	0	34665	37272	49052	42185	
6017	0	34184	37232	49072	42292	
6018	0	34912	37309	49144	42364	
6019	0	34820	37364	49244	42457	
6020	0	34497	37658	49272	42546	
6021	0	34428	37504	49260	42632	
6022	0	34720	37212	49360	42696	
6023	0	34956	37304	49384	42768	
6024	0	35364	37156	49364	42820	
6025	0	35413	36860	49428	42872	
6026	0	35117	37304	49412	42918	
6027	0	35396	37029	49388	42964	
6028	0	35040	37264	49464	42976	
6029	0	35320	37148	49394	42976	
6030	0	35465	36946	49392	42970	
6031	0	35360	37136	49388	42968	
6032	0	35444	36980	49352	42954	
6033	0	35428	36968	49312	42904	
6034	0	35576	36816	49312	42864	
6035	0	35596	36844	49248	42812	
6036	0	35544	36714	49264	42768	
6037	0	35732	36872	49144	42696	
6038	0	35660	36828	49096	42602	
6039	0	35640	36816	48996	42520	
6040	0	35753	36736	48944	42433	
6041	0	35908	36860	48812	42332	
6042	0	35836	37061	48761	42217	
6043	0	35692	37048	48577	42088	
6044	0	35696	37164	48456	41961	
6045	0	35488	37504	48352	41838	
6046	0	35644	37730	48144	41696	
6047	0	35620	37652	48012	41564	
6048	0	35653	37740	47800	41392	
6049	0	35624	37604	47612	41256	
6050	0	35756	37566	47401	41076	
6051	0	35913	37636	47176	40912	
6052	0	36128	38364	46996	40756	
6053	0	36564	38784	46736	40584	
6054	0	36602	39608	46520	40412	
6055	0	36129	40172	46204	40212	
6056	0	36260	40473	46000	40064	
6057	0	35805	40864	45688	39876	
6058	0	35252	41904	45348	39672	
6059	0	35449	42720	45092	39457	
6060	0	35622	44353	44768	39272	
6061	0	35404	45736	44468	39076	
6062	0	34122	44808	44184	38880	
6063	0	34264	43985	43804	38618	
6064	0	36808	42592	43516	38452	
6065	0	36136	42436	43124	38176	
6066	0	38936	41016	42813	38002	
6067	0	37313	40108	42424	37740	
6068	0	33865	38944	42200	37501	
6069	0	30312	35968	41785	37296	
6070	0	29959	35092	41424	37036	
6071	0	33572	34428	40996	36792	
6072	0	32666	37320	40628	36521	
6073	0	33177	34736	40304	36340	
6074	0	34852	30320	39884	36088	
6075	0	32896	33908	39616	35844	
6076	0	30981	34897	39224	35636	
6077	0	30704	35516	38857	35424	
6078	0	31009	33993	38516	35126	
6079	0	30680	34208	38066	34904	
6080	0	31212	34696	37718	34714	
6081	0	31804	34752	37321	34456	
6082	0	32316	34640	37000	34284	
6083	0	32709	34569	36616	33993	
6084	0	33072	34784	36184	33732	
6085	0	33092	35056	35734	33488	
6086	0	33057	35569	35424	33308	
6087	0	33148	36096	35020	33021	
6088	0	33356	36626	34552	32772	
6089	0	33640	37014	34188	32521	
6090	0	33833	37288	33740	32278	
6091	0	33896	37811	33378	32034	
6092	0	34029	38444	32940	31800	
6093	0	34360	39264	32544	31516	
6094	0	34948	39728	32128	31276	
6095	0	35536	40248	31688	31040	
6096	0	36332	40452	31290	30814	
6097	0	36940	40832	30818	30532	
6098	0	37744	41120	30396	30309	
6099	0	39009	41348	29960	29980	
6100	0	39913	41520	29553	29733	
6101	0	41184	41392	29128	29465	
6102	0	42698	40857	28684	29257	
6103	0	43636	40016	28232	28965	
6104	0	44368	39092	27772	28712	
6105	0	44816	37708	27296	28466	
6106	0	45700	36148	26877	28212	
6107	0	47649	34389	26416	27980	
6108	0	46628	34048	25968	27736	
6109	0	45736	35232	25554	27493	
6110	0	38532	46220	25045	27260	
6111	0	47004	35128	24681	27040	
6112	0	29105	45881	24154	26864	
6113	0	11648	45788	23760	26620	
6114	0	36076	34884	23418	26350	
6115	0	42733	38832	22966	26156	
6116	0	45968	42584	22556	25972	
6117	0	39268	32569	22228	25737	
6118	0	39004	39396	21784	25548	
6119	0	40152	33880	21364	25352	
6120	0	35132	37480	21068	25186	
6121	0	34315	37076	20692	24956	
6122	0	34444	37236	20280	24803	
6123	0	34194	37672	19908	24596	
6124	0	34556	37420	19600	24512	
6125	0	34682	37356	19227	24368	
6126	0	34804	37236	18910	24246	
6127	0	34668	37248	18598	24052	
6128	0	34497	37360	18205	24036	
6129	0	34640	37376	17927	23910	
6130	0	34844	37186	17584	23844	
6131	0	34816	37258	17304	23789	
6132	0	34876	37240	17054	23728	
6133	0	34950	37192	16722	23665	
6134	0	35025	37232	16459	23642	
6135	0	34760	37466	16240	23571	
6136	0	35802	37148	15969	23564	
6137	0	34876	37388	15780	23568	
6138	0	34832	37304	15517	23552	
6139	0	34690	37100	15348	23476	
6140	0	35688	36912	15157	23510	
6141	0	35016	37288	14938	23498	
6142	0	35540	36824	14737	23496	
6143	0	35329	37164	14646	23448	
6144	0	35720	36994	14508	23418	
6145	0	35204	37216	14314	23430	
6146	0	35229	37284	14200	23401	
6147	0	35304	37060	14122	23320	
6148	0	35338	37025	14041	23305	
6149	0	35280	37209	13935	23260	
6150	0	35600	36912	13856	23206	
6151	0	35548	36882	13748	23154	
6152	0	35476	36992	13709	23024	
6153	0	35628	36864	13612	23029	
6154	0	35576	36978	13549	22874	
6155	0	35808	36980	13509	22862	
6156	0	35732	36928	13464	22820	
6157	0	35692	37153	13428	22714	
6158	0	35648	37032	13408	22652	
6159	0	35684	37336	13400	22492	
6160	0	35665	37272	13354	22460	
6161	0	35722	37382	13326	22461	
6162	0	35760	37580	13300	22391	
6163	0	35816	37472	13260	22430	
6164	0	35840	37556	13204	22388	
6165	0	36024	37728	13265	22291	
6166	0	35828	37666	13250	22265	
6167	0	35836	37952	13250	22262	
6168	0	36080	38312	13208	22185	
6169	0	36288	38948	13216	22204	
6170	0	36488	39708	13198	22200	
6171	0	36092	40368	13258	22180	
6172	0	36056	41120	13271	22165	
6173	0	35714	41568	13220	22200	
6174	0	35076	42544	13279	22256	
6175	0	34965	44196	13324	22314	
6176	0	34168	46560	13305	22328	
6177	0	32514	46536	13328	22396	
6178	0	34212	44689	13322	22392	
6179	0	36218	43804	13416	22453	
6180	0	37060	42736	13431	22560	
6181	0	38952	40953	13442	22700	
6182	0	38212	40672	13460	22765	
6183	0	34880	39272	13514	22849	
6184	0	29920	37140	13558	22966	
6185	0	28596	35480	13670	22988	
6186	0	34100	34148	13766	23238	
6187	0	34440	35220	13784	23316	
6188	0	33136	36596	13917	23502	
6189	0	35652	29028	14016	23620	
6190	0	34952	33496	14112	23788	
6191	0	31960	33352	14180	24024	
6192	0	30421	34884	14352	24190	
6193	0	30704	33800	14514	24364	
6194	0	30688	33688	14607	24594	
6195	0	30544	33960	14747	24772	
6196	0	31293	34308	14996	24964	
6197	0	31925	34232	15200	25122	
6198	0	32548	34188	15378	25370	
6199	0	32944	34361	15580	25508	
6200	0	33158	34772	15806	25754	
6201	0	33113	35240	16080	25905	
6202	0	33044	35776	16288	26177	
6203	0	33260	36337	16542	26306	
6204	0	33636	36756	16842	26500	
6205	0	33873	37194	17141	26656	
6206	0	34037	37644	17420	26808	
6207	0	34196	38196	17721	27010	
6208	0	34481	39132	18021	27180	
6209	0	35113	39702	18336	27332	
6210	0	35788	40112	18665	27428	
6211	0	36644	40528	18904	27544	
6212	0	37420	40964	19292	27748	
6213	0	38361	41392	19618	27872	
6214	0	39592	41588	19945	27993	
6215	0	40928	41908	20280	28172	
6216	0	42264	41952	20608	28188	
6217	0	43348	41164	20978	28372	
6218	0	44056	40316	21277	28457	
6219	0	44340	39176	21600	28616	
6220	0	43972	37569	22028	28761	
6221	0	43828	37016	22360	28884	
6222	0	46736	35724	22712	29012	
6223	0	48881	35440	23067	29148	
6224	0	47460	35229	23360	29284	
6225	0	46000	39976	23732	29424	
6226	0	38560	35501	24097	29586	
6227	0	12732	47050	24373	29740	
6228	0	24090	42108	24724	29900	
6229	0	49401	37984	25120	30070	
6230	0	46593	43576	25473	30240	
6231	0	37800	36130	25786	30442	
6232	0	33500	39624	26170	30594	
6233	0	38856	33888	26536	30768	
6234	0	37932	34672	26877	30972	
6235	0	33552	38688	27182	31124	
6236	0	35058	36626	27528	31314	
6237	0	34636	37526	27880	31504	
6238	0	34504	37544	28189	31716	
6239	0	34776	37384	28553	31908	
6240	0	35076	37094	28920	32114	
6241	0	34776	37156	29272	32332	
6242	0	34744	37340	29612	32560	
6243	0	34604	37468	29956	32820	
6244	0	34872	37289	30320	33016	
6245	0	35092	37145	30660	33248	
6246	0	35104	37108	31024	33508	
6247	0	35120	36904	31362	33720	
6248	0	35136	37004	31720	34032	
6249	0	34984	37180	32097	34205	
6250	0	35024	37320	32433	34496	
6251	0	35056	37192	32808	34672	
6252	0	35212	37121	33130	34904	
6253	0	35584	36868	33476	35128	
6254	0	35420	36832	33832	35448	
6255	0	35442	36932	34180	35638	
6256	0	35082	36960	34532	35764	
6257	0	35664	36840	34920	35992	
6258	0	35576	37032	35248	36224	
6259	0	35460	37120	35560	36340	
6260	0	35485	37114	35904	36508	
6261	0	35118	37249	36280	36712	
6262	0	35297	37081	36540	36800	
6263	0	35501	36756	36858	36945	
6264	0	36312	36609	37201	37072	
6265	0	35716	36664	37496	37198	
6266	0	35672	37144	37808	37396	
6267	0	35668	37200	38116	37468	
6268	0	35716	36952	38408	37628	
6269	0	35648	36864	38708	37652	
6270	0	35592	37000	39008	37740	
6271	0	35712	37080	39312	37960	
6272	0	35576	36944	39516	37953	
6273	0	35613	37156	39828	38144	
6274	0	35744	37132	39996	38144	
6275	0	35616	37426	40356	38234	
6276	0	35824	37388	40512	38433	
6277	0	35776	37612	40809	38480	
6278	0	35659	37928	40992	38568	
6279	0	36016	37728	41081	38728	
6280	0	35848	37644	41328	38772	
6281	0	35808	38020	41564	38874	
6282	0	36168	38429	41616	38956	
6283	0	36300	39168	41808	39052	
6284	0	36136	39436	42066	39136	
6285	0	35976	40216	42084	39324	
6286	0	36184	41081	42260	39444	
6287	0	35316	41400	42368	39548	
6288	0	34468	42621	42512	39626	
6289	0	34296	43929	42616	39741	
6290	0	33416	45956	42792	39776	
6291	0	33056	46020	42848	39925	
6292	0	36148	45220	43036	40008	
6293	0	37341	44528	43093	40176	
6294	0	36800	43644	43256	40288	
6295	0	39988	41952	43312	40306	
6296	0	37392	40676	43520	40522	
6297	0	33574	39708	43577	40528	
6298	0	28489	37224	43678	40644	
6299	0	27003	36193	43836	40861	
6300	0	35390	33284	43996	40896	
6301	0	35012	35598	44112	41024	
6302	0	32790	36464	44256	41196	
6303	0	35904	28257	44360	41328	
6304	0	34276	34072	44524	41473	
6305	0	31046	34484	44636	41517	
6306	0	30060	35333	44797	41720	
6307	0	30401	34052	45000	41770	
6308	0	30112	34153	45128	41952	
6309	0	30308	34588	45280	42050	
6310	0	31140	34688	45440	42141	
6311	0	31645	34700	45664	42272	
6312	0	32230	34484	45760	42340	
6313	0	32713	34476	46008	42388	
6314	0	32804	34668	46088	42528	
6315	0	32836	35288	46332	42592	
6316	0	32944	35874	46440	42605	
6317	0	33240	36440	46656	42716	
6318	0	33452	36765	46780	42752	
6319	0	33496	37104	46900	42804	
6320	0	33792	37685	47068	42848	
6321	0	33900	38457	47260	42818	
6322	0	34234	39096	47417	42848	
6323	0	34988	39704	47580	42872	
6324	0	35692	40132	47712	42888	
6325	0	36488	40392	47924	42909	
6326	0	37648	40820	48000	42930	
6327	0	38656	41444	48200	42881	
6328	0	40202	41960	48332	42916	
6329	0	41976	42592	48448	42896	
6330	0	43573	42320	48600	42896	
6331	0	45548	41224	48812	42844	
6332	0	46057	39883	48856	42829	
6333	0	46476	38308	48988	42816	
6334	0	47204	36369	49137	42824	
6335	0	49608	34184	49256	42804	
6336	0	44960	41800	49420	42784	
6337	0	49444	34824	49480	42772	
6338	0	42136	39709	49560	42764	
6339	0	16694	47704	49693	42720	
6340	0	20732	39200	49776	42712	
6341	0	37988	35394	49804	42712	
6342	0	44632	36496	49880	42680	
6343	0	54712	47800	49994	42696	
6344	0	34992	36660	50024	42657	
6345	0	31876	40764	50048	42677	
6346	0	42560	33312	50120	42660	
6347	0	35464	38009	50197	42656	
6348	0	33768	37737	50193	42664	
6349	0	34874	36588	50234	42656	
6350	0	34017	38020	50272	42668	
6351	0	34348	37394	50284	42688	
6352	0	34593	37392	50332	42700	
6353	0	34788	37288	50396	42728	
6354	0	34690	37140	50456	42760	
6355	0	34610	37313	50440	42786	
6356	0	34548	37336	50513	42818	
6357	0	34396	37492	50536	42872	
6358	0	34538	37264	50528	42916	
6359	0	34968	37248	50580	42960	
6360	0	34604	37417	50636	42996	
6361	0	34683	37272	50684	43058	
6362	0	34460	37188	50721	43100	
6363	0	34434	37684	50760	43144	
6364	0	34736	37404	50820	43184	
6365	0	35092	37364	50913	43220	
6366	0	36184	36680	50936	43264	
6367	0	34160	37752	50928	43300	
6368	0	34968	37084	51025	43320	
6369	0	34932	37136	51024	43329	
6370	0	35148	37216	51016	43344	
6371	0	35214	37100	51097	43356	
6372	0	35321	37128	51112	43365	
6373	0	35242	37200	51104	43352	
6374	0	35200	37178	51200	43336	
6375	0	35149	37116	51160	43325	
6376	0	35289	37016	51204	43320	
6377	0	35500	36868	51160	43288	
6378	0	35372	37032	51248	43248	
6379	0	35344	36906	51184	43228	
6380	0	35504	36970	51216	43200	
6381	0	35684	36929	51188	43152	
6382	0	35512	37084	51164	43105	
6383	0	35698	37004	51172	43060	
6384	0	35577	37232	51144	43019	
6385	0	35600	37228	51124	42972	
6386	0	35680	37456	51156	42925	
6387	0	35620	37492	51076	42868	
6388	0	35604	37640	51032	42818	
6389	0	35608	37753	51016	42784	
6390	0	35532	38092	50978	42736	
6391	0	35684	38012	50984	42684	
6392	0	35696	37948	50948	42652	
6393	0	35810	38192	50864	42588	
6394	0	36146	38576	50760	42540	
6395	0	36388	39320	50776	42472	
6396	0	36824	40212	50656	42420	
6397	0	36500	41008	50608	42372	
6398	0	35952	41360	50584	42332	
6399	0	35700	42068	50456	42284	
6400	0	35570	43716	50400	42232	
6401	0	35296	45940	50360	42180	
6402	0	34140	46432	50236	42136	
6403	0	33672	45504	50164	42082	
6404	0	33820	44489	50120	42032	
6405	0	35280	43498	50060	41986	
6406	0	36832	42544	50056	41952	
6407	0	39288	40880	49992	41928	
6408	0	36316	40337	49960	41906	
6409	0	31900	38336	49836	41890	
6410	0	28653	35928	49888	41868	
6411	0	30118	33720	49860	41876	
6412	0	34336	35060	49792	41866	
6413	0	34352	36348	49756	41872	
6414	0	36088	32520	49824	41876	
6415	0	36304	30657	49816	41868	
6416	0	33024	34204	49844	41889	
6417	0	30760	34916	49880	41912	
6418	0	30784	35106	49824	41926	
6419	0	31028	34304	49882	41948	
6420	0	30526	34684	49952	41940	
6421	0	31084	34784	49993	41960	
6422	0	31555	35008	50000	41960	
6423	0	32004	34972	50041	41960	
6424	0	32568	34897	50072	41940	
6425	0	32956	34988	50032	41944	
6426	0	33036	35196	50056	41916	
6427	0	33084	35552	50108	41892	
6428	0	33233	36080	50116	41848	
6429	0	33524	36488	50073	41777	
6430	0	33744	36896	50064	41696	
6431	0	34068	37260	50116	41636	
6432	0	34197	37828	50024	41552	
6433	0	34136	38428	49996	41452	
6434	0	34504	39200	49968	41346	
6435	0	35120	39714	49936	41213	
6436	0	35824	40112	49932	41088	
6437	0	36592	40212	49798	40992	
6438	0	37460	40744	49744	40868	
6439	0	38560	41032	49652	40732	
6440	0	39608	41336	49610	40564	
6441	0	41434	41580	49533	40464	
6442	0	42962	41460	49448	40292	
6443	0	44472	40504	49312	40180	
6444	0	45536	39412	49128	40036	
6445	0	46268	37873	48960	39860	
6446	0	48224	35408	48816	39684	
6447	0	50768	33301	48720	39584	
6448	0	41045	46752	48508	39392	
6449	0	49920	36173	48336	39288	
6450	0	37532	46620	48076	39128	
6451	0	14522	46632	47864	38916	
6452	0	26120	37048	47644	38788	
6453	0	49962	34872	47452	38596	
6454	0	50688	28016	47129	38480	
6455	0	35364	40584	46884	38308	
6456	0	36396	37434	46576	38128	
6457	0	40252	34080	46368	37937	
6458	0	34313	37824	46036	37792	
6459	0	34225	37088	45732	37632	
6460	0	34485	36896	45428	37452	
6461	0	33802	38056	45184	37320	
6462	0	34514	37392	44840	37136	
6463	0	34728	37472	44532	36996	
6464	0	34936	37169	44276	36848	
6465	0	34577	37344	44016	36676	
6466	0	34646	37304	43636	36523	
6467	0	34472	37340	43352	36368	
6468	0	34500	37264	43045	36228	
6469	0	34617	37332	42756	36076	
6470	0	34360	37368	42492	35937	
6471	0	34867	37228	42169	35788	
6472	0	34628	37401	41992	35633	
6473	0	34418	37412	41640	35480	
6474	0	36336	37360	41436	35324	
6475	0	34068	37668	41096	35168	
6476	0	35692	37228	40756	35005	
6477	0	35249	37141	40472	34833	
6478	0	36368	36929	40201	34660	
6479	0	34930	36936	39888	34464	
6480	0	35492	36916	39608	34282	
6481	0	35381	36936	39452	34074	
6482	0	35448	37056	39009	33888	
6483	0	35420	36996	38824	33666	
6484	0	35288	37164	38464	33452	
6485	0	35292	37145	38117	33218	
6486	0	35336	37068	37796	32976	
6487	0	35408	37061	37492	32720	
6488	0	35364	36960	37184	32492	
6489	0	35396	36824	36938	32246	
6490	0	35576	36704	36548	31952	
6491	0	35632	36952	36228	31680	
6492	0	35784	37012	35864	31420	
6493	0	35698	37089	35524	31126	
6494	0	35728	37000	35249	30857	
6495	0	35392	37136	34829	30560	
6496	0	35648	37380	34476	30264	
6497	0	35386	37420	34170	29952	
6498	0	35601	37768	33757	29644	
6499	0	35588	37929	33408	29344	
6500	0	35428	38026	33024	29054	
6501	0	35648	38232	32656	28754	
6502	0	35652	37914	32249	28419	
6503	0	35648	37960	31868	28113	
6504	0	35996	38288	31473	27788	
6505	0	36401	38976	31076	27469	
6506	0	36640	39473	30645	27145	
6507	0	36576	40290	30248	26833	
6508	0	36460	40763	29856	26512	
6509	0	36252	41124	29440	26182	
6510	0	35460	41912	29049	25884	
6511	0	35736	43380	28636	25564	
6512	0	35444	45281	28264	25225	
6513	0	34516	46012	27844	24916	
6514	0	34160	45233	27412	24593	
6515	0	33688	44644	27100	24285	
6516	0	35204	43608	26717	23981	
6517	0	35612	42712	26363	23685	
6518	0	39145	40676	25980	23388	
6519	0	36865	40184	25696	23106	
6520	0	33168	38592	25288	22814	
6521	0	29640	36492	25016	22564	
6522	0	29753	34441	24696	22268	
6523	0	33432	34773	24345	22017	
6524	0	33808	36908	24020	21780	
6525	0	35424	33497	23724	21506	
6526	0	35608	27960	23434	21261	
6527	0	34180	32938	23098	21036	
6528	0	31444	33832	22770	20796	
6529	0	30253	34468	22482	20582	
6530	0	30752	34316	22164	20352	
6531	0	30688	34216	21793	20145	
6532	0	30914	34484	21559	19905	
6533	0	31581	34488	21218	19691	
6534	0	32300	34616	20941	19488	
6535	0	32946	34244	20700	19261	
6536	0	33568	34304	20421	19060	
6537	0	33692	34412	20098	18824	
6538	0	33497	35228	19813	18640	
6539	0	33244	35716	19544	18406	
6540	0	33396	36128	19266	18200	
6541	0	33629	36672	18966	17981	
6542	0	33924	36820	18680	17769	
6543	0	33951	37128	18344	17573	
6544	0	34073	37753	18062	17336	
6545	0	34292	38624	17740	17120	
6546	0	34674	39360	17508	16906	
6547	0	35332	39748	17223	16706	
6548	0	36128	40241	16898	16510	
6549	0	36924	40608	16609	16288	
6550	0	37856	41276	16253	16109	
6551	0	39108	41748	16004	15896	
6552	0	40452	42012	15718	15721	
6553	0	42044	41984	15392	15513	
6554	0	43172	41504	15074	15340	
6555	0	44252	40752	14758	15184	
6556	0	45204	39692	14452	15004	
6557	0	45456	38180	14048	14865	
6558	0	48276	35608	13781	14695	
6559	0	50044	33916	13462	14563	
6560	0	48304	34976	13107	14400	
6561	0	45442	37008	12748	14312	
6562	0	44972	37981	12428	14148	
6563	0	32762	38500	12070	14014	
6564	0	10178	47516	11740	13904	
6565	0	28464	36464	11404	13796	
6566	0	41920	39041	11093	13744	
6567	0	41444	29572	10698	13672	
6568	0	46944	28504	10352	13545	
6569	0	35800	39408	10024	13504	
6570	0	34888	38372	9670	13473	
6571	0	39104	33466	9303	13480	
6572	0	34338	38412	8935	13373	
6573	0	34916	36888	8596	13358	
6574	0	35424	36634	8227	13380	
6575	0	34465	37648	7957	13276	
6576	0	35040	37152	7556	13360	
6577	0	34904	37273	7267	13332	
6578	0	35012	37081	6866	13478	
6579	0	34944	37113	6538	13438	
6580	0	34992	37136	6244	13514	
6581	0	34976	37116	5953	13616	
6582	0	35032	37182	5737	13619	
6583	0	35084	37112	5579	13794	
6584	0	35008	37092	5317	13873	
6585	0	35360	37036	5230	13992	
6586	0	35182	37100	5074	14138	
6587	0	35024	37120	4966	14230	
6588	0	34868	37372	4865	14466	
6589	0	35232	37024	4644	14522	
6590	0	34821	37076	4557	14704	
6591	0	35648	36914	4521	14710	
6592	0	35096	37092	4454	14980	
6593	0	35136	36980	4420	15077	
6594	0	36178	36861	4477	15230	
6595	0	35964	36704	4400	15392	
6596	0	35040	37160	4348	15449	
6597	0	35536	37101	4331	15650	
6598	0	35696	36976	4448	15648	
6599	0	35448	36992	4388	15802	
6600	0	35524	36720	4471	15846	
6601	0	35600	36964	4448	16075	
6602	0	35768	36850	4391	16085	
6603	0	35773	36832	4493	16189	
6604	0	35748	36876	4520	16120	
6605	0	35720	36840	4664	16144	
6606	0	35944	36920	4628	16236	
6607	0	35696	36768	4713	16422	
6608	0	35664	36868	4730	16529	
6609	0	35936	37016	4828	16436	
6610	0	35824	37096	4863	16408	
6611	0	35736	37354	4935	16668	
6612	0	35576	37472	5040	16728	
6613	0	35652	37668	5093	16744	
6614	0	35708	38112	5188	16836	
6615	0	35714	38012	5232	16882	
6616	0	35868	37924	5336	16932	
6617	0	35892	38116	5424	17020	
6618	0	36324	38401	5561	17026	
6619	0	36536	39036	5617	17213	
6620	0	36900	39628	5669	17191	
6621	0	36682	40196	5844	17394	
6622	0	36580	40296	5920	17457	
6623	0	35564	41137	5942	17589	
6624	0	35689	41716	6061	17670	
6625	0	35621	43816	6158	17682	
6626	0	35600	45568	6266	17872	
6627	0	34584	45596	6365	18014	
6628	0	34418	44760	6519	18110	
6629	0	34476	43856	6558	18145	
6630	0	37017	42608	6652	18264	
6631	0	36501	42074	6771	18524	
6632	0	39404	40498	6857	18622	
6633	0	36044	40413	6947	18715	
6634	0	32617	37870	7034	18905	
6635	0	29801	34784	7130	19153	
6636	0	31232	34412	7276	19244	
6637	0	34504	35764	7319	19486	
6638	0	33636	35897	7427	19666	
6639	0	34428	32389	7507	19848	
6640	0	35176	32236	7602	20048	
6641	0	32440	33928	7651	20196	
6642	0	30824	35348	7842	20478	
6643	0	30876	34200	7910	20662	
6644	0	30642	33888	7986	20700	
6645	0	30857	34140	8098	20868	
6646	0	31350	34409	8245	21034	
6647	0	31800	34532	8282	21428	
6648	0	32172	34621	8326	21626	
6649	0	32609	34598	8448	21865	
6650	0	32764	34876	8653	22036	
6651	0	32804	35145	8833	22128	
6652	0	32840	35612	9057	22386	
6653	0	32921	36072	9284	22498	
6654	0	33120	36568	9565	22744	
6655	0	33392	36972	9822	22828	
6656	0	33588	37312	10107	23026	
6657	0	33657	37820	10443	23170	
6658	0	33541	38753	10774	23355	
6659	0	34106	39444	11116	23418	
6660	0	34504	40068	11466	23437	
6661	0	35338	40385	11826	23756	
6662	0	35896	40820	12222	23712	
6663	0	36664	41385	12597	24041	
6664	0	37774	41940	12983	24144	
6665	0	39776	42440	13330	24269	
6666	0	41724	42500	13699	24440	
6667	0	43217	41973	14152	24605	
6668	0	44604	40964	14502	24744	
6669	0	44916	39649	14917	24872	
6670	0	46066	37800	15342	24986	
6671	0	50776	34442	15707	25091	
6672	0	50268	33832	16125	25376	
6673	0	44430	43264	16472	25474	
6674	0	51144	36864	16850	25717	
6675	0	39536	44793	17274	25900	
6676	0	16374	45810	17600	26088	
6677	0	21789	38364	17946	26261	
6678	0	41092	37832	18284	26474	
6679	0	49352	41390	18693	26624	
6680	0	46384	28660	19090	26784	
6681	0	36596	38682	19398	27028	
6682	0	37416	36480	19732	27205	
6683	0	38296	34736	20137	27457	
6684	0	33908	38244	20400	27682	
6685	0	34784	36801	20780	27869	
6686	0	34460	37288	21168	28096	
6687	0	34300	37496	21512	28298	
6688	0	34652	37313	21848	28546	
6689	0	35004	37204	22203	28786	
6690	0	34976	37129	22544	29017	
6691	0	34720	37348	22893	29277	
6692	0	34729	37288	23226	29512	
6693	0	34652	37300	23540	29748	
6694	0	34696	37370	23946	30012	
6695	0	34836	37248	24302	30268	
6696	0	34784	37320	24656	30580	
6697	0	34920	37248	25052	30808	
6698	0	34836	37168	25425	31086	
6699	0	34648	37440	25801	31328	
6700	0	34918	37340	26204	31636	
6701	0	34924	37460	26568	31872	
6702	0	35100	37124	26962	32128	
6703	0	34804	37248	27336	32416	
6704	0	35260	36909	27728	32641	
6705	0	35293	36892	28060	32976	
6706	0	35240	37036	28484	33188	
6707	0	35268	37200	28856	33380	
6708	0	35392	37196	29236	33675	
6709	0	35346	37137	29613	33849	
6710	0	35236	37312	29976	34204	
6711	0	35709	36952	30340	34392	
6712	0	35088	37100	30704	34596	
6713	0	35512	36985	31072	34804	
6714	0	35744	36798	31436	35000	
6715	0	35473	36900	31768	35205	
6716	0	35644	36938	32136	35412	
6717	0	35594	36977	32484	35714	
6718	0	35748	36940	32824	35953	
6719	0	35708	37100	33136	36041	
6720	0	35528	37068	33472	36354	
6721	0	35624	37164	33854	36556	
6722	0	35472	37404	34121	36756	
6723	0	35544	37441	34438	36992	
6724	0	35680	37592	34808	37092	
6725	0	35606	37738	35056	37384	
6726	0	35492	38097	35394	37644	
6727	0	35860	37832	35689	37871	
6728	0	35684	37676	35944	38010	
6729	0	35830	37945	36219	38313	
6730	0	36149	38432	36481	38496	
6731	0	36300	39090	36820	38764	
6732	0	36348	40018	37012	39024	
6733	0	36474	40600	37340	39276	
6734	0	35972	41016	37533	39528	
6735	0	35672	41549	37768	39696	
6736	0	34904	42752	38036	40000	
6737	0	34296	44608	38260	40122	
6738	0	33120	46453	38512	40348	
6739	0	32980	46448	38740	40616	
6740	0	35432	44456	38948	40869	
6741	0	36892	43048	39168	41012	
6742	0	36528	42656	39456	41384	
6743	0	39532	41032	39640	41594	
6744	0	38608	40440	39896	41724	
6745	0	33928	39346	40074	42048	
6746	0	29366	37348	40416	42260	
6747	0	27156	36028	40612	42442	
6748	0	35428	32868	40872	42683	
6749	0	35272	34968	41080	42836	
6750	0	33048	36621	41256	42996	
6751	0	35576	29636	41596	43232	
6752	0	36202	34132	41880	43492	
6753	0	31705	32877	42016	43624	
6754	0	29861	35326	42280	43820	
6755	0	30400	34600	42540	44015	
6756	0	30432	34245	42784	44272	
6757	0	30616	34568	43056	44452	
6758	0	30934	34752	43328	44564	
6759	0	31600	34688	43544	44729	
6760	0	32340	34546	43820	44889	
6761	0	32788	34533	44056	45104	
6762	0	33204	34728	44304	45252	
6763	0	33204	35088	44620	45344	
6764	0	33239	35676	44792	45524	
6765	0	33178	36272	45064	45636	
6766	0	33368	36844	45333	45696	
6767	0	33592	37112	45480	45820	
6768	0	33836	37316	45744	45952	
6769	0	34000	37981	45924	46020	
6770	0	34105	38834	46128	46120	
6771	0	34482	39498	46412	46200	
6772	0	35220	40034	46553	46329	
6773	0	35960	40480	46724	46440	
6774	0	36972	41100	46912	46504	
6775	0	38160	41564	47108	46524	
6776	0	39612	42008	47340	46664	
6777	0	41204	42196	47432	46660	
6778	0	42972	42104	47604	46748	
6779	0	44204	41348	47716	46832	
6780	0	45608	40596	47920	46916	
6781	0	46482	38808	48061	46965	
6782	0	48356	36288	48172	46952	
6783	0	52032	32992	48232	47056	
6784	0	47444	36284	48309	47106	
6785	0	50712	35694	48400	47088	
6786	0	43275	38000	48489	47112	
6787	0	25248	46288	48504	47136	
6788	0	13814	41042	48624	47152	
6789	0	37060	34352	48636	47232	
6790	0	47608	36832	48672	47218	
6791	0	54377	48576	48669	47244	
6792	0	35137	36536	48736	47184	
6793	0	33441	41168	48660	47232	
6794	0	41048	32097	48680	47225	
6795	0	35112	38208	48680	47160	
6796	0	33704	37661	48662	47186	
6797	0	34784	36643	48632	47176	
6798	0	33912	37964	48600	47176	
6799	0	34304	37436	48678	47140	
6800	0	34588	37282	48656	47128	
6801	0	34836	37252	48570	47156	
6802	0	34620	37368	48612	47126	
6803	0	34608	37332	48544	47148	
6804	0	34432	37412	48540	47156	
6805	0	34429	37508	48552	47196	
6806	0	34752	37294	48612	47268	
6807	0	34772	37232	48544	47264	
6808	0	34808	37400	48632	47312	
6809	0	32592	37488	48552	47316	
6810	0	34380	37504	48562	47321	
6811	0	34930	37444	48612	47324	
6812	0	34532	37704	48692	47400	
6813	0	34356	37336	48664	47401	
6814	0	35692	37002	48644	47354	
6815	0	34908	37378	48736	47364	
6816	0	35288	37008	48752	47392	
6817	0	35097	37020	48708	47352	
6818	0	35140	37200	48720	47292	
6819	0	35080	37168	48768	47282	
6820	0	35324	37092	48752	47213	
6821	0	35288	37044	48752	47136	
6822	0	35277	37132	48721	47072	
6823	0	35268	36936	48776	46994	
6824	0	35324	36864	48748	46904	
6825	0	35492	36944	48764	46849	
6826	0	35436	36844	48728	46704	
6827	0	35560	36980	48650	46652	
6828	0	35552	36976	48600	46485	
6829	0	35552	36892	48624	46380	
6830	0	35562	36980	48528	46262	
6831	0	35664	37197	48465	46088	
6832	0	35460	37052	48436	45940	
6833	0	35664	37280	48320	45746	
6834	0	35392	37344	48304	45592	
6835	0	35444	37572	48212	45458	
6836	0	35488	37748	48096	45316	
6837	0	35493	37828	47924	45140	
6838	0	35444	37940	47840	44928	
6839	0	35769	37842	47688	44728	
6840	0	35720	37890	47584	44545	
6841	0	35988	38149	47412	44401	
6842	0	36148	38856	47252	44188	
6843	0	36452	39412	47080	43968	
6844	0	36452	40224	46940	43844	
6845	0	36321	40876	46760	43648	
6846	0	36128	41085	46564	43440	
6847	0	35292	41908	46428	43244	
6848	0	35100	43168	46240	42956	
6849	0	34869	45448	45984	42744	
6850	0	33768	46656	45776	42560	
6851	0	32992	46304	45596	42332	
6852	0	33696	44408	45348	42172	
6853	0	35709	43688	45116	41852	
6854	0	37904	42004	44896	41628	
6855	0	40196	40772	44692	41408	
6856	0	37667	40376	44480	41240	
6857	0	33602	38404	44328	41026	
6858	0	28668	35550	44064	40772	
6859	0	32230	34080	43832	40493	
6860	0	36176	35108	43668	40237	
6861	0	32984	37540	43384	39988	
6862	0	35161	33012	43180	39824	
6863	0	35252	29708	42940	39492	
6864	0	32276	33292	42696	39296	
6865	0	30860	34166	42596	39024	
6866	0	30162	34761	42256	38768	
6867	0	30350	33588	42177	38514	
6868	0	30368	33742	41885	38280	
6869	0	30680	34188	41692	38036	
6870	0	31226	34308	41428	37696	
6871	0	31976	34392	41192	37408	
6872	0	32677	34146	40896	37164	
6873	0	33120	34226	40708	36832	
6874	0	33232	34384	40440	36600	
6875	0	33104	34992	40196	36304	
6876	0	32794	35484	39984	36000	
6877	0	32760	36034	39842	35648	
6878	0	32998	36568	39608	35360	
6879	0	33316	36850	39289	35069	
6880	0	33556	36914	39168	34712	
6881	0	33752	37596	38824	34376	
6882	0	33748	38376	38608	34061	
6883	0	34132	39136	38428	33736	
6884	0	34780	39754	38124	33420	
6885	0	35556	40484	37888	33137	
6886	0	36516	40968	37656	32800	
6887	0	37856	41636	37393	32465	
6888	0	39096	41884	37160	32160	
6889	0	40768	42248	36905	31852	
6890	0	42212	42324	36672	31536	
6891	0	43625	42180	36416	31240	
6892	0	45312	41184	36152	30932	
6893	0	46072	39652	35931	30636	
6894	0	47336	37792	35632	30342	
6895	0	52356	34364	35472	30049	
6896	0	52409	33664	35172	29776	
6897	0	39756	46552	34873	29493	
6898	0	49904	34924	34601	29218	
6899	0	26872	48192	34300	28945	
6900	0	9395	44344	33997	28678	
6901	0	35736	33052	33820	28424	
6902	0	46592	38116	33441	28168	
6903	0	52644	42656	33144	27930	
6904	0	31793	35728	32912	27694	
6905	0	32988	40261	32604	27448	
6906	0	42188	31842	32336	27214	
6907	0	34968	38752	32000	26992	
6908	0	33878	37312	31717	26768	
6909	0	35204	36404	31409	26552	
6910	0	33732	38122	31101	26337	
6911	0	34837	37264	30812	26141	
6912	0	34772	37344	30518	25936	
6913	0	35020	37160	30209	25760	
6914	0	34846	37176	29916	25585	
6915	0	34720	37253	29640	25406	
6916	0	34688	37512	29360	25238	
6917	0	34700	37272	29045	25090	
6918	0	34728	37354	28796	24958	
6919	0	34846	37160	28508	24804	
6920	0	34788	37272	28248	24677	
6921	0	33945	37376	27984	24556	
6922	0	35248	37201	27700	24424	
6923	0	34904	37540	27448	24316	
6924	0	35020	37140	27144	24184	
6925	0	35764	36980	26945	24084	
6926	0	34348	37384	26672	23961	
6927	0	35580	36822	26424	23848	
6928	0	35520	36960	26161	23717	
6929	0	35380	37102	25906	23596	
6930	0	35497	37041	25664	23482	
6931	0	35468	37044	25437	23356	
6932	0	35336	36972	25192	23248	
6933	0	35514	36880	24936	23104	
6934	0	35488	36992	24700	22972	
6935	0	35176	36992	24498	22828	
6936	0	35424	36972	24208	22710	
6937	0	35658	36916	23990	22544	
6938	0	35644	36956	23748	22401	
6939	0	35552	37080	23544	22284	
6940	0	35644	36979	23272	22112	
6941	0	35604	36965	23040	21980	
6942	0	35644	37064	22802	21844	
6943	0	35552	37056	22560	21668	
6944	0	35485	37021	22370	21512	
6945	0	35714	37216	22107	21368	
6946	0	35548	37292	21869	21222	
6947	0	35500	37612	21610	21080	
6948	0	35768	37710	21392	20962	
6949	0	35696	37796	21248	20802	
6950	0	35864	37937	20984	20664	
6951	0	35964	37676	20749	20542	
6952	0	35844	37864	20546	20428	
6953	0	36160	38064	20364	20290	
6954	0	36360	38524	20160	20196	
6955	0	36441	39340	19984	20086	
6956	0	36397	40044	19794	19997	
6957	0	36512	40556	19597	19933	
6958	0	36216	41116	19408	19852	
6959	0	35332	41752	19164	19708	
6960	0	35308	43016	19006	19678	
6961	0	35272	44973	18848	19560	
6962	0	34225	46360	18768	19532	
6963	0	32729	46068	18568	19494	
6964	0	34220	44576	18417	19434	
6965	0	37213	43224	18300	19391	
6966	0	37688	41720	18130	19340	
6967	0	41184	40938	17953	19316	
6968	0	37188	41072	17810	19286	
6969	0	33152	39228	17680	19232	
6970	0	27712	37216	17550	19238	
6971	0	29242	34432	17498	19264	
6972	0	35604	34249	17379	19308	
6973	0	33917	35977	17286	19272	
6974	0	33616	34948	17250	19289	
6975	0	35792	28341	17227	19364	
6976	0	34461	33144	17066	19381	
6977	0	30912	34096	17072	19461	
6978	0	30420	34952	17009	19482	
6979	0	30352	33716	17026	19620	
6980	0	30716	33884	16960	19602	
6981	0	30692	34389	16970	19716	
6982	0	31168	34389	17018	19820	
6983	0	31758	34520	17038	19856	
6984	0	32492	34424	17042	19904	
6985	0	32996	34497	17101	20029	
6986	0	33112	34688	17100	20022	
6987	0	33130	35040	17124	20117	
6988	0	33052	35673	17228	20197	
6989	0	33090	36372	17284	20232	
6990	0	33364	36756	17444	20324	
6991	0	33561	37044	17528	20368	
6992	0	33784	37457	17600	20464	
6993	0	34002	38284	17782	20532	
6994	0	34284	39138	17868	20632	
6995	0	34900	39680	18032	20680	
6996	0	35585	40144	18102	20733	
6997	0	36448	40548	18282	20810	
6998	0	37372	41232	18426	20897	
6999	0	38636	41832	18575	21009	
7000	0	40192	42509	18820	21153	
7001	0	42256	42824	18944	21224	
7002	0	43912	42672	19120	21330	
7003	0	45660	41890	19306	21426	
7004	0	46616	40312	19464	21601	
7005	0	47762	37781	19624	21712	
7006	0	51544	33524	19810	21838	
7007	0	48450	33800	19904	21992	
7008	0	48564	36448	20132	22154	
7009	0	43472	41868	20250	22268	
7010	0	43008	36180	20419	22444	
7011	0	20616	42748	20582	22604	
7012	0	10494	43348	20688	22836	
7013	0	38848	32754	20855	23002	
7014	0	46212	37440	21048	23188	
7015	0	52600	43752	21222	23357	
7016	0	36384	37004	21356	23576	
7017	0	31506	41729	21414	23796	
7018	0	42976	30396	21666	24057	
7019	0	34156	39250	21692	24248	
7020	0	34196	37048	21884	24476	
7021	0	35188	36345	21990	24728	
7022	0	33737	38244	22153	24988	
7023	0	34916	37060	22332	25241	
7024	0	34940	37388	22456	25496	
7025	0	35072	37184	22664	25807	
7026	0	34872	37212	22778	26088	
7027	0	34940	37256	22908	26372	
7028	0	34956	37140	23132	26688	
7029	0	34988	37008	23293	27057	
7030	0	35017	37105	23481	27308	
7031	0	35132	37185	23638	27618	
7032	0	35080	37248	23846	27973	
7033	0	34824	37188	23989	28270	
7034	0	35161	37184	24194	28600	
7035	0	34573	37372	24420	28956	
7036	0	35681	36985	24628	29237	
7037	0	34847	37337	24817	29582	
7038	0	35097	37148	25004	29894	
7039	0	35228	37057	25238	30228	
7040	0	35148	36905	25452	30496	
7041	0	35264	37068	25648	30808	
7042	0	35025	37088	25872	31064	
7043	0	35820	36800	26053	31356	
7044	0	35412	36880	26324	31646	
7045	0	35440	36976	26544	31928	
7046	0	35572	36768	26768	32176	
7047	0	35074	37000	27028	32400	
7048	0	35884	37136	27250	32660	
7049	0	35376	36704	27482	32892	
7050	0	35641	37056	27725	33114	
7051	0	35724	37044	27945	33348	
7052	0	35716	36908	28192	33578	
7053	0	35572	37000	28432	33785	
7054	0	35648	36986	28632	34052	
7055	0	35698	37000	28885	34206	
7056	0	35624	37096	29120	34453	
7057	0	35648	37152	29352	34592	
7058	0	35646	37282	29560	34753	
7059	0	35691	37501	29794	35000	
7060	0	35672	37660	30018	35188	
7061	0	35754	37628	30243	35436	
7062	0	35712	37812	30452	35552	
7063	0	35809	37696	30672	35816	
7064	0	35772	37792	30873	36004	
7065	0	36116	38004	31090	36209	
7066	0	36370	38533	31308	36460	
7067	0	36472	39156	31520	36600	
7068	0	36371	39936	31725	36806	
7069	0	36560	40440	31920	37036	
7070	0	35874	40836	32152	37268	
7071	0	35447	41762	32330	37464	
7072	0	35168	42860	32556	37568	
7073	0	34984	44384	32776	37832	
7074	0	34480	46240	32938	37980	
7075	0	33392	45824	33176	38154	
7076	0	34172	44320	33402	38480	
7077	0	35616	43444	33606	38624	
7078	0	37176	43152	33869	38765	
7079	0	39608	40556	34070	38960	
7080	0	38484	40516	34304	39149	
7081	0	34642	39516	34544	39408	
7082	0	29776	37600	34776	39524	
7083	0	26932	35624	35040	39821	
7084	0	33520	33108	35356	39904	
7085	0	36672	34812	35576	40104	
7086	0	33448	36610	35848	40392	
7087	0	32801	35296	36160	40504	
7088	0	34456	29826	36433	40588	
7089	0	33664	33154	36740	40852	
7090	0	31612	34432	37096	40980	
7091	0	30556	35372	37392	41200	
7092	0	31554	33970	37680	41376	
7093	0	31428	34052	38081	41556	
7094	0	31584	34480	38380	41636	
7095	0	31884	34548	38720	41736	
7096	0	32144	34552	38994	41802	
7097	0	32377	34644	39348	41880	
7098	0	32669	34712	39780	42064	
7099	0	32832	35020	40138	42168	
7100	0	32932	35336	40472	42209	
7101	0	33102	35820	40680	42177	
7102	0	33380	36152	41124	42340	
7103	0	33617	36529	41448	42288	
7104	0	33760	37056	41648	42352	
7105	0	33828	37458	41940	42425	
7106	0	34092	38080	42264	42416	
7107	0	34456	38801	42576	42440	
7108	0	34804	39312	42828	42528	
7109	0	35436	39920	43100	42492	
7110	0	36084	40441	43368	42532	
7111	0	37085	40752	43613	42550	
7112	0	38272	41444	43868	42588	
7113	0	39709	41760	44100	42568	
7114	0	41500	42032	44340	42601	
7115	0	43104	41872	44564	42640	
7116	0	45105	41081	44752	42656	
7117	0	46496	39916	44936	42664	
7118	0	47632	38140	45106	42632	
7119	0	51204	34888	45268	42568	
7120	0	51356	31720	45416	42585	
7121	0	41488	43800	45536	42617	
7122	0	52048	34729	45736	42664	
7123	0	36408	46941	45788	42596	
7124	0	10645	48040	45892	42664	
7125	0	28209	35250	45952	42592	
7126	0	42556	38312	46044	42576	
7127	0	53872	34648	46120	42645	
7128	0	36652	31656	46116	42592	
7129	0	33202	44242	46208	42624	
7130	0	41312	31834	46232	42680	
7131	0	35873	37036	46248	42604	
7132	0	33641	37625	46224	42624	
7133	0	34664	37009	46200	42704	
7134	0	33888	37736	46176	42672	
7135	0	34100	37560	46184	42766	
7136	0	34632	37232	46176	42796	
7137	0	34844	37300	46164	42796	
7138	0	34650	37392	46148	42848	
7139	0	34500	37440	46148	42900	
7140	0	34625	37332	46120	42892	
7141	0	34649	37276	46112	42949	
7142	0	34808	37137	46152	43072	
7143	0	34605	37284	46160	43048	
7144	0	34624	37288	46144	43144	
7145	0	34161	37456	46096	43177	
7146	0	34674	37444	46064	43305	
7147	0	34874	37432	46108	43328	
7148	0	34832	37466	46096	43408	
7149	0	34432	37734	46114	43448	
7150	0	36052	36992	46096	43492	
7151	0	34913	37324	46142	43488	
7152	0	34480	37372	46089	43552	
7153	0	35568	37004	46080	43588	
7154	0	35356	36978	46082	43544	
7155	0	35040	37316	46069	43540	
7156	0	35256	37136	46088	43544	
7157	0	35048	37128	46092	43512	
7158	0	35172	37108	46108	43468	
7159	0	35296	37080	46048	43504	
7160	0	35020	37156	46080	43385	
7161	0	35504	36988	45988	43392	
7162	0	35384	37179	45984	43260	
7163	0	35444	37048	45924	43184	
7164	0	35480	37096	45880	43152	
7165	0	35601	37192	45824	43068	
7166	0	35412	37210	45772	42908	
7167	0	35313	37066	45716	42808	
7168	0	35466	37248	45642	42712	
7169	0	35412	37184	45568	42596	
7170	0	35466	37313	45548	42552	
7171	0	35365	37594	45400	42448	
7172	0	35460	37704	45360	42224	
7173	0	35409	37733	45186	42188	
7174	0	35440	37880	45065	42004	
7175	0	35458	37724	44952	41864	
7176	0	35328	37812	44876	41802	
7177	0	35808	37820	44684	41580	
7178	0	36156	38524	44573	41444	
7179	0	36384	39280	44428	41320	
7180	0	36416	40228	44212	41232	
7181	0	36196	40704	44076	41028	
7182	0	35780	41056	43912	40932	
7183	0	35052	42028	43688	40825	
7184	0	35057	43200	43540	40576	
7185	0	34924	44692	43308	40488	
7186	0	33708	46137	43104	40316	
7187	0	33060	45105	42900	40112	
7188	0	34404	43333	42727	40028	
7189	0	37460	42244	42613	39785	
7190	0	35732	41840	42314	39672	
7191	0	38140	41233	42184	39549	
7192	0	38240	39956	42020	39364	
7193	0	35193	39272	41728	39124	
7194	0	31640	37252	41532	38928	
7195	0	28409	36170	41367	38745	
7196	0	32820	34196	41196	38576	
7197	0	37184	34597	41120	38408	
7198	0	34572	35276	40856	38288	
7199	0	31532	37220	40669	38128	
7200	0	34100	30132	40440	37914	
7201	0	34240	33936	40400	37732	
7202	0	30881	33880	40092	37508	
7203	0	30372	34846	39984	37318	
7204	0	31016	34210	39821	37136	
7205	0	31118	34132	39612	36872	
7206	0	31104	34400	39488	36736	
7207	0	31613	34340	39360	36523	
7208	0	32160	34180	39132	36253	
7209	0	32592	34140	39016	35969	
7210	0	32664	34392	38804	35793	
7211	0	32516	34964	38656	35516	
7212	0	32580	35312	38554	35228	
7213	0	32560	35692	38324	35008	
7214	0	32692	36293	38164	34716	
7215	0	33048	36848	38006	34398	
7216	0	33356	37244	37840	34178	
7217	0	33584	37638	37676	33826	
7218	0	33692	38344	37521	33544	
7219	0	33868	39040	37401	33264	
7220	0	34456	39684	37196	33000	
7221	0	35080	40320	37060	32664	
7222	0	35797	40820	36834	32395	
7223	0	36768	41245	36720	32070	
7224	0	37848	41912	36508	31784	
7225	0	39236	42372	36320	31476	
7226	0	40884	42628	36153	31192	
7227	0	42784	42516	35968	30913	
7228	0	44618	41524	35752	30605	
7229	0	46028	40245	35594	30329	
7230	0	47532	38136	35360	30050	
7231	0	52024	35164	35234	29761	
7232	0	55380	32352	34932	29488	
7233	0	50025	36397	34720	29221	
7234	0	44304	46124	34484	28961	
7235	0	21122	48304	34273	28700	
7236	0	23376	38016	34032	28449	
7237	0	46108	37564	33800	28204	
7238	0	55424	42064	33568	27962	
7239	0	34608	35764	33352	27716	
7240	0	33612	40748	33062	27490	
7241	0	41344	32700	32829	27272	
7242	0	34572	38153	32540	27048	
7243	0	34496	36808	32296	26825	
7244	0	34160	37784	32009	26628	
7245	0	33812	37700	31752	26424	
7246	0	34332	37282	31474	26234	
7247	0	34673	37276	31213	26036	
7248	0	34776	37085	30942	25886	
7249	0	34644	37184	30674	25710	
7250	0	34296	37592	30404	25560	
7251	0	34469	37532	30146	25408	
7252	0	34428	37387	29892	25284	
7253	0	34670	37164	29644	25150	
7254	0	34852	37128	29392	25037	
7255	0	34649	37256	29150	24923	
7256	0	34764	37260	28920	24832	
7257	0	34660	37312	28658	24728	
7258	0	34652	37466	28452	24642	
7259	0	34796	37508	28184	24544	
7260	0	35028	37256	28008	24464	
7261	0	34900	37476	27740	24366	
7262	0	34616	37114	27560	24282	
7263	0	34347	37588	27332	24185	
7264	0	35078	37184	27137	24108	
7265	0	35084	37202	26936	24008	
7266	0	35252	37252	26744	23920	
7267	0	34984	37408	26552	23824	
7268	0	34992	37336	26388	23728	
7269	0	35338	37152	26164	23622	
7270	0	35429	37080	25976	23512	
7271	0	35228	37072	25756	23404	
7272	0	35150	36800	25641	23294	
7273	0	35260	37372	25448	23196	
7274	0	35524	36936	25289	23067	
7275	0	35482	36978	25084	22948	
7276	0	35516	37112	24930	22832	
7277	0	35524	36897	24756	22718	
7278	0	35500	36952	24554	22610	
7279	0	35556	36900	24344	22492	
7280	0	35616	36948	24176	22376	
7281	0	35460	37124	24009	22265	
7282	0	35552	37224	23880	22154	
7283	0	35432	37470	23709	22060	
7284	0	35452	37482	23581	21964	
7285	0	35524	37612	23392	21864	
7286	0	35444	37800	23214	21796	
7287	0	35468	37752	23084	21704	
7288	0	35516	37673	22892	21634	
7289	0	35597	37778	22712	21582	
7290	0	36048	38292	22532	21516	
7291	0	36277	38861	22384	21460	
7292	0	36168	39608	22272	21416	
7293	0	35960	40396	22086	21365	
7294	0	35932	40720	21925	21314	
7295	0	35392	41196	21812	21296	
7296	0	35233	42536	21710	21274	
7297	0	35120	43520	21601	21210	
7298	0	34516	45172	21418	21232	
7299	0	33562	46000	21292	21188	
7300	0	33672	44928	21152	21224	
7301	0	35080	43808	21088	21166	
7302	0	34753	43480	20976	21232	
7303	0	37450	41812	20872	21216	
7304	0	40176	40432	20756	21276	
7305	0	36752	39496	20656	21312	
7306	0	33192	37484	20616	21329	
7307	0	29674	36292	20518	21416	
7308	0	31496	34776	20374	21473	
7309	0	35292	34612	20364	21504	
7310	0	33944	36532	20278	21600	
7311	0	34860	32356	20252	21700	
7312	0	34912	33728	20212	21768	
7313	0	33340	33476	20148	21876	
7314	0	30518	35048	20105	22000	
7315	0	30944	34424	20066	22170	
7316	0	31186	33893	20096	22272	
7317	0	30992	33952	20096	22396	
7318	0	31220	34433	20016	22494	
7319	0	31660	34121	20114	22653	
7320	0	32392	33866	20107	22813	
7321	0	32673	33932	20136	22921	
7322	0	32832	33908	20188	23054	
7323	0	32928	34298	20228	23164	
7324	0	32873	34876	20318	23344	
7325	0	32932	35276	20360	23456	
7326	0	33048	35808	20480	23632	
7327	0	33249	36328	20537	23760	
7328	0	33600	36822	20656	23866	
7329	0	33856	37184	20793	24028	
7330	0	34136	37500	20912	24120	
7331	0	34418	37916	21044	24283	
7332	0	34804	38756	21148	24438	
7333	0	35370	39452	21306	24590	
7334	0	36068	40074	21507	24756	
7335	0	37025	40580	21664	24912	
7336	0	38188	41168	21845	25065	
7337	0	39412	41684	22050	25317	
7338	0	41068	42168	22221	25460	
7339	0	42385	42240	22428	25633	
7340	0	43776	42208	22654	25824	
7341	0	44412	41064	22834	26048	
7342	0	45220	39808	23060	26260	
7343	0	45560	37836	23227	26485	
7344	0	49544	34696	23490	26712	
7345	0	47376	38872	23668	26933	
7346	0	50132	35229	23937	27172	
7347	0	44116	40576	24052	27400	
7348	0	24472	43196	24304	27649	
7349	0	13504	41856	24496	27888	
7350	0	37300	36960	24708	28204	
7351	0	54104	35580	24904	28416	
7352	0	39128	32704	25176	28722	
7353	0	31864	43492	25277	28949	
7354	0	40884	32521	25586	29270	
7355	0	35409	37348	25772	29468	
7356	0	34000	37572	25957	29736	
7357	0	34916	36856	26137	30000	
7358	0	34096	37869	26354	30280	
7359	0	34448	37240	26529	30541	
7360	0	34660	37304	26738	30817	
7361	0	34828	37248	26892	31104	
7362	0	34768	37188	27093	31354	
7363	0	34744	37289	27305	31638	
7364	0	34513	37573	27568	31896	
7365	0	34473	37448	27734	32170	
7366	0	34616	37352	27976	32424	
7367	0	34756	37264	28224	32712	
7368	0	34872	37232	28428	32925	
7369	0	34945	37276	28656	33172	
7370	0	34845	37280	28912	33400	
7371	0	34881	37390	29136	33636	
7372	0	34688	37577	29420	33856	
7373	0	34864	37294	29676	34073	
7374	0	35460	37130	29932	34280	
7375	0	34504	37448	30196	34488	
7376	0	34988	37233	30466	34716	
7377	0	35544	37080	30744	34824	
7378	0	35208	37197	31012	35004	
7379	0	35169	37264	31296	35088	
7380	0	35340	37152	31584	35204	
7381	0	35485	36984	31896	35316	
7382	0	35072	37273	32168	35424	
7383	0	35368	37016	32454	35522	
7384	0	35558	37172	32796	35640	
7385	0	35452	36772	33060	35676	
7386	0	35424	37042	33376	35817	
7387	0	35540	36876	33712	35776	
7388	0	35432	36956	33976	35836	
7389	0	35472	36992	34336	35952	
7390	0	35668	37028	34618	35968	
7391	0	35420	37084	34898	36032	
7392	0	35476	37064	35206	35928	
7393	0	35532	37048	35601	35932	
7394	0	35444	37028	35836	36012	
7395	0	35392	37285	36192	36032	
7396	0	35320	37524	36441	35992	
7397	0	35464	37568	36760	36025	
7398	0	35760	37544	37137	36014	
7399	0	35532	37744	37352	36104	
7400	0	35752	37728	37680	36133	
7401	0	35628	37760	37936	36146	
7402	0	35665	38016	38293	36080	
7403	0	36040	38280	38592	36118	
7404	0	36234	39036	38816	36228	
7405	0	36080	39944	39017	36256	
7406	0	36561	40697	39264	36284	
7407	0	36048	41088	39521	36254	
7408	0	35537	41609	39754	36326	
7409	0	34333	42620	40041	36344	
7410	0	34604	43924	40300	36456	
7411	0	34108	45804	40442	36461	
7412	0	33352	46412	40692	36528	
7413	0	33910	45040	40894	36588	
7414	0	35601	43645	41140	36634	
7415	0	36416	42784	41376	36733	
7416	0	38317	40906	41578	36752	
7417	0	38448	40104	41888	36845	
7418	0	35688	39100	42012	36938	
7419	0	31044	36960	42320	36988	
7420	0	27293	36732	42540	37088	
7421	0	30976	34186	42632	37174	
7422	0	33680	34345	42964	37236	
7423	0	32616	35445	43089	37316	
7424	0	32648	33316	43408	37428	
7425	0	37504	32892	43572	37506	
7426	0	31904	33368	43804	37577	
7427	0	29880	35596	44076	37680	
7428	0	30736	34624	44264	37760	
7429	0	31374	34206	44460	37840	
7430	0	30888	34540	44700	37912	
7431	0	31624	34601	44976	37990	
7432	0	32100	34692	45136	38064	
7433	0	32168	34890	45388	38124	
7434	0	32392	35017	45636	38172	
7435	0	32553	35340	45780	38224	
7436	0	32776	35731	45984	38272	
7437	0	33090	36076	46176	38292	
7438	0	33330	36509	46364	38316	
7439	0	33650	36916	46560	38340	
7440	0	33911	37280	46796	38340	
7441	0	34060	38108	46888	38390	
7442	0	33997	38748	47072	38358	
7443	0	34624	39364	47200	38368	
7444	0	35201	39904	47388	38420	
7445	0	35908	40392	47492	38364	
7446	0	36616	40900	47592	38364	
7447	0	37532	41312	47740	38440	
7448	0	38608	41544	47848	38360	
7449	0	39836	41932	47944	38441	
7450	0	41297	41960	48056	38380	
7451	0	42720	41644	48196	38460	
7452	0	43837	40648	48248	38484	
7453	0	44369	39608	48280	38420	
7454	0	45068	37724	48408	38420	
7455	0	47408	35624	48460	38464	
7456	0	50500	33352	48540	38500	
7457	0	48196	34100	48485	38528	
7458	0	43488	40820	48528	38592	
7459	0	44562	37060	48620	38568	
7460	0	30008	42556	48552	38580	
7461	0	10180	43496	48556	38696	
7462	0	33236	34932	48560	38712	
7463	0	46685	36992	48584	38748	
7464	0	49529	39104	48544	38712	
7465	0	35104	38422	48544	38843	
7466	0	34208	38552	48452	38796	
7467	0	40088	33172	48484	38856	
7468	0	33494	39140	48361	38964	
7469	0	34400	36812	48320	39008	
7470	0	34372	37308	48268	38980	
7471	0	33780	37802	48260	39092	
7472	0	34440	37288	48122	39160	
7473	0	34724	37452	48120	39204	
7474	0	34612	37248	48028	39236	
7475	0	34365	37560	47976	39308	
7476	0	34260	37596	47904	39408	
7477	0	34416	37452	47872	39524	
7478	0	34476	37360	47824	39580	
7479	0	34596	37272	47789	39705	
7480	0	34473	37400	47708	39768	
7481	0	34620	37308	47648	39873	
7482	0	34572	37500	47648	39980	
7483	0	34256	37644	47608	40068	
7484	0	34708	37560	47506	40176	
7485	0	34700	37172	47468	40252	
7486	0	33484	37340	47424	40348	
7487	0	34368	37284	47374	40452	
7488	0	35576	37002	47305	40513	
7489	0	34688	37120	47304	40592	
7490	0	35609	37094	47234	40680	
7491	0	35700	37057	47144	40736	
7492	0	35248	37193	47084	40769	
7493	0	35457	37088	47064	40842	
7494	0	35300	37112	47008	40865	
7495	0	35292	37116	46920	40920	
7496	0	35338	37096	46784	40972	
7497	0	35392	36960	46708	40980	
7498	0	35413	37040	46624	40984	
7499	0	35452	37004	46528	41026	
7500	0	35549	37024	46464	41032	
7501	0	35636	37072	46328	41005	
7502	0	35552	36874	46240	41024	
7503	0	35556	37084	46200	41032	
7504	0	35497	36840	46089	40992	
7505	0	35629	37121	45960	40960	
7506	0	35465	37220	45824	40988	
7507	0	35488	37268	45664	40928	
7508	0	35449	37596	45572	40898	
7509	0	35338	37812	45384	40884	
7510	0	35488	37840	45248	40821	
7511	0	35536	37740	45088	40802	
7512	0	35520	37596	44920	40732	
7513	0	35632	37930	44788	40762	
7514	0	36024	38341	44618	40664	
7515	0	36401	38869	44424	40596	
7516	0	36384	39608	44252	40608	
7517	0	36300	40160	44088	40512	
7518	0	36240	40656	43904	40520	
7519	0	35700	40968	43732	40468	
7520	0	35304	42112	43560	40336	
7521	0	35297	43324	43381	40292	
7522	0	35524	45300	43232	40296	
7523	0	33540	46264	43000	40132	
7524	0	33076	45344	42848	40164	
7525	0	34212	44240	42704	40056	
7526	0	36600	43196	42493	40000	
7527	0	35440	42072	42350	39852	
7528	0	40164	40768	42288	39780	
7529	0	37180	40628	42032	39758	
7530	0	32848	38684	41968	39732	
7531	0	28856	35808	41772	39572	
7532	0	28360	35160	41708	39488	
7533	0	32929	34216	41512	39404	
7534	0	33974	36536	41544	39344	
7535	0	35508	28900	41305	39156	
7536	0	36504	32208	41272	39064	
7537	0	31088	34148	41088	38944	
7538	0	29150	36064	41040	38912	
7539	0	30522	34100	40980	38804	
7540	0	30532	34334	40932	38596	
7541	0	30224	34960	40889	38492	
7542	0	31368	35104	40784	38285	
7543	0	32100	35010	40588	38140	
7544	0	32707	35044	40586	38056	
7545	0	32933	35090	40516	37800	
7546	0	33076	35456	40393	37604	
7547	0	33184	35906	40224	37500	
7548	0	33432	36408	40120	37250	
7549	0	33600	36856	40160	37080	
7550	0	33796	37139	39952	36844	
7551	0	33976	37516	39792	36576	
7552	0	34169	38124	39789	36321	
7553	0	34216	38944	39588	36096	
7554	0	34664	39584	39496	35876	
7555	0	35428	40140	39276	35608	
7556	0	35988	40280	39104	35360	
7557	0	36608	40588	38988	35144	
7558	0	37225	40956	38810	34825	
7559	0	38300	41416	38692	34569	
7560	0	39592	42048	38452	34312	
7561	0	41280	42228	38249	34034	
7562	0	42864	41792	38072	33816	
7563	0	43976	40732	37852	33560	
7564	0	44380	39264	37681	33284	
7565	0	45241	37477	37504	33036	
7566	0	47596	35388	37252	32736	
7567	0	49944	35924	36964	32520	
7568	0	48716	35346	36724	32244	
7569	0	47904	35104	36480	31990	
7570	0	39456	43908	36208	31777	
7571	0	20148	45040	35952	31524	
7572	0	20365	39632	35634	31286	
7573	0	39392	36104	35384	31056	
7574	0	54745	37244	35048	30824	
7575	0	39488	30896	34772	30596	
7576	0	29548	45812	34448	30400	
7577	0	40428	31424	34233	30202	
7578	0	35826	38208	33822	29976	
7579	0	33272	37808	33512	29769	
7580	0	35060	36408	33145	29586	
7581	0	34248	37608	32808	29404	
7582	0	34380	37352	32469	29244	
7583	0	34506	37376	32136	29036	
7584	0	34902	37108	31802	28884	
7585	0	34704	37380	31460	28740	
7586	0	34432	37436	31125	28564	
7587	0	34497	37372	30804	28424	
7588	0	34272	37476	30448	28333	
7589	0	34929	37164	30138	28201	
7590	0	34760	37229	29820	28098	
7591	0	34621	37196	29502	27941	
7592	0	35202	37273	29201	27833	
7593	0	34609	37597	28905	27744	
7594	0	34361	37584	28609	27685	
7595	0	34354	37780	28320	27553	
7596	0	34744	37309	28057	27448	
7597	0	33981	37476	27732	27400	
7598	0	34756	37328	27468	27280	
7599	0	34813	37080	27216	27210	
7600	0	35488	37088	27005	27094	
7601	0	35356	37144	26776	26988	
7602	0	35696	37000	26506	26956	
7603	0	35339	37150	26340	26772	
7604	0	35369	37152	26100	26681	
7605	0	35512	36880	25924	26612	
7606	0	35416	37020	25668	26442	
7607	0	35424	37081	25488	26330	
7608	0	35716	36960	25369	26186	
7609	0	35272	36944	25169	26052	
7610	0	35484	36920	25018	25928	
7611	0	35340	37192	24834	25785	
7612	0	35592	37092	24692	25697	
7613	0	35744	36913	24524	25496	
7614	0	35785	36844	24373	25368	
7615	0	35692	37024	24158	25232	
7616	0	35392	37192	24056	25096	
7617	0	35568	37169	23880	24936	
7618	0	35420	37464	23749	24808	
7619	0	35541	37576	23570	24697	
7620	0	35676	37792	23442	24537	
7621	0	35688	37688	23266	24413	
7622	0	35708	37913	23129	24320	
7623	0	35588	37856	22978	24148	
7624	0	35677	37829	22819	24017	
7625	0	35792	38130	22631	23908	
7626	0	36264	38680	22488	23785	
7627	0	36060	39388	22308	23652	
7628	0	36320	39940	22156	23590	
7629	0	36036	40296	22000	23508	
7630	0	35712	40484	21778	23404	
7631	0	34928	41101	21669	23240	
7632	0	34680	42512	21496	23158	
7633	0	35024	43912	21326	23062	
7634	0	33776	45324	21144	22968	
7635	0	33568	44897	20958	22896	
7636	0	34756	43756	20775	22826	
7637	0	37760	42880	20651	22734	
7638	0	36401	42816	20426	22664	
7639	0	37608	41440	20265	22648	
7640	0	37744	40532	20136	22603	
7641	0	34082	39180	19972	22510	
7642	0	29740	37558	19760	22489	
7643	0	28092	35940	19656	22436	
7644	0	32448	34173	19500	22460	
7645	0	34838	35320	19352	22400	
7646	0	34500	35713	19186	22408	
7647	0	35937	32610	19070	22433	
7648	0	35300	30037	18959	22440	
7649	0	33824	33182	18796	22492	
7650	0	31548	33802	18657	22470	
7651	0	30493	34721	18530	22540	
7652	0	30536	34666	18374	22536	
7653	0	30313	34713	18290	22509	
7654	0	30542	35056	18153	22596	
7655	0	31304	34580	18060	22648	
7656	0	31792	34936	17969	22676	
7657	0	32416	34949	17840	22614	
7658	0	32820	34780	17749	22658	
7659	0	32992	34956	17628	22674	
7660	0	32940	35668	17550	22684	
7661	0	32952	36450	17429	22712	
7662	0	33209	36905	17376	22720	
7663	0	33437	37202	17308	22760	
7664	0	33712	37714	17182	22728	
7665	0	33933	38452	17168	22716	
7666	0	34154	39136	17056	22752	
7667	0	34724	39788	16976	22772	
7668	0	35420	40384	16929	22797	
7669	0	35872	40704	16830	22797	
7670	0	36664	41318	16799	22776	
7671	0	37424	41640	16726	22880	
7672	0	38778	42060	16678	22860	
7673	0	40312	42324	16612	22888	
7674	0	42280	42508	16553	22932	
7675	0	44116	42036	16485	22972	
7676	0	45220	41092	16435	23034	
7677	0	45401	39080	16304	23064	
7678	0	46481	37033	16304	23060	
7679	0	49576	34128	16220	23154	
7680	0	49120	33937	16188	23244	
7681	0	40172	46769	16100	23320	
7682	0	48948	35292	16008	23332	
7683	0	39332	42989	15957	23433	
7684	0	18772	44508	15894	23492	
7685	0	18200	40312	15821	23578	
7686	0	41208	36282	15748	23553	
7687	0	47013	30536	15718	23752	
7688	0	39532	30860	15650	23818	
7689	0	32936	43400	15550	23908	
7690	0	39832	33222	15448	23988	
7691	0	37466	36280	15360	24156	
7692	0	33604	38136	15322	24168	
7693	0	34816	36720	15266	24338	
7694	0	34360	37536	15219	24416	
7695	0	34536	37428	15196	24504	
7696	0	34849	37104	15159	24644	
7697	0	34956	37284	15091	24876	
7698	0	34772	37277	15078	24966	
7699	0	34644	37449	15091	25148	
7700	0	34629	37412	15020	25289	
7701	0	34729	37306	15020	25400	
7702	0	34980	37130	15056	25508	
7703	0	34872	37296	15067	25652	
7704	0	34948	37220	15090	25960	
7705	0	35008	37202	15126	26124	
7706	0	34912	37260	15180	26289	
7707	0	34912	37466	15180	26392	
7708	0	35608	36986	15229	26594	
7709	0	34954	37536	15324	26756	
7710	0	35092	36972	15466	26892	
7711	0	35492	37104	15533	27020	
7712	0	35216	37184	15668	27228	
7713	0	35537	36808	15808	27360	
7714	0	35609	36936	15951	27492	
7715	0	35524	36784	16056	27562	
7716	0	35440	37072	16260	27746	
7717	0	35144	37192	16423	27848	
7718	0	35624	37036	16626	27992	
7719	0	35885	36788	16796	28032	
7720	0	35412	36848	17030	28160	
7721	0	35640	37364	17215	28194	
7722	0	35572	36712	17472	28344	
7723	0	35740	37048	17704	28389	
7724	0	35636	36909	17920	28492	
7725	0	35680	37092	18176	28565	
7726	0	35612	36892	18424	28595	
7727	0	35686	36908	18670	28686	
7728	0	35624	36956	18864	28796	
7729	0	35604	37136	19186	28915	
7730	0	35560	37164	19402	28997	
7731	0	35640	37544	19637	29059	
7732	0	35610	37684	19940	29216	
7733	0	35465	37810	20226	29316	
7734	0	35544	37956	20454	29504	
7735	0	35824	37800	20708	29592	
7736	0	35712	37608	21032	29716	
7737	0	35848	37664	21308	29916	
7738	0	36057	38106	21540	30080	
7739	0	36210	38800	21832	30258	
7740	0	36154	39478	22025	30506	
7741	0	36688	40332	22288	30652	
7742	0	36304	40624	22604	30828	
7743	0	35472	41104	22880	31054	
7744	0	35112	42449	23100	31328	
7745	0	35328	43892	23414	31468	
7746	0	34802	45532	23680	31708	
7747	0	33440	45768	23924	31928	
7748	0	33809	44800	24244	32192	
7749	0	34832	43132	24504	32364	
7750	0	35620	43336	24780	32580	
7751	0	38890	41196	25050	32824	
7752	0	39293	40468	25382	33060	
7753	0	35618	39904	25702	33304	
7754	0	32033	37524	25948	33508	
7755	0	28028	36396	26320	33716	
7756	0	30764	33868	26664	33972	
7757	0	35868	34404	26980	34196	
7758	0	33540	36704	27281	34425	
7759	0	33122	36056	27603	34664	
7760	0	35012	29564	27972	34864	
7761	0	33242	33625	28324	35104	
7762	0	30280	34984	28665	35360	
7763	0	29652	34856	29016	35532	
7764	0	30657	34104	29386	35796	
7765	0	30466	34464	29721	35952	
7766	0	30973	34696	30073	36096	
7767	0	31488	34845	30432	36376	
7768	0	32396	34492	30816	36544	
7769	0	32912	34316	31160	36728	
7770	0	33120	34632	31509	36914	
7771	0	33197	35033	31912	37045	
7772	0	33053	35610	32244	37184	
7773	0	32928	36289	32596	37342	
7774	0	33244	36944	32946	37568	
7775	0	33652	37193	33328	37616	
7776	0	33698	37684	33617	37744	
7777	0	34016	38284	33966	37868	
7778	0	34128	39204	34298	38080	
7779	0	34676	39912	34652	38217	
7780	0	35544	40432	34973	38234	
7781	0	36648	40808	35274	38370	
7782	0	37472	41080	35594	38456	
7783	0	38901	41547	35904	38549	
7784	0	40040	42056	36213	38780	
7785	0	41176	42212	36512	38844	
7786	0	42520	41976	36824	38924	
7787	0	43905	40882	37089	39168	
7788	0	44808	40224	37332	39181	
7789	0	45248	38456	37600	39396	
7790	0	46080	36684	37968	39362	
7791	0	49000	34452	38120	39616	
7792	0	48864	33896	38488	39760	
7793	0	46968	35148	38700	39720	
7794	0	47804	36044	38828	39844	
7795	0	39568	37996	39002	40076	
7796	0	20544	45356	39240	40088	
7797	0	13574	42344	39425	40184	
7798	0	34528	34824	39672	40428	
7799	0	53492	41198	39816	40416	
7800	0	47052	30804	39931	40560	
7801	0	34025	42016	40096	40776	
7802	0	36288	35292	40280	40872	
7803	0	37177	37204	40384	40880	
7804	0	34736	37160	40540	41016	
7805	0	34258	37376	40656	41188	
7806	0	34692	36988	40788	41216	
7807	0	34516	37489	40898	41252	
7808	0	34688	37300	41160	41365	
7809	0	34833	37232	41232	41565	
7810	0	34952	37184	41340	41588	
7811	0	34688	37316	41452	41720	
7812	0	34628	37308	41484	41924	
7813	0	34692	37305	41720	42068	
7814	0	34722	37283	41696	42116	
7815	0	34892	37228	41869	42266	
7816	0	34944	37232	41932	42312	
7817	0	34996	37208	42098	42464	
7818	0	35088	37216	42180	42630	
7819	0	34656	37356	42412	42620	
7820	0	35116	37136	42406	42784	
7821	0	34748	37365	42532	42809	
7822	0	34937	37192	42656	42961	
7823	0	35192	37050	42784	43012	
7824	0	35572	37057	43004	43064	
7825	0	35088	37088	43122	43164	
7826	0	35908	36624	43184	43132	
7827	0	36052	36813	43260	43232	
7828	0	35504	36848	43476	43152	
7829	0	35520	37076	43592	43172	
7830	0	35448	36952	43634	43227	
7831	0	35724	37008	43736	43200	
7832	0	35620	37021	43936	43144	
7833	0	35501	37048	43976	43160	
7834	0	35429	36928	44164	43152	
7835	0	35512	36876	44296	43056	
7836	0	35628	36841	44400	43090	
7837	0	35674	36872	44468	43088	
7838	0	35777	36936	44556	43008	
7839	0	35674	36856	44672	42928	
7840	0	35744	36960	44768	42878	
7841	0	35820	36920	44912	42873	
7842	0	35792	37137	44984	42897	
7843	0	35570	37307	45128	42788	
7844	0	35608	37412	45176	42800	
7845	0	35537	37588	45268	42748	
7846	0	35640	37696	45336	42760	
7847	0	35536	37888	45480	42769	
7848	0	35636	38066	45536	42692	
7849	0	35736	37757	45608	42744	
7850	0	35712	37986	45656	42688	
7851	0	36282	38408	45760	42690	
7852	0	36424	38804	45752	42784	
7853	0	36480	39544	45824	42704	
7854	0	36365	40129	45873	42736	
7855	0	36208	40576	45932	42724	
7856	0	35813	40960	46048	42756	
7857	0	35456	41944	46052	42842	
7858	0	35412	43164	46102	42800	
7859	0	35268	45116	46124	42840	
7860	0	34474	45908	46172	42864	
7861	0	33704	45220	46248	42912	
7862	0	33968	43884	46282	42908	
7863	0	35296	43536	46376	42880	
7864	0	36380	41932	46392	42904	
7865	0	40064	40269	46524	42984	
7866	0	36608	40640	46556	42960	
7867	0	32408	38437	46576	43064	
7868	0	28981	35872	46624	43088	
7869	0	30864	33616	46736	43104	
7870	0	35616	34128	46768	43177	
7871	0	33640	36933	46860	43204	
7872	0	33356	34756	46936	43188	
7873	0	35188	28642	47020	43288	
7874	0	32732	34308	47106	43320	
7875	0	30176	35306	47201	43373	
7876	0	30368	35403	47348	43420	
7877	0	30408	34172	47396	43396	
7878	0	30532	34476	47516	43433	
7879	0	30884	34732	47641	43492	
7880	0	31532	34497	47672	43544	
7881	0	32129	34536	47736	43588	
7882	0	32538	34365	47844	43576	
7883	0	32944	34424	47924	43584	
7884	0	33152	34760	47996	43605	
7885	0	33096	35308	48108	43644	
7886	0	32928	35876	48204	43597	
7887	0	33036	36544	48216	43636	
7888	0	33362	36864	48316	43596	
7889	0	33632	37174	48300	43577	
7890	0	33696	37713	48424	43580	
7891	0	33844	38484	48388	43578	
7892	0	34208	39136	48416	43564	
7893	0	34796	39812	48440	43529	
7894	0	35620	40368	48536	43474	
7895	0	36508	40848	48536	43458	
7896	0	37354	41310	48520	43408	
7897	0	38488	41643	48457	43332	
7898	0	39760	42012	48464	43324	
7899	0	41364	42464	48410	43248	
7900	0	43264	42269	48432	43244	
7901	0	44668	41458	48277	43184	
7902	0	45232	40046	48228	43132	
7903	0	46620	38168	48156	43072	
7904	0	50096	34802	48076	42988	
7905	0	50600	33124	48044	42920	
7906	0	49852	34269	47864	42900	
7907	0	50580	36420	47812	42796	
7908	0	41808	40985	47612	42760	
7909	0	18532	45296	47484	42672	
7910	0	12876	42192	47360	42540	
7911	0	36644	35064	47180	42460	
7912	0	54576	43600	46976	42377	
7913	0	44080	29340	46828	42272	
7914	0	31226	46696	46610	42200	
7915	0	41564	32004	46412	42106	
7916	0	36696	36448	46218	41970	
7917	0	32704	38532	46044	41866	
7918	0	35240	36440	45784	41668	
7919	0	33386	38384	45564	41600	
7920	0	34489	37364	45400	41390	
7921	0	34628	37360	45200	41312	
7922	0	34892	37260	44952	41088	
7923	0	34728	37232	44712	41016	
7924	0	34640	37444	44521	40880	
7925	0	34656	37388	44368	40648	
7926	0	34760	37108	44090	40560	
7927	0	34568	37088	43937	40400	
7928	0	34968	37121	43712	40162	
7929	0	34188	37536	43524	40065	
7930	0	34888	37210	43280	39802	
7931	0	34776	37440	43156	39668	
7932	0	34769	37553	42884	39496	
7933	0	34690	37336	42669	39262	
7934	0	35197	37134	42586	39153	
7935	0	35044	37288	42336	38944	
7936	0	34830	37360	42085	38700	
7937	0	35424	36834	41896	38417	
7938	0	34668	37084	41688	38188	
7939	0	35136	37180	41580	37945	
7940	0	35352	37128	41425	37712	
7941	0	35309	37256	41177	37500	
7942	0	35292	37064	40868	37164	
7943	0	35232	37128	40648	36954	
7944	0	35258	37057	40544	36637	
7945	0	35270	37044	40268	36353	
7946	0	35421	36948	40005	36032	
7947	0	35400	37036	39888	35712	
7948	0	35440	37024	39572	35408	
7949	0	35409	37088	39344	35138	
7950	0	35494	37001	39128	34776	
7951	0	35616	37168	38961	34476	
7952	0	35456	37088	38800	34163	
7953	0	35508	37168	38458	33861	
7954	0	35564	37188	38304	33562	
7955	0	35520	37252	38044	33272	
7956	0	35472	37380	37796	32984	
7957	0	35500	37600	37608	32720	
7958	0	35292	37660	37400	32436	
7959	0	35424	37849	37212	32154	
7960	0	35448	37816	36928	31898	
7961	0	35576	37704	36692	31632	
7962	0	35636	38000	36464	31400	
7963	0	36148	38640	36244	31141	
7964	0	36388	39034	36060	30924	
7965	0	36388	39648	35776	30692	
7966	0	36125	40040	35556	30468	
7967	0	36017	40352	35340	30264	
7968	0	35492	40672	35144	30052	
7969	0	35228	42096	34930	29860	
7970	0	35212	43024	34716	29658	
7971	0	35544	44154	34508	29490	
7972	0	34384	45584	34252	29312	
7973	0	33104	44484	34070	29128	
7974	0	35296	43108	33844	28952	
7975	0	37101	42580	33672	28782	
7976	0	34812	42080	33440	28628	
7977	0	38504	40736	33256	28469	
7978	0	36924	40408	33060	28348	
7979	0	34090	39101	32872	28208	
7980	0	29972	36938	32676	28065	
7981	0	29148	35256	32509	27952	
7982	0	33244	33422	32384	27829	
7983	0	34482	35074	32210	27704	
7984	0	31792	37772	32008	27608	
7985	0	35168	28812	31858	27496	
7986	0	35864	34378	31712	27387	
7987	0	31440	34093	31566	27282	
7988	0	29856	35969	31418	27200	
7989	0	30992	34940	31308	27092	
7990	0	31257	34572	31172	26984	
7991	0	30857	35128	30998	26881	
7992	0	31313	35193	30857	26792	
7993	0	31962	34856	30736	26684	
7994	0	32449	34704	30584	26568	
7995	0	32712	34852	30437	26453	
7996	0	32938	35176	30305	26333	
7997	0	32884	35749	30168	26212	
7998	0	32765	36372	30034	26077	
7999	0	33004	36916	29884	25956	
8000	0	33264	37336	29724	25816	
8001	0	33572	37721	29564	25680	
8002	0	33764	38172	29414	25540	
8003	0	33884	38548	29245	25389	
8004	0	34456	39532	29104	25234	
8005	0	35097	39944	28896	25100	
8006	0	35936	40512	28784	24955	
8007	0	36757	40968	28576	24798	
8008	0	37704	41440	28441	24632	
8009	0	39012	42028	28248	24480	
8010	0	40284	42520	28108	24320	
8011	0	41954	42832	27860	24156	
8012	0	43817	42012	27701	24000	
8013	0	45072	41040	27565	23832	
8014	0	45464	39304	27358	23672	
8015	0	46548	37190	27196	23524	
8016	0	49944	34152	27005	23352	
8017	0	48800	33336	26812	23200	
8018	0	48980	35640	26605	23032	
8019	0	42164	44080	26364	22880	
8020	0	43816	35040	26179	22729	
8021	0	25514	41900	25936	22594	
8022	0	9115	46720	25666	22448	
8023	0	38986	32456	25580	22310	
8024	0	48592	38138	25325	22176	
8025	0	49040	38768	25092	22048	
8026	0	37392	37461	24916	21938	
8027	0	33244	40228	24672	21830	
8028	0	41701	32372	24514	21725	
8029	0	33200	39552	24220	21642	
8030	0	34376	36682	24005	21548	
8031	0	34552	37244	23829	21484	
8032	0	33980	37816	23576	21413	
8033	0	34692	37192	23323	21358	
8034	0	34912	37368	23134	21316	
8035	0	34788	37186	22952	21296	
8036	0	34604	37436	22669	21280	
8037	0	34806	37208	22498	21306	
8038	0	34810	37132	22279	21296	
8039	0	34800	37198	22032	21324	
8040	0	34840	37252	21860	21344	
8041	0	35049	37333	21634	21436	
8042	0	34872	37356	21424	21468	
8043	0	34833	37400	21222	21563	
8044	0	34542	37440	21004	21620	
8045	0	35097	37144	20866	21705	
8046	0	34784	37352	20645	21792	
8047	0	35584	36756	20396	21940	
8048	0	34904	37081	20244	21953	
8049	0	35506	36824	20097	22094	
8050	0	34460	37408	19845	22174	
8051	0	35512	37034	19718	22281	
8052	0	35410	37168	19560	22361	
8053	0	35249	37166	19392	22422	
8054	0	35284	37216	19230	22508	
8055	0	35372	37132	19062	22600	
8056	0	35657	36924	18870	22626	
8057	0	35212	37280	18722	22722	
8058	0	35620	37114	18601	22780	
8059	0	35312	37056	18397	22872	
8060	0	35499	36924	18261	22884	
8061	0	35628	37022	18150	22952	
8062	0	35484	37040	17986	22988	
8063	0	35549	36988	17894	22994	
8064	0	35628	37072	17754	23081	
8065	0	35520	37016	17638	23072	
8066	0	35592	36972	17476	23120	
8067	0	35690	37032	17397	23129	
8068	0	35432	37392	17285	23196	
8069	0	35572	37556	17158	23180	
8070	0	35648	37781	17065	23204	
8071	0	35488	37936	16986	23268	
8072	0	35608	38024	16841	23281	
8073	0	35506	37914	16779	23324	
8074	0	35525	38048	16694	23332	
8075	0	35920	38318	16598	23428	
8076	0	36200	38740	16498	23472	
8077	0	36092	39428	16506	23494	
8078	0	36108	40420	16408	23584	
8079	0	36123	41008	16280	23637	
8080	0	35420	41192	16302	23654	
8081	0	34756	42200	16226	23650	
8082	0	34296	43410	16208	23785	
8083	0	33560	46040	16140	23836	
8084	0	32254	47112	16160	23828	
8085	0	33276	45340	16161	23872	
8086	0	35816	44060	16072	23920	
8087	0	38428	44189	16076	23992	
8088	0	41281	41313	16097	24088	
8089	0	39520	40616	16092	24115	
8090	0	35348	39728	16106	24224	
8091	0	29536	37576	16104	24274	
8092	0	27617	37052	16100	24394	
8093	0	32840	33304	16190	24416	
8094	0	35172	35097	16153	24536	
8095	0	31092	37644	16260	24602	
8096	0	33668	28560	16332	24740	
8097	0	34281	35681	16385	24840	
8098	0	31100	33124	16418	25029	
8099	0	29300	35180	16538	25068	
8100	0	30293	34304	16630	25136	
8101	0	30484	34396	16701	25318	
8102	0	30452	34532	16872	25478	
8103	0	31084	34841	16984	25646	
8104	0	31504	34940	17135	25748	
8105	0	31896	34980	17226	25880	
8106	0	32344	35065	17416	26016	
8107	0	32636	35360	17580	26160	
8108	0	32836	35756	17780	26340	
8109	0	33108	36264	17905	26425	
8110	0	33316	36808	18089	26560	
8111	0	33560	37325	18272	26712	
8112	0	33724	37860	18484	26789	
8113	0	33866	38205	18656	26960	
8114	0	33977	38780	18875	27112	
8115	0	34432	39524	19040	27226	
8116	0	35164	40108	19240	27382	
8117	0	36008	40600	19486	27496	
8118	0	37013	40880	19684	27632	
8119	0	37844	41480	19852	27749	
8120	0	38992	41880	20068	27904	
8121	0	40426	42418	20293	28076	
8122	0	41776	42960	20544	28202	
8123	0	43962	43044	20760	28400	
8124	0	45970	41704	20980	28524	
8125	0	46641	39520	21174	28682	
8126	0	47744	37256	21391	28853	
8127	0	51040	34356	21646	29036	
8128	0	51064	33674	21808	29202	
8129	0	41124	46700	22018	29389	
8130	0	50688	32904	22310	29569	
8131	0	36764	43664	22480	29753	
8132	0	10972	47008	22673	30009	
8133	0	30688	34724	22938	30196	
8134	0	43188	38108	23084	30334	
8135	0	47508	24722	23436	30528	
8136	0	42596	31996	23539	30736	
8137	0	31864	41964	23734	30954	
8138	0	40704	32132	23992	31144	
8139	0	34364	38105	24176	31345	
8140	0	33992	37400	24402	31608	
8141	0	34920	36830	24564	31792	
8142	0	34068	37657	24784	31957	
8143	0	34468	37378	25020	32188	
8144	0	34800	37194	25254	32405	
8145	0	34905	37337	25474	32592	
8146	0	34548	37378	25629	32828	
8147	0	34348	37516	25878	33074	
8148	0	34437	37492	26088	33332	
8149	0	34585	37408	26320	33537	
8150	0	34640	37404	26629	33748	
8151	0	34640	37368	26876	34033	
8152	0	34686	37392	27068	34268	
8153	0	34628	37492	27364	34433	
8154	0	34560	37576	27642	34700	
8155	0	34497	37553	27896	34896	
8156	0	34660	37428	28148	35148	
8157	0	34944	37208	28442	35332	
8158	0	34888	37274	28728	35480	
8159	0	34858	37296	28993	35720	
8160	0	35660	36976	29288	35939	
8161	0	35148	37108	29586	36056	
8162	0	35056	37336	29877	36232	
8163	0	35380	37156	30169	36408	
8164	0	35616	36976	30474	36468	
8165	0	35258	37124	30764	36601	
8166	0	35662	37024	31060	36714	
8167	0	35300	36836	31364	36800	
8168	0	35613	37265	31652	36850	
8169	0	35163	36880	31948	36928	
8170	0	35392	37006	32242	37068	
8171	0	35256	37276	32530	37036	
8172	0	35592	37048	32820	37084	
8173	0	35488	37120	33104	37128	
8174	0	35520	37212	33445	37260	
8175	0	35546	37060	33697	37186	
8176	0	35416	37157	33968	37288	
8177	0	35438	37160	34264	37240	
8178	0	35456	37434	34570	37284	
8179	0	35400	37661	34794	37264	
8180	0	35485	37933	35072	37281	
8181	0	35392	38052	35396	37338	
8182	0	35720	37972	35648	37440	
8183	0	35541	37920	35836	37437	
8184	0	35812	37974	36106	37500	
8185	0	35904	38417	36389	37540	
8186	0	36096	38952	36624	37524	
8187	0	35877	39780	36820	37580	
8188	0	36301	40772	37060	37620	
8189	0	35896	41226	37292	37612	
8190	0	35597	41985	37529	37620	
8191	0	34709	42904	37776	37676	
8192	0	34752	44420	38009	37724	
8193	0	33596	46288	38226	37891	
8194	0	32821	45840	38436	37900	
8195	0	36288	43884	38636	37928	
8196	0	36016	42880	38850	37944	
8197	0	37764	41596	39048	38017	
8198	0	38496	41116	39301	38136	
8199	0	36712	40914	39480	38188	
8200	0	32474	39456	39697	38264	
8201	0	29508	36676	39944	38352	
8202	0	27740	36114	40148	38414	
8203	0	34544	33186	40376	38600	
8204	0	34714	35272	40597	38684	
8205	0	32496	37950	40856	38708	
8206	0	34328	29169	41184	38913	
8207	0	36512	33604	41288	38921	
8208	0	31332	33680	41552	39144	
8209	0	29944	35648	41768	39160	
8210	0	30833	34636	42153	39288	
8211	0	31040	34740	42268	39488	
8212	0	30632	34985	42604	39544	
8213	0	31296	35108	42872	39748	
8214	0	31896	34980	43108	39789	
8215	0	32289	35112	43249	39968	
8216	0	32769	35208	43464	40018	
8217	0	33088	35356	43748	40116	
8218	0	33248	35764	43952	40305	
8219	0	33393	36321	44148	40412	
8220	0	33664	36704	44376	40448	
8221	0	33804	37120	44580	40600	
8222	0	34096	37584	44772	40712	
8223	0	34236	38164	44968	40736	
8224	0	34554	38900	45168	40820	
8225	0	35164	39376	45324	40948	
8226	0	35944	39713	45548	41032	
8227	0	36713	40088	45728	41088	
8228	0	37264	40468	45850	41156	
8229	0	38052	40673	45996	41276	
8230	0	39540	41110	46128	41280	
8231	0	40826	41472	46228	41386	
8232	0	42161	41316	46347	41426	
8233	0	43144	41132	46468	41480	
8234	0	44069	40432	46552	41572	
8235	0	44226	39108	46589	41592	
8236	0	44898	37632	46593	41632	
8237	0	46148	35944	46676	41696	
8238	0	49113	34560	46708	41744	
8239	0	48660	35264	46748	41792	
8240	0	45424	39504	46696	41796	
8241	0	48572	34504	46688	41876	
8242	0	34984	43329	46680	41900	
8243	0	11289	47884	46653	41930	
8244	0	27193	37301	46576	41952	
8245	0	44612	38640	46557	41992	
8246	0	51776	33256	46472	42000	
8247	0	39496	31476	46428	41984	
8248	0	30305	44264	46276	41976	
8249	0	41156	31731	46204	42024	
8250	0	35076	37464	46136	42004	
8251	0	33704	37692	46032	42044	
8252	0	35148	36512	45880	42080	
8253	0	33488	38136	45824	42116	
8254	0	34265	37456	45656	42140	
8255	0	34725	37440	45536	42124	
8256	0	34794	37264	45424	42116	
8257	0	34476	37472	45348	42160	
8258	0	34642	37481	45184	42252	
8259	0	34753	37424	45112	42268	
8260	0	34628	37416	44984	42259	
8261	0	34836	37184	44896	42288	
8262	0	34777	37272	44828	42392	
8263	0	34632	37405	44752	42392	
8264	0	34516	37644	44596	42388	
8265	0	34912	37248	44508	42424	
8266	0	34722	37512	44400	42560	
8267	0	34916	37106	44329	42488	
8268	0	34688	37352	44234	42586	
8269	0	35088	37232	44145	42580	
8270	0	35108	37130	44104	42664	
8271	0	34784	37228	44025	42592	
8272	0	35468	37060	43976	42672	
8273	0	35208	37060	43804	42592	
8274	0	35000	37298	43780	42632	
8275	0	35304	37200	43681	42624	
8276	0	35394	37072	43556	42552	
8277	0	34854	37728	43466	42524	
8278	0	35168	36976	43369	42476	
8279	0	35213	37158	43272	42452	
8280	0	35136	37020	43189	42489	
8281	0	35408	37036	43072	42356	
8282	0	35292	37204	42972	42304	
8283	0	35421	37216	42856	42216	
8284	0	35420	37296	42764	42108	
8285	0	35388	37356	42648	42160	
8286	0	35424	37192	42497	41940	
8287	0	35292	37320	42384	41976	
8288	0	35296	37320	42344	41818	
8289	0	35392	37508	42112	41800	
8290	0	35384	37724	41976	41688	
8291	0	35372	37829	41936	41544	
8292	0	35492	37848	41812	41492	
8293	0	35481	37804	41652	41344	
8294	0	35488	37752	41384	41325	
8295	0	35600	38121	41268	41200	
8296	0	35784	38900	41072	41068	
8297	0	35964	39576	40928	40928	
8298	0	36136	40504	40752	40778	
8299	0	35928	40962	40605	40732	
8300	0	35740	41572	40492	40628	
8301	0	34648	42480	40306	40580	
8302	0	34353	43936	40084	40444	
8303	0	34185	46196	39926	40252	
8304	0	32706	46501	39781	40044	
8305	0	34053	45136	39592	39976	
8306	0	36848	43576	39481	39868	
8307	0	35412	43544	39312	39714	
8308	0	39596	41632	39114	39440	
8309	0	38724	41216	38976	39412	
8310	0	35512	40172	38832	39232	
8311	0	30552	38240	38648	39064	
8312	0	26444	37192	38524	38781	
8313	0	32028	33914	38460	38674	
8314	0	36384	34181	38240	38440	
8315	0	34945	34808	38104	38276	
8316	0	31566	37000	38064	38106	
8317	0	34763	28144	37836	38008	
8318	0	33932	33452	37836	37880	
8319	0	31060	33608	37608	37645	
8320	0	30140	34270	37486	37478	
8321	0	30706	33332	37370	37256	
8322	0	30732	33872	37256	37037	
8323	0	30656	34405	37144	36972	
8324	0	31484	34276	37040	36708	
8325	0	31842	34413	36928	36544	
8326	0	32408	34496	36840	36363	
8327	0	32816	34528	36696	36137	
8328	0	32905	34824	36668	35810	
8329	0	32736	35340	36506	35584	
8330	0	32776	35996	36325	35384	
8331	0	32972	36604	36189	35113	
8332	0	33484	36944	36101	34896	
8333	0	33728	37304	35914	34629	
8334	0	33788	38017	35752	34396	
8335	0	34146	38629	35604	34224	
8336	0	34348	39392	35496	33972	
8337	0	34888	39984	35300	33624	
8338	0	35653	40556	35117	33421	
8339	0	36476	41132	34948	33132	
8340	0	37400	41760	34756	32948	
8341	0	38778	42176	34564	32625	
8342	0	40088	42888	34376	32449	
8343	0	41796	43296	34160	32152	
8344	0	43337	42892	33940	31949	
8345	0	44996	41752	33702	31684	
8346	0	45432	40115	33442	31464	
8347	0	45924	38232	33220	31236	
8348	0	49568	35672	32925	31036	
8349	0	52948	34032	32672	30863	
8350	0	49864	34648	32432	30625	
8351	0	42289	43480	32152	30400	
8352	0	44924	34153	31900	30228	
8353	0	24850	43200	31592	30036	
8354	0	9156	46732	31242	29872	
8355	0	36800	32776	30988	29712	
8356	0	43785	37472	30712	29536	
8357	0	49514	40050	30401	29297	
8358	0	39530	32037	30096	29152	
8359	0	30496	43752	29722	28988	
8360	0	39984	32229	29540	28806	
8361	0	35072	37626	29216	28697	
8362	0	33874	37624	28920	28500	
8363	0	35200	36424	28604	28394	
8364	0	33772	37940	28347	28216	
8365	0	34718	37229	28064	28085	
8366	0	34820	37296	27808	28000	
8367	0	34852	37216	27540	27876	
8368	0	34656	37344	27290	27768	
8369	0	34594	37416	26976	27668	
8370	0	34632	37416	26804	27472	
8371	0	34696	37388	26528	27421	
8372	0	34920	37192	26277	27248	
8373	0	34876	37264	26088	27208	
8374	0	34772	37340	25924	27022	
8375	0	34744	37400	25686	26913	
8376	0	34652	37368	25520	26784	
8377	0	34616	37568	25333	26667	
8378	0	35130	37220	25140	26528	
8379	0	35600	37032	24996	26400	
8380	0	35128	37132	24821	26274	
8381	0	35492	36864	24662	26113	
8382	0	35337	37012	24536	26020	
8383	0	34528	36908	24340	25890	
8384	0	35072	36964	24196	25690	
8385	0	35140	37224	24144	25536	
8386	0	35405	37044	23992	25424	
8387	0	34876	37284	23932	25206	
8388	0	35536	36976	23876	25082	
8389	0	35188	36772	23728	24850	
8390	0	35520	37012	23649	24676	
8391	0	35464	37124	23594	24484	
8392	0	35438	36960	23484	24296	
8393	0	35668	37064	23368	24140	
8394	0	35620	37162	23301	23944	
8395	0	35556	37244	23292	23816	
8396	0	35478	37153	23246	23624	
8397	0	35412	37264	23180	23401	
8398	0	35464	37148	23124	23238	
8399	0	35520	37337	23056	23056	
8400	0	35516	37568	22931	22881	
8401	0	35544	37664	22907	22712	
8402	0	35704	37760	22830	22550	
8403	0	35493	38008	22720	22392	
8404	0	35681	37936	22730	22274	
8405	0	35684	37824	22589	22116	
8406	0	35653	38096	22571	21972	
8407	0	36128	38417	22492	21857	
8408	0	36042	38936	22365	21764	
8409	0	36288	39389	22286	21660	
8410	0	36224	40208	22208	21570	
8411	0	35746	40788	22125	21440	
8412	0	35544	41332	22026	21328	
8413	0	35172	42088	21926	21271	
8414	0	35008	43556	21916	21209	
8415	0	34584	45592	21765	21168	
8416	0	32802	46316	21750	21116	
8417	0	33728	45000	21629	21104	
8418	0	35937	43796	21514	21058	
8419	0	33928	43776	21502	21058	
8420	0	38036	41480	21336	21028	
8421	0	38788	40968	21300	21033	
8422	0	35576	40464	21248	21017	
8423	0	30756	38848	21161	21074	
8424	0	25674	36896	21069	21082	
8425	0	29560	33320	20984	21098	
8426	0	37172	33706	21001	21156	
8427	0	34900	35156	20944	21184	
8428	0	33408	36912	20882	21304	
8429	0	34324	28596	20842	21328	
8430	0	35448	32844	20841	21413	
8431	0	31116	34198	20792	21441	
8432	0	29708	34936	20764	21516	
8433	0	31037	33888	20756	21577	
8434	0	31660	33909	20706	21644	
8435	0	31136	34596	20718	21666	
8436	0	31552	34784	20717	21769	
8437	0	31909	34844	20732	21797	
8438	0	32457	34874	20763	21833	
8439	0	32754	35130	20860	21901	
8440	0	32992	35340	20865	21932	
8441	0	33105	35730	20832	21965	
8442	0	33324	36368	20957	21960	
8443	0	33476	36876	20925	22005	
8444	0	33686	37297	21024	21978	
8445	0	33848	37572	21096	21994	
8446	0	33756	38560	21112	22008	
8447	0	34088	39404	21162	22024	
8448	0	34692	39908	21196	21984	
8449	0	35453	40248	21254	21980	
8450	0	36348	40846	21272	21976	
8451	0	37205	41236	21357	21970	
8452	0	38216	41768	21348	21940	
8453	0	39460	42316	21432	21949	
8454	0	40988	42556	21468	21906	
8455	0	42697	42329	21514	21888	
8456	0	44488	41912	21572	21868	
8457	0	45624	40616	21560	21858	
8458	0	46596	38417	21681	21910	
8459	0	48808	35664	21712	21868	
8460	0	52068	33188	21760	21902	
8461	0	48096	38360	21754	21908	
8462	0	51969	35476	21808	21936	
8463	0	42480	40481	21776	21949	
8464	0	21760	44236	21784	22041	
8465	0	12281	41400	21822	22018	
8466	0	38192	32488	21821	22064	
8467	0	47864	39160	21876	22146	
8468	0	50752	46236	21847	22213	
8469	0	37357	36860	21896	22313	
8470	0	34044	40826	21865	22396	
8471	0	40889	32168	21946	22441	
8472	0	34029	38908	21936	22522	
8473	0	34396	36784	21954	22610	
8474	0	34636	37170	21972	22738	
8475	0	34240	37481	22001	22864	
8476	0	34592	37284	22032	22996	
8477	0	34844	37168	22052	23178	
8478	0	34833	37284	22104	23332	
8479	0	34596	37481	22136	23496	
8480	0	34480	37644	22105	23680	
8481	0	34650	37440	22161	23845	
8482	0	34820	37209	22257	24020	
8483	0	34968	37080	22265	24237	
8484	0	34810	37300	22312	24504	
8485	0	34916	37248	22389	24684	
8486	0	34916	37344	22410	24906	
8487	0	35060	37232	22563	25156	
8488	0	35000	37492	22641	25400	
8489	0	35040	37284	22732	25652	
8490	0	34946	37152	22850	25888	
8491	0	36112	36844	22962	26184	
8492	0	35012	37140	23104	26408	
8493	0	35312	36988	23208	26593	
8494	0	36376	36688	23309	26849	
8495	0	35612	37064	23504	27042	
8496	0	35485	36928	23644	27266	
8497	0	35208	37192	23820	27504	
8498	0	35392	36960	24026	27688	
8499	0	35464	37020	24208	27906	
8500	0	35512	36872	24378	28100	
8501	0	35094	36893	24656	28288	
8502	0	35734	36960	24842	28484	
8503	0	35605	36848	25088	28672	
8504	0	35672	36724	25304	28841	
8505	0	35576	36936	25525	29009	
8506	0	35720	36840	25774	29184	
8507	0	35596	36976	26000	29360	
8508	0	35740	36852	26220	29561	
8509	0	35552	36997	26476	29724	
8510	0	35576	37056	26756	29913	
8511	0	35608	37060	27052	30066	
8512	0	35617	37348	27314	30256	
8513	0	35768	37540	27576	30432	
8514	0	35744	37808	27821	30628	
8515	0	35612	37680	28100	30784	
8516	0	35777	37780	28322	31018	
8517	0	35729	37592	28608	31192	
8518	0	36026	37609	28900	31426	
8519	0	36024	37968	29186	31544	
8520	0	36500	38568	29444	31689	
8521	0	36488	39208	29688	31936	
8522	0	36500	39756	29986	32064	
8523	0	36344	40396	30221	32216	
8524	0	35933	40808	30529	32394	
8525	0	35244	41418	30784	32640	
8526	0	35256	42728	31084	32768	
8527	0	35344	44704	31388	32917	
8528	0	34285	46188	31648	33088	
8529	0	33828	45793	31904	33360	
8530	0	34849	44528	32225	33444	
8531	0	37460	43408	32532	33688	
8532	0	34536	42149	32796	33790	
8533	0	38268	40952	33101	33960	
8534	0	37792	40545	33388	34188	
8535	0	34272	38980	33678	34280	
8536	0	29791	36192	34012	34452	
8537	0	28488	35940	34290	34705	
8538	0	34020	33536	34632	34792	
8539	0	33248	36764	34920	35024	
8540	0	33613	35296	35321	35153	
8541	0	35372	31926	35716	35297	
8542	0	33572	33864	35984	35500	
8543	0	29588	35598	36289	35638	
8544	0	29796	35137	36648	35896	
8545	0	30688	34140	37076	35964	
8546	0	30237	34405	37351	36156	
8547	0	30520	34820	37794	36344	
8548	0	31444	34525	38216	36460	
8549	0	32198	34216	38568	36564	
8550	0	32758	34256	38880	36616	
8551	0	33040	34572	39212	36832	
8552	0	33008	35080	39576	36842	
8553	0	32940	35732	39928	36961	
8554	0	32922	36384	40410	37044	
8555	0	33064	37032	40658	37138	
8556	0	33280	37496	41106	37208	
8557	0	33570	37928	41332	37244	
8558	0	33819	38378	41684	37320	
8559	0	35762	39160	42004	37416	
8560	0	34888	39312	42281	37460	
8561	0	34808	40748	42696	37465	
8562	0	35808	41292	42965	37504	
8563	0	37244	41600	43168	37560	
8564	0	38450	42314	43472	37592	
8565	0	40072	42763	43738	37636	
8566	0	41980	43072	43960	37692	
8567	0	43930	42961	44256	37728	
8568	0	45756	42186	44418	37768	
8569	0	46548	39957	44688	37816	
8570	0	48476	38804	44864	37860	
8571	0	52628	33418	45080	37912	
8572	0	50712	35492	45208	37964	
8573	0	49720	36250	45380	37993	
8574	0	44764	45572	45508	38048	
8575	0	28345	43626	45656	38084	
8576	0	15736	39908	45752	38162	
8577	0	35820	35872	45884	38208	
8578	0	55232	39418	46036	38282	
8579	0	40154	31680	46108	38340	
8580	0	35236	44116	46172	38393	
8581	0	40056	32744	46240	38464	
8582	0	37632	35798	46304	38552	
8583	0	33500	38420	46344	38612	
8584	0	34888	36640	46470	38664	
8585	0	33808	38056	46472	38724	
8586	0	34112	37514	46548	38816	
8587	0	34536	37280	46552	38893	
8588	0	34920	37216	46564	38952	
8589	0	34704	37124	46681	39036	
8590	0	34628	37404	46729	39133	
8591	0	34541	37396	46764	39204	
8592	0	34472	37548	46788	39296	
8593	0	34656	37344	46808	39388	
8594	0	34752	37296	46856	39484	
8595	0	34662	37340	46912	39586	
8596	0	34648	37372	46956	39696	
8597	0	34596	37524	46908	39778	
8598	0	35048	37312	46956	39880	
8599	0	34481	37597	47080	39968	
8600	0	34936	37512	47088	40069	
8601	0	35380	36956	47112	40168	
8602	0	35473	36888	47136	40244	
8603	0	34277	37600	47168	40348	
8604	0	35485	37021	47220	40412	
8605	0	35560	37012	47284	40496	
8606	0	35394	37032	47282	40576	
8607	0	34984	37320	47296	40636	
8608	0	35200	37120	47328	40697	
8609	0	35144	37228	47352	40780	
8610	0	35105	37576	47384	40820	
8611	0	35216	36908	47464	40896	
8612	0	35500	37564	47417	40916	
8613	0	35270	36836	47428	40970	
8614	0	35376	37100	47460	41016	
8615	0	35417	37134	47416	41076	
8616	0	35588	37028	47508	41088	
8617	0	35472	37100	47464	41138	
8618	0	35640	37056	47456	41185	
8619	0	35452	37164	47424	41221	
8620	0	35394	37240	47412	41276	
8621	0	35332	37448	47380	41344	
8622	0	35360	37620	47385	41372	
8623	0	35484	37692	47309	41422	
8624	0	35336	37909	47352	41450	
8625	0	35452	38044	47272	41532	
8626	0	35424	37792	47216	41572	
8627	0	35576	37816	47168	41576	
8628	0	35764	38106	47144	41656	
8629	0	35996	38696	47084	41712	
8630	0	36164	39200	47012	41768	
8631	0	36112	40028	47004	41801	
8632	0	36072	40824	46980	41832	
8633	0	35560	41163	46884	41904	
8634	0	34976	41812	46768	41944	
8635	0	34520	43088	46696	41993	
8636	0	34336	44816	46696	42049	
8637	0	33424	47284	46588	42077	
8638	0	33064	46156	46492	42128	
8639	0	34400	45148	46428	42216	
8640	0	35856	44048	46356	42208	
8641	0	36384	42720	46336	42274	
8642	0	39305	41020	46240	42360	
8643	0	36700	40808	46168	42384	
8644	0	32635	38652	46172	42416	
8645	0	27777	37312	46052	42424	
8646	0	27336	35784	46048	42440	
8647	0	34616	33595	46044	42540	
8648	0	34581	34896	45984	42592	
8649	0	31980	38380	45936	42616	
8650	0	35568	30072	45916	42640	
8651	0	34272	33312	45888	42608	
8652	0	29649	34730	45936	42672	
8653	0	29756	34728	45914	42648	
8654	0	30870	33908	45896	42644	
8655	0	30528	34433	45860	42648	
8656	0	30670	34917	45860	42657	
8657	0	31561	34744	45876	42686	
8658	0	32103	34821	45864	42592	
8659	0	32564	34776	45840	42604	
8660	0	32756	35028	45824	42468	
8661	0	32778	35356	45812	42464	
8662	0	32848	35880	45776	42344	
8663	0	33112	36344	45752	42164	
8664	0	33344	36856	45764	42060	
8665	0	33616	37321	45660	41956	
8666	0	33904	37937	45624	41776	
8667	0	34209	38540	45544	41600	
8668	0	34344	39508	45473	41458	
8669	0	35156	40100	45405	41237	
8670	0	35946	40524	45313	41080	
8671	0	36836	41024	45260	40872	
8672	0	37652	41376	45168	40677	
8673	0	38836	42040	44976	40472	
8674	0	39908	42328	44857	40265	
8675	0	41552	42780	44732	40036	
8676	0	43040	42300	44580	39776	
8677	0	44224	41876	44480	39588	
8678	0	44768	40376	44280	39408	
8679	0	45216	38176	44161	39168	
8680	0	46952	36628	43936	38968	
8681	0	50144	34577	43748	38712	
8682	0	50321	35276	43553	38544	
8683	0	48792	35349	43332	38297	
8684	0	43256	41629	43196	38100	
8685	0	41648	33784	42904	37932	
8686	0	18033	44376	42681	37693	
8687	0	11814	44148	42408	37514	
8688	0	42384	32988	42324	37324	
8689	0	43672	37661	42032	37112	
8690	0	51400	45216	41681	36924	
8691	0	38956	33669	41572	36720	
8692	0	31672	41836	41169	36528	
8693	0	41160	31840	40922	36384	
8694	0	33424	39008	40788	36152	
8695	0	34474	36824	40520	35967	
8696	0	34752	36868	40240	35764	
8697	0	33858	37968	39892	35604	
8698	0	34624	37368	39720	35457	
8699	0	34672	37496	39484	35236	
8700	0	34864	37266	39204	35052	
8701	0	34624	37436	38860	34884	
8702	0	34654	37313	38580	34738	
8703	0	34714	37304	38408	34568	
8704	0	34976	37152	38108	34412	
8705	0	34922	37213	37852	34269	
8706	0	34838	37304	37584	34109	
8707	0	35044	37200	37344	33916	
8708	0	34628	37336	37136	33736	
8709	0	34736	37380	36892	33560	
8710	0	34576	37280	36622	33400	
8711	0	34753	37320	36352	33276	
8712	0	35068	37121	36096	33109	
8713	0	35201	36980	35926	32962	
8714	0	35056	36915	35613	32722	
8715	0	35508	37012	35356	32549	
8716	0	35320	37137	35136	32412	
8717	0	35088	37209	34912	32213	
8718	0	35638	36980	34600	31976	
8719	0	35212	37248	34376	31800	
8720	0	35538	37074	34104	31562	
8721	0	35429	37244	33888	31348	
8722	0	35448	36825	33578	31168	
8723	0	35400	37249	33308	30921	
8724	0	35466	37196	33030	30698	
8725	0	35548	36992	32756	30484	
8726	0	35568	37106	32484	30305	
8727	0	35710	37124	32218	30032	
8728	0	35612	37128	31924	29797	
8729	0	35568	37248	31632	29572	
8730	0	35664	37096	31348	29386	
8731	0	35464	37344	31050	29104	
8732	0	35354	37536	30730	28945	
8733	0	35564	37608	30428	28712	
8734	0	35444	37840	30113	28468	
8735	0	35540	37948	29794	28281	
8736	0	35750	37960	29465	28128	
8737	0	35709	37936	29138	27877	
8738	0	35692	37920	28802	27756	
8739	0	35760	38092	28476	27556	
8740	0	36000	38576	28076	27362	
8741	0	36048	39540	27772	27242	
8742	0	36289	40224	27452	27066	
8743	0	36204	41080	27052	26980	
8744	0	35600	41329	26756	26817	
8745	0	34948	42050	26456	26652	
8746	0	34413	43960	26084	26526	
8747	0	33748	46305	25721	26420	
8748	0	32416	47024	25469	26326	
8749	0	33908	45574	25133	26196	
8750	0	36789	44004	24864	26084	
8751	0	35501	43609	24576	26013	
8752	0	39444	41596	24300	25953	
8753	0	37444	41620	24064	25888	
8754	0	34452	39996	23776	25748	
8755	0	28156	38012	23548	25704	
8756	0	26152	36104	23250	25642	
8757	0	33748	32669	23100	25584	
8758	0	35932	34564	22814	25525	
8759	0	32360	37277	22636	25474	
8760	0	34888	26850	22484	25424	
8761	0	35994	35032	22242	25400	
8762	0	31261	33032	22080	25364	
8763	0	29036	35424	21876	25323	
8764	0	30500	34388	21696	25286	
8765	0	30229	34444	21570	25262	
8766	0	30128	34988	21426	25264	
8767	0	31201	34760	21249	25228	
8768	0	31741	34770	21154	25202	
8769	0	32356	34976	21040	25176	
8770	0	32669	35156	20946	25139	
8771	0	32724	35384	20835	25096	
8772	0	32624	36088	20764	25066	
8773	0	32656	36760	20716	25018	
8774	0	33076	37181	20646	25016	
8775	0	33352	37512	20564	24917	
8776	0	33532	38348	20489	24884	
8777	0	33856	38916	20466	24832	
8778	0	34084	39680	20353	24760	
8779	0	34820	40256	20368	24712	
8780	0	35312	40776	20386	24620	
8781	0	35800	41504	20282	24617	
8782	0	36508	41778	20237	24548	
8783	0	37988	42213	20232	24409	
8784	0	39666	42601	20205	24368	
8785	0	41568	42836	20151	24251	
8786	0	43336	42368	20120	24180	
8787	0	44872	41605	20116	24080	
8788	0	45444	39933	20129	23984	
8789	0	45912	38864	20109	23888	
8790	0	48264	36728	20110	23836	
8791	0	50916	34276	20044	23718	
8792	0	50792	36192	20060	23632	
8793	0	50386	34916	20105	23557	
8794	0	42620	44988	20068	23488	
8795	0	16882	47184	20060	23424	
8796	0	25624	37352	20046	23364	
8797	0	43608	37668	20096	23299	
8798	0	49114	41764	20102	23216	
8799	0	42276	33204	20046	23146	
8800	0	35792	39100	20097	23056	
8801	0	38392	35220	20177	22961	
8802	0	36908	35636	20192	22936	
8803	0	33846	38020	20176	22936	
8804	0	34738	36848	20288	22864	
8805	0	34068	37584	20304	22873	
8806	0	34244	37396	20394	22824	
8807	0	34418	37362	20449	22814	
8808	0	34650	37368	20578	22756	
8809	0	34748	37324	20740	22736	
8810	0	34162	37720	20786	22773	
8811	0	34068	37716	20927	22797	
8812	0	34242	37536	21090	22850	
8813	0	34576	37373	21236	22882	
8814	0	34612	37328	21416	22921	
8815	0	34616	37312	21580	22986	
8816	0	34452	37456	21739	23036	
8817	0	34476	37344	21980	23137	
8818	0	34544	37618	22152	23212	
8819	0	34480	37632	22364	23305	
8820	0	34725	37424	22606	23416	
8821	0	34688	37316	22792	23512	
8822	0	34728	37220	23044	23642	
8823	0	34540	37196	23196	23746	
8824	0	34838	37180	23467	23868	
8825	0	35252	37212	23708	24000	
8826	0	34864	37296	23933	24115	
8827	0	35136	37180	24177	24238	
8828	0	34885	37397	24418	24364	
8829	0	35260	37248	24616	24526	
8830	0	34976	37328	24822	24612	
8831	0	35044	36960	25118	24732	
8832	0	35200	37592	25332	24870	
8833	0	35184	37024	25573	24998	
8834	0	35452	37180	25826	25137	
8835	0	35242	37312	26002	25320	
8836	0	35186	37280	26252	25410	
8837	0	35268	37242	26496	25559	
8838	0	35268	37312	26740	25746	
8839	0	35428	37356	26968	25840	
8840	0	35258	37396	27177	26012	
8841	0	35233	37493	27352	26221	
8842	0	35288	37664	27617	26348	
8843	0	35297	37800	27816	26528	
8844	0	35304	37824	28022	26708	
8845	0	35256	38080	28228	26902	
8846	0	35468	38020	28408	27088	
8847	0	35344	38077	28624	27294	
8848	0	35364	38444	28876	27516	
8849	0	35824	38784	29052	27721	
8850	0	35848	39380	29244	27984	
8851	0	35645	40036	29492	28174	
8852	0	35712	40880	29716	28432	
8853	0	35772	41605	29920	28644	
8854	0	34132	41964	30141	28904	
8855	0	33908	43409	30341	29152	
8856	0	32672	45984	30533	29391	
8857	0	32044	47484	30762	29648	
8858	0	32852	46480	30984	29904	
8859	0	36444	44640	31201	30208	
8860	0	37048	44424	31389	30408	
8861	0	39904	42412	31712	30641	
8862	0	39556	41916	31944	30932	
8863	0	35420	40360	32185	31208	
8864	0	29560	38381	32419	31408	
8865	0	25486	37781	32674	31696	
8866	0	30608	33692	32974	31942	
8867	0	35192	34335	33284	32160	
8868	0	32856	35900	33524	32360	
8869	0	33796	30436	33818	32585	
8870	0	37000	33480	34189	32816	
8871	0	30568	33216	34468	33040	
8872	0	29224	34880	34748	33244	
8873	0	30164	34264	35096	33468	
8874	0	30272	34140	35400	33728	
8875	0	30384	34488	35810	33880	
8876	0	31028	34744	36082	34000	
8877	0	31672	34603	36432	34236	
8878	0	32270	34616	36776	34336	
8879	0	32596	34876	37193	34461	
8880	0	32720	35264	37432	34584	
8881	0	32765	35714	37784	34704	
8882	0	32856	36336	38208	34853	
8883	0	33333	36852	38424	34941	
8884	0	33404	37276	38744	35082	
8885	0	33760	37668	39132	35138	
8886	0	33864	38564	39444	35193	
8887	0	34132	39368	39626	35260	
8888	0	34778	40200	39897	35328	
8889	0	35680	40584	40184	35440	
8890	0	36616	41200	40404	35468	
8891	0	37432	41660	40652	35584	
8892	0	38820	42056	40904	35614	
8893	0	40236	42630	41134	35706	
8894	0	41972	42965	41292	35778	
8895	0	43584	42588	41472	35868	
8896	0	44528	41416	41652	35938	
8897	0	44677	40500	41805	36024	
8898	0	44774	38552	41992	36096	
8899	0	45808	36948	42072	36196	
8900	0	49373	35200	42184	36268	
8901	0	48568	37781	42340	36392	
8902	0	50956	36060	42476	36484	
8903	0	46920	35842	42440	36584	
8904	0	34932	42272	42480	36672	
8905	0	11847	44394	42492	36816	
8906	0	32237	35177	42620	36908	
8907	0	45122	37892	42600	37024	
8908	0	53256	38336	42572	37154	
8909	0	38408	34076	42720	37253	
8910	0	30600	42184	42568	37420	
8911	0	40852	32360	42658	37512	
8912	0	33560	38836	42568	37624	
8913	0	33880	37216	42540	37760	
8914	0	34581	36900	42504	37888	
8915	0	34120	37692	42528	38032	
8916	0	34144	37497	42577	38160	
8917	0	34397	37559	42440	38372	
8918	0	34560	37444	42424	38520	
8919	0	34370	37432	42404	38685	
8920	0	34544	37473	42408	38773	
8921	0	34244	37588	42410	38960	
8922	0	34512	37416	42464	39152	
8923	0	34753	37258	42520	39290	
8924	0	35001	37284	42392	39528	
8925	0	34872	37380	42500	39664	
8926	0	34632	37464	42416	39892	
8927	0	34692	37464	42440	40033	
8928	0	34676	37456	42525	40228	
8929	0	34461	37688	42469	40377	
8930	0	34899	37172	42585	40498	
8931	0	34880	37256	42560	40709	
8932	0	35136	36853	42564	40856	
8933	0	35184	37152	42588	40952	
8934	0	35622	36938	42620	41112	
8935	0	34762	37345	42676	41232	
8936	0	35024	37260	42758	41280	
8937	0	35216	37196	42812	41496	
8938	0	35321	37132	42836	41536	
8939	0	35368	37216	42760	41676	
8940	0	35456	37288	42824	41660	
8941	0	35354	36856	42800	41720	
8942	0	35212	37188	42818	41812	
8943	0	35600	37106	42844	41888	
8944	0	35296	37129	42860	41910	
8945	0	35396	36992	42880	41962	
8946	0	35377	37124	42881	42008	
8947	0	35525	37164	42888	42088	
8948	0	35328	37090	42892	42124	
8949	0	35468	37150	42896	42248	
8950	0	35376	37224	42900	42272	
8951	0	35266	37400	43005	42213	
8952	0	35328	37572	42888	42390	
8953	0	35396	37704	42920	42424	
8954	0	35568	37861	42880	42336	
8955	0	35368	38130	42881	42492	
8956	0	35400	38032	42844	42504	
8957	0	35540	37864	42832	42460	
8958	0	35472	38305	42816	42593	
8959	0	35864	38764	42820	42556	
8960	0	36042	39408	42824	42580	
8961	0	36033	40096	42704	42728	
8962	0	36148	40640	42776	42705	
8963	0	35529	41056	42712	42736	
8964	0	34680	41932	42664	42728	
8965	0	34336	43208	42610	42712	
8966	0	34081	44772	42528	42736	
8967	0	33004	47330	42444	42818	
8968	0	32544	46304	42462	42736	
8969	0	35120	44848	42416	42724	
8970	0	38176	43602	42328	42736	
8971	0	36308	42968	42344	42804	
8972	0	39746	41008	42241	42660	
8973	0	36390	41033	42228	42621	
8974	0	31969	39372	42260	42576	
8975	0	27200	36592	42216	42504	
8976	0	27164	35220	42152	42532	
8977	0	35584	33348	42257	42352	
8978	0	33808	35392	42116	42344	
8979	0	29640	39640	42100	42276	
8980	0	34632	29596	42137	42064	
8981	0	34802	33182	42120	41892	
8982	0	29446	34964	42116	41829	
8983	0	29536	35034	42140	41712	
8984	0	30477	34610	42260	41412	
8985	0	30084	34938	42160	41224	
8986	0	30506	34964	42172	41024	
8987	0	31180	35016	42188	40809	
8988	0	32052	34944	42192	40576	
8989	0	32633	34925	42336	40324	
8990	0	32797	35060	42260	40048	
8991	0	33052	35320	42304	39824	
8992	0	33057	35984	42236	39556	
8993	0	33312	36630	42248	39254	
8994	0	33552	37082	42240	38916	
8995	0	33760	37705	42257	38537	
8996	0	34033	38201	42148	38184	
8997	0	34034	38920	42120	37853	
8998	0	34592	39672	42092	37493	
8999	0	35360	40196	42140	37136	
9000	0	36244	40669	41962	36800	
9001	0	37068	41144	41948	36402	
9002	0	38038	41516	41796	36018	
9003	0	39288	41976	41768	35660	
9004	0	40576	42076	41650	35268	
9005	0	42272	42208	41432	34904	
9006	0	43648	41520	41354	34506	
9007	0	45110	40988	41120	34140	
9008	0	45480	39192	40952	33756	
9009	0	46396	37168	40765	33396	
9010	0	48668	34512	40700	32984	
9011	0	49624	33718	40368	32645	
9012	0	46880	39336	40129	32244	
9013	0	47708	37328	39960	31928	
9014	0	42288	42929	39632	31553	
9015	0	15712	45476	39354	31162	
9016	0	23524	38504	39096	30856	
9017	0	46688	34310	38793	30508	
9018	0	54592	46620	38496	30168	
9019	0	37640	33242	38292	29774	
9020	0	31145	42258	37906	29512	
9021	0	42176	31780	37666	29184	
9022	0	33336	39364	37310	28880	
9023	0	34089	36728	36952	28580	
9024	0	34332	36972	36617	28308	
9025	0	33761	37960	36244	28020	
9026	0	34332	37341	35916	27780	
9027	0	34608	37440	35586	27468	
9028	0	34752	37365	35260	27266	
9029	0	34409	37440	34944	27016	
9030	0	34376	37616	34608	26844	
9031	0	34272	37472	34296	26644	
9032	0	34456	37284	33976	26448	
9033	0	34544	37352	33656	26260	
9034	0	34504	37348	33349	26104	
9035	0	34624	37360	33088	25978	
9036	0	34532	37508	32760	25848	
9037	0	34268	37484	32484	25736	
9038	0	34244	37516	32164	25626	
9039	0	34948	37216	31885	25508	
9040	0	34145	37380	31600	25444	
9041	0	35280	37194	31296	25342	
9042	0	34892	37322	31017	25270	
9043	0	35506	37052	30716	25194	
9044	0	35544	37016	30444	25133	
9045	0	35118	37052	30160	25062	
9046	0	35352	37269	29889	25028	
9047	0	35664	36940	29594	24945	
9048	0	35424	37192	29312	24886	
9049	0	35468	36810	29032	24826	
9050	0	34716	37164	28724	24776	
9051	0	35821	37232	28436	24706	
9052	0	35168	37000	28165	24656	
9053	0	35584	36852	27900	24589	
9054	0	35620	37200	27600	24524	
9055	0	35616	37016	27324	24468	
9056	0	35728	37168	27032	24398	
9057	0	35560	37216	26760	24344	
9058	0	35548	37016	26480	24280	
9059	0	35448	37312	26234	24228	
9060	0	35416	37388	25954	24156	
9061	0	35538	37492	25696	24113	
9062	0	35520	37608	25376	24079	
9063	0	35457	37828	25192	24028	
9064	0	35429	37706	24913	23915	
9065	0	35580	37837	24696	23877	
9066	0	35640	37732	24432	23810	
9067	0	35617	37896	24192	23788	
9068	0	35673	38124	23952	23724	
9069	0	36000	38776	23666	23656	
9070	0	35988	39260	23462	23636	
9071	0	36136	39872	23242	23633	
9072	0	35988	40696	22976	23548	
9073	0	35758	41136	22816	23562	
9074	0	34988	41598	22564	23478	
9075	0	34676	42752	22340	23426	
9076	0	34244	44200	22173	23424	
9077	0	32908	46536	21952	23440	
9078	0	33376	45984	21723	23372	
9079	0	35948	44596	21522	23392	
9080	0	38552	43488	21310	23392	
9081	0	35717	43068	21125	23384	
9082	0	39284	41345	20896	23301	
9083	0	36059	41124	20717	23340	
9084	0	31909	39772	20581	23336	
9085	0	26147	37576	20416	23376	
9086	0	26608	35380	20208	23394	
9087	0	35248	33370	19995	23452	
9088	0	34945	35057	19904	23484	
9089	0	33837	36612	19688	23510	
9090	0	34556	27590	19556	23604	
9091	0	36004	33417	19458	23600	
9092	0	31192	34300	19289	23732	
9093	0	29432	35501	19098	23762	
9094	0	30596	34584	19044	23777	
9095	0	30464	34505	18876	23916	
9096	0	29929	35432	18760	23977	
9097	0	30784	35317	18712	24028	
9098	0	31709	34912	18579	24088	
9099	0	32288	35272	18477	24156	
9100	0	32704	35312	18420	24236	
9101	0	33148	35472	18370	24248	
9102	0	33416	35836	18320	24260	
9103	0	33674	36525	18212	24380	
9104	0	33765	37186	18184	24412	
9105	0	33997	37692	18096	24420	
9106	0	34172	38392	18060	24395	
9107	0	34264	39048	18020	24436	
9108	0	34656	39688	18040	24452	
9109	0	35373	40098	17996	24508	
9110	0	35764	40520	17954	24436	
9111	0	36594	41032	17936	24524	
9112	0	37434	41410	17960	24520	
9113	0	38772	41600	17950	24512	
9114	0	39816	42013	17938	24521	
9115	0	40940	42009	17858	24540	
9116	0	42332	41728	17889	24504	
9117	0	43788	41084	17879	24504	
9118	0	44944	39620	17908	24453	
9119	0	45616	38000	17910	24400	
9120	0	47724	36064	17884	24408	
9121	0	50256	34464	17895	24470	
9122	0	49900	34034	17882	24442	
9123	0	43072	43276	17809	24474	
9124	0	49228	32725	17802	24420	
9125	0	35413	40932	17793	24409	
9126	0	14464	48180	17849	24442	
9127	0	27708	38888	17745	24344	
9128	0	48869	38840	17762	24442	
9129	0	54288	43868	17799	24396	
9130	0	38480	32968	17728	24362	
9131	0	31954	44546	17732	24470	
9132	0	41824	31144	17716	24448	
9133	0	34497	38289	17693	24518	
9134	0	33356	37512	17636	24524	
9135	0	34648	37088	17593	24514	
9136	0	34056	37688	17601	24625	
9137	0	34210	37556	17564	24660	
9138	0	34677	37508	17557	24738	
9139	0	34632	37470	17592	24784	
9140	0	34290	37524	17546	24880	
9141	0	34564	37492	17574	24929	
9142	0	34412	37588	17573	25053	
9143	0	34880	37200	17549	25232	
9144	0	34658	37224	17557	25356	
9145	0	34648	37368	17587	25520	
9146	0	34516	37345	17619	25640	
9147	0	34844	37504	17658	25784	
9148	0	34796	37500	17690	25985	
9149	0	35336	37444	17763	26149	
9150	0	34724	37488	17810	26352	
9151	0	35392	37314	17967	26462	
9152	0	34898	37124	18049	26676	
9153	0	35621	36948	18165	26785	
9154	0	35420	36963	18248	26965	
9155	0	35288	37013	18412	27157	
9156	0	35288	37072	18506	27218	
9157	0	35301	37132	18676	27466	
9158	0	35310	37152	18872	27584	
9159	0	35426	37124	19056	27712	
9160	0	35068	37520	19216	27844	
9161	0	35368	36840	19399	27964	
9162	0	35700	37592	19672	28002	
9163	0	35172	37064	19840	28172	
9164	0	35556	37060	20115	28278	
9165	0	35420	37265	20277	28340	
9166	0	35660	37020	20521	28428	
9167	0	35556	37162	20829	28444	
9168	0	35698	37088	21048	28576	
9169	0	35568	37112	21352	28620	
9170	0	35600	37210	21582	28724	
9171	0	35480	37256	21872	28764	
9172	0	35446	37540	22129	28816	
9173	0	35594	37681	22336	28894	
9174	0	35560	37819	22640	28980	
9175	0	35592	37969	22916	29045	
9176	0	35512	37784	23234	29112	
9177	0	35536	37873	23480	29288	
9178	0	35740	38244	23789	29320	
9179	0	36288	38624	24069	29432	
9180	0	36372	39218	24348	29520	
9181	0	36300	39896	24605	29724	
9182	0	36101	40484	24828	29800	
9183	0	35476	40968	25156	29920	
9184	0	35456	41632	25422	30116	
9185	0	34928	42288	25736	30256	
9186	0	34344	44340	26048	30444	
9187	0	33552	46898	26316	30564	
9188	0	32560	46444	26610	30696	
9189	0	35592	44464	26916	30844	
9190	0	37508	43876	27233	31044	
9191	0	38192	43012	27540	31212	
9192	0	39176	41912	27796	31448	
9193	0	37044	41280	28148	31602	
9194	0	32442	39584	28460	31868	
9195	0	26748	37312	28765	32032	
9196	0	28016	35204	29117	32296	
9197	0	35240	33366	29436	32464	
9198	0	35364	34796	29776	32696	
9199	0	33220	36504	30113	32896	
9200	0	34860	28497	30464	33129	
9201	0	34720	33568	30832	33370	
9202	0	31944	33253	31164	33604	
9203	0	29512	35000	31504	33832	
9204	0	30241	33928	31876	34077	
9205	0	31008	33925	32312	34340	
9206	0	30688	34260	32616	34636	
9207	0	30992	34489	32984	34792	
9208	0	31952	34506	33356	35128	
9209	0	32438	34457	33744	35264	
9210	0	32681	34688	34180	35576	
9211	0	32793	35026	34501	35820	
9212	0	32753	35529	34876	35912	
9213	0	32920	36228	35268	36249	
9214	0	33436	36738	35652	36400	
9215	0	33682	37024	35996	36561	
9216	0	33936	37410	36377	36708	
9217	0	34080	38240	36784	36896	
9218	0	34280	39040	37140	37152	
9219	0	34810	39536	37472	37362	
9220	0	35585	39912	37852	37448	
9221	0	36396	40384	38165	37664	
9222	0	37149	40920	38496	37810	
9223	0	38008	41444	38860	37994	
9224	0	39176	41793	39120	38196	
9225	0	40332	42234	39384	38256	
9226	0	41978	42401	39673	38468	
9227	0	43190	41844	39960	38620	
9228	0	44716	41084	40208	38812	
9229	0	45728	39832	40552	38972	
9230	0	46176	37904	40810	39124	
9231	0	48760	35192	41048	39296	
9232	0	50164	34170	41168	39452	
9233	0	48160	35640	41388	39620	
9234	0	39584	46452	41584	39672	
9235	0	45760	35669	41840	39916	
9236	0	29240	39580	41980	39984	
9237	0	9336	46496	42068	40192	
9238	0	35296	33706	42308	40274	
9239	0	42156	38116	42484	40512	
9240	0	46312	30016	42508	40644	
9241	0	40512	32929	42624	40804	
9242	0	33408	42032	42740	40932	
9243	0	41400	32077	42856	41056	
9244	0	34412	38408	42921	41208	
9245	0	34292	36984	43008	41448	
9246	0	34864	37116	43101	41484	
9247	0	33553	37952	43192	41676	
9248	0	34334	37426	43280	41898	
9249	0	34984	37361	43369	42004	
9250	0	34812	37232	43456	42308	
9251	0	34560	37434	43548	42480	
9252	0	34912	37130	43636	42645	
9253	0	34836	37060	43720	42784	
9254	0	34898	37194	43809	42988	
9255	0	34872	37192	43909	43172	
9256	0	34864	37228	44088	43361	
9257	0	35109	37105	44120	43612	
9258	0	34997	37082	44276	43768	
9259	0	35010	37325	44332	44020	
9260	0	34872	37324	44448	44216	
9261	0	34848	37348	44552	44418	
9262	0	34820	37274	44740	44532	
9263	0	35368	36952	44792	44728	
9264	0	34948	37040	44948	44992	
9265	0	35184	37049	45020	45152	
9266	0	35208	37128	45120	45348	
9267	0	35158	37157	45240	45460	
9268	0	35060	37288	45360	45656	
9269	0	35281	37256	45473	45848	
9270	0	35060	37357	45612	45952	
9271	0	35369	37216	45696	46096	
9272	0	34948	37400	45824	46234	
9273	0	35220	37332	45977	46412	
9274	0	35408	37068	46060	46496	
9275	0	35421	37232	46164	46617	
9276	0	35320	37152	46232	46768	
9277	0	35364	37252	46350	46852	
9278	0	35568	37196	46428	47012	
9279	0	35324	37228	46529	47096	
9280	0	35476	37152	46600	47164	
9281	0	35364	37372	46680	47268	
9282	0	35316	37432	46752	47368	
9283	0	35236	37644	46848	47400	
9284	0	35318	37828	46912	47544	
9285	0	35308	37984	46976	47568	
9286	0	35368	38202	47056	47704	
9287	0	35445	38084	47115	47712	
9288	0	35448	38062	47176	47776	
9289	0	35596	38148	47304	47848	
9290	0	35912	38859	47340	47936	
9291	0	35904	39588	47348	47968	
9292	0	35840	40405	47396	48064	
9293	0	35909	40920	47430	48088	
9294	0	35489	41532	47476	48140	
9295	0	34584	42388	47516	48184	
9296	0	34084	43729	47612	48226	
9297	0	33624	46125	47620	48264	
9298	0	32212	46669	47650	48348	
9299	0	34572	45084	47656	48400	
9300	0	36992	43708	47680	48372	
9301	0	35861	43688	47732	48452	
9302	0	38730	41844	47744	48496	
9303	0	38104	40704	47812	48513	
9304	0	35300	40240	47860	48484	
9305	0	30336	38140	47820	48552	
9306	0	26250	36800	47864	48544	
9307	0	29264	34232	47944	48516	
9308	0	36684	33464	47944	48520	
9309	0	35328	34328	47964	48556	
9310	0	30532	38692	47972	48468	
9311	0	33977	28046	48000	48464	
9312	0	35281	33364	48108	48477	
9313	0	30714	34109	48120	48433	
9314	0	29192	35104	48149	48384	
9315	0	30532	34300	48120	48321	
9316	0	30568	34388	48148	48224	
9317	0	30512	35012	48148	48112	
9318	0	31364	35068	48232	48008	
9319	0	32072	35088	48184	47976	
9320	0	32664	35164	48186	47796	
9321	0	32902	35368	48216	47704	
9322	0	33068	35572	48220	47504	
9323	0	33032	36065	48140	47352	
9324	0	33236	36616	48154	47160	
9325	0	33573	36976	48088	46973	
9326	0	33669	37556	48000	46788	
9327	0	33922	38104	48016	46592	
9328	0	34240	38528	47864	46396	
9329	0	34376	39218	47792	46138	
9330	0	35066	39764	47748	45924	
9331	0	35824	40368	47594	45616	
9332	0	36356	40868	47524	45416	
9333	0	37320	41328	47324	45088	
9334	0	38565	41997	47264	44884	
9335	0	39848	42184	47033	44612	
9336	0	41305	42496	46868	44316	
9337	0	42796	42256	46680	43996	
9338	0	43960	41892	46529	43792	
9339	0	45168	40368	46284	43524	
9340	0	45841	38592	46144	43210	
9341	0	47547	36650	45860	42956	
9342	0	50337	33756	45652	42644	
9343	0	48724	33248	45348	42336	
9344	0	45928	37278	45056	42152	
9345	0	46584	36944	44832	41817	
9346	0	38764	39040	44448	41548	
9347	0	18036	42600	44156	41344	
9348	0	17207	42004	43812	41080	
9349	0	39674	36224	43488	40728	
9350	0	47584	36000	43124	40492	
9351	0	51628	47664	42740	40260	
9352	0	35248	38090	42392	40074	
9353	0	33372	39660	42004	39776	
9354	0	40536	33400	41624	39545	
9355	0	33812	38816	41368	39289	
9356	0	34120	36920	40968	39068	
9357	0	34868	36777	40452	38816	
9358	0	33568	38100	40068	38497	
9359	0	34512	37342	39746	38372	
9360	0	34524	37456	39264	38072	
9361	0	34636	37308	38893	37908	
9362	0	34524	37376	38520	37573	
9363	0	34464	37412	38220	37380	
9364	0	34716	37338	37744	37112	
9365	0	34736	37332	37444	36864	
9366	0	34714	37296	37057	36653	
9367	0	34592	37429	36653	36420	
9368	0	34621	37440	36308	36308	
9369	0	34532	37532	35952	36041	
9370	0	34032	37812	35616	35740	
9371	0	34612	37520	35280	35529	
9372	0	34528	37524	34960	35274	
9373	0	34806	37264	34645	35036	
9374	0	34541	37304	34328	34848	
9375	0	35256	36908	34004	34552	
9376	0	34712	37184	33680	34401	
9377	0	35068	37272	33362	34036	
9378	0	35332	37168	33092	33784	
9379	0	34888	37474	32788	33576	
9380	0	35064	37368	32440	33207	
9381	0	35432	37162	32133	32928	
9382	0	34968	36860	31824	32602	
9383	0	36024	37252	31520	32290	
9384	0	34884	36704	31218	31964	
9385	0	35234	36984	30904	31656	
9386	0	35440	37042	30578	31400	
9387	0	35424	37137	30264	31044	
9388	0	35412	37256	29944	30756	
9389	0	35528	37220	29635	30348	
9390	0	35522	37280	29319	30070	
9391	0	35485	37281	28992	29730	
9392	0	35421	37392	28636	29428	
9393	0	35413	37576	28345	29076	
9394	0	35360	37794	28032	28794	
9395	0	35416	37812	27648	28432	
9396	0	35400	38164	27357	28133	
9397	0	35424	38092	26982	27884	
9398	0	35540	37884	26699	27572	
9399	0	35472	38320	26377	27368	
9400	0	36056	38824	26074	27034	
9401	0	36256	39785	25716	26784	
9402	0	36264	40536	25416	26596	
9403	0	36156	41161	25065	26349	
9404	0	35722	41384	24768	26084	
9405	0	35008	42076	24477	25916	
9406	0	34706	43248	24189	25684	
9407	0	34748	45144	23900	25482	
9408	0	33905	47104	23585	25312	
9409	0	32369	46316	23355	25149	
9410	0	34276	44520	23024	24964	
9411	0	35732	44432	22729	24806	
9412	0	36658	41764	22434	24724	
9413	0	37296	41272	22202	24572	
9414	0	36014	41121	21930	24432	
9415	0	31732	38856	21712	24329	
9416	0	27524	36412	21396	24220	
9417	0	28768	35112	21204	24147	
9418	0	34977	33976	20992	24084	
9419	0	31460	38500	20680	23988	
9420	0	34076	34372	20450	23932	
9421	0	35961	29153	20332	23892	
9422	0	32717	33980	20106	23904	
9423	0	30012	35484	19888	23872	
9424	0	29345	35204	19640	23792	
9425	0	30264	34008	19435	23756	
9426	0	29970	34724	19344	23757	
9427	0	30508	35148	19156	23665	
9428	0	31188	35144	18984	23689	
9429	0	31896	35048	18830	23702	
9430	0	32296	35216	18656	23616	
9431	0	32540	35440	18485	23625	
9432	0	32504	35754	18364	23632	
9433	0	32733	36336	18216	23600	
9434	0	32864	36765	18057	23511	
9435	0	33056	37296	17952	23532	
9436	0	33437	37662	17784	23442	
9437	0	33576	38460	17670	23432	
9438	0	33995	39172	17548	23384	
9439	0	34512	39784	17374	23292	
9440	0	35160	40249	17285	23276	
9441	0	35773	40716	17169	23232	
9442	0	36332	41277	16997	23174	
9443	0	37344	41900	16872	23088	
9444	0	39004	42776	16758	22986	
9445	0	40496	43012	16676	22963	
9446	0	42362	43072	16490	22890	
9447	0	44580	42296	16377	22850	
9448	0	45944	40512	16268	22773	
9449	0	46044	38732	16171	22645	
9450	0	47524	36182	16034	22524	
9451	0	50628	34424	15924	22516	
9452	0	51448	32744	15784	22400	
9453	0	48765	35648	15650	22308	
9454	0	40500	45984	15522	22169	
9455	0	44137	34144	15376	22176	
9456	0	20393	46516	15248	22010	
9457	0	13096	43432	15132	21982	
9458	0	40376	33188	14941	21912	
9459	0	43377	39092	14814	21857	
9460	0	50688	46372	14678	21780	
9461	0	36764	34132	14531	21688	
9462	0	32064	42800	14450	21558	
9463	0	41396	31648	14260	21569	
9464	0	33808	38596	14164	21553	
9465	0	33976	37072	13989	21502	
9466	0	34800	36648	13933	21452	
9467	0	33196	38164	13782	21536	
9468	0	34404	37456	13710	21556	
9469	0	34536	37600	13634	21524	
9470	0	34552	37429	13500	21554	
9471	0	34184	37640	13408	21613	
9472	0	34456	37448	13306	21728	
9473	0	34472	37418	13265	21868	
9474	0	34460	37273	13184	21926	
9475	0	34298	37298	13115	21972	
9476	0	34666	37386	13020	22212	
9477	0	34464	37468	12970	22264	
9478	0	34952	37345	13004	22488	
9479	0	34448	37336	13013	22680	
9480	0	34488	37588	12938	22849	
9481	0	35456	37085	12948	23016	
9482	0	34772	37357	12938	23164	
9483	0	35044	37184	12961	23404	
9484	0	34893	37224	13052	23541	
9485	0	35072	37046	13038	23709	
9486	0	35196	37024	13081	23923	
9487	0	35304	37264	13196	24152	
9488	0	35196	37225	13252	24152	
9489	0	35120	37304	13322	24482	
9490	0	35220	37229	13388	24648	
9491	0	35216	37234	13549	24792	
9492	0	35264	37200	13666	25040	
9493	0	35155	37156	13819	25176	
9494	0	35188	37145	13957	25286	
9495	0	35276	37080	14105	25468	
9496	0	35354	37152	14192	25588	
9497	0	35488	37160	14416	25608	
9498	0	35468	37268	14534	25888	
9499	0	35488	37134	14772	25980	
9500	0	35614	37232	14952	26116	
9501	0	35436	37278	15203	26273	
9502	0	35428	37406	15407	26384	
9503	0	35672	37496	15612	26552	
9504	0	35404	37776	15838	26574	
9505	0	35408	37796	16088	26826	
9506	0	35380	38017	16328	26955	
9507	0	35392	37777	16542	27134	
9508	0	35356	37781	16822	27292	
9509	0	35600	38100	17025	27410	
9510	0	35992	38632	17310	27618	
9511	0	36276	39209	17600	27752	
9512	0	36144	39800	17776	27993	
9513	0	36096	40284	18093	28192	
9514	0	35812	40960	18380	28348	
9515	0	34948	41244	18660	28521	
9516	0	34756	42538	18936	28728	
9517	0	34064	43932	19236	28938	
9518	0	33097	46244	19525	29064	
9519	0	32140	46188	19785	29364	
9520	0	34166	44792	20184	29526	
9521	0	36242	44532	20504	29776	
9522	0	37170	43114	20776	29932	
9523	0	39544	40889	21100	30140	
9524	0	37112	41336	21394	30338	
9525	0	33996	39416	21798	30492	
9526	0	28360	36636	22133	30744	
9527	0	27600	35861	22564	30944	
9528	0	35432	33557	22884	31169	
9529	0	33480	36024	23257	31370	
9530	0	30312	37924	23702	31512	
9531	0	34055	31030	24156	31668	
9532	0	34146	33164	24598	31874	
9533	0	29936	35144	24964	32066	
9534	0	30172	34985	25418	32208	
9535	0	30907	34256	25908	32413	
9536	0	30712	34524	26356	32544	
9537	0	30968	34616	26800	32716	
9538	0	31816	34712	27276	32908	
9539	0	32252	34636	27732	33049	
9540	0	32528	34814	28190	33188	
9541	0	32834	35144	28668	33282	
9542	0	32776	35624	29121	33444	
9543	0	32728	36224	29580	33552	
9544	0	32864	36682	30048	33666	
9545	0	33128	37025	30496	33794	
9546	0	33360	37332	30956	33936	
9547	0	33394	38202	31396	33989	
9548	0	33532	38740	31845	34170	
9549	0	33988	39498	32272	34302	
9550	0	34616	39826	32696	34276	
9551	0	35453	40228	33124	34400	
9552	0	36032	40676	33521	34460	
9553	0	36808	41052	33920	34582	
9554	0	38014	41664	34308	34748	
9555	0	39144	42024	34690	34824	
9556	0	40544	42621	35044	34860	
9557	0	42508	42512	35404	34926	
9558	0	44753	41868	35728	35016	
9559	0	45824	40429	36092	35186	
9560	0	46732	38824	36366	35208	
9561	0	48968	36476	36668	35396	
9562	0	51336	33396	36969	35501	
9563	0	49376	33200	37258	35529	
9564	0	45352	42240	37481	35632	
9565	0	49344	34924	37748	35760	
9566	0	37556	43504	38016	35880	
9567	0	12708	46948	38213	35940	
9568	0	21706	38346	38429	36141	
9569	0	44080	38249	38608	36157	
9570	0	51096	41600	38856	36362	
9571	0	43872	30328	38994	36384	
9572	0	36272	40184	39176	36572	
9573	0	40036	33352	39296	36621	
9574	0	36136	36728	39537	36772	
9575	0	33752	37976	39641	36837	
9576	0	34658	36948	39704	36920	
9577	0	33488	38122	39832	37028	
9578	0	34397	37552	40056	37212	
9579	0	34616	37356	40152	37294	
9580	0	34832	37404	40306	37364	
9581	0	34520	37440	40394	37496	
9582	0	34576	37381	40440	37656	
9583	0	34624	37248	40598	37770	
9584	0	34636	37265	40680	37906	
9585	0	34276	37076	40944	37956	
9586	0	34608	37312	40956	38092	
9587	0	35328	37154	41162	38296	
9588	0	35024	37529	41256	38328	
9589	0	34832	37424	41272	38468	
9590	0	33942	37528	41444	38557	
9591	0	34876	37540	41594	38724	
9592	0	34388	37592	41620	38808	
9593	0	35916	36946	41804	38940	
9594	0	35049	37182	41832	39040	
9595	0	35125	37056	41952	39096	
9596	0	35216	36952	42098	39200	
9597	0	35280	37100	42208	39330	
9598	0	35313	37164	42176	39328	
9599	0	35272	37208	42230	39466	
9600	0	35364	37184	42316	39465	
9601	0	35508	37088	42480	39608	
9602	0	35097	37316	42542	39576	
9603	0	35652	37264	42580	39668	
9604	0	35202	37132	42496	39696	
9605	0	35448	37052	42536	39820	
9606	0	35393	37185	42620	39808	
9607	0	35457	37148	42688	39916	
9608	0	35531	37122	42752	39920	
9609	0	35540	37180	42656	39996	
9610	0	35436	37220	42696	40096	
9611	0	35624	37256	42789	40048	
9612	0	35536	37440	42804	40212	
9613	0	35660	37568	42776	40304	
9614	0	35556	37764	42776	40284	
9615	0	35504	37968	42840	40480	
9616	0	35508	37996	42924	40484	
9617	0	35588	38152	42836	40640	
9618	0	35433	37912	42848	40704	
9619	0	35340	38004	42856	40868	
9620	0	35668	38424	42844	40976	
9621	0	36012	39072	42944	41008	
9622	0	36248	40164	42868	41188	
9623	0	36081	40920	42860	41345	
9624	0	36164	42044	42848	41428	
9625	0	35424	42157	42872	41548	
9626	0	34416	43668	42932	41656	
9627	0	33633	45732	42844	41920	
9628	0	32492	47424	42840	41944	
9629	0	34074	46152	42824	42124	
9630	0	36920	44604	42816	42198	
9631	0	35664	44404	42809	42470	
9632	0	40272	42261	42818	42604	
9633	0	38344	41696	42864	42621	
9634	0	33644	40296	42840	42820	
9635	0	28673	37068	42872	42880	
9636	0	27290	36472	42985	43040	
9637	0	34284	33764	42912	43148	
9638	0	34680	35562	42964	43272	
9639	0	33184	35924	42964	43512	
9640	0	34852	27688	43002	43576	
9641	0	34676	34228	43156	43716	
9642	0	31284	33932	43136	43817	
9643	0	29668	34411	43284	44024	
9644	0	30941	33634	43344	44120	
9645	0	30778	33712	43345	44268	
9646	0	30646	34264	43424	44352	
9647	0	31208	34396	43600	44485	
9648	0	31925	34404	43576	44576	
9649	0	32336	34428	43688	44756	
9650	0	32705	34720	43740	44792	
9651	0	32916	34920	43892	44916	
9652	0	32928	35320	43904	45004	
9653	0	33004	35964	43970	45088	
9654	0	33178	36522	44068	45228	
9655	0	33440	37088	44168	45292	
9656	0	33840	37368	44220	45356	
9657	0	34048	37952	44192	45380	
9658	0	34184	38956	44300	45456	
9659	0	34532	39840	44260	45460	
9660	0	35256	40336	44312	45516	
9661	0	36204	40696	44296	45562	
9662	0	37080	41304	44288	45600	
9663	0	37952	41716	44280	45632	
9664	0	39072	42218	44304	45632	
9665	0	40446	42537	44218	45632	
9666	0	42300	42874	44256	45618	
9667	0	43808	42162	44120	45608	
9668	0	44720	41206	44052	45620	
9669	0	45432	39784	44004	45593	
9670	0	44868	38116	43884	45552	
9671	0	46948	36084	43776	45536	
9672	0	50580	34333	43684	45448	
9673	0	48650	33881	43584	45466	
9674	0	46376	36457	43384	45356	
9675	0	43360	40744	43248	45308	
9676	0	38616	35792	43080	45298	
9677	0	15733	45232	42860	45256	
9678	0	16738	41452	42758	45144	
9679	0	42696	35953	42520	45068	
9680	0	43177	39092	42353	45056	
9681	0	50324	47444	42120	44988	
9682	0	39832	33872	41944	44884	
9683	0	33184	41116	41780	44800	
9684	0	40416	32040	41525	44732	
9685	0	34128	38500	41300	44629	
9686	0	34128	37074	41100	44572	
9687	0	35168	36432	40944	44429	
9688	0	33956	37956	40720	44389	
9689	0	34789	37285	40576	44224	
9690	0	34756	37440	40408	44128	
9691	0	34920	37261	40080	44024	
9692	0	34906	37253	39924	43940	
9693	0	34690	37342	39773	43880	
9694	0	34880	37145	39516	43738	
9695	0	34856	37244	39325	43640	
9696	0	34572	37240	39152	43505	
9697	0	34872	37232	39000	43380	
9698	0	34826	37240	38834	43276	
9699	0	34864	37284	38680	43128	
9700	0	34760	37400	38588	43084	
9701	0	34968	37332	38356	42944	
9702	0	34920	37244	38212	42784	
9703	0	34580	37196	38140	42516	
9704	0	35336	36997	37912	42432	
9705	0	35116	37202	37876	42242	
9706	0	35326	36978	37668	41924	
9707	0	35348	37085	37568	41868	
9708	0	35081	37145	37340	41540	
9709	0	35660	37072	37186	41322	
9710	0	35528	37120	37092	41080	
9711	0	35344	37088	36984	40913	
9712	0	35536	36972	36752	40592	
9713	0	35252	36984	36640	40260	
9714	0	35354	37092	36488	40124	
9715	0	35396	37028	36364	39801	
9716	0	35669	36936	36156	39536	
9717	0	35652	36960	35956	39168	
9718	0	35732	37036	35848	38908	
9719	0	35584	37070	35632	38584	
9720	0	35592	37137	35532	38400	
9721	0	35576	37148	35292	38088	
9722	0	35536	37216	35108	37790	
9723	0	35496	37264	34945	37366	
9724	0	35444	37459	34738	37056	
9725	0	35569	37664	34592	36752	
9726	0	35504	37808	34380	36440	
9727	0	35664	38046	34174	36144	
9728	0	35842	37948	33988	35852	
9729	0	35568	37832	33788	35657	
9730	0	35792	37808	33612	35256	
9731	0	35810	37984	33400	34988	
9732	0	36288	38668	33200	34776	
9733	0	36266	39204	33004	34420	
9734	0	36265	40008	32824	34192	
9735	0	36189	40452	32628	33880	
9736	0	35560	40656	32432	33649	
9737	0	35130	41570	32212	33346	
9738	0	34968	42573	32042	33076	
9739	0	35156	43932	31816	32896	
9740	0	34176	45752	31642	32553	
9741	0	33416	45145	31416	32286	
9742	0	34996	44272	31240	32124	
9743	0	35634	43970	31056	31873	
9744	0	36770	42648	30872	31556	
9745	0	39152	40872	30724	31265	
9746	0	36074	41032	30596	31008	
9747	0	33400	39104	30468	30800	
9748	0	28952	36632	30328	30528	
9749	0	27780	35076	30186	30276	
9750	0	33957	33501	30106	30020	
9751	0	33120	37028	29974	29792	
9752	0	33068	35808	29882	29540	
9753	0	34570	27976	29802	29284	
9754	0	34792	34428	29696	29048	
9755	0	31185	34872	29640	28790	
9756	0	29317	35342	29584	28541	
9757	0	30649	34372	29528	28304	
9758	0	30758	34328	29494	28034	
9759	0	30440	35161	29457	27773	
9760	0	31520	35096	29437	27504	
9761	0	32225	35100	29416	27236	
9762	0	32604	35264	29392	26972	
9763	0	32760	35489	29376	26704	
9764	0	32897	35942	29366	26405	
9765	0	33000	36392	29345	26104	
9766	0	33172	36764	29356	25800	
9767	0	33504	37076	29320	25481	
9768	0	33882	37660	29309	25174	
9769	0	33880	38732	29337	24854	
9770	0	34400	39132	29298	24530	
9771	0	34789	39800	29268	24205	
9772	0	35348	40072	29240	23884	
9773	0	36060	40780	29249	23552	
9774	0	36592	41280	29216	23216	
9775	0	37440	41738	29184	22888	
9776	0	38560	42233	29092	22544	
9777	0	39876	42468	29097	22204	
9778	0	40892	42561	29060	21892	
9779	0	42376	42012	29020	21577	
9780	0	44028	41380	28953	21232	
9781	0	45152	39996	28884	20950	
9782	0	46304	38164	28784	20643	
9783	0	48272	35784	28732	20306	
9784	0	51324	34260	28658	20042	
9785	0	49204	34352	28548	19744	
9786	0	45200	37512	28433	19459	
9787	0	46664	35760	28306	19164	
9788	0	39284	36949	28144	18888	
9789	0	25136	41540	27988	18648	
9790	0	11234	44352	27800	18408	
9791	0	38544	34634	27768	18202	
9792	0	46528	37584	27626	17930	
9793	0	52264	46024	27389	17752	
9794	0	37276	33808	27312	17542	
9795	0	30288	42684	27080	17332	
9796	0	41033	31856	26984	17172	
9797	0	33540	38828	26758	16992	
9798	0	34340	36996	26622	16866	
9799	0	34624	36964	26436	16680	
9800	0	34033	37792	26244	16564	
9801	0	34516	37340	26072	16450	
9802	0	34570	37492	25904	16380	
9803	0	34612	37448	25720	16229	
9804	0	34472	37348	25536	16178	
9805	0	34360	37442	25362	16142	
9806	0	34426	37394	25156	16079	
9807	0	34560	37256	24998	16086	
9808	0	35097	37284	24797	16080	
9809	0	34650	37392	24604	16088	
9810	0	34980	37362	24365	16056	
9811	0	34688	37336	24200	16087	
9812	0	34744	37440	24052	16142	
9813	0	34858	37338	23888	16204	
9814	0	34818	37129	23699	16222	
9815	0	34872	37420	23468	16290	
9816	0	35160	37048	23289	16342	
9817	0	34852	37260	23140	16404	
9818	0	35320	36776	22946	16466	
9819	0	35104	37228	22736	16466	
9820	0	34782	37032	22532	16566	
9821	0	35300	37145	22388	16614	
9822	0	35466	37072	22148	16684	
9823	0	35340	37228	21953	16717	
9824	0	35601	36896	21750	16761	
9825	0	34968	37272	21578	16804	
9826	0	35536	37288	21445	16832	
9827	0	35372	36928	21205	16872	
9828	0	35388	37140	21092	16893	
9829	0	35464	37017	20908	16935	
9830	0	35502	37109	20718	16940	
9831	0	35489	37066	20570	16970	
9832	0	35585	36976	20385	16988	
9833	0	35524	36957	20253	16992	
9834	0	35397	37196	20055	17001	
9835	0	35444	37300	19920	17014	
9836	0	35528	37488	19745	17026	
9837	0	35516	37548	19553	17030	
9838	0	35497	37516	19414	17048	
9839	0	35305	37768	19240	17056	
9840	0	35404	37668	19076	17068	
9841	0	35564	37524	18968	17094	
9842	0	35564	37604	18741	17114	
9843	0	35768	38148	18657	17125	
9844	0	36188	38496	18497	17151	
9845	0	36097	38825	18376	17220	
9846	0	36204	39260	18208	17225	
9847	0	36328	39972	18068	17298	
9848	0	36096	40188	17969	17304	
9849	0	35532	40676	17824	17357	
9850	0	34926	41496	17668	17445	
9851	0	34712	42792	17575	17484	
9852	0	35256	44068	17456	17548	
9853	0	34372	45656	17292	17626	
9854	0	33272	45380	17169	17709	
9855	0	34592	44072	17124	17774	
9856	0	37660	43392	17030	17920	
9857	0	34632	41952	16937	18001	
9858	0	39316	40584	16861	18152	
9859	0	37668	40736	16790	18225	
9860	0	34080	39604	16755	18408	
9861	0	28380	37620	16696	18500	
9862	0	28040	35416	16669	18682	
9863	0	34264	33732	16569	18800	
9864	0	35000	34793	16572	18970	
9865	0	33298	37268	16614	19158	
9866	0	34644	27921	16648	19290	
9867	0	35476	34768	16652	19568	
9868	0	30984	34376	16683	19746	
9869	0	29096	35438	16701	19898	
9870	0	30454	34544	16764	20100	
9871	0	30356	34520	16840	20288	
9872	0	30314	34981	16944	20498	
9873	0	31176	34888	17045	20701	
9874	0	31888	34848	17132	20890	
9875	0	32456	34841	17281	21104	
9876	0	32828	34976	17406	21240	
9877	0	33084	35194	17523	21484	
9878	0	32857	35876	17657	21696	
9879	0	32790	36500	17881	21904	
9880	0	33000	37025	18030	22069	
9881	0	33189	37432	18208	22236	
9882	0	33262	38184	18416	22424	
9883	0	33472	38856	18549	22594	
9884	0	33868	39952	18777	22805	
9885	0	34308	40564	18994	22957	
9886	0	35100	41316	19216	23088	
9887	0	35936	42158	19408	23292	
9888	0	36792	42388	19622	23457	
9889	0	38112	43077	19814	23604	
9890	0	39376	43472	20064	23871	
9891	0	40637	43437	20258	24072	
9892	0	41928	44992	20492	24209	
9893	0	47109	41334	20704	24372	
9894	0	45564	37196	21017	24596	
9895	0	49460	39708	21152	24833	
9896	0	54820	31550	21470	25001	
9897	0	50140	38792	21637	25218	
9898	0	51152	36128	21906	25444	
9899	0	45880	38277	22116	25672	
9900	0	37908	44161	22269	25932	
9901	0	21518	41512	22454	26157	
9902	0	28939	38421	22693	26426	
9903	0	50960	36880	22944	26664	
9904	0	46960	30104	23201	26904	
9905	0	36544	39512	23324	27168	
9906	0	34197	39380	23558	27464	
9907	0	41408	32573	23765	27748	
9908	0	33500	39265	23953	28037	
9909	0	34496	36736	24192	28258	
9910	0	34576	37136	24396	28548	
9911	0	34252	37584	24557	28840	
9912	0	34404	37264	24786	29116	
9913	0	34506	37376	25029	29412	
9914	0	34932	37120	25273	29716	
9915	0	34617	37362	25444	30034	
9916	0	34394	37403	25705	30353	
9917	0	34336	37600	25924	30672	
9918	0	34508	37468	26232	30988	
9919	0	34652	37340	26458	31278	
9920	0	34488	37520	26736	31617	
9921	0	34788	37272	26965	31978	
9922	0	34752	37296	27244	32340	
9923	0	34580	37389	27524	32618	
9924	0	34203	37564	27796	32913	
9925	0	35094	37101	28064	33220	
9926	0	34672	37596	28332	33556	
9927	0	34448	37528	28628	33856	
9928	0	35649	36660	28910	34156	
9929	0	34476	37256	29160	34444	
9930	0	34845	37450	29474	34745	
9931	0	35153	36976	29736	35040	
9932	0	35413	37040	30036	35305	
9933	0	35328	37098	30320	35552	
9934	0	35472	36914	30601	35828	
9935	0	35456	36968	30886	36152	
9936	0	35496	37028	31164	36324	
9937	0	35308	37204	31446	36560	
9938	0	35432	37048	31736	36844	
9939	0	35500	36764	32036	37092	
9940	0	35409	36816	32293	37204	
9941	0	35456	37012	32565	37460	
9942	0	35696	37056	32840	37656	
9943	0	35900	37129	33116	37808	
9944	0	35380	37036	33409	38088	
9945	0	35516	36928	33664	38208	
9946	0	35512	37296	33952	38392	
9947	0	35748	37292	34189	38588	
9948	0	35553	37408	34444	38784	
9949	0	35586	37804	34740	38920	
9950	0	35600	37973	34993	39218	
9951	0	35428	38176	35208	39300	
9952	0	35600	37912	35437	39488	
9953	0	35520	37932	35728	39780	
9954	0	35728	37924	35993	39956	
9955	0	35848	38377	36160	40104	
9956	0	36220	38988	36412	40276	
9957	0	36272	39816	36632	40520	
9958	0	36336	40237	36848	40752	
9959	0	36488	40528	37052	40860	
9960	0	35740	40896	37289	41033	
9961	0	35368	41600	37496	41232	
9962	0	34833	42832	37709	41380	
9963	0	35116	44696	37964	41616	
9964	0	34432	46384	38176	41744	
9965	0	33316	45408	38380	41932	
9966	0	34808	44465	38624	42162	
9967	0	36448	43224	38825	42288	
9968	0	38496	41536	39064	42522	
9969	0	38693	41272	39325	42656	
9970	0	35665	40436	39476	42792	
9971	0	31446	38680	39789	43064	
9972	0	28172	36364	39950	43181	
9973	0	29988	34624	40284	43404	
9974	0	33786	34876	40442	43488	
9975	0	32129	37997	40676	43652	
9976	0	35580	27272	40946	43816	
9977	0	34368	34560	41188	44048	
9978	0	30353	36064	41506	44152	
9979	0	29228	36204	41852	44356	
9980	0	30401	34368	42000	44521	
9981	0	30077	34833	42252	44636	
9982	0	30512	34958	42648	44780	
9983	0	31160	35292	42852	44908	
9984	0	31984	35048	43068	45072	
9985	0	32600	35034	43404	45228	
9986	0	32840	35156	43584	45298	
9987	0	32932	35624	43908	45412	
9988	0	32809	36257	44104	45520	
9989	0	32906	36848	44328	45676	
9990	0	33180	37388	44640	45768	
9991	0	33584	37392	44840	45796	
9992	0	33606	38200	45108	45880	
9993	0	33536	38808	45336	46017	
9994	0	34226	39884	45488	46036	
9995	0	34912	40233	45752	46112	
9996	0	35744	40488	45953	46108	
9997	0	36440	40968	46160	46192	
9998	0	37352	41368	46353	46252	
9999	0	38524	42120	46468	46216	
10000	0	39860	42448	46656	46294	
10001	0	41620	42336	46808	46296	
10002	0	43928	42044	46996	46276	
10003	0	45080	40773	47184	46288	
10004	0	45628	39522	47265	46344	
10005	0	45912	37672	47396	46306	
10006	0	46596	35764	47560	46308	
10007	0	49636	34048	47608	46312	
10008	0	48700	34548	47760	46305	
10009	0	47480	35238	47800	46352	
10010	0	44864	36504	47940	46320	
10011	0	41464	38186	48008	46288	
10012	0	29168	39568	47992	46344	
10013	0	9946	47588	48100	46306	
10014	0	34212	37084	48080	46258	
10015	0	47744	39938	48116	46256	
10016	0	46000	39948	48228	46304	
10017	0	41028	33620	48172	46236	
10018	0	34836	39096	48203	46256	
10019	0	38160	35288	48196	46216	
10020	0	36792	35676	48216	46248	
10021	0	33208	38682	48240	46212	
10022	0	34578	36696	48256	46164	
10023	0	33501	38169	48228	46156	
10024	0	34044	37536	48321	46152	
10025	0	34220	37556	48282	46140	
10026	0	34404	37532	48236	46104	
10027	0	34304	37364	48240	46072	
10028	0	34240	37469	48324	46053	
10029	0	34274	37484	48272	46036	
10030	0	34404	37416	48284	45938	
10031	0	34468	37368	48345	45972	
10032	0	34277	37552	48388	45932	
10033	0	34344	37489	48344	45857	
10034	0	34420	37416	48344	45825	
10035	0	34292	37577	48432	45776	
10036	0	34996	37368	48396	45741	
10037	0	34540	37612	48428	45708	
10038	0	35328	37188	48416	45696	
10039	0	34792	37409	48400	45585	
10040	0	35408	37052	48412	45552	
10041	0	34220	37458	48388	45504	
10042	0	34984	37103	48388	45408	
10043	0	35056	37248	48376	45312	
10044	0	35220	37152	48396	45236	
10045	0	35008	37344	48320	45076	
10046	0	35320	37012	48296	44960	
10047	0	34412	37345	48212	44856	
10048	0	36164	37160	48176	44672	
10049	0	34937	37100	48104	44496	
10050	0	35073	37024	48008	44353	
10051	0	35444	37032	47924	44164	
10052	0	35196	37220	47821	43985	
10053	0	35512	37296	47728	43733	
10054	0	35552	37089	47672	43500	
10055	0	35516	37096	47546	43328	
10056	0	35584	37056	47352	43030	
10057	0	35396	37300	47284	42832	
10058	0	35528	37340	47129	42536	
10059	0	35413	37576	46912	42305	
10060	0	35364	37869	46752	42072	
10061	0	35600	37936	46568	41752	
10062	0	35449	37976	46392	41529	
10063	0	35634	37837	46266	41237	
10064	0	35416	37752	45996	40952	
10065	0	35684	37840	45849	40677	
10066	0	35894	38268	45656	40412	
10067	0	36129	38876	45404	40121	
10068	0	36088	39729	45172	39840	
10069	0	36205	40368	44896	39520	
10070	0	36012	40896	44684	39234	
10071	0	35130	41296	44456	38954	
10072	0	34552	42298	44236	38680	
10073	0	34424	43800	43960	38393	
10074	0	33708	45836	43728	38145	
10075	0	32641	45810	43506	37828	
10076	0	35462	44320	43216	37552	
10077	0	37896	43440	42972	37298	
10078	0	35308	43130	42740	37012	
10079	0	39116	41650	42568	36729	
10080	0	38368	41088	42213	36456	
10081	0	34668	40132	41980	36212	
10082	0	28660	37472	41825	35921	
10083	0	28404	35916	41520	35669	
10084	0	33664	34066	41412	35392	
10085	0	34152	36584	41040	35137	
10086	0	32465	36712	40840	34873	
10087	0	35589	27442	40604	34621	
10088	0	33126	34020	40372	34364	
10089	0	29642	35564	40152	34128	
10090	0	29648	35304	39912	33872	
10091	0	29756	34116	39756	33629	
10092	0	30048	34426	39560	33384	
10093	0	30336	35144	39306	33128	
10094	0	31188	34976	39108	32886	
10095	0	32082	35052	38876	32620	
10096	0	32652	35032	38674	32364	
10097	0	32896	35040	38474	32124	
10098	0	33016	35380	38260	31868	
10099	0	33126	36033	38136	31584	
10100	0	33288	36640	37856	31332	
10101	0	33636	37036	37742	31052	
10102	0	33984	37234	37444	30801	
10103	0	34201	37760	37233	30508	
10104	0	34240	38488	37070	30248	
10105	0	34808	39192	36868	29986	
10106	0	35360	39764	36644	29696	
10107	0	35984	40196	36410	29428	
10108	0	36568	40552	36204	29131	
10109	0	37176	40892	35936	28864	
10110	0	37972	41264	35736	28550	
10111	0	39276	41624	35508	28316	
10112	0	40488	41968	35256	28034	
10113	0	41944	41632	35008	27764	
10114	0	42797	40812	34768	27481	
10115	0	43516	39428	34493	27244	
10116	0	43744	38488	34244	26976	
10117	0	43672	37452	33972	26724	
10118	0	44664	36532	33688	26465	
10119	0	46924	36636	33416	26268	
10120	0	50208	34588	33148	26025	
10121	0	48345	34817	32868	25812	
10122	0	42048	44544	32616	25616	
10123	0	23778	43444	32293	25364	
10124	0	21077	42820	31992	25172	
10125	0	46098	36632	31712	25004	
10126	0	55104	44946	31340	24824	
10127	0	38304	36352	31108	24616	
10128	0	31289	41628	30772	24452	
10129	0	40440	32688	30472	24298	
10130	0	34257	38408	30144	24138	
10131	0	33900	37284	29872	23986	
10132	0	34717	36944	29554	23837	
10133	0	33900	37880	29258	23698	
10134	0	34264	37272	28956	23556	
10135	0	34624	37496	28624	23442	
10136	0	34772	37237	28338	23324	
10137	0	34428	37476	28060	23225	
10138	0	34392	37444	27788	23136	
10139	0	34088	37680	27528	23053	
10140	0	34182	37380	27265	22978	
10141	0	33992	37556	26944	22916	
10142	0	34432	37345	26690	22858	
10143	0	34237	37216	26510	22822	
10144	0	34532	37504	26184	22784	
10145	0	35120	37430	26024	22756	
10146	0	34596	37501	25732	22749	
10147	0	34898	37172	25526	22721	
10148	0	34492	37474	25360	22722	
10149	0	34909	37048	25082	22701	
10150	0	35156	37149	24894	22690	
10151	0	35114	37233	24721	22684	
10152	0	35665	37168	24510	22670	
10153	0	35268	37328	24312	22692	
10154	0	35096	37132	24136	22648	
10155	0	35418	37100	23904	22672	
10156	0	35297	37164	23744	22616	
10157	0	35464	37208	23504	22635	
10158	0	35368	36968	23336	22572	
10159	0	35426	36897	23173	22520	
10160	0	35458	36920	22994	22504	
10161	0	35416	37140	22800	22456	
10162	0	35548	36905	22596	22425	
10163	0	35648	37116	22430	22400	
10164	0	35689	37137	22180	22293	
10165	0	35420	37064	22052	22244	
10166	0	35933	37244	21890	22174	
10167	0	35178	37220	21696	22156	
10168	0	35552	37410	21552	22064	
10169	0	35576	37628	21305	22040	
10170	0	35360	37685	21134	21973	
10171	0	35476	37816	21018	21864	
10172	0	35415	37932	20886	21792	
10173	0	35592	37872	20697	21728	
10174	0	35564	37936	20548	21642	
10175	0	35868	38020	20404	21568	
10176	0	35993	38752	20200	21513	
10177	0	36180	39536	20086	21490	
10178	0	36624	40185	19958	21442	
10179	0	36396	40720	19798	21314	
10180	0	36472	40864	19608	21279	
10181	0	35185	41732	19463	21213	
10182	0	34960	42832	19340	21192	
10183	0	35532	44560	19264	21204	
10184	0	34800	46018	19160	21129	
10185	0	34200	45152	18977	21140	
10186	0	34880	44076	18904	21068	
10187	0	35964	43028	18816	21040	
10188	0	35988	42668	18732	21080	
10189	0	37162	41312	18561	21117	
10190	0	35948	40814	18532	21137	
10191	0	32460	39041	18424	21080	
10192	0	29380	36904	18397	21128	
10193	0	29916	35068	18295	21156	
10194	0	32906	35456	18267	21257	
10195	0	32076	37093	18270	21260	
10196	0	36264	33113	18282	21388	
10197	0	36932	29404	18192	21482	
10198	0	34744	32500	18172	21588	
10199	0	32948	33668	18170	21666	
10200	0	31528	34130	18184	21812	
10201	0	30813	34396	18201	21930	
10202	0	30668	33912	18338	22077	
10203	0	30496	34360	18368	22197	
10204	0	30832	34676	18390	22320	
10205	0	31616	34764	18488	22496	
10206	0	32406	34716	18497	22612	
10207	0	32926	34708	18578	22850	
10208	0	33222	34833	18659	22958	
10209	0	33112	35148	18756	23076	
10210	0	33012	35736	18916	23201	
10211	0	33148	36296	19016	23364	
10212	0	33420	36806	19045	23538	
10213	0	33665	37124	19224	23672	
10214	0	33772	37716	19316	23802	
10215	0	33920	38481	19428	23925	
10216	0	34160	39284	19621	24090	
10217	0	34720	39700	19768	24226	
10218	0	35404	40120	19845	24392	
10219	0	36112	40552	20022	24556	
10220	0	36940	41092	20153	24670	
10221	0	37892	41700	20273	24824	
10222	0	39156	42068	20434	24973	
10223	0	40436	42252	20588	25129	
10224	0	41944	42364	20774	25380	
10225	0	43360	41816	20902	25492	
10226	0	44328	40924	21074	25693	
10227	0	44768	39746	21180	25881	
10228	0	45357	37672	21346	26072	
10229	0	47648	35120	21544	26316	
10230	0	48856	33921	21668	26454	
10231	0	48240	35492	21776	26692	
10232	0	44352	37692	21920	26883	
10233	0	41052	41816	22066	27117	
10234	0	38688	35992	22173	27322	
10235	0	22814	40520	22307	27553	
10236	0	10945	44428	22445	27786	
10237	0	38676	34953	22624	28040	
10238	0	42040	36625	22738	28288	
10239	0	48256	39930	22790	28546	
10240	0	37633	33768	23016	28772	
10241	0	31596	42897	23096	29026	
10242	0	41400	31358	23301	29266	
10243	0	34684	38140	23352	29536	
10244	0	34020	37458	23468	29844	
10245	0	34806	36680	23628	30038	
10246	0	34162	37684	23830	30300	
10247	0	34720	37236	23914	30594	
10248	0	34692	37408	24124	30832	
10249	0	34747	37416	24280	31116	
10250	0	34722	37264	24406	31402	
10251	0	34816	37236	24590	31686	
10252	0	34712	37200	24778	31930	
10253	0	34784	37313	24950	32228	
10254	0	34872	37184	25123	32481	
10255	0	34634	37357	25258	32784	
10256	0	34888	37296	25525	33028	
10257	0	35088	37178	25666	33352	
10258	0	34904	37312	25928	33584	
10259	0	35259	37152	26078	33872	
10260	0	34984	37356	26302	34148	
10261	0	34753	37184	26564	34367	
10262	0	34976	37121	26757	34680	
10263	0	35420	37048	27036	34880	
10264	0	35552	36876	27285	35076	
10265	0	35064	37168	27473	35320	
10266	0	35252	36994	27745	35540	
10267	0	35690	36780	27984	35732	
10268	0	35312	36980	28276	35974	
10269	0	35064	37188	28524	36180	
10270	0	35504	36939	28781	36300	
10271	0	35341	37124	29021	36524	
10272	0	35790	36760	29292	36638	
10273	0	35237	37112	29552	36760	
10274	0	35568	36836	29824	36936	
10275	0	35524	37008	30069	37088	
10276	0	35402	37173	30344	37252	
10277	0	35796	36840	30608	37328	
10278	0	35680	36984	30868	37476	
10279	0	35764	37016	31120	37628	
10280	0	35656	37088	31378	37704	
10281	0	35672	37066	31648	37777	
10282	0	35652	37364	31882	37904	
10283	0	35648	37319	32152	38048	
10284	0	35628	37544	32425	38120	
10285	0	35696	37661	32664	38257	
10286	0	35524	37872	32902	38368	
10287	0	35720	37921	33168	38528	
10288	0	35596	37864	33388	38656	
10289	0	35814	37750	33656	38708	
10290	0	35977	38196	33861	38824	
10291	0	36365	38476	34088	38930	
10292	0	36448	38877	34361	39048	
10293	0	36379	39624	34552	39210	
10294	0	36196	39868	34780	39308	
10295	0	35993	40140	35004	39416	
10296	0	35548	40333	35301	39616	
10297	0	35404	41032	35472	39805	
10298	0	35360	42060	35708	39792	
10299	0	35556	43912	35916	40061	
10300	0	35112	44729	36133	40128	
10301	0	34480	44730	36376	40224	
10302	0	34600	43968	36580	40320	
10303	0	36344	43306	36785	40480	
10304	0	37260	41582	37008	40608	
10305	0	37004	41044	37232	40714	
10306	0	37552	40704	37506	40708	
10307	0	35356	39224	37696	40880	
10308	0	30764	37505	38010	40920	
10309	0	29756	34376	38226	41124	
10310	0	33372	34112	38464	41181	
10311	0	34574	36104	38696	41232	
10312	0	33564	35980	39000	41377	
10313	0	34520	31052	39170	41456	
10314	0	34706	33724	39452	41656	
10315	0	31854	34608	39744	41656	
10316	0	30212	36120	39961	41796	
10317	0	30480	34880	40240	41792	
10318	0	30816	34264	40488	41972	
10319	0	30660	34820	40760	42016	
10320	0	31441	34968	41096	41960	
10321	0	32161	34852	41304	42080	
10322	0	32912	34632	41584	42076	
10323	0	33148	34736	41868	42208	
10324	0	33174	35120	42048	42192	
10325	0	33045	35605	42388	42122	
10326	0	33004	36184	42528	42128	
10327	0	33104	36636	42760	42240	
10328	0	33561	37002	42985	42156	
10329	0	33762	37210	43208	42224	
10330	0	33916	37857	43417	42160	
10331	0	34024	38756	43640	42172	
10332	0	34296	39356	43804	42257	
10333	0	34944	39745	44004	42164	
10334	0	35664	39884	44152	42188	
10335	0	36320	40456	44341	42162	
10336	0	37128	40893	44500	42156	
10337	0	38060	41396	44636	42132	
10338	0	39412	41912	44760	42132	
10339	0	41136	42456	44884	42178	
10340	0	42968	42618	44993	42136	
10341	0	45153	41777	45100	42220	
10342	0	45481	40210	45192	42168	
10343	0	45861	38388	45272	42136	
10344	0	47872	35612	45344	42168	
10345	0	51064	33820	45434	42212	
10346	0	49465	34784	45480	42208	
10347	0	47713	35508	45449	42200	
10348	0	48864	34916	45456	42264	
10349	0	33764	40392	45460	42188	
10350	0	10081	47136	45440	42216	
10351	0	28524	35336	45442	42298	
10352	0	41200	38424	45412	42220	
10353	0	47268	42530	45352	42298	
10354	0	45636	35476	45352	42300	
10355	0	38709	38304	45258	42320	
10356	0	34916	37816	45168	42260	
10357	0	39680	33714	45104	42224	
10358	0	33656	38731	45008	42273	
10359	0	34456	37036	44969	42258	
10360	0	34388	37124	44824	42241	
10361	0	34324	37568	44728	42320	
10362	0	34546	37228	44680	42224	
10363	0	34676	37292	44505	42264	
10364	0	34760	37276	44396	42256	
10365	0	34680	37266	44296	42333	
10366	0	34744	37162	44236	42322	
10367	0	34808	37220	44136	42232	
10368	0	34604	37505	43972	42304	
10369	0	34784	37284	43880	42208	
10370	0	34649	37332	43777	42298	
10371	0	34684	37388	43704	42240	
10372	0	35084	37212	43556	42248	
10373	0	33692	37334	43562	42160	
10374	0	34674	37456	43456	42172	
10375	0	34700	37532	43292	42120	
10376	0	34752	37368	43272	41970	
10377	0	34981	37176	43088	41960	
10378	0	34400	37412	42976	41912	
10379	0	35440	36961	42880	41746	
10380	0	35296	37204	42816	41689	
10381	0	35444	37084	42700	41472	
10382	0	35196	37228	42632	41424	
10383	0	35337	37092	42576	41280	
10384	0	35274	37172	42380	41020	
10385	0	35444	37148	42388	40892	
10386	0	35309	37264	42240	40696	
10387	0	35440	37096	42076	40440	
10388	0	35280	36808	41968	40243	
10389	0	35413	36964	41992	40080	
10390	0	35557	36916	41892	39784	
10391	0	35616	36822	41629	39564	
10392	0	35718	36924	41664	39393	
10393	0	35618	37024	41460	39064	
10394	0	35613	37100	41292	38896	
10395	0	35548	37099	41304	38580	
10396	0	35588	37108	41056	38322	
10397	0	35624	37156	40992	38097	
10398	0	35473	37500	40832	37800	
10399	0	35329	37612	40678	37608	
10400	0	35492	37704	40560	37296	
10401	0	35634	37860	40424	37068	
10402	0	35668	37960	40288	36820	
10403	0	35896	37552	40160	36552	
10404	0	35820	37688	40146	36384	
10405	0	36252	38060	39961	36146	
10406	0	36200	38548	39820	35885	
10407	0	36496	39032	39592	35664	
10408	0	36032	39736	39425	35405	
10409	0	36196	40176	39292	35265	
10410	0	35872	40720	39204	35012	
10411	0	35264	41169	39012	34816	
10412	0	34984	41976	38900	34608	
10413	0	34600	43440	38720	34426	
10414	0	34030	45305	38576	34264	
10415	0	32764	45916	38448	34056	
10416	0	34404	44648	38288	33872	
10417	0	37440	43192	38154	33717	
10418	0	35130	42888	38016	33588	
10419	0	38632	41064	37860	33438	
10420	0	38996	40968	37706	33304	
10421	0	36000	40217	37576	33140	
10422	0	30828	38301	37396	33010	
10423	0	27970	35680	37376	32886	
10424	0	30596	34132	37152	32792	
10425	0	35904	34528	37110	32644	
10426	0	32928	37492	36880	32545	
10427	0	35382	30248	36860	32416	
10428	0	36384	34680	36613	32308	
10429	0	32044	33232	36604	32208	
10430	0	28916	35644	36442	32084	
10431	0	30212	34608	36228	31992	
10432	0	30644	34436	36206	31876	
10433	0	30342	34656	36040	31758	
10434	0	31196	34812	35868	31596	
10435	0	32192	34648	35734	31472	
10436	0	32737	34548	35628	31281	
10437	0	32882	34656	35480	31152	
10438	0	33000	34952	35340	30969	
10439	0	33144	35488	35278	30778	
10440	0	33232	36188	35081	30618	
10441	0	33564	36616	34988	30413	
10442	0	33840	36984	34880	30188	
10443	0	34060	37264	34720	29968	
10444	0	34080	38192	34588	29746	
10445	0	34204	38992	34416	29516	
10446	0	34648	39692	34292	29277	
10447	0	35157	40340	34156	29042	
10448	0	35724	40740	34012	28796	
10449	0	36388	41224	33873	28544	
10450	0	36931	41620	33716	28284	
10451	0	37993	41988	33593	28034	
10452	0	39800	42556	33444	27778	
10453	0	41400	42644	33240	27508	
10454	0	43028	42000	33122	27236	
10455	0	43828	40806	32941	27000	
10456	0	44089	39672	32784	26709	
10457	0	45108	37844	32624	26464	
10458	0	47352	35880	32465	26186	
10459	0	51593	34376	32248	25950	
10460	0	50964	34360	32076	25692	
10461	0	47064	35872	31932	25426	
10462	0	47648	36841	31717	25208	
10463	0	37600	37028	31532	24964	
10464	0	11954	46300	31292	24732	
10465	0	23212	39292	31164	24493	
10466	0	40041	35132	30940	24280	
10467	0	44808	38048	30752	24084	
10468	0	47882	31370	30540	23872	
10469	0	34337	38164	30344	23700	
10470	0	31576	41584	30137	23528	
10471	0	40112	32660	29949	23346	
10472	0	34352	38084	29736	23214	
10473	0	34360	37304	29530	23066	
10474	0	34684	36872	29316	22944	
10475	0	33916	37772	29128	22834	
10476	0	34296	37340	28932	22732	
10477	0	34485	37280	28704	22656	
10478	0	34490	37464	28488	22582	
10479	0	34524	37300	28321	22532	
10480	0	34198	37624	28141	22492	
10481	0	34224	37512	27937	22468	
10482	0	34420	37493	27729	22464	
10483	0	34806	37216	27528	22460	
10484	0	34580	37344	27382	22464	
10485	0	34548	37460	27152	22484	
10486	0	34580	37408	27036	22510	
10487	0	34478	37568	26812	22538	
10488	0	34488	37456	26697	22569	
10489	0	34584	37448	26536	22612	
10490	0	34778	37600	26352	22648	
10491	0	34928	37308	26238	22677	
10492	0	35196	37074	26048	22716	
10493	0	34976	37292	25932	22729	
10494	0	35177	37228	25749	22748	
10495	0	35444	37176	25668	22786	
10496	0	35248	37288	25512	22784	
10497	0	35080	37348	25400	22784	
10498	0	35176	37252	25232	22780	
10499	0	35164	37320	25154	22792	
10500	0	35260	37282	25074	22794	
10501	0	35040	36880	24941	22744	
10502	0	35464	37474	24822	22742	
10503	0	35316	36648	24737	22708	
10504	0	35421	37060	24621	22672	
10505	0	35456	37020	24500	22636	
10506	0	35300	37096	24408	22596	
10507	0	35600	37085	24295	22576	
10508	0	35424	37216	24165	22536	
10509	0	35248	37268	24100	22460	
10510	0	35376	37332	24008	22416	
10511	0	35428	37384	23934	22369	
10512	0	35344	37404	23788	22344	
10513	0	35323	37616	23702	22288	
10514	0	35458	37752	23601	22260	
10515	0	35564	37828	23536	22207	
10516	0	35616	38016	23404	22168	
10517	0	35569	37888	23336	22142	
10518	0	35510	37880	23188	22102	
10519	0	35588	38056	23134	22109	
10520	0	35698	38580	23000	22048	
10521	0	35952	39164	22920	22044	
10522	0	35824	39848	22856	22020	
10523	0	35992	40620	22792	22056	
10524	0	35540	41040	22706	22002	
10525	0	35034	41632	22634	22006	
10526	0	34404	42512	22508	22008	
10527	0	34024	44040	22412	22048	
10528	0	33309	46080	22413	22036	
10529	0	33346	45754	22392	22050	
10530	0	33508	45128	22325	22094	
10531	0	36544	43812	22213	22136	
10532	0	36724	42708	22180	22140	
10533	0	39034	41584	22164	22192	
10534	0	36996	40616	22078	22240	
10535	0	33652	39504	22076	22314	
10536	0	28556	37668	22080	22388	
10537	0	27673	36170	22124	22450	
10538	0	35860	33692	22098	22572	
10539	0	34864	34980	22146	22720	
10540	0	33568	36432	22172	22814	
10541	0	33620	32608	22256	22937	
10542	0	36384	32592	22322	23120	
10543	0	32236	33004	22380	23315	
10544	0	30328	34702	22500	23432	
10545	0	30829	34192	22588	23588	
10546	0	31064	34016	22668	23780	
10547	0	30949	34480	22817	23965	
10548	0	31272	34636	22996	24160	
10549	0	32025	34548	23173	24344	
10550	0	32329	34576	23292	24530	
10551	0	32705	34620	23492	24745	
10552	0	32929	34788	23745	25010	
10553	0	33018	35056	23944	25146	
10554	0	33040	35584	24169	25352	
10555	0	33168	36144	24388	25544	
10556	0	33344	36860	24612	25761	
10557	0	33781	37165	24818	25966	
10558	0	34004	37592	24988	26178	
10559	0	34128	38464	25212	26386	
10560	0	34346	39176	25528	26662	
10561	0	34880	39712	25756	26828	
10562	0	35665	39952	25972	27032	
10563	0	36381	40584	26172	27260	
10564	0	37160	41056	26408	27492	
10565	0	38276	41616	26672	27728	
10566	0	39684	41948	26864	27956	
10567	0	41388	42368	27096	28228	
10568	0	42664	42268	27304	28490	
10569	0	43864	41656	27500	28776	
10570	0	44200	40688	27762	28972	
10571	0	45040	38892	27968	29234	
10572	0	45096	37368	28176	29512	
10573	0	47908	35724	28352	29792	
10574	0	50592	33736	28556	30112	
10575	0	48640	36700	28728	30355	
10576	0	43248	42540	28858	30652	
10577	0	43880	36552	29085	31020	
10578	0	26860	39828	29240	31244	
10579	0	9166	46144	29379	31552	
10580	0	37642	33069	29597	31842	
10581	0	41861	36632	29733	32202	
10582	0	42812	28484	29970	32512	
10583	0	39882	31528	30041	32780	
10584	0	32820	42700	30220	33088	
10585	0	39772	33440	30365	33484	
10586	0	36900	36208	30525	33804	
10587	0	33856	38033	30678	34036	
10588	0	35112	36444	30854	34336	
10589	0	34248	37545	31016	34734	
10590	0	34500	37536	31178	35009	
10591	0	35041	37168	31352	35365	
10592	0	35008	37188	31534	35752	
10593	0	34924	37156	31714	36117	
10594	0	34696	37449	31920	36364	
10595	0	34866	37142	32120	36724	
10596	0	34868	37124	32332	37136	
10597	0	35100	37145	32532	37401	
10598	0	35264	37069	32756	37868	
10599	0	35168	37120	32960	38152	
10600	0	35096	37152	33258	38506	
10601	0	35100	37352	33452	38860	
10602	0	35172	37340	33712	39172	
10603	0	34892	37424	34024	39512	
10604	0	35260	37178	34292	39748	
10605	0	35316	37028	34520	39968	
10606	0	35208	37068	34841	40248	
10607	0	35217	37128	35132	40604	
10608	0	35280	37006	35384	40840	
10609	0	35929	36816	35708	41052	
10610	0	35664	36908	35960	41356	
10611	0	35365	37226	36236	41444	
10612	0	35328	37132	36548	41636	
10613	0	35584	37176	36848	41868	
10614	0	35441	37204	37156	42096	
10615	0	35428	37220	37432	42133	
10616	0	35680	36736	37728	42400	
10617	0	35437	37068	38044	42428	
10618	0	35908	36853	38306	42553	
10619	0	35584	36836	38584	42668	
10620	0	35968	36936	38858	42784	
10621	0	35768	36913	39168	42936	
10622	0	35504	37078	39508	43068	
10623	0	35568	37168	39656	43052	
10624	0	35520	37298	40012	43132	
10625	0	35584	37236	40177	43208	
10626	0	35588	37592	40448	43300	
10627	0	35568	37798	40680	43348	
10628	0	35644	37672	40856	43512	
10629	0	35760	37808	41152	43497	
10630	0	35721	37628	41288	43580	
10631	0	35964	37586	41520	43642	
10632	0	35892	37796	41834	43692	
10633	0	36188	38440	41904	43809	
10634	0	36364	39144	42090	43872	
10635	0	36144	39832	42285	43877	
10636	0	36090	40554	42520	43933	
10637	0	36032	41232	42642	44024	
10638	0	35344	41473	42832	44040	
10639	0	34795	42640	43008	44112	
10640	0	34424	44120	43216	44224	
10641	0	33696	46416	43392	44264	
10642	0	33116	46777	43522	44292	
10643	0	34380	46028	43704	44356	
10644	0	37322	44677	43886	44464	
10645	0	36356	42924	44028	44518	
10646	0	39568	41288	44252	44548	
10647	0	38004	41212	44420	44628	
10648	0	34020	39708	44602	44648	
10649	0	27388	37892	44740	44720	
10650	0	26233	35768	44952	44857	
10651	0	35585	33157	45128	44874	
10652	0	36948	34456	45368	44944	
10653	0	32440	37268	45548	45002	
10654	0	35876	27685	45756	45152	
10655	0	35484	32325	46016	45170	
10656	0	31988	33508	46252	45284	
10657	0	29374	35528	46408	45312	
10658	0	30321	33600	46724	45386	
10659	0	30586	34114	46956	45525	
10660	0	30176	34704	47184	45528	
10661	0	30640	34848	47424	45620	
10662	0	31528	34857	47680	45673	
10663	0	32212	34908	47994	45729	
10664	0	32648	35054	48192	45789	
10665	0	32898	35228	48452	45816	
10666	0	33012	35537	48782	45818	
10667	0	33144	36028	48992	45816	
10668	0	33457	36586	49304	45804	
10669	0	33594	37088	49520	45844	
10670	0	33704	37564	49760	45792	
10671	0	33768	38220	50057	45762	
10672	0	34275	38800	50241	45716	
10673	0	34777	39384	50472	45700	
10674	0	35364	39896	50688	45593	
10675	0	36256	40436	50980	45572	
10676	0	37024	40824	51184	45464	
10677	0	37785	41270	51308	45396	
10678	0	38920	41808	51544	45292	
10679	0	40540	42193	51712	45188	
10680	0	42348	42476	51848	45056	
10681	0	44240	42312	51956	44938	
10682	0	45436	40984	52088	44832	
10683	0	46448	39893	52266	44700	
10684	0	46620	37632	52364	44580	
10685	0	46788	35704	52384	44440	
10686	0	48760	33576	52496	44296	
10687	0	48060	33985	52496	44148	
10688	0	46228	36204	52501	44004	
10689	0	44252	36978	52600	43872	
10690	0	41748	39592	52560	43724	
10691	0	23904	41248	52524	43552	
10692	0	11263	45640	52484	43434	
10693	0	32252	37404	52468	43258	
10694	0	38940	40104	52392	43092	
10695	0	42296	39768	52352	42940	
10696	0	49552	42412	52280	42792	
10697	0	34744	36496	52120	42672	
10698	0	34480	39628	52044	42530	
10699	0	38833	33716	51944	42316	
10700	0	33268	38872	51804	42168	
10701	0	34404	36674	51668	42034	
10702	0	34472	37072	51524	41861	
10703	0	33981	37680	51396	41738	
10704	0	34437	37458	51208	41560	
10705	0	34424	37640	51120	41416	
10706	0	34504	37281	50892	41328	
10707	0	34612	37292	50721	41176	
10708	0	34544	37276	50601	41012	
10709	0	34700	37426	50392	40880	
10710	0	34586	37396	50220	40772	
10711	0	34672	37400	50108	40601	
10712	0	34686	37452	49906	40472	
10713	0	34712	37242	49736	40280	
10714	0	34720	37276	49520	40169	
10715	0	34820	37340	49360	40048	
10716	0	34769	37356	49200	39808	
10717	0	34684	37312	48977	39720	
10718	0	34616	37168	48813	39536	
10719	0	34778	37228	48640	39380	
10720	0	34788	37140	48464	39172	
10721	0	34756	37312	48260	38986	
10722	0	35184	37052	48056	38716	
10723	0	35064	37156	47836	38508	
10724	0	35142	37016	47688	38333	
10725	0	35064	37085	47469	38064	
10726	0	35085	37092	47268	37824	
10727	0	35041	37256	46964	37608	
10728	0	35154	37172	46808	37440	
10729	0	35032	37296	46520	37148	
10730	0	35322	36992	46348	36908	
10731	0	35372	36860	46104	36642	
10732	0	35224	37196	45768	36380	
10733	0	35162	37080	45536	36082	
10734	0	35328	37236	45264	35813	
10735	0	35432	36980	45008	35600	
10736	0	35629	37002	44738	35329	
10737	0	35537	36960	44480	35122	
10738	0	35588	37108	44182	34840	
10739	0	35304	37288	43904	34628	
10740	0	35204	37460	43616	34332	
10741	0	35348	37552	43333	34113	
10742	0	35080	37933	43040	33837	
10743	0	35520	37714	42752	33632	
10744	0	35429	37944	42436	33406	
10745	0	35544	37888	42124	33204	
10746	0	35424	38120	41941	32987	
10747	0	35632	38252	41620	32829	
10748	0	35872	38352	41280	32624	
10749	0	36178	39020	40882	32397	
10750	0	36152	39352	40584	32288	
10751	0	36075	40032	40360	32056	
10752	0	35844	40340	39952	31913	
10753	0	35444	40809	39649	31784	
10754	0	34740	41280	39325	31596	
10755	0	34560	42172	39008	31500	
10756	0	34308	44105	38712	31316	
10757	0	33546	45712	38420	31219	
10758	0	33201	45528	38100	31077	
10759	0	33656	44640	37800	30946	
10760	0	36173	43608	37496	30832	
10761	0	36696	42388	37216	30717	
10762	0	39364	40916	36924	30610	
10763	0	38496	40656	36608	30484	
10764	0	34320	39600	36272	30377	
10765	0	29488	38032	35992	30268	
10766	0	27508	36508	35705	30160	
10767	0	31100	34106	35424	30072	
10768	0	36824	34781	35140	29942	
10769	0	36417	35008	34900	29856	
10770	0	35464	35804	34596	29738	
10771	0	36646	30258	34436	29632	
10772	0	34066	31844	34057	29516	
10773	0	31945	33488	33765	29396	
10774	0	30090	34596	33496	29300	
10775	0	30194	34596	33225	29164	
10776	0	29976	34516	32964	29030	
10777	0	30256	34673	32688	28886	
10778	0	31160	34520	32421	28736	
10779	0	31832	34378	32166	28580	
10780	0	32228	34665	31901	28396	
10781	0	32354	34800	31620	28220	
10782	0	32672	35360	31384	28035	
10783	0	32824	35704	31080	27860	
10784	0	33053	36220	30813	27628	
10785	0	33332	36736	30546	27428	
10786	0	33644	37081	30272	27204	
10787	0	33684	37549	30004	27000	
10788	0	33909	38208	29692	26732	
10789	0	34066	38720	29414	26528	
10790	0	34297	39385	29144	26281	
10791	0	34880	40060	28840	26040	
10792	0	35472	40528	28548	25813	
10793	0	36200	40968	28266	25554	
10794	0	36818	41337	27936	25313	
10795	0	37628	41708	27628	25076	
10796	0	38976	42016	27366	24836	
10797	0	40344	42608	26997	24592	
10798	0	42148	42860	26736	24372	
10799	0	44104	42312	26372	24178	
10800	0	45756	41156	26048	23928	
10801	0	46404	39048	25788	23728	
10802	0	47628	36785	25446	23513	
10803	0	50584	34192	25158	23313	
10804	0	50344	33532	24836	23118	
10805	0	48192	37012	24417	22928	
10806	0	38018	47072	24089	22780	
10807	0	45354	33884	23874	22566	
10808	0	19055	42028	23449	22436	
10809	0	11896	42592	23204	22268	
10810	0	39416	34904	22856	22092	
10811	0	41236	40184	22528	21928	
10812	0	48456	34100	22224	21774	
10813	0	41308	32444	21984	21624	
10814	0	31332	42744	21652	21491	
10815	0	40592	32456	21400	21336	
10816	0	34945	37240	21108	21216	
10817	0	33909	37800	20816	21092	
10818	0	34784	36856	20499	20978	
10819	0	33585	37968	20264	20826	
10820	0	34352	37401	19936	20730	
10821	0	34634	37420	19742	20594	
10822	0	34704	37377	19485	20537	
10823	0	34528	37400	19258	20432	
10824	0	34544	37360	19032	20329	
10825	0	34480	37516	18772	20228	
10826	0	34704	37300	18552	20110	
10827	0	34642	37344	18273	20070	
10828	0	34668	37408	18102	19984	
10829	0	34852	37248	17899	19900	
10830	0	34700	37364	17680	19876	
10831	0	34548	37370	17490	19829	
10832	0	34804	37460	17272	19768	
10833	0	34768	37581	17120	19753	
10834	0	34770	37258	16948	19698	
10835	0	35049	37040	16788	19588	
10836	0	35106	36976	16599	19528	
10837	0	35200	37088	16440	19500	
10838	0	35060	37152	16292	19425	
10839	0	35900	36896	16156	19352	
10840	0	34716	37544	15997	19278	
10841	0	35472	37200	15836	19200	
10842	0	35000	37404	15679	19102	
10843	0	35026	37433	15533	18992	
10844	0	35200	37004	15428	18941	
10845	0	35325	37124	15301	18890	
10846	0	35236	37232	15204	18754	
10847	0	35464	37056	15074	18684	
10848	0	35394	37132	14948	18604	
10849	0	35490	37201	14797	18486	
10850	0	35312	37208	14705	18411	
10851	0	35306	37212	14597	18262	
10852	0	35308	37140	14468	18152	
10853	0	35328	37344	14358	18052	
10854	0	35348	37374	14212	17959	
10855	0	35394	37584	14108	17868	
10856	0	35380	37750	13984	17716	
10857	0	35355	37981	13904	17690	
10858	0	35392	38113	13789	17649	
10859	0	35632	38000	13698	17520	
10860	0	35625	37914	13541	17460	
10861	0	35592	37909	13492	17364	
10862	0	35662	38061	13416	17294	
10863	0	35780	38464	13324	17256	
10864	0	36010	39249	13222	17221	
10865	0	35576	39688	13163	17222	
10866	0	35430	40554	13068	17156	
10867	0	35292	41448	13016	17112	
10868	0	34952	41888	12937	17058	
10869	0	34664	43140	12820	17074	
10870	0	33288	45048	12773	17088	
10871	0	31894	46688	12770	17048	
10872	0	32448	45840	12714	17088	
10873	0	35396	44804	12674	17118	
10874	0	37645	43908	12644	17203	
10875	0	39364	42744	12608	17148	
10876	0	39236	41570	12625	17197	
10877	0	36340	41176	12618	17297	
10878	0	29400	39794	12668	17344	
10879	0	26156	37145	12652	17448	
10880	0	28790	35194	12669	17546	
10881	0	37144	34198	12725	17622	
10882	0	35751	35130	12832	17712	
10883	0	33204	36712	12888	17848	
10884	0	34152	29728	12963	17952	
10885	0	36160	32904	13040	18016	
10886	0	31656	33488	13179	18210	
10887	0	29096	34788	13300	18280	
10888	0	29836	34297	13422	18440	
10889	0	30564	34182	13613	18588	
10890	0	30512	34476	13785	18722	
10891	0	31112	34848	13864	18862	
10892	0	32066	34706	14068	18977	
10893	0	32508	34800	14276	19124	
10894	0	32792	35036	14490	19238	
10895	0	33000	35280	14633	19384	
10896	0	32916	35868	14889	19482	
10897	0	33084	36560	15118	19648	
10898	0	33416	36836	15345	19745	
10899	0	33468	37408	15554	19900	
10900	0	33616	38221	15804	19965	
10901	0	33892	38664	15974	20196	
10902	0	34084	39344	16201	20301	
10903	0	34732	39956	16468	20421	
10904	0	35408	40530	16656	20521	
10905	0	36232	41212	16885	20715	
10906	0	36964	41608	17141	20813	
10907	0	38300	42068	17356	20985	
10908	0	39688	42352	17527	21156	
10909	0	41452	42724	17786	21268	
10910	0	43080	42764	17940	21468	
10911	0	44496	42048	18160	21602	
10912	0	45314	41120	18372	21812	
10913	0	45616	39308	18528	22041	
10914	0	46134	37648	18747	22197	
10915	0	49072	35333	18940	22366	
10916	0	51712	33820	19113	22608	
10917	0	48952	36676	19268	22834	
10918	0	46348	38976	19424	23032	
10919	0	42665	37944	19542	23282	
10920	0	21782	42644	19702	23500	
10921	0	13704	41257	19852	23730	
10922	0	40556	35108	20036	23976	
10923	0	42964	38745	20148	24188	
10924	0	47048	44281	20268	24500	
10925	0	37336	34440	20490	24752	
10926	0	38008	38116	20562	25020	
10927	0	39984	34241	20792	25296	
10928	0	35440	37112	20888	25550	
10929	0	34424	37064	21009	25814	
10930	0	34812	36920	21156	26082	
10931	0	33728	38000	21404	26380	
10932	0	34568	37501	21562	26640	
10933	0	34864	37228	21721	26934	
10934	0	34868	37241	21903	27212	
10935	0	34610	37312	22109	27492	
10936	0	34688	37408	22274	27808	
10937	0	34816	37405	22474	28097	
10938	0	34760	37336	22681	28392	
10939	0	34704	37246	22928	28714	
10940	0	34968	37088	23178	28992	
10941	0	34833	37272	23400	29292	
10942	0	34660	37484	23600	29660	
10943	0	34426	37232	23890	29932	
10944	0	35168	37452	24100	30176	
10945	0	34712	37412	24372	30476	
10946	0	35172	37076	24686	30784	
10947	0	34961	37032	24920	31052	
10948	0	35144	36836	25233	31396	
10949	0	35036	37056	25488	31633	
10950	0	35616	36808	25860	31876	
10951	0	35458	36884	26080	32156	
10952	0	35416	37033	26432	32400	
10953	0	35284	37196	26716	32669	
10954	0	35600	37088	27024	32909	
10955	0	35065	37160	27288	33134	
10956	0	35481	37172	27638	33408	
10957	0	35482	36840	27900	33568	
10958	0	35416	37224	28209	33801	
10959	0	35604	36936	28508	34002	
10960	0	35740	37222	28789	34213	
10961	0	35712	37049	29049	34400	
10962	0	35740	37188	29356	34633	
10963	0	35652	37160	29608	34790	
10964	0	35484	37364	29904	35024	
10965	0	35500	37332	30162	35152	
10966	0	35400	37600	30436	35376	
10967	0	35745	37833	30704	35624	
10968	0	35728	37968	30976	35785	
10969	0	35480	38241	31236	36052	
10970	0	35748	38104	31492	36185	
10971	0	35504	37788	31762	36472	
10972	0	35578	37904	32021	36600	
10973	0	35828	38314	32288	36944	
10974	0	36260	39144	32540	37053	
10975	0	36733	39722	32800	37376	
10976	0	36428	40384	33053	37544	
10977	0	35813	40684	33313	37860	
10978	0	35536	41428	33581	38064	
10979	0	34804	41932	33856	38349	
10980	0	34492	43288	34108	38489	
10981	0	34528	45448	34370	38724	
10982	0	33536	46260	34624	38988	
10983	0	34668	45160	34930	39265	
10984	0	36720	44488	35180	39468	
10985	0	36810	43012	35440	39772	
10986	0	38360	41400	35692	39940	
10987	0	37384	41336	35993	40293	
10988	0	34500	39648	36264	40409	
10989	0	29368	37601	36612	40681	
10990	0	29360	35836	36868	40833	
10991	0	32737	33996	37184	41092	
10992	0	34224	35977	37448	41433	
10993	0	33404	36829	37800	41520	
10994	0	34840	29116	38104	41776	
10995	0	35202	34212	38464	42084	
10996	0	31298	34092	38749	42224	
10997	0	29736	35292	39090	42424	
10998	0	30565	34188	39536	42726	
10999	0	31116	34048	39777	42908	
11000	0	30520	34768	40136	43088	
11001	0	31328	34740	40504	43356	
11002	0	31998	34736	40856	43510	
11003	0	32448	34773	41204	43628	
11004	0	32848	34954	41444	43872	
11005	0	33012	35346	41824	43972	
11006	0	32945	35696	42112	44140	
11007	0	33128	36221	42418	44321	
11008	0	33320	36700	42712	44408	
11009	0	33676	36865	43108	44545	
11010	0	33909	37362	43388	44672	
11011	0	33928	38329	43624	44848	
11012	0	34077	38484	43816	44881	
11013	0	34208	39276	44056	45044	
11014	0	34892	39712	44304	45088	
11015	0	35556	40344	44525	45196	
11016	0	36432	40864	44736	45264	
11017	0	37393	41192	44932	45376	
11018	0	38420	41584	45113	45464	
11019	0	39336	41956	45276	45536	
11020	0	41040	42424	45456	45540	
11021	0	42068	42596	45648	45597	
11022	0	43153	41912	45716	45680	
11023	0	44737	40621	45816	45676	
11024	0	45760	39052	45940	45708	
11025	0	47588	36953	46012	45808	
11026	0	52168	34304	46152	45768	
11027	0	52353	33704	46168	45848	
11028	0	49508	35016	46194	45825	
11029	0	48200	36544	46244	45860	
11030	0	40228	37760	46244	45904	
11031	0	14261	46584	46258	45884	
11032	0	17354	40536	46256	45904	
11033	0	41968	35400	46268	45844	
11034	0	50004	43248	46216	45836	
11035	0	45112	33276	46188	45872	
11036	0	36144	35648	46196	45840	
11037	0	34689	38408	46108	45872	
11038	0	39532	33840	46128	45848	
11039	0	34648	38016	45992	45869	
11040	0	34633	36968	45952	45860	
11041	0	34836	36928	45896	45928	
11042	0	34172	37780	45824	45888	
11043	0	34720	37249	45760	45984	
11044	0	34904	37173	45716	46010	
11045	0	35112	37106	45688	46032	
11046	0	34780	37252	45652	46072	
11047	0	34776	37260	45548	46116	
11048	0	34812	37352	45544	46208	
11049	0	34936	37176	45448	46320	
11050	0	34948	37188	45440	46336	
11051	0	34960	37264	45392	46456	
11052	0	34924	37212	45368	46489	
11053	0	34968	37248	45332	46580	
11054	0	34976	37324	45392	46664	
11055	0	35176	37061	45336	46748	
11056	0	35200	37258	45392	46808	
11057	0	34992	37149	45320	46952	
11058	0	34936	36996	45392	46961	
11059	0	35364	37116	45336	47085	
11060	0	34812	37325	45344	47080	
11061	0	35252	37128	45416	47152	
11062	0	35914	37017	45409	47164	
11063	0	35632	36914	45412	47248	
11064	0	35362	37060	45476	47288	
11065	0	35400	37113	45480	47232	
11066	0	35580	36939	45476	47288	
11067	0	35624	36648	45570	47284	
11068	0	35616	37344	45594	47249	
11069	0	35421	36828	45568	47236	
11070	0	35288	36928	45660	47172	
11071	0	35536	37152	45692	47076	
11072	0	35624	36968	45704	47077	
11073	0	35540	37049	45690	46956	
11074	0	35642	37024	45728	46928	
11075	0	35708	37009	45755	46816	
11076	0	35556	37068	45796	46752	
11077	0	35600	37148	45849	46652	
11078	0	35632	37222	45860	46536	
11079	0	35640	37344	45884	46412	
11080	0	35605	37732	45892	46308	
11081	0	35712	37660	45960	46228	
11082	0	35805	37960	45953	46130	
11083	0	35976	37792	46005	46002	
11084	0	35840	37697	46024	45905	
11085	0	35876	37648	46048	45756	
11086	0	36064	37830	46092	45596	
11087	0	36216	38392	46140	45488	
11088	0	36104	38976	46176	45416	
11089	0	36236	39716	46244	45305	
11090	0	36144	40544	46276	45108	
11091	0	35828	40805	46300	45036	
11092	0	35276	41576	46341	44857	
11093	0	34790	42456	46377	44736	
11094	0	34356	44280	46364	44633	
11095	0	33296	46100	46393	44536	
11096	0	33325	45712	46428	44404	
11097	0	35684	44552	46456	44250	
11098	0	39436	42788	46544	44128	
11099	0	37362	42148	46544	43952	
11100	0	39336	40816	46560	43806	
11101	0	37300	40626	46624	43724	
11102	0	33186	39504	46700	43612	
11103	0	28744	37268	46724	43425	
11104	0	27125	35696	46749	43280	
11105	0	35341	33300	46872	43146	
11106	0	34868	35309	46880	43040	
11107	0	33406	36836	46936	42892	
11108	0	33532	30314	46993	42785	
11109	0	36948	33092	47104	42624	
11110	0	31652	33881	47124	42512	
11111	0	29748	35761	47212	42305	
11112	0	30364	34744	47248	42212	
11113	0	31084	34596	47340	42028	
11114	0	30925	34724	47464	41812	
11115	0	31328	34908	47508	41644	
11116	0	32100	34792	47544	41460	
11117	0	32468	34849	47545	41248	
11118	0	32900	35032	47648	41056	
11119	0	32923	35232	47628	40832	
11120	0	33121	35644	47676	40608	
11121	0	33376	36144	47744	40360	
11122	0	33556	36672	47724	40120	
11123	0	33892	36932	47748	39856	
11124	0	34008	37466	47748	39588	
11125	0	34056	38316	47664	39313	
11126	0	34546	38724	47732	39041	
11127	0	34616	39232	47680	38668	
11128	0	35258	39764	47596	38414	
11129	0	35788	40264	47524	38124	
11130	0	36368	40752	47457	37808	
11131	0	36994	41056	47412	37412	
11132	0	37896	41448	47276	37108	
11133	0	39072	41864	47136	36808	
11134	0	40608	42236	46992	36490	
11135	0	41964	42088	46876	36160	
11136	0	43712	41580	46712	35857	
11137	0	45020	40288	46564	35457	
11138	0	45860	38756	46438	35130	
11139	0	47352	37164	46224	34900	
11140	0	50480	34500	46092	34554	
11141	0	50994	33049	45832	34220	
11142	0	48216	35128	45696	33896	
11143	0	39332	46904	45376	33624	
11144	0	44940	35944	45180	33312	
11145	0	24976	44096	44972	33021	
11146	0	9919	45836	44664	32708	
11147	0	37289	34088	44440	32476	
11148	0	44225	36732	44164	32188	
11149	0	49132	44328	43872	31888	
11150	0	38144	34205	43650	31674	
11151	0	34900	39356	43352	31392	
11152	0	40645	32409	43124	31098	
11153	0	34784	37478	42812	30864	
11154	0	34210	37477	42442	30640	
11155	0	34808	36840	42208	30396	
11156	0	34304	37618	41808	30196	
11157	0	34752	37284	41497	29998	
11158	0	34816	37308	41224	29830	
11159	0	34917	37282	40968	29568	
11160	0	34802	37284	40660	29416	
11161	0	34652	37365	40328	29256	
11162	0	34720	37348	39880	29045	
11163	0	34948	37164	39552	28936	
11164	0	34964	37209	39224	28776	
11165	0	34808	37364	38886	28609	
11166	0	34696	37322	38561	28513	
11167	0	34958	37272	38212	28368	
11168	0	34936	37432	37972	28205	
11169	0	35229	37480	37556	28070	
11170	0	35057	37393	37212	27977	
11171	0	35262	37190	36932	27800	
11172	0	35136	36976	36496	27728	
11173	0	34818	36954	36218	27548	
11174	0	34953	37056	35796	27441	
11175	0	34884	37124	35444	27301	
11176	0	35212	37124	35108	27152	
11177	0	35358	37300	34756	26992	
11178	0	35172	37304	34370	26812	
11179	0	35258	37296	34028	26680	
11180	0	35826	36870	33696	26522	
11181	0	35170	36880	33288	26357	
11182	0	35312	37277	32929	26188	
11183	0	35304	36992	32620	26024	
11184	0	35608	37036	32228	25836	
11185	0	35528	37108	31876	25666	
11186	0	35565	37124	31525	25515	
11187	0	35504	37092	31169	25328	
11188	0	35504	37040	30832	25173	
11189	0	35724	37156	30476	25008	
11190	0	35552	37208	30116	24856	
11191	0	35536	37220	29776	24700	
11192	0	35537	37360	29422	24540	
11193	0	35616	37617	29085	24390	
11194	0	35456	37896	28738	24258	
11195	0	35468	37964	28400	24132	
11196	0	35685	38020	28024	24008	
11197	0	35812	37876	27708	23897	
11198	0	35640	37936	27312	23808	
11199	0	35928	38248	27033	23693	
11200	0	36188	38660	26690	23618	
11201	0	36156	39268	26340	23525	
11202	0	35743	40144	25952	23456	
11203	0	35808	41105	25661	23397	
11204	0	35424	41568	25380	23362	
11205	0	34650	42452	25036	23273	
11206	0	34384	43704	24732	23248	
11207	0	33424	45700	24437	23208	
11208	0	33304	46416	24140	23180	
11209	0	34800	45035	23860	23149	
11210	0	36856	44744	23589	23152	
11211	0	35920	43284	23364	23120	
11212	0	36444	41964	23040	23108	
11213	0	36952	40924	22820	23070	
11214	0	34161	39528	22589	23064	
11215	0	29284	37040	22314	23074	
11216	0	30085	36344	22176	23048	
11217	0	34152	34806	21900	23097	
11218	0	34980	36160	21697	23057	
11219	0	34621	36377	21560	23038	
11220	0	34514	28322	21354	23072	
11221	0	33676	33440	21208	23072	
11222	0	30354	34892	21014	23064	
11223	0	29309	35010	20867	23033	
11224	0	30457	33960	20720	23068	
11225	0	30622	34076	20556	23062	
11226	0	30596	34738	20416	23069	
11227	0	31418	34864	20193	23026	
11228	0	32013	34964	20092	23054	
11229	0	32380	35044	19984	22996	
11230	0	32837	35088	19850	23056	
11231	0	33004	35412	19744	22940	
11232	0	32960	36065	19544	22925	
11233	0	33312	36540	19448	22838	
11234	0	33516	36920	19352	22856	
11235	0	33942	37028	19200	22753	
11236	0	33988	37766	19105	22728	
11237	0	34364	38528	18953	22628	
11238	0	34844	39185	18836	22508	
11239	0	35261	39625	18620	22468	
11240	0	35920	40064	18532	22382	
11241	0	36554	40568	18380	22241	
11242	0	37088	40920	18232	22194	
11243	0	37573	41290	18064	22048	
11244	0	38594	41800	17840	21913	
11245	0	40112	41984	17724	21832	
11246	0	41700	42504	17525	21780	
11247	0	43145	41940	17362	21632	
11248	0	44156	40524	17170	21473	
11249	0	44208	39136	17021	21387	
11250	0	44296	37908	16837	21316	
11251	0	45016	36896	16624	21146	
11252	0	48236	35384	16464	21048	
11253	0	49104	34632	16200	20998	
11254	0	42076	43776	16041	20851	
11255	0	48664	33785	15880	20724	
11256	0	39208	39784	15645	20744	
11257	0	17321	46016	15452	20601	
11258	0	23128	38764	15256	20502	
11259	0	40704	36712	15012	20452	
11260	0	50249	42608	14865	20412	
11261	0	44528	32821	14629	20274	
11262	0	38052	38768	14498	20238	
11263	0	36346	36722	14304	20282	
11264	0	37696	35106	14129	20252	
11265	0	34425	37972	13952	20152	
11266	0	34546	36936	13755	20120	
11267	0	34396	37420	13612	20164	
11268	0	34236	37692	13467	20174	
11269	0	34512	37392	13340	20196	
11270	0	34640	37408	13197	20228	
11271	0	34824	37252	13125	20258	
11272	0	34554	37408	12989	20273	
11273	0	34497	37388	12884	20394	
11274	0	34405	37368	12780	20440	
11275	0	34832	37272	12754	20414	
11276	0	34688	37272	12671	20630	
11277	0	36084	37584	12675	20672	
11278	0	35274	37100	12625	20860	
11279	0	34778	37324	12656	20926	
11280	0	34824	37276	12604	21068	
11281	0	34512	37368	12602	21082	
11282	0	34468	37509	12641	21276	
11283	0	35609	37032	12664	21380	
11284	0	34756	37344	12771	21557	
11285	0	34772	37056	12795	21673	
11286	0	35221	36868	12872	21740	
11287	0	35339	37056	12984	21912	
11288	0	35592	36908	13052	22026	
11289	0	35008	37434	13125	22134	
11290	0	35272	37137	13262	22274	
11291	0	35390	37160	13401	22365	
11292	0	35216	37100	13462	22456	
11293	0	34988	37340	13614	22568	
11294	0	35533	37288	13748	22658	
11295	0	35304	36864	13912	22745	
11296	0	35332	37080	14078	22760	
11297	0	35520	36992	14236	22917	
11298	0	35576	37028	14404	22954	
11299	0	35742	37008	14545	23128	
11300	0	35621	37120	14756	23234	
11301	0	35438	36976	14944	23324	
11302	0	35488	37324	15109	23385	
11303	0	35520	37404	15314	23586	
11304	0	35380	37389	15493	23668	
11305	0	35612	37616	15689	23854	
11306	0	35500	37640	15932	23956	
11307	0	35556	37896	16132	24156	
11308	0	35677	37754	16354	24341	
11309	0	35464	37616	16563	24541	
11310	0	35932	37616	16784	24724	
11311	0	36032	38036	16970	24936	
11312	0	36580	38716	17158	25128	
11313	0	36612	39421	17450	25358	
11314	0	36448	39688	17629	25580	
11315	0	36240	40100	17834	25845	
11316	0	35844	40428	18042	25996	
11317	0	35152	41348	18328	26340	
11318	0	35480	41744	18549	26558	
11319	0	35814	43096	18790	26884	
11320	0	35608	44524	18984	27064	
11321	0	34794	44697	19266	27444	
11322	0	34117	44084	19512	27704	
11323	0	34432	43224	19792	28020	
11324	0	35861	42816	20052	28260	
11325	0	35694	42652	20288	28608	
11326	0	37184	40810	20574	28928	
11327	0	36592	38920	20873	29252	
11328	0	32752	38360	21150	29588	
11329	0	30258	36212	21401	29957	
11330	0	29660	35673	21777	30230	
11331	0	33296	34398	22096	30552	
11332	0	33120	36332	22384	30902	
11333	0	34004	35562	22719	31218	
11334	0	35580	29712	23076	31577	
11335	0	33680	33952	23376	31896	
11336	0	31044	35004	23744	32200	
11337	0	29952	35832	24150	32540	
11338	0	30980	34056	24520	32808	
11339	0	30233	34624	24849	33105	
11340	0	30652	34972	25284	33430	
11341	0	31433	35016	25668	33730	
11342	0	31920	35112	26050	34025	
11343	0	32512	34928	26416	34256	
11344	0	33056	35028	26803	34505	
11345	0	33156	35296	27204	34720	
11346	0	33130	35880	27584	34988	
11347	0	33233	36372	27912	35228	
11348	0	33381	36768	28324	35424	
11349	0	33604	37085	28696	35580	
11350	0	33738	37433	29044	35768	
11351	0	33952	38320	29432	35964	
11352	0	34120	38816	29784	36100	
11353	0	34360	39770	30136	36332	
11354	0	34888	40261	30496	36476	
11355	0	35476	40581	30794	36649	
11356	0	36128	41008	31109	36816	
11357	0	36920	41396	31453	36978	
11358	0	37733	41760	31792	37100	
11359	0	38928	41848	32110	37257	
11360	0	40552	42332	32376	37416	
11361	0	41912	41908	32664	37552	
11362	0	43928	41496	32976	37696	
11363	0	44256	42412	33249	37701	
11364	0	45664	37260	33521	37892	
11365	0	45936	36296	33761	38066	
11366	0	50068	36860	33978	38116	
11367	0	49994	34017	34304	38224	
11368	0	49852	35028	34464	38337	
11369	0	44296	39554	34648	38412	
11370	0	28672	43017	34884	38530	
11371	0	20440	40452	35064	38752	
11372	0	35024	37434	35257	38796	
11373	0	53720	39688	35468	38976	
11374	0	45668	29376	35672	38996	
11375	0	34316	39324	35784	39124	
11376	0	39104	34668	35972	39330	
11377	0	37848	35724	36132	39424	
11378	0	34388	37702	36300	39416	
11379	0	34996	36576	36448	39560	
11380	0	34848	37212	36616	39660	
11381	0	34688	37344	36776	39716	
11382	0	34792	37340	36912	39792	
11383	0	34932	37352	37074	39949	
11384	0	34928	37096	37308	40024	
11385	0	34788	37412	37392	40128	
11386	0	34660	37584	37556	40249	
11387	0	34936	37400	37733	40377	
11388	0	35072	36996	37900	40544	
11389	0	35024	37136	38080	40652	
11390	0	34866	37126	38278	40898	
11391	0	35744	36836	38508	40929	
11392	0	35264	37313	38616	41168	
11393	0	34740	37732	38800	41305	
11394	0	35020	37092	39012	41372	
11395	0	36506	36528	39320	41520	
11396	0	35108	37226	39400	41476	
11397	0	35920	36584	39612	41728	
11398	0	35682	36913	39916	41716	
11399	0	35538	37072	39984	41836	
11400	0	35434	37100	40184	41848	
11401	0	35360	37108	40432	41920	
11402	0	35324	37156	40568	42106	
11403	0	35368	37080	40788	42144	
11404	0	35424	37052	41104	42088	
11405	0	35516	37024	41256	42104	
11406	0	35576	37152	41372	42200	
11407	0	35504	37125	41668	42236	
11408	0	35593	36881	41836	42172	
11409	0	35712	36832	41996	42185	
11410	0	35760	37056	42048	42336	
11411	0	35769	37033	42224	42288	
11412	0	35715	36972	42400	42317	
11413	0	35605	37136	42564	42329	
11414	0	35824	37013	42708	42256	
11415	0	35704	37248	42936	42256	
11416	0	35700	37112	43024	42305	
11417	0	35796	37112	43232	42308	
11418	0	35684	37488	43392	42304	
11419	0	35764	37536	43492	42304	
11420	0	35712	37618	43592	42264	
11421	0	35832	37704	43720	42188	
11422	0	35752	37624	43920	42250	
11423	0	35642	37644	44017	42214	
11424	0	35808	37869	44120	42304	
11425	0	36050	38520	44184	42304	
11426	0	36500	39472	44292	42228	
11427	0	36497	40342	44432	42325	
11428	0	36274	40716	44568	42328	
11429	0	35876	41144	44616	42328	
11430	0	34944	42116	44688	42276	
11431	0	34620	43464	44756	42280	
11432	0	34564	45241	44904	42392	
11433	0	33920	46608	44924	42304	
11434	0	34620	45729	45040	42361	
11435	0	37361	44504	45088	42320	
11436	0	35860	43676	45164	42336	
11437	0	37588	42544	45232	42396	
11438	0	38168	41152	45341	42354	
11439	0	36168	39632	45424	42372	
11440	0	31356	37072	45476	42324	
11441	0	28664	36516	45512	42392	
11442	0	33817	33908	45588	42332	
11443	0	33065	37240	45648	42388	
11444	0	32416	36160	45784	42368	
11445	0	34828	29858	45868	42340	
11446	0	35317	33646	45880	42280	
11447	0	30628	34904	45976	42328	
11448	0	30596	34692	46040	42300	
11449	0	31082	34040	46105	42220	
11450	0	30652	34201	46248	42245	
11451	0	30944	34433	46256	42172	
11452	0	31488	34640	46316	42168	
11453	0	32377	34264	46376	42084	
11454	0	32650	34392	46468	42012	
11455	0	32940	34557	46556	41928	
11456	0	32818	34954	46566	41777	
11457	0	32796	35488	46548	41696	
11458	0	32658	36064	46569	41564	
11459	0	33060	36450	46616	41402	
11460	0	33344	36676	46601	41224	
11461	0	33648	36976	46596	41048	
11462	0	33836	37924	46634	40840	
11463	0	33876	38624	46540	40657	
11464	0	34280	39328	46504	40453	
11465	0	34917	39724	46440	40196	
11466	0	35640	40264	46393	39980	
11467	0	36456	40848	46348	39740	
11468	0	37456	41384	46205	39508	
11469	0	38722	41850	46128	39280	
11470	0	40297	42296	46004	39024	
11471	0	42250	42660	45852	38785	
11472	0	43828	41952	45680	38544	
11473	0	45256	41216	45608	38308	
11474	0	46680	40028	45374	38052	
11475	0	46388	38145	45200	37816	
11476	0	47944	35836	45044	37572	
11477	0	50004	34272	44818	37356	
11478	0	49300	35472	44608	37124	
11479	0	47816	37180	44388	36892	
11480	0	40444	43932	44194	36640	
11481	0	39352	35392	43932	36424	
11482	0	16840	41104	43728	36212	
11483	0	14630	42352	43448	35984	
11484	0	41229	35496	43209	35772	
11485	0	42008	38328	43024	35588	
11486	0	48586	37616	42688	35360	
11487	0	39525	32304	42444	35168	
11488	0	34508	41024	42168	34968	
11489	0	39938	33337	42048	34776	
11490	0	35352	37057	41656	34572	
11491	0	33376	38060	41480	34392	
11492	0	34828	36832	41144	34224	
11493	0	33412	37896	40992	34016	
11494	0	34188	37545	40768	33848	
11495	0	34616	37252	40429	33693	
11496	0	34492	37488	40153	33542	
11497	0	34352	37460	39912	33396	
11498	0	34372	37384	39676	33248	
11499	0	34549	37376	39568	33105	
11500	0	34333	37540	39224	32968	
11501	0	34404	37364	39008	32838	
11502	0	34721	37242	38784	32716	
11503	0	34602	37440	38572	32596	
11504	0	34952	37384	38420	32476	
11505	0	34474	37600	38168	32370	
11506	0	34690	37532	37964	32256	
11507	0	34992	37272	37776	32141	
11508	0	34228	37499	37586	32016	
11509	0	34884	37244	37452	31904	
11510	0	35192	36910	37149	31784	
11511	0	35306	37136	37032	31680	
11512	0	35132	37197	36808	31552	
11513	0	35404	37084	36601	31440	
11514	0	35362	37256	36348	31316	
11515	0	35224	37277	36172	31192	
11516	0	35232	37316	35996	31060	
11517	0	35552	36986	35744	30952	
11518	0	34912	36880	35492	30808	
11519	0	35210	37184	35296	30698	
11520	0	35266	36985	35059	30544	
11521	0	35304	37140	34896	30417	
11522	0	35338	37112	34608	30284	
11523	0	35472	37153	34400	30160	
11524	0	35424	37309	34162	30018	
11525	0	35424	37328	33984	29921	
11526	0	35376	37344	33704	29780	
11527	0	35228	37385	33501	29648	
11528	0	35236	37352	33245	29520	
11529	0	35272	37396	33029	29449	
11530	0	35417	37696	32765	29322	
11531	0	35308	37744	32522	29192	
11532	0	35433	37748	32296	29105	
11533	0	35484	37840	32040	29000	
11534	0	35716	37668	31777	28904	
11535	0	35512	37675	31537	28792	
11536	0	35616	38180	31284	28708	
11537	0	35912	38832	31040	28648	
11538	0	36065	39516	30784	28526	
11539	0	35968	40233	30529	28452	
11540	0	35856	40813	30229	28408	
11541	0	35360	41244	30048	28280	
11542	0	34648	41608	29801	28212	
11543	0	34418	43004	29540	28193	
11544	0	33952	44572	29277	28064	
11545	0	33536	46028	29048	27996	
11546	0	32818	45476	28848	27928	
11547	0	35305	44485	28580	27844	
11548	0	36120	43628	28361	27804	
11549	0	37024	43832	28112	27722	
11550	0	39392	41322	27960	27657	
11551	0	37064	40688	27764	27634	
11552	0	33004	39220	27580	27596	
11553	0	27706	37364	27356	27472	
11554	0	29310	35048	27216	27418	
11555	0	35228	34532	27060	27353	
11556	0	34448	34984	26849	27312	
11557	0	32160	37956	26685	27260	
11558	0	34329	29114	26600	27200	
11559	0	35897	34189	26404	27180	
11560	0	30802	33428	26248	27100	
11561	0	29992	35236	26118	27042	
11562	0	31042	34076	25957	27028	
11563	0	31408	34004	25841	26924	
11564	0	31026	34437	25720	26888	
11565	0	31605	34625	25592	26812	
11566	0	32249	34376	25470	26756	
11567	0	32788	34532	25340	26676	
11568	0	33132	34656	25214	26593	
11569	0	33308	35156	25115	26510	
11570	0	33372	35625	24992	26421	
11571	0	33548	36080	24878	26312	
11572	0	33761	36556	24749	26214	
11573	0	33964	36816	24645	26110	
11574	0	34256	37160	24548	25998	
11575	0	34112	37796	24450	25888	
11576	0	34060	38581	24330	25760	
11577	0	34344	39322	24192	25684	
11578	0	34640	39882	24052	25562	
11579	0	35072	40244	23968	25432	
11580	0	35656	40772	23828	25240	
11581	0	36554	41280	23773	25096	
11582	0	37940	41524	23614	24942	
11583	0	38888	41785	23573	24818	
11584	0	40665	41916	23464	24673	
11585	0	41872	41708	23314	24576	
11586	0	43464	41441	23224	24388	
11587	0	44549	40925	23125	24229	
11588	0	45532	39716	23040	24078	
11589	0	46672	37868	22856	23965	
11590	0	50144	35360	22824	23786	
11591	0	50688	32953	22704	23660	
11592	0	48296	35556	22562	23532	
11593	0	36673	48696	22416	23384	
11594	0	43404	36248	22289	23248	
11595	0	26032	43408	22170	23112	
11596	0	9283	46336	22064	22980	
11597	0	38104	34051	22029	22854	
11598	0	43056	39016	21827	22737	
11599	0	41648	40941	21724	22632	
11600	0	44906	32928	21681	22560	
11601	0	33556	37164	21568	22422	
11602	0	37664	36336	21417	22296	
11603	0	38960	34828	21320	22228	
11604	0	34396	37984	21300	22192	
11605	0	34760	36776	21176	22049	
11606	0	34296	37612	21064	21984	
11607	0	34080	37788	21024	21952	
11608	0	34616	37528	20964	21944	
11609	0	34582	37368	20857	21855	
11610	0	34724	37313	20882	21872	
11611	0	34538	37352	20816	21881	
11612	0	34591	37128	20777	21893	
11613	0	34097	37476	20748	21868	
11614	0	36248	36916	20688	21916	
11615	0	35220	37152	20716	21957	
11616	0	35048	37224	20668	21998	
11617	0	35197	37096	20688	22058	
11618	0	34464	37486	20668	22166	
11619	0	35020	37208	20648	22240	
11620	0	34372	37584	20716	22346	
11621	0	35462	37213	20742	22418	
11622	0	35826	36896	20705	22556	
11623	0	34292	36936	20753	22658	
11624	0	35516	37049	20812	22824	
11625	0	35368	36981	20864	22932	
11626	0	35456	37056	20923	22968	
11627	0	35388	37116	20957	23114	
11628	0	35076	37221	21048	23224	
11629	0	35520	36984	21128	23361	
11630	0	35504	37188	21136	23520	
11631	0	35536	37136	21288	23564	
11632	0	35433	36820	21332	23699	
11633	0	35257	37040	21424	23874	
11634	0	35428	36946	21440	23956	
11635	0	35444	36938	21577	24076	
11636	0	35528	36840	21663	24168	
11637	0	35673	37061	21760	24312	
11638	0	35684	37144	21880	24404	
11639	0	35612	37048	21930	24506	
11640	0	35528	37168	22037	24653	
11641	0	35766	37373	22092	24788	
11642	0	35520	37420	22254	24914	
11643	0	35820	37612	22388	25032	
11644	0	35548	37792	22489	25190	
11645	0	35492	38100	22600	25408	
11646	0	35696	37976	22708	25478	
11647	0	35833	37730	22800	25664	
11648	0	35848	37824	22870	25812	
11649	0	36224	38429	23077	26016	
11650	0	36361	39009	23182	26204	
11651	0	36544	39576	23310	26393	
11652	0	36372	40090	23446	26645	
11653	0	36065	40708	23590	26805	
11654	0	35680	40754	23705	26998	
11655	0	35160	41681	23837	27212	
11656	0	35164	42261	24022	27516	
11657	0	35428	43556	24169	27664	
11658	0	34880	45216	24293	27944	
11659	0	33824	44804	24525	28134	
11660	0	34156	44196	24672	28432	
11661	0	36728	42936	24804	28632	
11662	0	35488	42524	25026	28896	
11663	0	38008	40880	25156	29159	
11664	0	38228	40084	25418	29412	
11665	0	34629	39376	25644	29692	
11666	0	31246	36568	25878	30018	
11667	0	29236	35768	26116	30301	
11668	0	32634	34528	26343	30532	
11669	0	31340	38273	26580	30808	
11670	0	33425	35108	26860	31125	
11671	0	35428	29352	27192	31450	
11672	0	33568	34194	27410	31692	
11673	0	30720	35360	27653	32040	
11674	0	30434	35076	27976	32248	
11675	0	30948	33968	28274	32584	
11676	0	30688	34352	28568	32832	
11677	0	30828	34724	28868	33088	
11678	0	31560	34784	29196	33336	
11679	0	32089	34776	29502	33608	
11680	0	32540	34816	29814	33856	
11681	0	32996	34760	30116	34084	
11682	0	33208	35116	30432	34414	
11683	0	33226	35541	30750	34598	
11684	0	33258	36130	31084	34764	
11685	0	33258	36596	31406	35052	
11686	0	33524	37106	31722	35253	
11687	0	33854	37484	32034	35402	
11688	0	34048	38000	32344	35624	
11689	0	33784	38744	32641	35714	
11690	0	34184	39340	32941	35996	
11691	0	34662	39872	33236	36042	
11692	0	35280	40217	33532	36202	
11693	0	35848	40512	33816	36373	
11694	0	36628	40876	34084	36500	
11695	0	37301	41400	34352	36648	
11696	0	38328	41924	34616	36768	
11697	0	39624	42408	34881	37032	
11698	0	41396	42184	35124	37088	
11699	0	42624	41042	35360	37188	
11700	0	43520	39674	35616	37434	
11701	0	43728	38264	35776	37505	
11702	0	44268	36993	36053	37572	
11703	0	45889	35281	36209	37736	
11704	0	48384	34300	36477	37849	
11705	0	49088	34164	36593	37960	
11706	0	46472	39144	36754	38168	
11707	0	43948	35696	36937	38313	
11708	0	34704	43000	37112	38404	
11709	0	12112	45832	37268	38408	
11710	0	33822	34500	37524	38552	
11711	0	45682	38352	37540	38616	
11712	0	48368	33384	37748	38844	
11713	0	33572	33042	37826	38964	
11714	0	32976	42456	37960	38928	
11715	0	41812	32416	38092	39116	
11716	0	35944	37644	38296	39216	
11717	0	33982	37264	38344	39360	
11718	0	34688	36688	38534	39370	
11719	0	34221	37449	38586	39476	
11720	0	34260	37584	38784	39674	
11721	0	34536	37408	38808	39760	
11722	0	34740	37346	39032	39896	
11723	0	34648	37272	39060	39884	
11724	0	34664	37392	39192	40012	
11725	0	34504	37448	39328	40186	
11726	0	34264	37382	39472	40340	
11727	0	34796	37104	39644	40494	
11728	0	34640	37264	39858	40576	
11729	0	34104	37480	39904	40673	
11730	0	35428	37192	40064	40804	
11731	0	35008	37252	40284	40880	
11732	0	34418	37552	40384	41060	
11733	0	35160	37276	40560	41176	
11734	0	34444	37477	40714	41362	
11735	0	35360	37092	40880	41356	
11736	0	34672	37236	41056	41504	
11737	0	34504	37381	41220	41577	
11738	0	35468	36712	41401	41760	
11739	0	35480	37013	41728	41856	
11740	0	35444	37106	41760	41884	
11741	0	35309	37012	41928	41912	
11742	0	35128	37096	42008	42020	
11743	0	35336	37130	42284	41984	
11744	0	35280	37188	42456	42060	
11745	0	35404	36940	42628	42076	
11746	0	35532	36888	42840	42168	
11747	0	35480	37040	42981	42248	
11748	0	35530	36892	43196	42148	
11749	0	35562	36726	43296	42164	
11750	0	35596	36820	43488	42220	
11751	0	35744	36916	43556	42240	
11752	0	35756	36928	43704	42232	
11753	0	35666	36828	43828	42312	
11754	0	35562	37228	43992	42298	
11755	0	35768	37300	44121	42188	
11756	0	35500	37494	44274	42252	
11757	0	35712	37856	44336	42224	
11758	0	35768	37925	44468	42192	
11759	0	35700	37956	44632	42260	
11760	0	35580	37864	44712	42264	
11761	0	35664	37608	44768	42272	
11762	0	35856	37810	44840	42280	
11763	0	36332	38277	44936	42268	
11764	0	36329	38968	45072	42218	
11765	0	36716	39621	45136	42284	
11766	0	36324	40068	45197	42288	
11767	0	36341	40024	45288	42221	
11768	0	35820	40569	45376	42216	
11769	0	35440	41500	45424	42304	
11770	0	35301	42569	45504	42305	
11771	0	35588	43592	45544	42322	
11772	0	35008	44896	45680	42348	
11773	0	33961	44416	45710	42300	
11774	0	34156	43472	45752	42328	
11775	0	35400	43060	45896	42336	
11776	0	37253	42169	45896	42394	
11777	0	37524	41274	45964	42452	
11778	0	37037	40344	46057	42440	
11779	0	34288	39401	46116	42496	
11780	0	30672	36946	46188	42572	
11781	0	29437	35281	46284	42556	
11782	0	33204	34334	46408	42640	
11783	0	32056	37864	46512	42744	
11784	0	34114	35900	46576	42789	
11785	0	34944	29597	46724	42848	
11786	0	33948	33380	46756	42929	
11787	0	31624	35032	46873	42948	
11788	0	29861	36185	46956	43028	
11789	0	30812	34442	47130	43097	
11790	0	30893	34272	47200	43232	
11791	0	31200	34564	47333	43300	
11792	0	31912	34690	47460	43354	
11793	0	32666	34533	47504	43381	
11794	0	33006	34704	47596	43424	
11795	0	32922	35168	47700	43472	
11796	0	32852	35468	47852	43536	
11797	0	32784	35750	47896	43613	
11798	0	32920	36160	48036	43660	
11799	0	33184	36333	48024	43680	
11800	0	33332	36804	48132	43721	
11801	0	33548	37588	48204	43704	
11802	0	33668	38158	48320	43716	
11803	0	33918	38924	48340	43720	
11804	0	34372	39328	48380	43712	
11805	0	34964	39746	48460	43724	
11806	0	35556	40186	48532	43748	
11807	0	36042	40588	48508	43696	
11808	0	36713	41024	48584	43680	
11809	0	37588	41476	48532	43709	
11810	0	38948	41716	48596	43656	
11811	0	40320	41776	48650	43608	
11812	0	41320	41440	48573	43592	
11813	0	42608	40820	48608	43544	
11814	0	42989	39914	48616	43508	
11815	0	43924	38812	48528	43440	
11816	0	45480	36852	48536	43328	
11817	0	49544	34605	48508	43268	
11818	0	49688	33744	48512	43168	
11819	0	39692	48852	48372	43080	
11820	0	48740	34724	48364	43017	
11821	0	40408	41800	48340	42904	
11822	0	15930	46692	48196	42760	
11823	0	21919	38664	48100	42656	
11824	0	45584	37377	48028	42536	
11825	0	45544	39812	47984	42404	
11826	0	41128	30584	47892	42288	
11827	0	36212	39964	47764	42160	
11828	0	40244	33478	47624	42034	
11829	0	36834	35812	47524	41848	
11830	0	33770	38046	47374	41744	
11831	0	34828	36856	47292	41600	
11832	0	34312	37524	47126	41408	
11833	0	34536	37440	47016	41292	
11834	0	34872	37228	46944	41148	
11835	0	34960	37200	46736	40960	
11836	0	34992	37124	46620	40805	
11837	0	34720	37396	46528	40672	
11838	0	34800	37304	46412	40528	
11839	0	34884	37216	46260	40365	
11840	0	34825	37216	46180	40200	
11841	0	34994	37229	46016	40032	
11842	0	35237	37144	45882	39896	
11843	0	35010	37349	45752	39732	
11844	0	34968	37364	45696	39548	
11845	0	34908	37325	45553	39372	
11846	0	34917	37360	45385	39232	
11847	0	35309	37152	45250	39020	
11848	0	35109	37229	45112	38840	
11849	0	35784	36652	45016	38660	
11850	0	35312	37068	44852	38452	
11851	0	35320	37000	44710	38228	
11852	0	35864	36700	44528	38028	
11853	0	35310	37108	44360	37792	
11854	0	35344	36996	44212	37568	
11855	0	35220	37124	44064	37321	
11856	0	35808	36912	43828	37084	
11857	0	35329	37154	43712	36828	
11858	0	35321	37372	43456	36580	
11859	0	35480	36786	43338	36324	
11860	0	35688	37148	43040	36056	
11861	0	35456	36736	42860	35788	
11862	0	35552	36816	42624	35536	
11863	0	35768	36916	42376	35254	
11864	0	35832	36924	42092	34992	
11865	0	35616	37144	41984	34746	
11866	0	35621	37088	41592	34464	
11867	0	35632	37192	41408	34196	
11868	0	35552	37200	41072	33972	
11869	0	35562	37378	40900	33696	
11870	0	35512	37508	40521	33468	
11871	0	35576	37816	40232	33212	
11872	0	35708	37924	40056	32969	
11873	0	35636	37940	39656	32740	
11874	0	35788	37608	39360	32492	
11875	0	35529	37428	39044	32266	
11876	0	35732	37544	38808	32064	
11877	0	35840	38044	38432	31840	
11878	0	36237	38552	38216	31629	
11879	0	36456	39081	37848	31424	
11880	0	36546	39684	37493	31220	
11881	0	36274	40064	37216	31016	
11882	0	35820	40400	36876	30816	
11883	0	35208	41226	36604	30612	
11884	0	34838	41628	36261	30408	
11885	0	34820	43368	35984	30218	
11886	0	33948	44940	35648	30022	
11887	0	32690	45284	35384	29836	
11888	0	34460	43920	35048	29644	
11889	0	35866	43464	34753	29452	
11890	0	35100	43596	34448	29256	
11891	0	39664	41976	34148	29074	
11892	0	38800	40776	33852	28890	
11893	0	35569	40056	33560	28704	
11894	0	30800	37837	33254	28526	
11895	0	27729	35958	32969	28376	
11896	0	33824	33684	32689	28198	
11897	0	35220	35096	32412	28052	
11898	0	31832	38208	32164	27880	
11899	0	34964	28204	32008	27730	
11900	0	35736	34852	31620	27569	
11901	0	31820	33492	31434	27421	
11902	0	29994	35284	31136	27286	
11903	0	30877	34445	30888	27124	
11904	0	30756	34456	30642	26973	
11905	0	30720	34785	30400	26826	
11906	0	31396	34840	30180	26669	
11907	0	32324	34690	29936	26544	
11908	0	32732	34602	29688	26364	
11909	0	32960	34936	29452	26204	
11910	0	33032	35353	29210	26053	
11911	0	32928	35801	28980	25880	
11912	0	33032	36456	28710	25732	
11913	0	33377	36697	28448	25546	
11914	0	33888	36984	28240	25380	
11915	0	34032	37498	27968	25226	
11916	0	33954	38456	27718	25032	
11917	0	34264	39032	27448	24848	
11918	0	34616	39652	27180	24673	
11919	0	35312	40120	26906	24492	
11920	0	36180	40544	26568	24344	
11921	0	37028	40988	26309	24130	
11922	0	37746	41257	26052	23954	
11923	0	38762	41473	25818	23790	
11924	0	40292	41682	25560	23613	
11925	0	41736	41792	25208	23442	
11926	0	42924	41756	24971	23268	
11927	0	44112	40956	24672	23131	
11928	0	44320	39756	24424	22970	
11929	0	44569	38216	24164	22824	
11930	0	44960	37032	23913	22689	
11931	0	47228	35100	23574	22523	
11932	0	48208	35244	23298	22380	
11933	0	47152	36161	23008	22229	
11934	0	45325	36308	22814	22089	
11935	0	40136	45352	22472	21972	
11936	0	36296	34800	22290	21842	
11937	0	12510	46032	21992	21733	
11938	0	23478	39664	21724	21616	
11939	0	42052	37464	21464	21512	
11940	0	40580	39080	21202	21409	
11941	0	44944	32008	20970	21282	
11942	0	40861	33325	20720	21192	
11943	0	34042	41592	20398	21136	
11944	0	39205	33890	20218	20998	
11945	0	35308	37221	19912	20938	
11946	0	33860	37525	19720	20840	
11947	0	34661	36985	19480	20804	
11948	0	34424	37261	19232	20746	
11949	0	34444	37684	19045	20670	
11950	0	34556	37388	18848	20712	
11951	0	34432	37456	18653	20678	
11952	0	34696	37152	18456	20656	
11953	0	34720	37200	18268	20622	
11954	0	34512	37520	18056	20592	
11955	0	34497	37332	17888	20630	
11956	0	34704	37354	17776	20668	
11957	0	34568	37412	17602	20686	
11958	0	34738	37376	17448	20692	
11959	0	34912	37392	17341	20802	
11960	0	34904	37368	17242	20821	
11961	0	34328	37684	17124	20858	
11962	0	34424	37601	17032	20874	
11963	0	35477	37236	16920	20922	
11964	0	35152	37256	16862	20978	
11965	0	35440	37128	16777	21040	
11966	0	34912	37248	16710	21104	
11967	0	35202	37164	16656	21140	
11968	0	35052	37192	16556	21154	
11969	0	35156	37140	16560	21157	
11970	0	35176	37140	16494	21208	
11971	0	35168	37145	16472	21234	
11972	0	35265	37224	16408	21180	
11973	0	35552	36861	16379	21268	
11974	0	35096	36912	16393	21224	
11975	0	35200	37392	16365	21234	
11976	0	35412	36980	16316	21218	
11977	0	35213	37172	16315	21220	
11978	0	35448	37180	16296	21221	
11979	0	35408	37172	16304	21181	
11980	0	35424	37095	16239	21114	
11981	0	35476	37108	16323	21049	
11982	0	35537	37145	16316	21088	
11983	0	35386	37104	16340	21084	
11984	0	35556	37068	16266	21044	
11985	0	35384	37288	16336	21004	
11986	0	35408	37514	16336	21000	
11987	0	35464	37613	16346	20948	
11988	0	35374	37872	16361	20912	
11989	0	35536	37876	16378	20938	
11990	0	35428	37840	16361	20898	
11991	0	35648	37997	16397	20974	
11992	0	35980	38432	16360	20900	
11993	0	36280	38861	16412	20973	
11994	0	36226	39300	16420	20931	
11995	0	35992	39576	16372	20920	
11996	0	35954	40273	16408	20945	
11997	0	35652	40428	16457	20926	
11998	0	35300	40916	16489	20984	
11999	0	35064	41152	16521	21052	
12000	0	34826	42700	16524	20988	
12001	0	34404	44552	16534	21092	
12002	0	33469	45642	16567	21117	
12003	0	33633	44713	16586	21186	
12004	0	37460	43312	16561	21225	
12005	0	36924	43256	16576	21285	
12006	0	37002	41760	16642	21339	
12007	0	38712	40690	16740	21458	
12008	0	35736	40580	16794	21520	
12009	0	32400	38712	16821	21670	
12010	0	29380	35776	16914	21738	
12011	0	31856	35273	16996	21886	
12012	0	35604	35260	17040	21980	
12013	0	33500	36640	17121	22137	
12014	0	32953	35604	17260	22273	
12015	0	33936	30286	17350	22412	
12016	0	34738	33696	17538	22562	
12017	0	30957	34068	17670	22733	
12018	0	30754	34540	17809	22902	
12019	0	30868	33980	17956	23045	
12020	0	31068	33737	18016	23196	
12021	0	31195	34184	18220	23352	
12022	0	31928	34328	18397	23501	
12023	0	32704	34248	18538	23632	
12024	0	33192	34396	18697	23777	
12025	0	33360	34688	18858	23841	
12026	0	33533	35181	18992	24000	
12027	0	33410	35604	19108	24080	
12028	0	33436	36160	19294	24220	
12029	0	33572	36704	19364	24356	
12030	0	33972	36760	19524	24448	
12031	0	34280	37140	19680	24536	
12032	0	34245	38052	19792	24613	
12033	0	34616	38688	20000	24670	
12034	0	34880	39170	20072	24752	
12035	0	35374	39608	20267	24848	
12036	0	35872	40208	20344	24864	
12037	0	36568	40612	20496	24969	
12038	0	37312	41096	20648	25056	
12039	0	38328	41418	20761	25096	
12040	0	39372	41788	20852	25172	
12041	0	40777	41844	20950	25232	
12042	0	41688	41864	21078	25306	
12043	0	42648	41420	21165	25428	
12044	0	43604	40348	21257	25465	
12045	0	43952	38856	21406	25522	
12046	0	44268	37636	21534	25568	
12047	0	46617	36042	21554	25646	
12048	0	49932	34325	21725	25700	
12049	0	48616	33658	21768	25780	
12050	0	46512	36369	21880	25915	
12051	0	45120	37232	21992	25937	
12052	0	34525	39066	22051	26009	
12053	0	10212	46804	22148	26096	
12054	0	29752	36888	22242	26164	
12055	0	40508	38636	22344	26312	
12056	0	45024	38728	22401	26376	
12057	0	50732	45192	22497	26473	
12058	0	34776	35860	22556	26592	
12059	0	32344	41136	22681	26608	
12060	0	41912	32928	22761	26704	
12061	0	34717	38432	22872	26818	
12062	0	34048	37180	22881	26909	
12063	0	35086	36521	23009	27009	
12064	0	33885	38084	23152	27090	
12065	0	34680	37314	23243	27208	
12066	0	34738	37322	23270	27370	
12067	0	34866	37244	23453	27459	
12068	0	34812	37252	23540	27568	
12069	0	34913	37316	23664	27730	
12070	0	34732	37304	23796	27864	
12071	0	35017	37196	23896	28024	
12072	0	34906	37272	24065	28224	
12073	0	34912	37360	24157	28337	
12074	0	35040	36980	24282	28484	
12075	0	34516	37328	24480	28660	
12076	0	34632	37220	24644	28810	
12077	0	35109	37297	24758	28972	
12078	0	35061	37296	24952	29146	
12079	0	35202	37112	25048	29324	
12080	0	35669	36864	25220	29476	
12081	0	35112	37136	25400	29602	
12082	0	35330	37009	25632	29760	
12083	0	34980	37148	25780	29892	
12084	0	35364	37012	25954	30019	
12085	0	35392	37112	26069	30210	
12086	0	35416	37020	26264	30300	
12087	0	35192	37164	26468	30400	
12088	0	35267	36984	26657	30532	
12089	0	35432	37156	26820	30623	
12090	0	35076	37000	26980	30776	
12091	0	35436	37200	27194	30842	
12092	0	35512	37040	27304	30972	
12093	0	35473	36912	27536	30992	
12094	0	35549	37012	27713	31140	
12095	0	35602	37017	27840	31216	
12096	0	35648	37032	28065	31284	
12097	0	35520	37040	28225	31326	
12098	0	35648	37048	28416	31396	
12099	0	35556	37241	28608	31468	
12100	0	35560	37056	28794	31552	
12101	0	35760	37232	28972	31680	
12102	0	35594	37536	29148	31756	
12103	0	35712	37484	29336	31828	
12104	0	35557	37585	29520	31924	
12105	0	35696	37716	29696	31989	
12106	0	35762	37584	29904	32064	
12107	0	35608	37552	30100	32132	
12108	0	35898	37872	30288	32308	
12109	0	36128	38368	30488	32404	
12110	0	36476	38832	30693	32488	
12111	0	36212	39714	30884	32568	
12112	0	35912	40236	31080	32664	
12113	0	35852	40696	31280	32784	
12114	0	35308	41136	31482	33028	
12115	0	35276	41820	31660	33132	
12116	0	34977	43028	31894	33178	
12117	0	34364	44772	32064	33428	
12118	0	33636	45668	32252	33457	
12119	0	34168	44256	32428	33704	
12120	0	37252	43824	32640	33840	
12121	0	38386	42292	32898	34040	
12122	0	38448	41822	33120	34080	
12123	0	38028	41312	33325	34344	
12124	0	35696	40380	33532	34516	
12125	0	31168	38242	33736	34600	
12126	0	28416	36636	33969	34784	
12127	0	29800	34612	34200	35092	
12128	0	35402	34385	34488	35149	
12129	0	35424	34339	34714	35340	
12130	0	34540	36744	34968	35561	
12131	0	35640	29052	35184	35728	
12132	0	34656	33273	35444	36042	
12133	0	31936	33909	35688	36212	
12134	0	30017	35072	35944	36320	
12135	0	30676	34044	36216	36624	
12136	0	30984	34044	36476	36704	
12137	0	31180	34289	36868	36976	
12138	0	31176	34786	37095	37186	
12139	0	32176	34664	37296	37377	
12140	0	32612	34712	37656	37548	
12141	0	32844	34888	37824	37691	
12142	0	32932	35250	38132	37788	
12143	0	32952	35576	38480	37964	
12144	0	33172	36073	38752	38152	
12145	0	33421	36508	38904	38229	
12146	0	33834	36828	39249	38420	
12147	0	34052	37196	39428	38520	
12148	0	34230	37900	39684	38740	
12149	0	34340	38473	39980	38906	
12150	0	34428	39188	40216	39040	
12151	0	34924	39784	40412	39072	
12152	0	35522	40260	40664	39218	
12153	0	36249	40804	40968	39360	
12154	0	36944	41237	41180	39512	
12155	0	37848	41556	41355	39616	
12156	0	39016	41772	41492	39770	
12157	0	40421	41957	41796	39984	
12158	0	41536	41836	41988	40042	
12159	0	42788	41464	42056	40228	
12160	0	43644	40708	42236	40344	
12161	0	44320	39274	42392	40430	
12162	0	44717	37618	42568	40580	
12163	0	47520	35484	42828	40657	
12164	0	49924	33772	42872	40800	
12165	0	48022	34201	42984	40992	
12166	0	45980	36840	43204	41134	
12167	0	41256	42524	43204	41193	
12168	0	36960	35888	43330	41252	
12169	0	12720	45640	43432	41384	
12170	0	21168	39682	43608	41601	
12171	0	41412	37600	43712	41692	
12172	0	43528	40777	43724	41723	
12173	0	47404	43200	43816	41896	
12174	0	38652	32336	43929	41944	
12175	0	32684	42472	43984	42020	
12176	0	41416	32000	44129	42180	
12177	0	35136	38304	44144	42208	
12178	0	34360	36873	44264	42292	
12179	0	35300	36444	44308	42369	
12180	0	34320	38018	44408	42572	
12181	0	34989	37178	44440	42604	
12182	0	34976	37281	44513	42673	
12183	0	35113	37048	44592	42852	
12184	0	34988	37204	44672	42876	
12185	0	35016	37192	44810	42952	
12186	0	35128	37120	44884	43088	
12187	0	35152	37184	44960	43196	
12188	0	35032	37100	45060	43364	
12189	0	35126	36952	45178	43385	
12190	0	34972	37206	45208	43568	
12191	0	35192	37124	45300	43616	
12192	0	35212	37202	45452	43748	
12193	0	35452	37048	45504	43896	
12194	0	35140	37472	45604	43913	
12195	0	35152	37234	45716	44024	
12196	0	34588	37396	45820	44096	
12197	0	35628	36705	45945	44168	
12198	0	35784	36780	46116	44300	
12199	0	35412	37132	46164	44353	
12200	0	36014	36764	46282	44372	
12201	0	35576	36914	46420	44456	
12202	0	35336	36988	46560	44505	
12203	0	35632	37000	46688	44532	
12204	0	35576	37028	46730	44528	
12205	0	35584	36924	46904	44544	
12206	0	35232	37120	47012	44548	
12207	0	35636	37088	47084	44552	
12208	0	35757	36888	47133	44500	
12209	0	35756	36928	47224	44532	
12210	0	35684	37000	47308	44464	
12211	0	35746	36852	47412	44504	
12212	0	35902	36881	47520	44436	
12213	0	35808	36896	47649	44392	
12214	0	35800	36896	47660	44404	
12215	0	35740	37156	47738	44332	
12216	0	35636	37140	47788	44336	
12217	0	35754	37249	47864	44268	
12218	0	35738	37466	47964	44292	
12219	0	35669	37560	47946	44257	
12220	0	35848	37457	47976	44248	
12221	0	35896	37564	48000	44241	
12222	0	35848	37441	48024	44220	
12223	0	35764	37368	48104	44172	
12224	0	35837	37442	48084	44160	
12225	0	36032	37944	48112	44208	
12226	0	36520	38408	48172	44172	
12227	0	36520	38949	48184	44144	
12228	0	36456	39492	48124	44168	
12229	0	36164	39900	48200	44212	
12230	0	35812	40288	48192	44220	
12231	0	35536	40656	48097	44234	
12232	0	35396	41896	48120	44192	
12233	0	35516	42912	48096	44256	
12234	0	35644	44560	48088	44236	
12235	0	34748	45680	48149	44300	
12236	0	35352	44690	48140	44320	
12237	0	36048	44240	48036	44310	
12238	0	35722	42656	48064	44356	
12239	0	37148	41960	48100	44388	
12240	0	37106	40880	48036	44396	
12241	0	35256	39752	48033	44504	
12242	0	32253	37624	48098	44564	
12243	0	29876	36092	48101	44580	
12244	0	31452	33816	48112	44640	
12245	0	35340	34948	48144	44694	
12246	0	33592	35344	48152	44792	
12247	0	33000	35984	48245	44848	
12248	0	34610	30294	48304	44984	
12249	0	35685	32396	48292	45060	
12250	0	32244	33868	48396	45150	
12251	0	31201	34909	48417	45232	
12252	0	31556	34112	48470	45268	
12253	0	31596	33956	48572	45388	
12254	0	31548	33996	48644	45440	
12255	0	32048	34369	48724	45516	
12256	0	32353	34256	48784	45600	
12257	0	32760	34368	48912	45721	
12258	0	32858	34592	48956	45800	
12259	0	32840	34984	49040	45824	
12260	0	32728	35356	49060	45888	
12261	0	32824	35736	49152	46004	
12262	0	33124	36184	49281	46020	
12263	0	33516	36528	49344	46112	
12264	0	33616	36900	49384	46153	
12265	0	33789	37609	49425	46185	
12266	0	34268	38278	49416	46240	
12267	0	34178	38680	49482	46312	
12268	0	34788	39180	49508	46364	
12269	0	35408	39920	49536	46380	
12270	0	36096	40572	49552	46384	
12271	0	37084	41196	49620	46400	
12272	0	38088	41844	49556	46464	
12273	0	39664	42184	49576	46481	
12274	0	41661	42520	49544	46440	
12275	0	43100	42368	49576	46472	
12276	0	44952	41216	49496	46436	
12277	0	45520	40256	49460	46496	
12278	0	46264	38320	49440	46485	
12279	0	48236	35621	49408	46478	
12280	0	52394	32998	49376	46434	
12281	0	49448	33660	49253	46392	
12282	0	41342	48522	49208	46352	
12283	0	49164	36649	49112	46320	
12284	0	27960	42384	49024	46280	
12285	0	9189	46124	48865	46233	
12286	0	34464	32828	48788	46200	
12287	0	44780	37188	48650	46160	
12288	0	52916	40400	48532	46061	
12289	0	36136	33504	48416	45992	
12290	0	31624	42376	48300	45910	
12291	0	42376	31161	48080	45772	
12292	0	33540	38744	47992	45664	
12293	0	34464	36812	47794	45544	
12294	0	34856	36797	47672	45441	
12295	0	33745	38172	47480	45368	
12296	0	34706	37194	47300	45188	
12297	0	34872	37341	47116	45108	
12298	0	34996	37108	47009	44964	
12299	0	34692	37378	46792	44786	
12300	0	34720	37332	46656	44645	
12301	0	34720	37386	46472	44496	
12302	0	34776	37297	46320	44416	
12303	0	34800	37232	46232	44240	
12304	0	34875	37220	46088	44064	
12305	0	34916	37204	45912	43928	
12306	0	34660	37392	45688	43740	
12307	0	34732	37504	45532	43620	
12308	0	35072	37297	45372	43388	
12309	0	34808	37508	45280	43266	
12310	0	35148	37040	45056	43048	
12311	0	34960	37168	44928	42804	
12312	0	35292	36900	44776	42612	
12313	0	34988	37160	44568	42468	
12314	0	34972	37144	44388	42244	
12315	0	35376	37044	44252	42008	
12316	0	35372	37112	44056	41716	
12317	0	35208	37097	43904	41454	
12318	0	35168	37092	43676	41241	
12319	0	35200	37312	43584	40984	
12320	0	35472	36793	43292	40664	
12321	0	34848	36970	43096	40338	
12322	0	35560	37184	42986	40072	
12323	0	35540	36944	42738	39761	
12324	0	35528	36928	42448	39500	
12325	0	35656	36952	42216	39193	
12326	0	35640	37132	41994	38948	
12327	0	35588	37128	41786	38632	
12328	0	35348	37153	41552	38340	
12329	0	35476	37196	41281	38064	
12330	0	35456	37184	41036	37772	
12331	0	35528	37242	40828	37504	
12332	0	35536	37456	40548	37292	
12333	0	35536	37682	40388	37042	
12334	0	35448	37800	40160	36748	
12335	0	35472	37936	39824	36464	
12336	0	35594	37989	39540	36221	
12337	0	35564	37876	39265	36064	
12338	0	35606	38066	38988	35816	
12339	0	35928	38144	38808	35564	
12340	0	36065	38552	38450	35306	
12341	0	36184	38968	38265	35112	
12342	0	36052	39712	37896	34972	
12343	0	35936	40260	37692	34726	
12344	0	35576	40440	37394	34536	
12345	0	35164	41232	37104	34304	
12346	0	35108	42244	36848	34149	
12347	0	35000	43400	36592	33945	
12348	0	34306	44817	36352	33804	
12349	0	34608	44800	36104	33564	
12350	0	37698	43688	35818	33376	
12351	0	36940	43233	35568	33204	
12352	0	34776	42548	35304	33021	
12353	0	36169	41665	35045	32852	
12354	0	36100	40316	34804	32744	
12355	0	33532	39548	34588	32524	
12356	0	30612	37412	34334	32340	
12357	0	28824	36457	34106	32208	
12358	0	33496	34043	33882	32013	
12359	0	34552	35236	33664	31920	
12360	0	33632	36052	33480	31720	
12361	0	33300	35953	33280	31540	
12362	0	34260	31772	33060	31362	
12363	0	33828	33160	32872	31245	
12364	0	31869	34566	32665	31093	
12365	0	31552	34278	32468	30912	
12366	0	32460	33576	32304	30757	
12367	0	32514	33752	32126	30566	
12368	0	32368	34064	31944	30404	
12369	0	32256	34406	31773	30236	
12370	0	32585	34368	31604	30116	
12371	0	32716	34676	31426	29880	
12372	0	32120	35173	31260	29697	
12373	0	32200	35464	31088	29504	
12374	0	32292	35773	30940	29376	
12375	0	32556	36004	30756	29144	
12376	0	32736	36432	30584	28949	
12377	0	32904	37140	30416	28764	
12378	0	33194	37780	30240	28496	
12379	0	33556	38021	30044	28320	
12380	0	33988	38594	29870	28069	
12381	0	34564	39212	29694	27853	
12382	0	35260	39796	29480	27684	
12383	0	35836	40260	29312	27436	
12384	0	36568	40916	29108	27201	
12385	0	37816	41324	28865	27004	
12386	0	39148	41697	28708	26792	
12387	0	41080	42064	28504	26596	
12388	0	42816	42009	28288	26376	
12389	0	44386	41408	28088	26206	
12390	0	45036	40304	27840	25981	
12391	0	46112	38608	27638	25780	
12392	0	46616	36864	27458	25629	
12393	0	49388	34704	27246	25444	
12394	0	50884	33684	27024	25269	
12395	0	45904	41364	26712	25098	
12396	0	47840	33856	26556	24904	
12397	0	35812	43760	26212	24760	
12398	0	16546	48080	26004	24583	
12399	0	26981	37368	25754	24428	
12400	0	42376	38164	25588	24320	
12401	0	53432	42176	25316	24130	
12402	0	44504	36544	25104	24002	
12403	0	30125	46653	24801	23864	
12404	0	39884	33004	24684	23740	
12405	0	36346	36860	24448	23620	
12406	0	33125	38650	24176	23488	
12407	0	34866	36369	23996	23413	
12408	0	33880	37784	23760	23273	
12409	0	33920	37604	23608	23172	
12410	0	34232	37456	23408	23133	
12411	0	34517	37388	23136	23009	
12412	0	34648	37377	23009	22925	
12413	0	34352	37290	22846	22872	
12414	0	34492	37496	22701	22840	
12415	0	34338	37492	22524	22771	
12416	0	34600	37420	22402	22764	
12417	0	34625	37372	22256	22692	
12418	0	34612	37416	22109	22672	
12419	0	34544	37448	21986	22706	
12420	0	34556	37460	21840	22617	
12421	0	34509	37501	21753	22621	
12422	0	34528	37536	21556	22629	
12423	0	34508	37489	21506	22640	
12424	0	35096	37242	21408	22626	
12425	0	34800	37408	21324	22616	
12426	0	34688	37324	21150	22628	
12427	0	34808	37388	21117	22624	
12428	0	35300	37004	20978	22604	
12429	0	34888	37322	20940	22644	
12430	0	35116	37276	20781	22573	
12431	0	35064	37036	20765	22560	
12432	0	35226	37088	20604	22512	
12433	0	35064	37106	20508	22516	
12434	0	35400	36944	20422	22491	
12435	0	35180	36896	20324	22476	
12436	0	34972	36960	20224	22434	
12437	0	35208	36832	20136	22340	
12438	0	35396	36982	20057	22283	
12439	0	35348	37240	19945	22211	
12440	0	35292	37301	19824	22136	
12441	0	35338	37280	19684	22104	
12442	0	35384	37241	19615	22036	
12443	0	35396	37156	19464	21941	
12444	0	35380	37138	19394	21846	
12445	0	35296	37312	19264	21782	
12446	0	35266	37536	19132	21753	
12447	0	35496	37444	19008	21640	
12448	0	35248	37632	18808	21572	
12449	0	35497	37870	18748	21450	
12450	0	35493	37752	18604	21365	
12451	0	35412	37936	18488	21312	
12452	0	35449	37964	18301	21260	
12453	0	35928	38200	18153	21184	
12454	0	36156	38564	18040	21108	
12455	0	36128	38986	17898	21024	
12456	0	36036	39308	17815	21020	
12457	0	35992	39936	17648	20917	
12458	0	35388	40056	17536	20872	
12459	0	35404	40746	17441	20780	
12460	0	34808	41236	17277	20736	
12461	0	35105	42088	17176	20716	
12462	0	35140	43088	16992	20658	
12463	0	34740	44600	16924	20608	
12464	0	34000	44580	16776	20576	
12465	0	34880	43420	16728	20548	
12466	0	35396	43372	16582	20528	
12467	0	36648	41874	16516	20532	
12468	0	37192	41568	16430	20540	
12469	0	37892	39965	16332	20528	
12470	0	33824	39716	16230	20561	
12471	0	31100	38088	16173	20577	
12472	0	29420	37112	16164	20617	
12473	0	32048	35349	16122	20680	
12474	0	34240	35296	16035	20697	
12475	0	33421	35212	16044	20803	
12476	0	34036	36042	16040	20864	
12477	0	34724	32808	16044	20920	
12478	0	33158	33660	16043	21002	
12479	0	30210	35436	15996	21140	
12480	0	30116	35176	16095	21220	
12481	0	31509	34325	16072	21256	
12482	0	31248	34536	16153	21426	
12483	0	31584	34844	16208	21540	
12484	0	32393	34649	16289	21614	
12485	0	32572	34628	16300	21742	
12486	0	32864	34884	16412	21834	
12487	0	33080	35158	16492	21897	
12488	0	33218	35445	16556	21996	
12489	0	33428	35861	16681	22176	
12490	0	33592	36314	16753	22240	
12491	0	33784	36952	16900	22368	
12492	0	34148	37224	16990	22396	
12493	0	34070	37956	17126	22498	
12494	0	34416	38284	17217	22574	
12495	0	34592	39048	17370	22699	
12496	0	35064	39676	17506	22744	
12497	0	35896	40056	17641	22923	
12498	0	36592	40488	17776	23022	
12499	0	37312	40864	17940	23073	
12500	0	37956	41240	18038	23173	
12501	0	38928	41344	18163	23328	
12502	0	40208	41692	18350	23490	
12503	0	41640	41888	18452	23554	
12504	0	42509	41453	18666	23686	
12505	0	43421	40854	18766	23802	
12506	0	44000	39452	18976	24026	
12507	0	44684	37912	19091	24098	
12508	0	46906	36082	19252	24265	
12509	0	51208	34400	19408	24410	
12510	0	50924	34817	19634	24528	
12511	0	44929	43740	19816	24673	
12512	0	47444	30588	19984	24826	
12513	0	25418	43176	20108	24994	
12514	0	9494	47320	20280	25184	
12515	0	39068	35760	20480	25368	
12516	0	52632	38053	20668	25456	
12517	0	48468	27872	20892	25678	
12518	0	33730	40496	21025	25852	
12519	0	38760	34244	21203	26020	
12520	0	36050	36716	21440	26158	
12521	0	34104	37760	21620	26387	
12522	0	35400	36337	21880	26560	
12523	0	34340	37693	22042	26788	
12524	0	34468	37456	22260	26964	
12525	0	34677	37365	22540	27200	
12526	0	35044	37072	22769	27408	
12527	0	34792	37260	23058	27658	
12528	0	34672	37376	23293	27804	
12529	0	34557	37536	23560	28056	
12530	0	34584	37440	23804	28280	
12531	0	34861	37264	24132	28538	
12532	0	34880	37264	24441	28804	
12533	0	34873	37220	24748	29049	
12534	0	34933	37144	25038	29322	
12535	0	34852	37264	25349	29592	
12536	0	34776	37344	25689	29872	
12537	0	34817	37352	26021	30126	
12538	0	35100	37136	26368	30474	
12539	0	35048	37121	26736	30684	
12540	0	35468	36669	27072	30948	
12541	0	35242	36992	27396	31246	
12542	0	35348	36788	27768	31489	
12543	0	35408	36992	28128	31708	
12544	0	35112	37202	28516	31996	
12545	0	35306	37152	28900	32188	
12546	0	35481	37060	29264	32432	
12547	0	35208	37100	29633	32641	
12548	0	35258	37112	30008	32896	
12549	0	35216	37192	30372	33032	
12550	0	35484	37108	30742	33268	
12551	0	35600	36800	31112	33380	
12552	0	35560	36996	31468	33653	
12553	0	35720	36832	31832	33693	
12554	0	35616	36928	32200	33832	
12555	0	35528	37010	32564	33968	
12556	0	35636	36842	32907	34216	
12557	0	35692	36970	33300	34292	
12558	0	35564	37060	33624	34433	
12559	0	35656	37116	33986	34524	
12560	0	35676	37256	34336	34636	
12561	0	35681	37357	34738	34633	
12562	0	35648	37524	35113	34736	
12563	0	35636	37640	35416	34880	
12564	0	35657	37792	35736	34960	
12565	0	35680	37872	36146	35036	
12566	0	35681	37732	36514	35120	
12567	0	35680	37776	36852	35251	
12568	0	36074	38144	37188	35284	
12569	0	36344	38524	37420	35416	
12570	0	36493	39064	37728	35416	
12571	0	36304	39698	38061	35516	
12572	0	36122	39976	38352	35636	
12573	0	35460	40380	38748	35738	
12574	0	35512	41440	38992	35784	
12575	0	34832	42472	39301	35860	
12576	0	34993	43701	39504	35892	
12577	0	34816	44972	39818	35986	
12578	0	33769	45284	40098	36061	
12579	0	34572	44136	40336	36144	
12580	0	35486	43088	40600	36228	
12581	0	34977	42328	40904	36298	
12582	0	36657	41220	41096	36377	
12583	0	36680	40236	41356	36464	
12584	0	35364	39240	41620	36544	
12585	0	32196	37652	41886	36616	
12586	0	29416	36368	42144	36713	
12587	0	30093	34940	42397	36818	
12588	0	35187	34017	42672	36896	
12589	0	33570	35436	42989	36988	
12590	0	33714	35445	43152	37092	
12591	0	36684	32389	43488	37184	
12592	0	34020	33714	43720	37276	
12593	0	30403	35656	43904	37369	
12594	0	30372	35344	44136	37460	
12595	0	30954	34220	44440	37552	
12596	0	30840	34516	44644	37632	
12597	0	30904	34832	44888	37720	
12598	0	31836	34600	45056	37789	
12599	0	32406	34480	45276	37856	
12600	0	33004	34556	45568	37933	
12601	0	33344	34761	45704	37984	
12602	0	33376	35120	45912	38044	
12603	0	33264	35796	46108	38084	
12604	0	33264	36368	46304	38164	
12605	0	33456	36897	46489	38184	
12606	0	33636	37337	46696	38224	
12607	0	34024	37937	46836	38264	
12608	0	34084	38772	46976	38344	
12609	0	34141	39490	47140	38328	
12610	0	34592	40032	47288	38428	
12611	0	35292	40536	47424	38386	
12612	0	36212	40924	47592	38424	
12613	0	37100	41224	47660	38528	
12614	0	38226	41504	47804	38508	
12615	0	39609	41656	47868	38524	
12616	0	41200	41658	48020	38560	
12617	0	42648	41488	48096	38660	
12618	0	43768	40572	48168	38704	
12619	0	45096	39536	48240	38726	
12620	0	45840	37624	48256	38760	
12621	0	47112	36099	48320	38792	
12622	0	50498	33624	48329	38776	
12623	0	49668	33320	48372	38832	
12624	0	47680	35376	48388	38940	
12625	0	37472	49689	48372	38904	
12626	0	46984	34853	48412	38996	
12627	0	24618	43768	48393	39056	
12628	0	9348	45896	48365	39056	
12629	0	36520	32280	48424	39112	
12630	0	44549	40252	48336	39136	
12631	0	54030	31074	48340	39228	
12632	0	40564	33940	48320	39274	
12633	0	31092	43296	48248	39264	
12634	0	41228	31544	48186	39372	
12635	0	34068	38612	48140	39400	
12636	0	33816	37492	48078	39420	
12637	0	34561	36920	48092	39480	
12638	0	33928	37762	47992	39516	
12639	0	34244	37300	47988	39549	
12640	0	34516	37332	47884	39600	
12641	0	34738	37386	47828	39676	
12642	0	34432	37442	47810	39732	
12643	0	34493	37272	47760	39796	
12644	0	34386	37440	47809	39844	
12645	0	34432	37360	47737	39888	
12646	0	34580	37352	47696	39950	
12647	0	34488	37444	47773	40008	
12648	0	34484	37512	47732	40048	
12649	0	34698	37428	47768	40089	
12650	0	34488	37529	47684	40139	
12651	0	34513	37496	47736	40181	
12652	0	34836	37392	47705	40188	
12653	0	34702	37352	47808	40228	
12654	0	34625	37352	47816	40232	
12655	0	34808	37210	47800	40236	
12656	0	34896	37084	47792	40240	
12657	0	34916	37185	47872	40228	
12658	0	34965	37224	47840	40232	
12659	0	35161	37192	47857	40192	
12660	0	34917	37237	47888	40168	
12661	0	35040	37225	47904	40100	
12662	0	35040	37216	47897	40048	
12663	0	35278	36921	47920	40000	
12664	0	34588	37724	47920	39928	
12665	0	35424	37220	47968	39812	
12666	0	35280	37037	47960	39744	
12667	0	35164	37280	47940	39649	
12668	0	35120	37168	47948	39544	
12669	0	35324	37192	47988	39401	
12670	0	35128	37301	47936	39280	
12671	0	35424	37220	47948	39145	
12672	0	35280	37272	47925	38960	
12673	0	35396	37224	47824	38848	
12674	0	35168	37292	47844	38664	
12675	0	35336	37389	47720	38481	
12676	0	35256	37557	47673	38344	
12677	0	35152	37738	47616	38168	
12678	0	35466	37720	47516	37960	
12679	0	35416	37784	47408	37828	
12680	0	35389	37620	47336	37632	
12681	0	35492	37608	47277	37424	
12682	0	35772	37673	47117	37241	
12683	0	35924	38328	47008	37084	
12684	0	35868	38757	46820	36825	
12685	0	35912	39240	46672	36704	
12686	0	35848	39844	46608	36522	
12687	0	35708	40361	46356	36348	
12688	0	35676	40874	46180	36134	
12689	0	35320	42028	46036	35876	
12690	0	34896	43160	45816	35692	
12691	0	34280	44420	45618	35536	
12692	0	33212	45248	45496	35288	
12693	0	33066	44324	45304	35176	
12694	0	35960	43104	45056	34969	
12695	0	36120	43056	44864	34716	
12696	0	36153	41546	44656	34593	
12697	0	38108	40733	44512	34364	
12698	0	36368	40040	44280	34141	
12699	0	33216	39240	44073	33912	
12700	0	29636	37516	43872	33785	
12701	0	27428	36180	43692	33516	
12702	0	32316	32992	43528	33424	
12703	0	35344	35164	43392	33182	
12704	0	33632	35872	43240	32992	
12705	0	33736	33572	43000	32812	
12706	0	37344	32344	42912	32576	
12707	0	32178	34268	42616	32424	
12708	0	29884	35752	42576	32200	
12709	0	30792	35184	42376	31916	
12710	0	31165	34640	42265	31702	
12711	0	31144	34885	42073	31549	
12712	0	31624	34669	41824	31296	
12713	0	32210	34504	41696	31056	
12714	0	32704	34572	41428	30824	
12715	0	32906	34613	41344	30576	
12716	0	32920	34986	41094	30332	
12717	0	32941	35628	40912	30016	
12718	0	33041	36288	40796	29856	
12719	0	33196	36754	40644	29550	
12720	0	33520	37192	40432	29259	
12721	0	33944	37800	40160	29022	
12722	0	34132	38432	40041	28696	
12723	0	34476	38825	39813	28458	
12724	0	35044	39208	39616	28184	
12725	0	35592	39724	39328	27912	
12726	0	36100	40326	39132	27672	
12727	0	36712	40948	38969	27364	
12728	0	37850	41520	38720	27133	
12729	0	39204	41812	38480	26802	
12730	0	40464	42340	38212	26578	
12731	0	41460	42264	37968	26304	
12732	0	43020	41840	37720	26054	
12733	0	43946	41157	37529	25760	
12734	0	45088	39481	37202	25568	
12735	0	46665	37440	36954	25292	
12736	0	50400	34680	36704	25076	
12737	0	50918	32737	36514	24884	
12738	0	48940	35520	36144	24630	
12739	0	44117	41456	35868	24456	
12740	0	44376	37233	35576	24276	
12741	0	32628	42992	35296	24090	
12742	0	10201	44428	35010	23932	
12743	0	28100	36016	34736	23728	
12744	0	41508	38344	34389	23616	
12745	0	52808	40508	34104	23450	
12746	0	44884	38225	33777	23342	
12747	0	30065	46024	33429	23213	
12748	0	38336	34257	33176	23124	
12749	0	36226	36364	32856	23021	
12750	0	33049	39114	32568	22908	
12751	0	34688	36304	32241	22809	
12752	0	33992	37420	31948	22790	
12753	0	33740	37760	31662	22744	
12754	0	34252	37310	31356	22712	
12755	0	34416	37458	31058	22677	
12756	0	34416	37392	30760	22688	
12757	0	34216	37576	30477	22650	
12758	0	34496	37337	30184	22692	
12759	0	34404	37432	29904	22681	
12760	0	34441	37384	29605	22724	
12761	0	34682	37220	29355	22776	
12762	0	34469	37410	29077	22844	
12763	0	34598	37409	28779	22902	
12764	0	34397	37518	28514	22972	
12765	0	34548	37532	28304	23018	
12766	0	34123	37738	28052	23104	
12767	0	34748	37556	27786	23169	
12768	0	35184	37428	27504	23236	
12769	0	34482	37636	27308	23304	
12770	0	34884	37384	27058	23366	
12771	0	35268	37174	26838	23436	
12772	0	34920	37312	26598	23496	
12773	0	34792	37184	26380	23530	
12774	0	35040	37288	26152	23596	
12775	0	34930	37261	25872	23607	
12776	0	35044	37296	25704	23640	
12777	0	35184	36993	25477	23662	
12778	0	35260	37124	25270	23672	
12779	0	35028	37148	25083	23704	
12780	0	35200	37132	24864	23733	
12781	0	35264	37164	24674	23724	
12782	0	35282	37120	24510	23756	
12783	0	35385	37176	24316	23712	
12784	0	35364	37020	24160	23716	
12785	0	35376	37056	23920	23720	
12786	0	35360	37220	23796	23756	
12787	0	35344	37200	23583	23704	
12788	0	35312	37386	23468	23704	
12789	0	35285	37504	23314	23720	
12790	0	35229	37802	23129	23677	
12791	0	35284	37940	23014	23724	
12792	0	35280	38112	22858	23712	
12793	0	35204	38281	22772	23738	
12794	0	35322	38112	22629	23684	
12795	0	35340	37984	22464	23652	
12796	0	35520	38252	22332	23709	
12797	0	35872	38872	22202	23712	
12798	0	35848	39464	22017	23688	
12799	0	35949	39928	21892	23674	
12800	0	35621	40436	21774	23683	
12801	0	35368	40820	21704	23692	
12802	0	34993	41056	21583	23752	
12803	0	34681	41986	21442	23720	
12804	0	34264	43008	21320	23778	
12805	0	33504	44796	21256	23740	
12806	0	32552	45984	21044	23793	
12807	0	33988	44736	20978	23809	
12808	0	35760	44564	20902	23848	
12809	0	35736	42756	20769	23885	
12810	0	36944	42256	20670	23936	
12811	0	38132	41224	20560	23952	
12812	0	35312	40124	20449	24014	
12813	0	30474	37946	20293	24101	
12814	0	28396	36073	20252	24080	
12815	0	33613	34162	20149	24132	
12816	0	35340	35302	20069	24172	
12817	0	34102	35992	19942	24320	
12818	0	34944	33496	19820	24328	
12819	0	36868	32592	19763	24384	
12820	0	32842	33288	19672	24461	
12821	0	30256	34762	19584	24554	
12822	0	30572	34544	19432	24676	
12823	0	31065	33812	19392	24720	
12824	0	30784	34332	19268	24864	
12825	0	31004	34652	19248	24968	
12826	0	31825	34468	19165	25018	
12827	0	32268	34406	19070	25097	
12828	0	32696	34412	18974	25244	
12829	0	32976	34589	18898	25298	
12830	0	33041	34984	18828	25377	
12831	0	33088	35408	18776	25432	
12832	0	33264	36069	18700	25578	
12833	0	33536	36622	18661	25639	
12834	0	33548	37048	18620	25732	
12835	0	33600	37660	18520	25833	
12836	0	33760	38361	18498	25889	
12837	0	33716	39296	18439	25980	
12838	0	34208	40036	18364	26073	
12839	0	35154	40648	18297	26142	
12840	0	36300	40936	18274	26145	
12841	0	37321	41268	18177	26320	
12842	0	38680	41708	18166	26388	
12843	0	40058	42058	18130	26488	
12844	0	41872	42493	18061	26545	
12845	0	43278	42464	18010	26632	
12846	0	44968	41720	17965	26736	
12847	0	45648	40726	17872	26822	
12848	0	45844	38640	17828	26873	
12849	0	46665	36844	17809	26976	
12850	0	48384	35697	17724	27073	
12851	0	50284	34490	17689	27156	
12852	0	48428	36185	17686	27232	
12853	0	47060	37952	17621	27366	
12854	0	38316	40660	17542	27469	
12855	0	11565	47312	17498	27638	
12856	0	24740	37792	17500	27608	
12857	0	42272	37548	17412	27808	
12858	0	47840	40206	17432	27936	
12859	0	46548	35128	17406	28049	
12860	0	35073	39984	17373	28132	
12861	0	35904	37116	17364	28307	
12862	0	38656	33844	17296	28424	
12863	0	33368	38772	17328	28524	
12864	0	34540	36850	17360	28649	
12865	0	34400	37188	17372	28812	
12866	0	33916	37834	17397	28924	
12867	0	34497	37242	17428	29062	
12868	0	34517	37516	17460	29218	
12869	0	34440	37466	17496	29212	
12870	0	34436	37464	17571	29548	
12871	0	34384	37484	17653	29728	
12872	0	33996	37396	17764	29877	
12873	0	34552	37245	17844	29963	
12874	0	34428	37256	17988	30252	
12875	0	34404	37280	18070	30426	
12876	0	34484	37341	18236	30623	
12877	0	34340	37464	18356	30814	
12878	0	35598	37336	18514	31052	
12879	0	35176	37280	18716	31208	
12880	0	33780	37696	18881	31408	
12881	0	34906	37236	19078	31626	
12882	0	35492	36988	19298	31809	
12883	0	35865	36784	19448	32016	
12884	0	34937	37340	19702	32089	
12885	0	34712	37378	19912	32408	
12886	0	35080	37248	20134	32664	
12887	0	35240	37164	20340	32824	
12888	0	35244	37232	20573	32984	
12889	0	35296	37192	20852	33152	
12890	0	35436	37052	21040	33330	
12891	0	35200	37268	21330	33524	
12892	0	35144	37144	21562	33680	
12893	0	35428	36936	21773	33728	
12894	0	35320	36996	22090	34033	
12895	0	35584	36936	22328	34052	
12896	0	35492	37048	22552	34332	
12897	0	35552	37012	22864	34512	
12898	0	35564	37101	23154	34704	
12899	0	35712	37048	23416	34828	
12900	0	35508	37024	23664	35048	
12901	0	35616	37220	23882	35220	
12902	0	35556	37396	24196	35404	
12903	0	35504	37672	24485	35592	
12904	0	35356	37856	24730	35776	
12905	0	35225	38096	25000	36008	
12906	0	35344	37984	25250	36245	
12907	0	35612	38068	25513	36416	
12908	0	35830	38346	25716	36640	
12909	0	36488	38852	26043	36888	
12910	0	36420	39612	26242	37120	
12911	0	36496	40209	26540	37248	
12912	0	36168	40528	26768	37536	
12913	0	35708	40756	27032	37776	
12914	0	35416	41588	27246	38084	
12915	0	35244	42969	27516	38330	
12916	0	35492	43524	27696	38572	
12917	0	35128	45352	27936	38704	
12918	0	33669	44872	28176	39080	
12919	0	34632	44037	28394	39314	
12920	0	34584	42586	28672	39556	
12921	0	33712	42746	28885	39809	
12922	0	38146	41100	29144	40049	
12923	0	38601	40456	29308	40296	
12924	0	34400	39592	29576	40484	
12925	0	30980	38040	29816	40772	
12926	0	28568	35512	30080	41020	
12927	0	31484	33392	30301	41264	
12928	0	35202	34992	30586	41440	
12929	0	35001	35857	30816	41708	
12930	0	35473	33909	31044	41876	
12931	0	35568	30364	31326	42126	
12932	0	32704	34132	31556	42338	
12933	0	30424	35125	31824	42648	
12934	0	30152	35180	32097	42752	
12935	0	30813	34032	32345	43012	
12936	0	30400	34624	32620	43184	
12937	0	30792	34920	32880	43352	
12938	0	31524	35112	33178	43584	
12939	0	32112	35140	33450	43736	
12940	0	32800	35016	33633	43880	
12941	0	33362	35128	33884	44054	
12942	0	33368	35360	34152	44184	
12943	0	33256	36050	34384	44332	
12944	0	33344	36645	34642	44492	
12945	0	33436	37072	34884	44618	
12946	0	33686	37288	35092	44736	
12947	0	33792	37858	35266	44840	
12948	0	33764	38736	35528	44986	
12949	0	33900	39576	35696	45092	
12950	0	34412	40148	35892	45217	
12951	0	34981	40424	36114	45334	
12952	0	35624	40872	36320	45420	
12953	0	36316	41328	36496	45572	
12954	0	37116	41596	36628	45668	
12955	0	38458	41964	36828	45796	
12956	0	39940	42024	36954	45892	
12957	0	41560	41904	37120	46008	
12958	0	43544	41292	37273	46124	
12959	0	44812	40132	37442	46218	
12960	0	45200	38578	37536	46309	
12961	0	47496	36100	37688	46432	
12962	0	51184	33608	37808	46540	
12963	0	49852	32924	37988	46696	
12964	0	47340	36932	38036	46778	
12965	0	48980	35780	38196	46898	
12966	0	38704	41776	38225	47012	
12967	0	14915	45220	38360	47104	
12968	0	21546	38408	38450	47224	
12969	0	41066	37816	38608	47304	
12970	0	47600	39772	38692	47396	
12971	0	47520	45300	38712	47480	
12972	0	34324	38248	38777	47616	
12973	0	35840	37545	38856	47688	
12974	0	39624	33896	39056	47809	
12975	0	33770	38921	39000	47892	
12976	0	34444	36824	39189	48008	
12977	0	34328	37100	39156	48068	
12978	0	34156	37742	39332	48156	
12979	0	34549	37176	39296	48256	
12980	0	34608	37390	39468	48324	
12981	0	34702	37321	39448	48426	
12982	0	34452	37440	39532	48512	
12983	0	34440	37445	39608	48620	
12984	0	34252	37644	39708	48692	
12985	0	34180	37528	39796	48832	
12986	0	34917	37212	39882	48917	
12987	0	34670	37312	40056	48988	
12988	0	34772	37384	40156	49072	
12989	0	34676	37380	40242	49200	
12990	0	34288	37477	40256	49272	
12991	0	35372	37328	40340	49400	
12992	0	34860	37270	40448	49476	
12993	0	34608	37433	40552	49556	
12994	0	35080	36996	40648	49628	
12995	0	35144	36960	40776	49704	
12996	0	35018	37204	40796	49764	
12997	0	34714	37272	40972	49788	
12998	0	35445	37084	40944	49844	
12999	0	35346	37152	41032	49880	
13000	0	35196	37240	41096	49904	
13001	0	35408	37004	41177	49924	
13002	0	35164	37156	41220	49928	
13003	0	35756	36764	41256	49929	
13004	0	35088	36776	41360	49956	
13005	0	35736	37064	41378	49936	
13006	0	35097	36808	41448	49944	
13007	0	35421	36980	41528	49880	
13008	0	35484	37112	41588	49884	
13009	0	35500	36961	41512	49848	
13010	0	35546	37056	41536	49828	
13011	0	35688	36866	41700	49792	
13012	0	35549	36964	41720	49780	
13013	0	35580	37204	41712	49712	
13014	0	35524	37136	41752	49664	
13015	0	35488	37458	41617	49608	
13016	0	35524	37612	41688	49560	
13017	0	35460	37608	41617	49514	
13018	0	35476	37941	41756	49448	
13019	0	35613	37802	41664	49404	
13020	0	35640	37390	41624	49316	
13021	0	35714	37556	41736	49280	
13022	0	35912	37882	41697	49244	
13023	0	36202	38584	41596	49136	
13024	0	36384	39201	41592	49096	
13025	0	36352	40044	41576	49008	
13026	0	36261	40604	41608	48908	
13027	0	35988	40960	41576	48788	
13028	0	35266	41584	41568	48720	
13029	0	34881	42776	41556	48620	
13030	0	35048	43736	41628	48496	
13031	0	33936	45321	41564	48440	
13032	0	32700	45160	41648	48348	
13033	0	33841	43984	41596	48244	
13034	0	35476	43692	41616	48140	
13035	0	35864	42632	41652	47961	
13036	0	38828	41461	41696	47905	
13037	0	38164	40252	41868	47784	
13038	0	34768	38840	41800	47672	
13039	0	31260	36336	41888	47554	
13040	0	28856	35525	41984	47473	
13041	0	35072	33248	42089	47370	
13042	0	33349	35822	42260	47240	
13043	0	30968	37597	42368	47169	
13044	0	34256	30966	42376	47068	
13045	0	35744	33312	42500	46968	
13046	0	31277	34205	42714	46826	
13047	0	30380	35053	42880	46784	
13048	0	31320	34008	43004	46640	
13049	0	31170	34000	43148	46548	
13050	0	31124	34321	43216	46440	
13051	0	31584	34408	43352	46356	
13052	0	32345	34294	43500	46252	
13053	0	32656	34278	43696	46136	
13054	0	32898	34456	43797	46020	
13055	0	32861	34872	43930	45896	
13056	0	32745	35288	44080	45756	
13057	0	32761	35880	44256	45618	
13058	0	32980	36349	44320	45404	
13059	0	33301	36812	44500	45292	
13060	0	33500	36853	44548	45128	
13061	0	33560	37372	44660	44930	
13062	0	33674	38140	44704	44748	
13063	0	33969	38890	44772	44484	
13064	0	34412	39500	44836	44322	
13065	0	35072	39996	44908	44064	
13066	0	35728	40544	44960	43872	
13067	0	36064	41133	44936	43616	
13068	0	36848	41544	44948	43464	
13069	0	38068	42089	44984	43196	
13070	0	39520	42644	44976	42948	
13071	0	41516	42856	44912	42634	
13072	0	42656	42098	44897	42365	
13073	0	43520	41352	44808	42153	
13074	0	43724	39928	44760	41908	
13075	0	44768	38183	44649	41600	
13076	0	48792	35066	44589	41272	
13077	0	51860	32968	44412	41080	
13078	0	48932	35430	44284	40768	
13079	0	39270	48336	44148	40466	
13080	0	47764	33412	44049	40210	
13081	0	30692	44554	43788	39868	
13082	0	10109	46180	43604	39648	
13083	0	32672	35056	43464	39334	
13084	0	42368	39160	43240	39016	
13085	0	54436	35020	43036	38730	
13086	0	39812	33760	42832	38444	
13087	0	31512	42998	42572	38216	
13088	0	40900	32017	42364	37925	
13089	0	35169	37348	42141	37633	
13090	0	33970	37680	41912	37328	
13091	0	34748	36748	41664	37048	
13092	0	33856	37828	41436	36756	
13093	0	34192	37384	41237	36504	
13094	0	34484	37344	41092	36256	
13095	0	34800	37344	40720	35992	
13096	0	34752	37276	40480	35700	
13097	0	34568	37368	40256	35440	
13098	0	34637	37304	40144	35204	
13099	0	34548	37378	39808	34953	
13100	0	34656	37312	39576	34732	
13101	0	34752	37280	39320	34457	
13102	0	34796	37408	39156	34236	
13103	0	34572	37366	38869	33976	
13104	0	34809	37368	38640	33778	
13105	0	34608	37316	38490	33540	
13106	0	34728	37384	38192	33305	
13107	0	34696	37496	37964	33066	
13108	0	34685	37220	37722	32809	
13109	0	34772	37140	37496	32573	
13110	0	35072	37124	37352	32336	
13111	0	35128	37008	37108	32108	
13112	0	35248	37002	36768	31856	
13113	0	35216	37164	36544	31612	
13114	0	34954	37245	36288	31376	
13115	0	35202	37148	36076	31121	
13116	0	34992	37292	35872	30872	
13117	0	35372	36948	35620	30624	
13118	0	35084	37106	35300	30365	
13119	0	35064	37188	35024	30122	
13120	0	35202	37044	34768	29868	
13121	0	35333	36900	34546	29633	
13122	0	35610	36760	34292	29379	
13123	0	35517	37088	33996	29137	
13124	0	35452	36933	33741	28896	
13125	0	35548	36920	33464	28668	
13126	0	35576	36984	33224	28440	
13127	0	35520	36880	32960	28220	
13128	0	35628	37008	32652	28000	
13129	0	35544	37149	32372	27800	
13130	0	35548	37232	32130	27596	
13131	0	35424	37408	31833	27416	
13132	0	35469	37506	31544	27226	
13133	0	35524	37504	31274	27062	
13134	0	35524	37724	30976	26904	
13135	0	35536	37546	30688	26748	
13136	0	35528	37812	30388	26624	
13137	0	35680	38012	30116	26480	
13138	0	35932	38564	29788	26370	
13139	0	36068	39088	29496	26281	
13140	0	36224	39524	29168	26189	
13141	0	36090	39720	28932	26120	
13142	0	35949	39864	28626	26032	
13143	0	35017	40416	28257	25980	
13144	0	35016	41008	27984	25900	
13145	0	34924	41980	27686	25853	
13146	0	35061	43280	27412	25828	
13147	0	34553	44904	27072	25800	
13148	0	33228	44600	26792	25780	
13149	0	33408	43416	26494	25720	
13150	0	35232	42984	26180	25716	
13151	0	36500	42689	25908	25698	
13152	0	35992	41480	25568	25652	
13153	0	38489	40341	25373	25609	
13154	0	36768	39676	25042	25616	
13155	0	33290	38812	24756	25580	
13156	0	29232	37328	24553	25576	
13157	0	27196	35913	24310	25580	
13158	0	32608	33916	24033	25544	
13159	0	35646	34628	23800	25541	
13160	0	35200	34899	23505	25529	
13161	0	33576	36410	23321	25533	
13162	0	34580	29682	23126	25536	
13163	0	33850	33528	22864	25460	
13164	0	31984	34332	22644	25430	
13165	0	30844	34984	22416	25398	
13166	0	30828	34012	22185	25369	
13167	0	30812	34664	21960	25322	
13168	0	30464	35232	21697	25260	
13169	0	31104	35021	21505	25244	
13170	0	31772	34700	21298	25126	
13171	0	32020	35184	21076	25024	
13172	0	32258	35512	20828	24906	
13173	0	32393	35544	20652	24824	
13174	0	32548	36144	20408	24700	
13175	0	32988	36609	20194	24632	
13176	0	33128	37053	19912	24490	
13177	0	33352	37496	19768	24305	
13178	0	33460	38145	19508	24164	
13179	0	33596	38690	19318	24054	
13180	0	34112	39340	19074	23877	
13181	0	34660	40004	18816	23754	
13182	0	35328	40514	18596	23544	
13183	0	35986	41001	18409	23452	
13184	0	36952	41360	18177	23265	
13185	0	38176	41780	17966	23125	
13186	0	39780	42328	17700	22972	
13187	0	41716	42548	17491	22809	
13188	0	43705	42336	17308	22648	
13189	0	44896	41512	17098	22481	
13190	0	45601	39916	16796	22288	
13191	0	46116	37661	16635	22200	
13192	0	47352	34880	16414	22037	
13193	0	48984	35600	16193	21904	
13194	0	49368	35682	15960	21784	
13195	0	44664	42032	15750	21585	
13196	0	43884	37512	15528	21436	
13197	0	33790	39832	15327	21389	
13198	0	10076	45416	15132	21200	
13199	0	32504	34976	14904	21175	
13200	0	48240	37232	14670	21076	
13201	0	51444	37989	14504	20904	
13202	0	31480	36676	14292	20863	
13203	0	31908	40848	14082	20812	
13204	0	40988	32604	13925	20682	
13205	0	33236	39288	13748	20632	
13206	0	34306	37024	13500	20520	
13207	0	34196	37348	13408	20508	
13208	0	33560	37812	13234	20444	
13209	0	34204	37408	13022	20424	
13210	0	34528	37502	12952	20377	
13211	0	34496	37388	12816	20348	
13212	0	34189	37560	12643	20320	
13213	0	34132	37604	12580	20332	
13214	0	34146	37496	12508	20348	
13215	0	34368	37396	12404	20336	
13216	0	34793	37256	12318	20378	
13217	0	34852	37306	12215	20322	
13218	0	34172	37540	12196	20397	
13219	0	34713	37357	12153	20368	
13220	0	34469	37565	12098	20554	
13221	0	34672	37408	12089	20458	
13222	0	33786	37604	12068	20656	
13223	0	34473	37193	12064	20580	
13224	0	34344	37400	12068	20745	
13225	0	34984	37064	12068	20752	
13226	0	34968	37344	12060	20748	
13227	0	35152	37202	12067	20819	
13228	0	35204	37252	12135	20851	
13229	0	35048	37256	12176	20874	
13230	0	35105	37256	12236	20856	
13231	0	35088	37040	12248	20884	
13232	0	35084	37200	12325	20815	
13233	0	34800	37484	12333	20924	
13234	0	35380	36972	12432	20872	
13235	0	35108	37232	12389	20856	
13236	0	35072	36956	12508	20864	
13237	0	35356	37068	12553	20824	
13238	0	35272	37176	12586	20810	
13239	0	35344	37192	12669	20772	
13240	0	35408	37088	12677	20728	
13241	0	35402	37144	12786	20708	
13242	0	35320	37229	12818	20664	
13243	0	35234	37093	12899	20620	
13244	0	35458	37288	12958	20604	
13245	0	35268	37341	13015	20506	
13246	0	35268	37556	13092	20462	
13247	0	35290	37720	13084	20438	
13248	0	35392	37948	13137	20504	
13249	0	35425	37794	13217	20389	
13250	0	35372	37716	13320	20464	
13251	0	35620	38188	13362	20460	
13252	0	35988	38748	13402	20478	
13253	0	36112	39236	13459	20454	
13254	0	36160	39928	13534	20373	
13255	0	36020	40092	13524	20460	
13256	0	35601	40408	13680	20500	
13257	0	34802	40968	13689	20530	
13258	0	34713	41848	13767	20532	
13259	0	34688	42520	13848	20493	
13260	0	34849	43908	13899	20608	
13261	0	33756	45108	13959	20700	
13262	0	33396	44056	14054	20688	
13263	0	34541	43309	14096	20694	
13264	0	36048	43064	14178	20756	
13265	0	36216	41952	14244	20912	
13266	0	37792	41516	14330	20983	
13267	0	37124	40024	14390	21020	
13268	0	33256	38730	14438	21188	
13269	0	29796	37008	14569	21285	
13270	0	29060	35880	14693	21404	
13271	0	33200	33842	14814	21541	
13272	0	35936	34848	14868	21656	
13273	0	33796	36848	15034	21737	
13274	0	36813	31300	15194	21918	
13275	0	35164	31497	15344	22112	
13276	0	32106	34124	15468	22282	
13277	0	29828	35434	15672	22460	
13278	0	30176	34881	15826	22637	
13279	0	30852	34008	15991	22854	
13280	0	30604	34720	16128	22986	
13281	0	31313	34780	16349	23130	
13282	0	31922	34834	16584	23288	
13283	0	32524	34920	16788	23530	
13284	0	32977	34936	16989	23681	
13285	0	33006	35120	17209	23874	
13286	0	32924	35688	17424	24048	
13287	0	33052	36192	17608	24147	
13288	0	33205	36481	17888	24404	
13289	0	33458	36865	18128	24549	
13290	0	33658	37384	18370	24714	
13291	0	33832	38008	18630	24893	
13292	0	34044	38688	18848	25044	
13293	0	34386	39305	19146	25172	
13294	0	34848	39812	19372	25328	
13295	0	35426	40236	19662	25552	
13296	0	36010	40720	19936	25697	
13297	0	36708	40976	20196	25897	
13298	0	37760	41165	20492	26053	
13299	0	38720	41692	20776	26232	
13300	0	40468	41776	21048	26424	
13301	0	41980	42260	21308	26616	
13302	0	43880	41996	21626	26808	
13303	0	45156	40844	21911	27016	
13304	0	45513	39228	22201	27282	
13305	0	46212	37352	22472	27500	
13306	0	49264	34940	22796	27669	
13307	0	49112	34496	23080	27889	
13308	0	42685	48553	23275	28140	
13309	0	48870	34044	23618	28353	
13310	0	38692	41432	23861	28600	
13311	0	13028	46602	24144	28818	
13312	0	21112	38394	24484	29084	
13313	0	42856	37724	24822	29316	
13314	0	51194	43616	25080	29556	
13315	0	41940	37220	25324	29792	
13316	0	33868	39956	25648	30061	
13317	0	36186	36988	25928	30256	
13318	0	38836	34370	26256	30514	
13319	0	33256	38985	26505	30745	
13320	0	34844	36512	26784	30985	
13321	0	34460	37361	27122	31240	
13322	0	33880	37712	27392	31546	
13323	0	34482	37296	27708	31717	
13324	0	34688	37314	27977	31986	
13325	0	34685	37240	28291	32285	
13326	0	34538	37457	28604	32545	
13327	0	34508	37360	28916	32758	
13328	0	34584	37345	29212	33028	
13329	0	34660	37388	29536	33288	
13330	0	34732	37284	29874	33632	
13331	0	34752	37296	30188	33888	
13332	0	34796	37312	30520	34157	
13333	0	34608	37496	30836	34380	
13334	0	35008	37312	31165	34632	
13335	0	34992	37464	31498	34908	
13336	0	35256	37304	31822	35164	
13337	0	35032	37240	32170	35430	
13338	0	35040	37276	32504	35708	
13339	0	34816	37188	32808	35942	
13340	0	34824	37256	33133	36152	
13341	0	35372	37184	33516	36410	
13342	0	35008	37298	33796	36536	
13343	0	35268	37148	34160	36800	
13344	0	35469	36992	34473	36956	
13345	0	34865	37349	34836	37200	
13346	0	35760	36784	35105	37348	
13347	0	34949	37225	35404	37440	
13348	0	35476	37189	35724	37585	
13349	0	35316	37044	36026	37757	
13350	0	35298	36836	36336	37968	
13351	0	35396	36992	36632	38144	
13352	0	35644	36952	37024	38272	
13353	0	35548	37061	37221	38344	
13354	0	35604	37088	37517	38536	
13355	0	35392	37160	37808	38624	
13356	0	35336	37224	38084	38749	
13357	0	35382	37380	38352	38912	
13358	0	35436	37373	38612	38940	
13359	0	35380	37653	38888	39040	
13360	0	35456	37856	39132	39256	
13361	0	35466	37892	39428	39348	
13362	0	35390	38080	39610	39404	
13363	0	35470	37956	39856	39601	
13364	0	35396	37848	40132	39700	
13365	0	35592	37965	40388	39768	
13366	0	35584	38504	40652	39936	
13367	0	35956	39274	40868	39957	
13368	0	35976	40036	40940	40052	
13369	0	36120	40592	41153	40221	
13370	0	35818	41081	41403	40376	
13371	0	34804	41378	41520	40466	
13372	0	34413	42580	41704	40520	
13373	0	33948	44132	41883	40680	
13374	0	33200	45928	42092	40864	
13375	0	32858	45512	42192	40904	
13376	0	34312	44584	42376	40996	
13377	0	38616	43641	42524	41072	
13378	0	36052	42409	42772	41296	
13379	0	38808	40954	42864	41352	
13380	0	37269	40532	42976	41388	
13381	0	33904	39760	43196	41492	
13382	0	28518	38040	43280	41612	
13383	0	26576	36081	43420	41805	
13384	0	32340	33164	43570	41920	
13385	0	36624	34049	43724	41954	
13386	0	35004	34644	43872	42144	
13387	0	33556	36188	44028	42226	
13388	0	36034	29814	44208	42352	
13389	0	36081	31686	44316	42380	
13390	0	32668	33197	44476	42444	
13391	0	31613	34240	44640	42536	
13392	0	31830	34372	44812	42628	
13393	0	31420	34164	44920	42808	
13394	0	31421	34345	45064	42848	
13395	0	31480	34740	45236	42880	
13396	0	31592	34930	45348	43032	
13397	0	31840	35268	45480	43034	
13398	0	32296	35364	45688	43056	
13399	0	32508	35465	45776	43104	
13400	0	32880	35690	45920	43208	
13401	0	33048	35992	45996	43180	
13402	0	33328	36492	46152	43264	
13403	0	33652	36867	46264	43256	
13404	0	33712	37480	46340	43274	
13405	0	34000	37976	46432	43264	
13406	0	34009	38740	46584	43260	
13407	0	34168	39376	46636	43273	
13408	0	34566	40000	46720	43240	
13409	0	35214	40552	46788	43168	
13410	0	35968	41048	46858	43213	
13411	0	36938	41520	46956	43144	
13412	0	37992	41812	46972	43156	
13413	0	39256	42212	47076	43098	
13414	0	40732	42262	47082	43040	
13415	0	42105	42176	47105	43052	
13416	0	43744	41888	47130	42980	
13417	0	45080	40704	47210	42926	
13418	0	46264	38737	47236	42861	
13419	0	47640	36480	47198	42881	
13420	0	50908	33824	47232	42804	
13421	0	49080	35564	47164	42796	
13422	0	47964	36128	47208	42704	
13423	0	42888	42620	47144	42692	
13424	0	40048	38176	47153	42604	
13425	0	18116	41856	47044	42560	
13426	0	13536	42272	47032	42524	
13427	0	38708	34562	46972	42432	
13428	0	43476	35760	46984	42400	
13429	0	53824	37442	46936	42352	
13430	0	35188	34778	46809	42318	
13431	0	30528	43274	46736	42268	
13432	0	41824	31228	46656	42201	
13433	0	33208	39148	46568	42084	
13434	0	33804	37104	46560	42072	
13435	0	34316	37200	46488	42004	
13436	0	33664	37869	46349	41864	
13437	0	34392	37452	46260	41784	
13438	0	34772	37361	46216	41728	
13439	0	34416	37508	46112	41664	
13440	0	34388	37480	46040	41604	
13441	0	34416	37472	46036	41460	
13442	0	34488	37472	45936	41336	
13443	0	34432	37388	45824	41300	
13444	0	34688	37256	45801	41152	
13445	0	34649	37370	45724	41048	
13446	0	34432	37312	45676	40921	
13447	0	34728	37192	45549	40752	
13448	0	34444	37612	45536	40672	
13449	0	34800	37424	45448	40504	
13450	0	34644	37492	45320	40304	
13451	0	34940	37217	45280	40180	
13452	0	34680	37284	45188	39996	
13453	0	34916	36921	45156	39824	
13454	0	34820	37040	45068	39617	
13455	0	35292	36970	44976	39428	
13456	0	35020	37288	44872	39208	
13457	0	35241	37140	44804	39000	
13458	0	35000	37276	44624	38785	
13459	0	35244	37056	44536	38535	
13460	0	35324	37336	44412	38318	
13461	0	35552	36790	44336	38080	
13462	0	35037	37056	44232	37833	
13463	0	35212	37196	44084	37596	
13464	0	35360	37092	43916	37340	
13465	0	35524	37084	43760	37112	
13466	0	35356	37210	43604	36856	
13467	0	35684	37140	43464	36608	
13468	0	35472	37364	43376	36368	
13469	0	35284	37390	43116	36136	
13470	0	35394	37448	42944	35907	
13471	0	35440	37564	42824	35658	
13472	0	35384	37770	42660	35456	
13473	0	35440	38040	42368	35226	
13474	0	35248	38168	42160	35036	
13475	0	35314	38204	41954	34817	
13476	0	35345	38060	41792	34621	
13477	0	35552	38364	41632	34465	
13478	0	36080	38928	41344	34273	
13479	0	36248	39585	41184	34098	
13480	0	36420	40464	40888	33942	
13481	0	36304	40836	40636	33762	
13482	0	35926	41090	40498	33612	
13483	0	35128	42092	40221	33472	
13484	0	34848	43136	39952	33336	
13485	0	35072	44689	39746	33178	
13486	0	34368	46976	39484	33056	
13487	0	33682	46212	39252	32906	
13488	0	34268	45010	39028	32776	
13489	0	35872	43565	38813	32640	
13490	0	36228	42324	38569	32506	
13491	0	37240	41496	38332	32376	
13492	0	36776	41044	38144	32246	
13493	0	32757	39298	37992	32124	
13494	0	29756	36084	37800	31985	
13495	0	29678	34520	37520	31868	
13496	0	33552	34688	37336	31741	
13497	0	30218	38269	37136	31616	
13498	0	31456	35524	36968	31499	
13499	0	33489	30418	36908	31378	
13500	0	33716	33410	36624	31244	
13501	0	32284	34404	36520	31128	
13502	0	31890	34380	36290	30994	
13503	0	32396	33184	36187	30869	
13504	0	32804	33492	35980	30740	
13505	0	32833	33976	35880	30612	
13506	0	32796	34261	35672	30464	
13507	0	32580	34529	35536	30340	
13508	0	31897	35036	35374	30176	
13509	0	31356	35636	35208	30020	
13510	0	31696	35898	35072	29876	
13511	0	32209	35696	34928	29708	
13512	0	32312	35968	34756	29541	
13513	0	32174	36916	34600	29360	
13514	0	32869	37716	34436	29180	
13515	0	33520	37988	34296	28985	
13516	0	33832	38002	34113	28804	
13517	0	33888	38616	33952	28616	
13518	0	34464	39392	33776	28416	
13519	0	34941	39976	33600	28219	
13520	0	35448	40552	33424	28028	
13521	0	36154	41117	33216	27836	
13522	0	37176	41520	33014	27637	
13523	0	38308	41824	32813	27445	
13524	0	40116	42616	32576	27264	
13525	0	42469	42836	32374	27074	
13526	0	44492	42292	32172	26886	
13527	0	45154	41236	31965	26708	
13528	0	46528	39465	31708	26516	
13529	0	47328	37332	31508	26357	
13530	0	48088	35280	31284	26186	
13531	0	50080	34008	31008	26017	
13532	0	48484	34941	30773	25865	
13533	0	45344	40992	30488	25712	
13534	0	47752	35312	30296	25573	
13535	0	28598	45384	30028	25428	
13536	0	9204	48580	29778	25298	
13537	0	36669	30689	29581	25168	
13538	0	41376	40712	29336	25056	
13539	0	50017	39880	29068	24936	
13540	0	43912	29550	28896	24834	
13541	0	32781	42980	28644	24736	
13542	0	40692	31714	28500	24634	
13543	0	36699	36596	28248	24544	
13544	0	33728	37397	28000	24471	
13545	0	35316	36732	27818	24386	
13546	0	33538	38224	27600	24305	
13547	0	34880	37312	27440	24253	
13548	0	34992	37130	27250	24184	
13549	0	34872	37213	27117	24134	
13550	0	34936	37194	26909	24084	
13551	0	34896	37180	26752	24048	
13552	0	35032	37152	26640	24016	
13553	0	34708	37344	26465	23980	
13554	0	35028	37260	26390	23957	
13555	0	34740	37248	26213	23938	
13556	0	35478	36988	26121	23928	
13557	0	35116	37120	26018	23921	
13558	0	35080	37386	25942	23894	
13559	0	34753	37568	25868	23877	
13560	0	34144	37416	25714	23858	
13561	0	35552	37304	25688	23836	
13562	0	34882	37220	25548	23812	
13563	0	35676	36433	25540	23792	
13564	0	35400	36936	25406	23792	
13565	0	35336	37012	25322	23726	
13566	0	35260	37208	25240	23696	
13567	0	35560	36992	25236	23672	
13568	0	35376	37060	25160	23594	
13569	0	35388	37093	25053	23512	
13570	0	35315	37308	24996	23484	
13571	0	35421	37002	24854	23412	
13572	0	35424	37280	24756	23312	
13573	0	35552	37040	24657	23220	
13574	0	35640	37028	24629	23122	
13575	0	35604	37048	24466	23029	
13576	0	35528	37241	24411	22925	
13577	0	35668	37208	24273	22832	
13578	0	35552	37232	24204	22750	
13579	0	35621	37344	24084	22620	
13580	0	35665	37324	23956	22498	
13581	0	35560	37440	23822	22405	
13582	0	35597	37616	23660	22310	
13583	0	35692	37888	23501	22188	
13584	0	35848	37828	23358	22112	
13585	0	35717	37850	23213	22041	
13586	0	35868	37874	23056	21944	
13587	0	35680	37600	22928	21884	
13588	0	35840	37554	22768	21788	
13589	0	35960	37972	22558	21746	
13590	0	36100	38564	22365	21661	
13591	0	36148	39272	22234	21636	
13592	0	36161	40192	22063	21584	
13593	0	36128	40681	21902	21520	
13594	0	35580	41492	21675	21512	
13595	0	34824	42576	21560	21474	
13596	0	34664	43752	21344	21509	
13597	0	34034	44704	21232	21469	
13598	0	33588	45140	21072	21469	
13599	0	35116	44552	20912	21474	
13600	0	38784	43196	20746	21512	
13601	0	35196	42908	20514	21512	
13602	0	38098	41920	20418	21520	
13603	0	37488	40604	20234	21580	
13604	0	35036	39490	20072	21632	
13605	0	30296	37816	19960	21657	
13606	0	28948	35924	19896	21754	
13607	0	33200	33888	19824	21810	
13608	0	34733	35889	19721	21882	
13609	0	33121	37200	19599	22002	
13610	0	32716	35184	19496	22058	
13611	0	32808	31480	19448	22192	
13612	0	33806	33298	19384	22253	
13613	0	31312	34877	19366	22388	
13614	0	30560	34692	19402	22552	
13615	0	30913	34333	19398	22638	
13616	0	30896	34472	19384	22755	
13617	0	30980	34716	19412	22856	
13618	0	31549	34992	19412	23022	
13619	0	32058	34862	19512	23138	
13620	0	32712	34836	19530	23308	
13621	0	33029	35004	19601	23428	
13622	0	33168	35296	19656	23516	
13623	0	33220	35798	19710	23606	
13624	0	33156	36260	19812	23788	
13625	0	33432	36568	19998	23938	
13626	0	33776	36932	20084	24004	
13627	0	33712	37740	20224	24128	
13628	0	34004	38228	20291	24262	
13629	0	34290	38956	20504	24448	
13630	0	34708	39296	20600	24560	
13631	0	35420	39820	20714	24653	
13632	0	36173	40452	20940	24824	
13633	0	37048	40925	21040	24944	
13634	0	38216	41352	21213	25088	
13635	0	39561	41820	21405	25236	
13636	0	41574	42184	21608	25378	
13637	0	43252	42268	21778	25549	
13638	0	44604	41672	21917	25708	
13639	0	46116	40522	22144	25920	
13640	0	47112	38532	22305	26060	
13641	0	47432	36365	22584	26224	
13642	0	50072	35652	22696	26426	
13643	0	50860	34680	22971	26592	
13644	0	47628	36896	23126	26774	
13645	0	45481	38200	23336	27044	
13646	0	27949	44932	23521	27201	
13647	0	14834	40906	23746	27384	
13648	0	34908	35544	23982	27592	
13649	0	47256	39472	24128	27842	
13650	0	49908	40064	24376	28064	
13651	0	40756	36640	24643	28321	
13652	0	34092	39720	24808	28468	
13653	0	40152	32964	25110	28684	
13654	0	33842	38500	25273	29004	
13655	0	34296	37024	25520	29144	
13656	0	34584	37116	25708	29436	
13657	0	34224	37577	26016	29628	
13658	0	34512	37348	26242	29892	
13659	0	34757	37200	26514	30090	
13660	0	35008	37032	26712	30366	
13661	0	34724	37304	26996	30592	
13662	0	34520	37468	27245	30868	
13663	0	34432	37617	27516	31158	
13664	0	34420	37505	27790	31356	
13665	0	34746	37275	28029	31620	
13666	0	34704	37376	28333	31880	
13667	0	34696	37181	28626	32140	
13668	0	34800	37324	28868	32488	
13669	0	34536	37476	29168	32678	
13670	0	34416	37660	29450	32904	
13671	0	34084	37441	29748	33156	
13672	0	34704	37384	30036	33396	
13673	0	34936	37244	30323	33586	
13674	0	35040	37092	30601	33796	
13675	0	35408	37002	30896	34000	
13676	0	35208	37164	31180	34184	
13677	0	35392	36960	31472	34378	
13678	0	35024	37272	31732	34616	
13679	0	35131	37204	32014	34688	
13680	0	35349	37156	32284	34872	
13681	0	35316	37244	32590	34968	
13682	0	35776	36954	32856	35181	
13683	0	34736	36832	33076	35188	
13684	0	35968	36757	33380	35284	
13685	0	35328	36650	33636	35448	
13686	0	35544	36912	33844	35552	
13687	0	35676	36916	34084	35596	
13688	0	35769	37020	34392	35634	
13689	0	35497	37088	34568	35728	
13690	0	35756	36976	34856	35789	
13691	0	35460	37176	35048	35896	
13692	0	35512	37162	35248	36004	
13693	0	35520	37232	35492	36041	
13694	0	35484	37392	35668	36180	
13695	0	35662	37568	35876	36320	
13696	0	35508	37824	36088	36308	
13697	0	35450	38016	36273	36433	
13698	0	35593	38019	36528	36512	
13699	0	35658	37828	36664	36682	
13700	0	35697	38085	36776	36748	
13701	0	35878	38496	37048	36868	
13702	0	36112	39064	37209	36988	
13703	0	36144	39988	37296	37192	
13704	0	36256	40248	37456	37258	
13705	0	36185	40778	37612	37400	
13706	0	34888	41464	37754	37548	
13707	0	34656	42685	37954	37696	
13708	0	34104	43456	38057	37928	
13709	0	34048	45356	38216	38016	
13710	0	32900	45976	38332	38144	
13711	0	35620	44372	38480	38300	
13712	0	37196	42913	38620	38560	
13713	0	35112	42924	38700	38648	
13714	0	38464	41610	38828	38780	
13715	0	37604	40132	38994	38944	
13716	0	35394	39548	39084	39216	
13717	0	30964	37588	39305	39308	
13718	0	28616	37568	39373	39480	
13719	0	31548	34264	39512	39657	
13720	0	34880	35064	39656	39844	
13721	0	33633	35648	39840	39976	
13722	0	34445	33773	39958	40152	
13723	0	35470	32964	40136	40364	
13724	0	32573	33512	40288	40520	
13725	0	30412	35096	40456	40744	
13726	0	30553	34584	40760	40962	
13727	0	30672	34373	40816	41036	
13728	0	30640	34794	40980	41328	
13729	0	30904	34937	41280	41504	
13730	0	31916	34872	41440	41668	
13731	0	32336	35041	41540	41736	
13732	0	33020	35008	41720	41848	
13733	0	33368	35108	41944	42068	
13734	0	33408	35318	42168	42220	
13735	0	33378	35864	42180	42272	
13736	0	33336	36356	42476	42336	
13737	0	33544	36920	42536	42548	
13738	0	33796	37316	42676	42634	
13739	0	33916	37776	42940	42641	
13740	0	33889	38488	43004	42753	
13741	0	34048	39320	43128	42782	
13742	0	34744	39968	43284	42916	
13743	0	35512	40320	43496	42964	
13744	0	36232	40800	43608	43008	
13745	0	36993	41257	43676	43072	
13746	0	37936	41536	43788	43109	
13747	0	39224	42114	43928	43180	
13748	0	40880	42144	44108	43152	
13749	0	42422	42072	44154	43220	
13750	0	43744	41380	44288	43196	
13751	0	44352	40155	44378	43216	
13752	0	44952	38268	44500	43276	
13753	0	46100	37004	44584	43256	
13754	0	49720	34164	44712	43336	
13755	0	51756	34308	44729	43352	
13756	0	48740	36420	44813	43374	
13757	0	43873	41792	44868	43297	
13758	0	41856	35717	44953	43285	
13759	0	21647	41472	45058	43360	
13760	0	9545	45152	45040	43276	
13761	0	42200	33120	45122	43324	
13762	0	48124	38080	45172	43276	
13763	0	53736	48489	45185	43312	
13764	0	31104	37281	45296	43264	
13765	0	35632	38028	45304	43284	
13766	0	42440	31560	45404	43204	
13767	0	33288	39468	45358	43201	
13768	0	34512	36822	45408	43248	
13769	0	34452	37024	45500	43232	
13770	0	34036	37832	45472	43144	
13771	0	34736	37300	45540	43192	
13772	0	34884	37504	45536	43154	
13773	0	34752	37204	45628	43146	
13774	0	34562	37448	45620	43129	
13775	0	34768	37305	45664	43126	
13776	0	34928	37242	45684	43140	
13777	0	34768	37236	45800	43056	
13778	0	34896	37306	45800	43080	
13779	0	34768	37160	45869	43069	
13780	0	34928	37328	45956	42985	
13781	0	34656	37532	45921	42993	
13782	0	34984	37312	46004	42961	
13783	0	35068	37380	46036	42904	
13784	0	34674	37480	46080	42834	
13785	0	35018	37084	46193	42800	
13786	0	34764	37113	46180	42776	
13787	0	35308	36817	46208	42660	
13788	0	34985	37120	46252	42657	
13789	0	35061	37098	46269	42588	
13790	0	35100	37168	46385	42412	
13791	0	35128	37404	46324	42312	
13792	0	35264	37092	46416	42224	
13793	0	35564	36945	46356	42114	
13794	0	35546	36972	46421	42066	
13795	0	34960	36977	46356	41921	
13796	0	35272	37401	46344	41746	
13797	0	35540	36868	46382	41632	
13798	0	35290	37128	46308	41473	
13799	0	35560	37080	46292	41328	
13800	0	35516	37108	46272	41234	
13801	0	35445	37232	46160	41065	
13802	0	35460	37172	46100	40940	
13803	0	35398	37216	46032	40780	
13804	0	35360	37176	45996	40641	
13805	0	35360	37272	45832	40476	
13806	0	35352	37338	45744	40344	
13807	0	35416	37545	45672	40208	
13808	0	35524	37685	45560	40104	
13809	0	35384	37912	45434	39942	
13810	0	35573	37920	45266	39826	
13811	0	35484	37802	45180	39744	
13812	0	35570	37932	45004	39589	
13813	0	35716	38312	44852	39510	
13814	0	35953	38752	44640	39376	
13815	0	35916	39276	44537	39312	
13816	0	36082	40108	44320	39216	
13817	0	35984	40612	44188	39120	
13818	0	35124	41072	44008	38992	
13819	0	34821	41700	43833	38900	
13820	0	34413	43112	43604	38786	
13821	0	34084	44256	43436	38728	
13822	0	33492	45736	43264	38596	
13823	0	34568	44796	43080	38508	
13824	0	37093	43708	42916	38432	
13825	0	36884	43096	42744	38308	
13826	0	37656	42368	42504	38144	
13827	0	38336	40746	42428	38004	
13828	0	36868	40000	42208	37940	
13829	0	33548	38784	42016	37780	
13830	0	28210	37712	41972	37688	
13831	0	27264	36088	41808	37556	
13832	0	35793	33566	41568	37368	
13833	0	35024	35256	41504	37216	
13834	0	33888	37012	41405	37060	
13835	0	35605	30156	41172	36900	
13836	0	36018	32840	41184	36784	
13837	0	32614	33128	40948	36626	
13838	0	30212	34889	40937	36408	
13839	0	30422	34529	40724	36276	
13840	0	31088	34480	40636	36073	
13841	0	30609	34848	40536	35868	
13842	0	31026	35064	40424	35648	
13843	0	31803	34958	40337	35413	
13844	0	32416	35044	40228	35188	
13845	0	32754	35108	40136	34984	
13846	0	33062	35104	40032	34724	
13847	0	33066	35330	39948	34468	
13848	0	33060	36048	39840	34188	
13849	0	33296	36632	39808	33928	
13850	0	33532	36900	39640	33642	
13851	0	33760	37504	39640	33348	
13852	0	34060	38096	39468	33056	
13853	0	34208	38708	39404	32728	
13854	0	34424	39444	39180	32434	
13855	0	35180	40004	39068	32120	
13856	0	35844	40592	38994	31808	
13857	0	36538	41081	38848	31464	
13858	0	37360	41656	38764	31096	
13859	0	38664	42028	38592	30774	
13860	0	40264	42442	38472	30418	
13861	0	41869	42572	38304	30128	
13862	0	43554	42252	38168	29764	
13863	0	44948	41489	38021	29410	
13864	0	45904	39978	37922	29044	
13865	0	45580	37981	37734	28693	
13866	0	48568	35632	37608	28408	
13867	0	50880	34690	37476	28056	
13868	0	47196	39658	37253	27734	
13869	0	48052	36792	37102	27362	
13870	0	39780	43652	36946	27077	
13871	0	14986	46764	36804	26754	
13872	0	23406	37516	36634	26440	
13873	0	41808	35864	36408	26102	
13874	0	50624	39320	36280	25828	
13875	0	50820	46620	36112	25556	
13876	0	35064	39516	35906	25250	
13877	0	35904	37992	35700	25004	
13878	0	40408	33610	35568	24737	
13879	0	33476	38902	35308	24464	
13880	0	34292	37032	35152	24188	
13881	0	34752	36970	35004	23970	
13882	0	33860	37844	34816	23776	
13883	0	34488	37277	34568	23520	
13884	0	34548	37308	34448	23324	
13885	0	34644	37216	34205	23104	
13886	0	34309	37494	34040	22970	
13887	0	34325	37592	33902	22737	
13888	0	33964	37672	33712	22643	
13889	0	34536	37404	33532	22466	
13890	0	34932	37088	33417	22312	
13891	0	33384	37664	33220	22201	
13892	0	35220	37396	33064	22088	
13893	0	34588	37540	32932	21952	
13894	0	34472	37506	32774	21864	
13895	0	34521	37613	32664	21797	
13896	0	34177	37780	32493	21688	
13897	0	35300	37296	32353	21592	
13898	0	34733	37420	32237	21478	
13899	0	35552	37130	32104	21435	
13900	0	35066	37244	31981	21321	
13901	0	35076	37125	31816	21213	
13902	0	34993	37142	31708	21124	
13903	0	35144	37026	31588	21043	
13904	0	35240	37060	31474	20958	
13905	0	35237	37101	31340	20834	
13906	0	35301	37100	31205	20733	
13907	0	34985	37406	31088	20653	
13908	0	35522	37128	30956	20512	
13909	0	35492	37080	30832	20480	
13910	0	35280	37080	30713	20342	
13911	0	35473	37056	30569	20213	
13912	0	35465	37034	30456	20116	
13913	0	35528	36912	30308	20054	
13914	0	35568	37232	30169	19944	
13915	0	35320	37080	30024	19797	
13916	0	35569	37274	29872	19665	
13917	0	35180	37336	29727	19604	
13918	0	35380	37644	29577	19529	
13919	0	35337	37736	29393	19390	
13920	0	35304	37866	29243	19322	
13921	0	35169	37948	29080	19244	
13922	0	35192	37988	28884	19175	
13923	0	35292	38182	28693	19130	
13924	0	35422	38572	28512	19052	
13925	0	35868	39328	28324	19010	
13926	0	36306	40204	28088	18922	
13927	0	36261	40448	27892	18890	
13928	0	36100	40848	27664	18832	
13929	0	35760	41272	27444	18760	
13930	0	35372	42148	27202	18762	
13931	0	35809	42681	27032	18753	
13932	0	36052	42888	26768	18724	
13933	0	35452	44616	26529	18696	
13934	0	34538	44388	26284	18660	
13935	0	34956	43140	26050	18684	
13936	0	36234	42725	25890	18702	
13937	0	36120	42908	25660	18694	
13938	0	36105	42320	25448	18712	
13939	0	34912	41004	25185	18723	
13940	0	32720	38936	24997	18770	
13941	0	31568	36953	24802	18796	
13942	0	30670	34952	24632	18880	
13943	0	31834	36065	24378	18956	
13944	0	33372	36300	24244	19008	
13945	0	34672	34872	24080	19096	
13946	0	34644	31200	23917	19180	
13947	0	34132	33548	23752	19278	
13948	0	31840	34324	23581	19372	
13949	0	31298	34936	23392	19489	
13950	0	30628	34312	23260	19596	
13951	0	30632	34160	23121	19696	
13952	0	30876	34442	23048	19805	
13953	0	31328	34618	22914	19910	
13954	0	32082	34492	22780	20016	
13955	0	32896	34412	22773	20129	
13956	0	33330	34448	22680	20200	
13957	0	33296	34804	22569	20292	
13958	0	32952	35428	22529	20398	
13959	0	32753	35984	22424	20474	
13960	0	32660	36522	22360	20544	
13961	0	32773	37092	22330	20614	
13962	0	33272	37381	22243	20668	
13963	0	33344	38056	22161	20741	
13964	0	33484	38561	22133	20816	
13965	0	33776	39256	22076	20852	
13966	0	34281	39976	22001	20890	
13967	0	34706	40284	21970	20960	
13968	0	35312	40844	21929	20984	
13969	0	36024	41092	21880	21021	
13970	0	37116	41632	21865	21065	
13971	0	38372	42048	21785	21104	
13972	0	40064	42256	21716	21144	
13973	0	41556	41968	21652	21177	
13974	0	43156	41856	21636	21209	
13975	0	45024	40920	21600	21244	
13976	0	45648	39212	21544	21276	
13977	0	47568	36808	21456	21310	
13978	0	51796	33346	21396	21344	
13979	0	48805	37344	21321	21398	
13980	0	50412	37518	21344	21401	
13981	0	44812	41120	21256	21449	
13982	0	38116	42745	21180	21504	
13983	0	16206	42068	21118	21540	
13984	0	25445	38588	21090	21588	
13985	0	50364	28310	21076	21638	
13986	0	46176	27209	21008	21682	
13987	0	31484	46704	20892	21716	
13988	0	39276	32180	20884	21836	
13989	0	37190	35976	20770	21868	
13990	0	33028	38872	20728	21929	
13991	0	35089	36356	20683	22050	
13992	0	34360	37496	20610	22128	
13993	0	34772	37106	20537	22208	
13994	0	34700	37272	20562	22304	
13995	0	34932	37272	20516	22377	
13996	0	35088	37024	20500	22504	
13997	0	34778	37320	20492	22656	
13998	0	34714	37420	20430	22764	
13999	0	34672	37504	20444	22940	
14000	0	34826	37156	20456	23132	
14001	0	34896	37132	20404	23306	
14002	0	34884	37188	20508	23418	
14003	0	34904	37268	20472	23624	
14004	0	34929	37353	20577	23744	
14005	0	34856	37432	20600	23968	
14006	0	34896	37344	20620	24144	
14007	0	34356	37332	20676	24380	
14008	0	35466	36810	20756	24520	
14009	0	34980	37384	20837	24706	
14010	0	35268	36948	20826	24925	
14011	0	34208	36944	21019	25076	
14012	0	35306	37184	21092	25274	
14013	0	34984	37296	21161	25394	
14014	0	35160	37280	21288	25596	
14015	0	35424	37152	21329	25732	
14016	0	35254	37201	21480	25902	
14017	0	35669	36796	21555	26046	
14018	0	35416	37232	21648	26164	
14019	0	35828	36632	21788	26300	
14020	0	35464	36824	21843	26440	
14021	0	35636	36944	21932	26564	
14022	0	35501	36872	22116	26668	
14023	0	35505	36864	22188	26768	
14024	0	35576	36796	22306	26904	
14025	0	35600	36936	22418	27045	
14026	0	35592	36850	22502	27149	
14027	0	35672	36938	22614	27229	
14028	0	35908	37012	22740	27353	
14029	0	35594	37238	22821	27466	
14030	0	35645	37280	22944	27580	
14031	0	35622	37524	23012	27701	
14032	0	35686	37608	23076	27826	
14033	0	35672	37746	23196	27976	
14034	0	35740	37616	23348	28100	
14035	0	35916	37544	23384	28236	
14036	0	35956	37893	23492	28398	
14037	0	36356	38532	23597	28570	
14038	0	36340	39026	23704	28726	
14039	0	36088	39584	23816	28865	
14040	0	36268	40281	23882	29041	
14041	0	36176	40416	23953	29238	
14042	0	35544	40884	24085	29437	
14043	0	35452	41744	24188	29644	
14044	0	35148	42892	24260	29812	
14045	0	35620	44184	24392	30032	
14046	0	34304	45516	24437	30232	
14047	0	33909	44754	24612	30448	
14048	0	36788	43265	24734	30652	
14049	0	35068	43264	24840	30908	
14050	0	36992	41274	24978	31140	
14051	0	38176	40268	25068	31382	
14052	0	36868	39868	25250	31632	
14053	0	32725	38809	25368	31864	
14054	0	29888	36256	25600	32176	
14055	0	28888	35556	25705	32436	
14056	0	34344	33024	25934	32708	
14057	0	34642	35048	26080	32948	
14058	0	32560	37320	26256	33216	
14059	0	34384	29552	26537	33528	
14060	0	36424	33753	26722	33816	
14061	0	31256	33872	26964	34136	
14062	0	29748	35452	27181	34400	
14063	0	30713	34444	27420	34676	
14064	0	30713	34328	27668	34940	
14065	0	30828	34720	27916	35292	
14066	0	31481	34872	28164	35532	
14067	0	32184	34732	28440	35774	
14068	0	32608	34733	28708	36072	
14069	0	32800	34900	28976	36296	
14070	0	32824	35164	29248	36644	
14071	0	33038	35624	29524	36878	
14072	0	33165	36084	29806	37068	
14073	0	33406	36512	30089	37236	
14074	0	33748	36944	30384	37525	
14075	0	34080	37244	30664	37712	
14076	0	34136	37836	30956	37945	
14077	0	34272	38636	31244	38192	
14078	0	34424	39564	31520	38348	
14079	0	35180	40056	31825	38640	
14080	0	35922	40496	32120	38760	
14081	0	36689	40894	32416	38973	
14082	0	37516	41284	32712	39136	
14083	0	38560	41520	32970	39368	
14084	0	40028	41940	33296	39516	
14085	0	41344	42288	33576	39688	
14086	0	43124	42104	33856	39876	
14087	0	44800	41488	34109	40092	
14088	0	45136	39740	34421	40284	
14089	0	46408	37532	34676	40312	
14090	0	50660	34144	34977	40592	
14091	0	50788	33698	35257	40648	
14092	0	49172	34540	35520	40950	
14093	0	47922	37712	35790	41068	
14094	0	41928	39680	36048	41232	
14095	0	19138	44136	36340	41296	
14096	0	13281	41344	36593	41437	
14097	0	40320	34072	36860	41568	
14098	0	45004	36265	37192	41692	
14099	0	50264	39620	37388	41844	
14100	0	37756	37461	37624	41988	
14101	0	33980	40196	37880	42094	
14102	0	40445	33080	38146	42196	
14103	0	33904	38620	38464	42456	
14104	0	34188	37065	38732	42489	
14105	0	34693	36936	38872	42568	
14106	0	33656	37932	39120	42680	
14107	0	34674	37164	39440	42916	
14108	0	34860	37284	39588	42920	
14109	0	34616	37360	39840	43057	
14110	0	34428	37524	40153	43184	
14111	0	34408	37545	40300	43316	
14112	0	34666	37489	40673	43504	
14113	0	34789	37280	40776	43600	
14114	0	34796	37160	41016	43704	
14115	0	34844	37228	41237	43820	
14116	0	34852	37202	41484	44021	
14117	0	34968	37276	41789	44104	
14118	0	34688	37372	41949	44196	
14119	0	34593	37534	42216	44321	
14120	0	34808	37533	42496	44448	
14121	0	34554	37248	42716	44540	
14122	0	34874	37328	42900	44704	
14123	0	35217	37204	43104	44724	
14124	0	34816	37224	43373	44848	
14125	0	34908	37252	43556	44932	
14126	0	35056	37124	43740	44964	
14127	0	35100	37184	43972	45024	
14128	0	34988	37392	44152	45140	
14129	0	35352	36906	44388	45172	
14130	0	35380	36868	44522	45228	
14131	0	34581	37325	44701	45208	
14132	0	35732	37108	44961	45220	
14133	0	35040	37088	45076	45296	
14134	0	35136	36969	45300	45264	
14135	0	35520	37108	45468	45266	
14136	0	35473	37100	45624	45272	
14137	0	35513	37112	45732	45316	
14138	0	35424	37281	45888	45341	
14139	0	35368	37156	46008	45296	
14140	0	35257	37244	46116	45336	
14141	0	35460	37141	46212	45277	
14142	0	35428	37302	46384	45252	
14143	0	35424	37528	46408	45280	
14144	0	35488	37592	46496	45232	
14145	0	35636	37744	46593	45264	
14146	0	35624	37728	46692	45300	
14147	0	35641	37808	46721	45292	
14148	0	35532	37664	46768	45304	
14149	0	35592	37828	46880	45292	
14150	0	35872	38294	46928	45305	
14151	0	36048	38904	46892	45252	
14152	0	36096	39904	46936	45313	
14153	0	36176	40452	46912	45264	
14154	0	36018	40900	46973	45336	
14155	0	35252	41536	46960	45280	
14156	0	34544	42482	46944	45328	
14157	0	34256	44125	46900	45352	
14158	0	33736	46036	46940	45344	
14159	0	32960	45996	46912	45356	
14160	0	34578	44752	46836	45418	
14161	0	36272	43792	46804	45376	
14162	0	37972	42848	46784	45412	
14163	0	37752	41408	46760	45472	
14164	0	37720	40594	46792	45480	
14165	0	34048	39412	46693	45537	
14166	0	30600	36840	46680	45538	
14167	0	28148	36284	46649	45593	
14168	0	34124	33816	46636	45620	
14169	0	34180	35616	46608	45640	
14170	0	31481	37620	46636	45634	
14171	0	35024	30057	46624	45664	
14172	0	35204	34000	46576	45696	
14173	0	31410	33312	46576	45768	
14174	0	30392	35168	46592	45752	
14175	0	30964	34337	46636	45848	
14176	0	31496	33786	46602	45824	
14177	0	31364	34308	46664	45892	
14178	0	31660	34424	46672	45880	
14179	0	32164	34524	46617	45872	
14180	0	32352	34656	46612	45856	
14181	0	32593	34680	46624	45860	
14182	0	32656	34882	46696	45920	
14183	0	32654	35360	46656	45880	
14184	0	32690	35705	46664	45816	
14185	0	32790	36336	46648	45852	
14186	0	33184	36596	46656	45768	
14187	0	33346	37136	46664	45744	
14188	0	33460	37804	46712	45768	
14189	0	33738	38272	46648	45692	
14190	0	33940	39168	46621	45648	
14191	0	34612	39704	46632	45632	
14192	0	35296	40268	46610	45532	
14193	0	36008	40780	46592	45528	
14194	0	36656	41472	46656	45456	
14195	0	37920	42008	46576	45364	
14196	0	39544	42424	46540	45380	
14197	0	41450	42864	46536	45292	
14198	0	43492	42908	46484	45252	
14199	0	45540	42196	46496	45128	
14200	0	46532	40576	46444	45116	
14201	0	47504	38520	46412	45038	
14202	0	50426	34980	46340	44992	
14203	0	53248	31946	46308	44892	
14204	0	49460	34448	46282	44889	
14205	0	40296	47232	46184	44788	
14206	0	47828	32680	46188	44700	
14207	0	28064	43068	46101	44624	
14208	0	9430	46889	46008	44556	
14209	0	35016	32912	45952	44489	
14210	0	45980	37704	45872	44468	
14211	0	55076	37252	45876	44368	
14212	0	34269	33580	45737	44312	
14213	0	31132	44076	45648	44280	
14214	0	42224	30776	45640	44212	
14215	0	34681	38592	45528	44144	
14216	0	33378	37784	45428	44116	
14217	0	34584	37269	45376	43988	
14218	0	33940	38175	45280	43984	
14219	0	34600	37501	45220	43924	
14220	0	34822	37400	45213	43880	
14221	0	35001	37100	45136	43808	
14222	0	34504	37480	45032	43812	
14223	0	34884	37280	44962	43776	
14224	0	35060	37100	44916	43756	
14225	0	34726	37296	44920	43788	
14226	0	34576	37432	44825	43728	
14227	0	34140	37333	44776	43776	
14228	0	35648	36988	44800	43720	
14229	0	34944	37344	44728	43780	
14230	0	34654	37492	44696	43732	
14231	0	35269	37324	44688	43744	
14232	0	34812	37529	44676	43688	
14233	0	35028	37320	44624	43737	
14234	0	35436	36856	44568	43688	
14235	0	35088	37044	44572	43632	
14236	0	35160	36888	44528	43672	
14237	0	35324	36874	44500	43592	
14238	0	35385	36876	44464	43604	
14239	0	35412	37008	44412	43556	
14240	0	35508	37046	44360	43396	
14241	0	35508	37069	44336	43394	
14242	0	35480	37056	44360	43336	
14243	0	35530	37044	44232	43128	
14244	0	35464	37016	44172	43088	
14245	0	35544	37108	44160	42952	
14246	0	35564	37056	44036	42788	
14247	0	35752	37003	44005	42720	
14248	0	35744	37084	43936	42620	
14249	0	35748	37044	43840	42392	
14250	0	35632	37117	43660	42272	
14251	0	35445	37188	43544	42114	
14252	0	35512	37284	43464	42032	
14253	0	35592	37564	43289	41824	
14254	0	35648	37652	43154	41704	
14255	0	35420	37840	42992	41552	
14256	0	35749	37680	42825	41416	
14257	0	35640	37664	42672	41241	
14258	0	35861	37872	42506	41144	
14259	0	36032	38472	42308	40921	
14260	0	36481	39028	42212	40800	
14261	0	36372	39792	41920	40798	
14262	0	36580	40448	41744	40588	
14263	0	36312	40656	41492	40548	
14264	0	35688	41084	41272	40416	
14265	0	35400	42152	41156	40224	
14266	0	35525	43400	40868	40064	
14267	0	35050	45128	40664	39944	
14268	0	34288	45689	40400	39816	
14269	0	33832	45456	40160	39688	
14270	0	35624	44024	39956	39564	
14271	0	34853	43576	39720	39436	
14272	0	37457	41948	39554	39328	
14273	0	38016	40664	39360	39268	
14274	0	35861	40404	39138	39104	
14275	0	32048	37925	38870	38932	
14276	0	29416	35384	38736	38680	
14277	0	31990	33897	38484	38568	
14278	0	34660	35428	38305	38360	
14279	0	32256	37896	38144	38184	
14280	0	35120	29640	38072	38076	
14281	0	35837	33592	37824	37872	
14282	0	31737	34010	37668	37736	
14283	0	29501	35140	37528	37508	
14284	0	30528	34096	37392	37274	
14285	0	31108	34001	37308	37138	
14286	0	30625	34260	37132	36852	
14287	0	31376	34592	37084	36668	
14288	0	32112	34436	36977	36408	
14289	0	32674	34468	36812	36180	
14290	0	32762	34640	36736	35982	
14291	0	32848	34968	36548	35700	
14292	0	32844	35396	36389	35556	
14293	0	32936	35808	36316	35193	
14294	0	33168	36288	36146	34926	
14295	0	33377	36808	36075	34668	
14296	0	33741	37332	35880	34468	
14297	0	33932	37652	35748	34172	
14298	0	34148	38352	35616	33826	
14299	0	34264	39200	35488	33613	
14300	0	34642	39852	35388	33276	
14301	0	35393	40372	35233	32984	
14302	0	36225	40890	35076	32720	
14303	0	37232	41308	34952	32389	
14304	0	38224	41468	34784	32094	
14305	0	39140	42000	34652	31828	
14306	0	40196	42052	34492	31580	
14307	0	41388	42317	34341	31284	
14308	0	42616	42016	34192	30956	
14309	0	44220	40960	34028	30720	
14310	0	45424	39498	33852	30440	
14311	0	45936	37348	33690	30152	
14312	0	49056	34700	33572	29889	
14313	0	50120	33632	33360	29636	
14314	0	48112	34512	33172	29369	
14315	0	39344	46622	33040	29148	
14316	0	45440	35598	32820	28904	
14317	0	32793	43656	32677	28666	
14318	0	11604	45112	32435	28440	
14319	0	31440	35417	32296	28218	
14320	0	43552	38353	32126	27984	
14321	0	48452	38940	31934	27776	
14322	0	39285	33044	31742	27566	
14323	0	34418	42196	31592	27360	
14324	0	40188	32968	31392	27168	
14325	0	35464	37440	31208	26973	
14326	0	34416	37048	31025	26800	
14327	0	35088	36437	30844	26616	
14328	0	34216	37756	30667	26428	
14329	0	34905	37218	30489	26272	
14330	0	34820	37356	30316	26116	
14331	0	35088	37154	30148	25970	
14332	0	35010	37108	29981	25833	
14333	0	34800	37337	29816	25712	
14334	0	34960	37148	29636	25593	
14335	0	34824	37244	29492	25488	
14336	0	35161	37093	29333	25380	
14337	0	35170	37080	29170	25281	
14338	0	35028	37256	28988	25200	
14339	0	35194	37084	28858	25128	
14340	0	35236	36977	28699	25060	
14341	0	35032	37001	28558	25004	
14342	0	35398	37280	28406	24936	
14343	0	35227	37185	28256	24876	
14344	0	35296	36976	28094	24850	
14345	0	34441	36933	27953	24772	
14346	0	35460	36928	27802	24720	
14347	0	35232	37000	27596	24674	
14348	0	35640	36956	27456	24612	
14349	0	35484	37080	27357	24558	
14350	0	35436	36936	27176	24500	
14351	0	35408	37012	27040	24429	
14352	0	35898	36708	26896	24380	
14353	0	34922	37389	26672	24304	
14354	0	36004	36996	26568	24229	
14355	0	35452	36930	26408	24147	
14356	0	35308	36808	26252	24076	
14357	0	35648	36896	26048	24005	
14358	0	35676	36877	25870	23918	
14359	0	35796	36802	25698	23818	
14360	0	35844	36896	25576	23705	
14361	0	35688	36904	25432	23593	
14362	0	35780	36968	25234	23490	
14363	0	35738	36956	25092	23410	
14364	0	35713	37236	24891	23300	
14365	0	35500	37348	24718	23204	
14366	0	35760	37472	24553	23101	
14367	0	35496	37573	24324	22988	
14368	0	35764	37736	24154	22936	
14369	0	35804	37536	23964	22844	
14370	0	35900	37340	23808	22728	
14371	0	36000	37592	23608	22636	
14372	0	36088	38200	23386	22532	
14373	0	36556	38664	23218	22459	
14374	0	36772	39388	23008	22386	
14375	0	36896	40032	22794	22320	
14376	0	36528	40260	22583	22244	
14377	0	35984	40922	22404	22178	
14378	0	35744	42072	22233	22117	
14379	0	35832	43444	22016	22032	
14380	0	35704	45156	21810	21990	
14381	0	35093	45405	21618	21932	
14382	0	34332	44636	21410	21958	
14383	0	34144	43672	21212	21870	
14384	0	35785	42912	21038	21844	
14385	0	37900	41228	20784	21842	
14386	0	38864	40116	20624	21798	
14387	0	37378	39760	20457	21786	
14388	0	33304	37902	20242	21754	
14389	0	29778	35984	20064	21736	
14390	0	30624	35073	19905	21744	
14391	0	34172	34508	19780	21779	
14392	0	32801	35972	19606	21816	
14393	0	33384	34977	19432	21802	
14394	0	34746	30408	19261	21800	
14395	0	33984	32868	19088	21872	
14396	0	32148	33640	19008	21904	
14397	0	31494	35049	18893	21929	
14398	0	31204	33644	18816	21932	
14399	0	31385	33642	18690	22004	
14400	0	31324	33860	18556	21983	
14401	0	31508	34092	18471	22034	
14402	0	31968	34260	18328	22080	
14403	0	32340	34320	18302	22100	
14404	0	32392	34645	18212	22053	
14405	0	32628	34984	18126	22112	
14406	0	32686	35377	18104	22106	
14407	0	32800	35868	18009	22156	
14408	0	33146	36324	17968	22040	
14409	0	33416	36656	17916	22104	
14410	0	33792	37032	17816	22050	
14411	0	33936	37572	17774	21996	
14412	0	34160	38328	17732	22056	
14413	0	34188	39232	17693	22074	
14414	0	34512	39720	17648	21980	
14415	0	35234	40256	17641	21894	
14416	0	36052	40872	17586	21888	
14417	0	36936	41277	17576	21885	
14418	0	37936	41868	17535	21888	
14419	0	39212	42204	17496	21813	
14420	0	40888	42212	17450	21775	
14421	0	42744	42316	17417	21715	
14422	0	44180	41517	17364	21664	
14423	0	45128	40336	17296	21657	
14424	0	45340	38450	17282	21665	
14425	0	46816	36173	17258	21624	
14426	0	50384	33392	17220	21626	
14427	0	46372	37888	17160	21593	
14428	0	47752	35929	17113	21544	
14429	0	44112	37706	17060	21569	
14430	0	34241	44172	17000	21548	
14431	0	15187	41685	16952	21474	
14432	0	29768	36586	16928	21512	
14433	0	48244	35296	16798	21501	
14434	0	49312	29958	16848	21432	
14435	0	41724	36825	16778	21410	
14436	0	32502	40356	16723	21456	
14437	0	41096	33392	16716	21497	
14438	0	34036	38740	16634	21496	
14439	0	33796	37400	16579	21515	
14440	0	34752	36760	16556	21507	
14441	0	33766	37768	16572	21544	
14442	0	34342	37306	16489	21592	
14443	0	34478	37476	16525	21602	
14444	0	34764	37302	16517	21665	
14445	0	34513	37348	16486	21754	
14446	0	34610	37370	16496	21821	
14447	0	34552	37288	16557	21829	
14448	0	34332	37452	16570	21965	
14449	0	34896	37248	16613	22072	
14450	0	34681	37320	16574	22181	
14451	0	34220	37512	16698	22296	
14452	0	34936	37297	16772	22410	
14453	0	35080	37226	16809	22500	
14454	0	34818	37424	16900	22626	
14455	0	34504	37504	16939	22676	
14456	0	34880	37388	17052	22802	
14457	0	35137	37233	17154	22877	
14458	0	35293	36948	17232	23002	
14459	0	35184	37068	17364	23081	
14460	0	34912	37420	17456	23188	
14461	0	35180	37269	17564	23301	
14462	0	35300	37148	17658	23364	
14463	0	35292	37116	17736	23400	
14464	0	35148	37077	17888	23465	
14465	0	35088	37136	17948	23546	
14466	0	35312	37144	18048	23620	
14467	0	35245	37088	18228	23656	
14468	0	35264	37120	18329	23656	
14469	0	35404	36969	18420	23754	
14470	0	35412	37092	18608	23736	
14471	0	35394	37032	18666	23776	
14472	0	35612	37106	18849	23786	
14473	0	35628	37068	18956	23858	
14474	0	35444	37192	19113	23888	
14475	0	35425	37280	19226	23944	
14476	0	35538	37312	19373	23975	
14477	0	35464	37404	19501	24028	
14478	0	35506	37577	19610	24040	
14479	0	35460	37782	19748	24096	
14480	0	35352	37936	19856	24134	
14481	0	35376	38012	20042	24156	
14482	0	35292	37908	20181	24252	
14483	0	35520	38136	20316	24274	
14484	0	35984	38636	20405	24404	
14485	0	36120	39188	20594	24464	
14486	0	36173	39832	20752	24568	
14487	0	36208	40516	20858	24668	
14488	0	35944	40748	21004	24730	
14489	0	35360	41121	21176	24824	
14490	0	35072	42280	21340	24932	
14491	0	35238	43064	21460	25044	
14492	0	35480	45092	21647	25160	
14493	0	34097	46121	21816	25224	
14494	0	33692	44960	21917	25358	
14495	0	34114	44448	22084	25498	
14496	0	35624	43201	22304	25630	
14497	0	35016	42194	22470	25776	
14498	0	37646	41048	22657	25920	
14499	0	36108	40004	22788	26088	
14500	0	32216	38360	23036	26240	
14501	0	30196	35616	23189	26384	
14502	0	30764	34668	23472	26612	
14503	0	33884	35093	23613	26756	
14504	0	31708	37980	23808	26952	
14505	0	35056	30984	24132	27160	
14506	0	35388	31984	24313	27388	
14507	0	32552	34264	24568	27550	
14508	0	30578	35169	24834	27796	
14509	0	30953	34072	25090	27942	
14510	0	31384	33802	25304	28172	
14511	0	31032	34049	25564	28372	
14512	0	31230	34460	25856	28581	
14513	0	31876	34656	26120	28772	
14514	0	32260	34693	26384	29000	
14515	0	32604	34772	26700	29248	
14516	0	32976	34970	26968	29378	
14517	0	33192	35196	27260	29624	
14518	0	33202	35770	27552	29768	
14519	0	33289	36324	27842	30048	
14520	0	33412	36840	28136	30176	
14521	0	33840	37260	28434	30340	
14522	0	33974	37488	28689	30619	
14523	0	34153	38180	29020	30780	
14524	0	34380	38968	29309	30977	
14525	0	34624	39608	29593	31084	
14526	0	35440	40032	29908	31268	
14527	0	36170	40420	30169	31552	
14528	0	37048	40908	30472	31653	
14529	0	37792	41404	30784	31841	
14530	0	38880	41720	31072	32036	
14531	0	40544	42330	31358	32234	
14532	0	42032	42156	31636	32464	
14533	0	43528	41816	31896	32755	
14534	0	44148	40848	32174	32864	
14535	0	44500	39576	32452	33144	
14536	0	44580	37973	32704	33306	
14537	0	48072	35492	32968	33568	
14538	0	50548	34900	33248	33840	
14539	0	45328	41128	33488	34009	
14540	0	50048	34564	33748	34240	
14541	0	40928	40460	33968	34480	
14542	0	22370	44256	34240	34782	
14543	0	15424	40778	34440	34984	
14544	0	37801	36216	34717	35240	
14545	0	51564	43173	34944	35596	
14546	0	46397	33720	35136	35696	
14547	0	39076	36693	35404	36064	
14548	0	34576	39344	35560	36196	
14549	0	39700	33144	35888	36440	
14550	0	33804	38692	35972	36688	
14551	0	34576	36724	36200	37072	
14552	0	34925	36844	36424	37230	
14553	0	34168	37680	36628	37524	
14554	0	34656	37292	36920	37788	
14555	0	34880	37280	37156	37936	
14556	0	34892	37212	37276	38316	
14557	0	34640	37410	37493	38458	
14558	0	34576	37400	37722	38676	
14559	0	34616	37384	37954	39056	
14560	0	34804	37240	38264	39168	
14561	0	34964	37152	38420	39522	
14562	0	34948	37216	38648	39700	
14563	0	34808	37264	38880	40004	
14564	0	34700	37368	39148	40104	
14565	0	35036	37288	39468	40376	
14566	0	34688	37404	39685	40568	
14567	0	34972	37221	39858	40696	
14568	0	35600	37089	40032	40902	
14569	0	35110	37229	40336	41116	
14570	0	34793	37000	40512	41228	
14571	0	35520	36824	40724	41488	
14572	0	35084	37100	40928	41580	
14573	0	35673	36920	41148	41756	
14574	0	35273	37148	41468	41754	
14575	0	35282	37052	41576	41884	
14576	0	35368	37268	41782	42048	
14577	0	35580	37048	41992	42140	
14578	0	35656	36696	42176	42196	
14579	0	35584	37048	42366	42356	
14580	0	35236	36812	42668	42388	
14581	0	35736	36968	42764	42360	
14582	0	35612	37024	42956	42476	
14583	0	35696	37000	43156	42601	
14584	0	35592	37036	43242	42656	
14585	0	35681	37009	43404	42728	
14586	0	35793	37013	43624	42764	
14587	0	35660	37080	43700	42740	
14588	0	35524	37140	43793	42832	
14589	0	35480	37344	43988	42872	
14590	0	35696	37514	44072	42936	
14591	0	35660	37736	44212	42948	
14592	0	35513	37984	44248	43104	
14593	0	35708	37840	44364	43125	
14594	0	35608	37592	44408	43196	
14595	0	35602	37792	44476	43289	
14596	0	36060	38260	44556	43328	
14597	0	36388	38734	44658	43406	
14598	0	36564	39268	44654	43392	
14599	0	36441	39792	44720	43456	
14600	0	35808	40184	44813	43516	
14601	0	35756	40538	44808	43673	
14602	0	35273	41156	44876	43708	
14603	0	35010	41969	44864	43792	
14604	0	34682	43588	44896	43872	
14605	0	33853	45288	44912	43868	
14606	0	33181	45588	44948	44000	
14607	0	34665	44596	45016	44000	
14608	0	35272	43993	45032	44152	
14609	0	38256	42732	45038	44148	
14610	0	39092	41184	45072	44268	
14611	0	38024	40624	45128	44312	
14612	0	34784	39820	45112	44376	
14613	0	30332	37036	45128	44444	
14614	0	27709	36100	45168	44536	
14615	0	34016	33778	45204	44618	
14616	0	34312	35152	45324	44684	
14617	0	32053	37109	45305	44792	
14618	0	33980	29977	45405	44870	
14619	0	36464	33600	45492	44928	
14620	0	31266	34016	45570	45008	
14621	0	29982	35610	45656	45060	
14622	0	30912	34392	45724	45080	
14623	0	30884	34404	45752	45132	
14624	0	30840	34696	45834	45240	
14625	0	31272	34904	45929	45241	
14626	0	32008	34596	46032	45328	
14627	0	32532	34512	46112	45288	
14628	0	32844	34624	46232	45316	
14629	0	33088	34833	46368	45338	
14630	0	33104	35240	46397	45368	
14631	0	33245	35708	46488	45394	
14632	0	33248	36328	46568	45364	
14633	0	33512	36821	46648	45300	
14634	0	33700	37084	46801	45344	
14635	0	33936	37313	46860	45308	
14636	0	33981	38196	46952	45260	
14637	0	34076	38960	47032	45208	
14638	0	34589	39525	47112	45164	
14639	0	35144	39968	47124	45138	
14640	0	35784	40380	47216	45058	
14641	0	36604	40810	47321	44972	
14642	0	37782	41364	47324	44908	
14643	0	39076	41940	47380	44810	
14644	0	40816	42364	47396	44754	
14645	0	42620	42464	47456	44714	
14646	0	44330	41693	47552	44593	
14647	0	45672	40513	47521	44592	
14648	0	46184	39104	47573	44448	
14649	0	48300	36420	47572	44404	
14650	0	51968	33742	47680	44308	
14651	0	50668	34288	47652	44228	
14652	0	40272	46820	47624	44184	
14653	0	48957	33026	47617	44072	
14654	0	31040	45268	47617	44020	
14655	0	9684	46986	47648	43880	
14656	0	31592	34134	47572	43856	
14657	0	45576	38832	47538	43760	
14658	0	55412	29816	47584	43672	
14659	0	42352	32970	47531	43616	
14660	0	29717	44528	47520	43500	
14661	0	40040	31817	47456	43482	
14662	0	34896	38288	47406	43404	
14663	0	33624	37692	47360	43344	
14664	0	35248	36428	47352	43216	
14665	0	33825	38080	47256	43167	
14666	0	34416	37324	47204	43140	
14667	0	34444	37492	47172	43080	
14668	0	34752	37366	47188	42977	
14669	0	34724	37274	47086	43008	
14670	0	34376	37409	47113	42936	
14671	0	34516	37356	47020	42868	
14672	0	34712	37272	46980	42848	
14673	0	34724	37148	46992	42888	
14674	0	34692	37312	46925	42816	
14675	0	34632	37368	46984	42828	
14676	0	34656	37380	46884	42780	
14677	0	34440	37504	46920	42780	
14678	0	35028	37316	46816	42752	
14679	0	35066	37248	46876	42690	
14680	0	34664	37488	46840	42640	
14681	0	35289	37160	46784	42656	
14682	0	35044	37256	46732	42553	
14683	0	35032	37117	46696	42489	
14684	0	35480	37036	46632	42444	
14685	0	35192	37217	46576	42313	
14686	0	35072	37258	46600	42220	
14687	0	35102	37357	46496	42152	
14688	0	35256	37232	46400	42024	
14689	0	35297	37284	46348	41872	
14690	0	35120	37496	46317	41724	
14691	0	35433	36916	46216	41608	
14692	0	35008	37272	46110	41424	
14693	0	35388	37064	46076	41282	
14694	0	35458	36946	45936	41113	
14695	0	35424	37100	45812	40924	
14696	0	35664	37064	45692	40734	
14697	0	35481	37042	45578	40540	
14698	0	35576	36992	45434	40312	
14699	0	35496	37044	45292	40089	
14700	0	35452	37296	45137	39892	
14701	0	35560	37328	45056	39668	
14702	0	35392	37500	44852	39456	
14703	0	35586	37604	44656	39244	
14704	0	35288	37692	44452	39040	
14705	0	35456	37684	44340	38842	
14706	0	35328	37472	44136	38624	
14707	0	35444	37564	43924	38396	
14708	0	35840	38000	43696	38188	
14709	0	36121	38496	43408	37962	
14710	0	36312	39096	43172	37754	
14711	0	36057	39748	43005	37496	
14712	0	36508	40484	42688	37304	
14713	0	35697	40714	42433	37080	
14714	0	35164	41300	42184	36837	
14715	0	34976	42400	41884	36617	
14716	0	34792	43372	41640	36384	
14717	0	34052	45649	41308	36161	
14718	0	32804	45704	41052	35969	
14719	0	34061	44448	40804	35720	
14720	0	36088	43522	40484	35501	
14721	0	35792	43108	40196	35294	
14722	0	38884	41880	39972	35036	
14723	0	37836	40936	39600	34802	
14724	0	35600	40016	39428	34612	
14725	0	31776	37762	39056	34388	
14726	0	28072	35852	38792	34168	
14727	0	31696	34424	38496	33932	
14728	0	36336	34624	38248	33712	
14729	0	33872	35310	37988	33508	
14730	0	31740	36464	37728	33328	
14731	0	33470	30962	37484	33096	
14732	0	35404	32893	37310	32900	
14733	0	31486	33093	36992	32740	
14734	0	30708	34656	36752	32536	
14735	0	31192	33894	36576	32348	
14736	0	31120	34140	36349	32109	
14737	0	31264	34332	36044	31965	
14738	0	31596	34440	35808	31724	
14739	0	32056	34536	35572	31529	
14740	0	32668	34427	35392	31321	
14741	0	33100	34368	35100	31124	
14742	0	33360	34508	34857	30914	
14743	0	33376	34896	34612	30742	
14744	0	33416	35610	34392	30489	
14745	0	33368	36196	34125	30273	
14746	0	33692	36618	33948	30080	
14747	0	33984	36808	33697	29888	
14748	0	34044	37352	33456	29664	
14749	0	34100	38304	33172	29472	
14750	0	34296	38996	32932	29264	
14751	0	34680	39680	32689	29081	
14752	0	35225	40256	32448	28885	
14753	0	36000	40872	32184	28680	
14754	0	36946	41484	31944	28472	
14755	0	37576	42036	31714	28314	
14756	0	38920	42610	31456	28108	
14757	0	40440	42888	31154	27940	
14758	0	41916	42812	30934	27800	
14759	0	43072	42212	30710	27613	
14760	0	43457	41098	30448	27472	
14761	0	43180	39432	30228	27333	
14762	0	44481	37138	29965	27188	
14763	0	49824	34400	29760	27074	
14764	0	50844	33948	29512	26944	
14765	0	48594	35850	29256	26842	
14766	0	44632	40408	28988	26744	
14767	0	42192	36976	28776	26624	
14768	0	30144	40692	28460	26524	
14769	0	9875	45216	28230	26424	
14770	0	33180	33912	28077	26344	
14771	0	42464	38504	27804	26264	
14772	0	54640	40585	27552	26172	
14773	0	40225	32104	27396	26104	
14774	0	31068	46524	27090	26026	
14775	0	40656	31836	26920	25993	
14776	0	35476	37684	26648	25888	
14777	0	33312	38000	26484	25832	
14778	0	34936	36404	26304	25786	
14779	0	34089	37648	26017	25688	
14780	0	34444	37404	25904	25636	
14781	0	34440	37398	25645	25584	
14782	0	34732	37364	25538	25576	
14783	0	34752	37250	25372	25494	
14784	0	34508	37368	25206	25444	
14785	0	34520	37408	25068	25416	
14786	0	34496	37408	24938	25357	
14787	0	34644	37232	24797	25352	
14788	0	34721	37264	24706	25290	
14789	0	34836	37244	24544	25244	
14790	0	34636	37492	24473	25232	
14791	0	34944	37252	24348	25184	
14792	0	34533	37386	24325	25148	
14793	0	34885	37324	24240	25117	
14794	0	35068	37336	24135	25090	
14795	0	35000	37424	24078	25081	
14796	0	34968	37136	24053	24992	
14797	0	35034	37172	24000	24896	
14798	0	35837	36789	23960	24844	
14799	0	35104	37193	23917	24764	
14800	0	35060	37336	23869	24708	
14801	0	35202	37160	23841	24612	
14802	0	35300	37072	23804	24569	
14803	0	35328	36944	23724	24440	
14804	0	35136	37236	23710	24389	
14805	0	35438	36872	23632	24244	
14806	0	35085	37108	23608	24140	
14807	0	35065	36898	23564	23998	
14808	0	35424	37212	23476	23898	
14809	0	35392	36852	23412	23796	
14810	0	35400	36996	23322	23636	
14811	0	35540	37044	23284	23592	
14812	0	35437	37081	23240	23417	
14813	0	35488	37072	23165	23279	
14814	0	35372	37152	23084	23156	
14815	0	35476	37048	22922	23045	
14816	0	35484	37088	22837	22924	
14817	0	35408	37248	22788	22832	
14818	0	35405	37560	22664	22704	
14819	0	35424	37572	22575	22621	
14820	0	35428	37476	22453	22564	
14821	0	35440	37664	22368	22425	
14822	0	35472	37516	22217	22348	
14823	0	35456	37508	22132	22276	
14824	0	35568	37708	22040	22192	
14825	0	35900	37968	21909	22128	
14826	0	36000	38356	21728	22052	
14827	0	36184	38720	21577	21980	
14828	0	35856	39201	21481	21973	
14829	0	35888	39596	21362	21942	
14830	0	35796	40152	21153	21896	
14831	0	35336	40416	21052	21828	
14832	0	35288	41261	20916	21794	
14833	0	34885	42064	20744	21821	
14834	0	34546	43408	20628	21757	
14835	0	33680	44440	20494	21776	
14836	0	32760	44304	20312	21697	
14837	0	33640	43444	20158	21688	
14838	0	38401	42248	20004	21707	
14839	0	35716	42024	19845	21720	
14840	0	37000	41012	19656	21776	
14841	0	38292	40040	19544	21754	
14842	0	36472	39524	19428	21749	
14843	0	31917	38464	19272	21808	
14844	0	29228	36292	19124	21838	
14845	0	29188	35064	19079	21856	
14846	0	36088	33968	18962	21902	
14847	0	33996	35640	18824	22049	
14848	0	31936	36521	18710	22020	
14849	0	32905	32644	18616	22164	
14850	0	35916	33973	18580	22194	
14851	0	31148	33964	18470	22308	
14852	0	30207	35577	18442	22368	
14853	0	30800	34864	18377	22382	
14854	0	30997	34696	18296	22475	
14855	0	31204	34828	18258	22572	
14856	0	31728	34793	18236	22632	
14857	0	32448	34724	18120	22646	
14858	0	32788	34776	18120	22712	
14859	0	33036	34896	18106	22754	
14860	0	33008	35384	18090	22724	
14861	0	33172	35896	18040	22784	
14862	0	33196	36400	17978	22826	
14863	0	33352	36712	17977	22793	
14864	0	33588	36992	17963	22862	
14865	0	33816	37424	17948	22908	
14866	0	33805	38218	17896	22878	
14867	0	34036	39048	17908	22872	
14868	0	34464	39520	17928	22930	
14869	0	35146	40050	17915	22926	
14870	0	35824	40612	17852	22938	
14871	0	36548	41065	17824	22968	
14872	0	37604	41564	17848	22942	
14873	0	39108	42016	17832	22926	
14874	0	40872	42349	17794	22929	
14875	0	42721	42444	17761	22884	
14876	0	44120	41840	17840	22908	
14877	0	44796	40817	17796	22816	
14878	0	44776	39528	17786	22944	
14879	0	46032	37464	17774	22888	
14880	0	48836	34744	17762	22906	
14881	0	50728	33672	17716	22936	
14882	0	48076	36296	17730	22896	
14883	0	50084	35868	17712	22910	
14884	0	41136	38764	17654	22845	
14885	0	24544	42724	17672	22876	
14886	0	12595	42094	17680	22880	
14887	0	37284	34548	17677	22877	
14888	0	45424	37036	17676	22836	
14889	0	44684	29996	17666	22892	
14890	0	39958	36577	17684	22912	
14891	0	32550	40976	17667	22979	
14892	0	40412	33768	17638	22952	
14893	0	32996	39122	17698	22960	
14894	0	34152	37106	17725	22968	
14895	0	34162	37184	17680	23044	
14896	0	33636	37812	17750	23058	
14897	0	33912	37496	17780	23030	
14898	0	34250	37424	17833	23080	
14899	0	34376	37404	17876	23166	
14900	0	34204	37450	17970	23200	
14901	0	34004	37424	18090	23325	
14902	0	34194	37516	18125	23394	
14903	0	34256	37396	18221	23480	
14904	0	34212	37525	18304	23516	
14905	0	34269	37512	18442	23656	
14906	0	34577	37300	18614	23788	
14907	0	34656	37328	18757	23866	
14908	0	34480	37441	18872	23970	
14909	0	34256	37502	19042	24124	
14910	0	34657	37593	19224	24236	
14911	0	34592	37537	19408	24338	
14912	0	34470	37593	19524	24436	
14913	0	35036	37168	19760	24545	
14914	0	34804	37292	19924	24608	
14915	0	34778	37418	20076	24721	
14916	0	34356	37420	20304	24864	
14917	0	34948	37280	20476	24908	
14918	0	35104	37360	20666	24964	
14919	0	35108	37372	20869	25060	
14920	0	35010	37280	21024	25114	
14921	0	35104	37264	21190	25152	
14922	0	34794	37460	21360	25234	
14923	0	35117	36956	21512	25307	
14924	0	35100	37245	21718	25328	
14925	0	35180	36976	21924	25384	
14926	0	35244	37144	22084	25445	
14927	0	35412	37160	22251	25480	
14928	0	35344	37168	22373	25518	
14929	0	35324	37052	22540	25533	
14930	0	35308	37157	22716	25614	
14931	0	35336	37220	22848	25653	
14932	0	35344	37296	22970	25698	
14933	0	35264	37492	23126	25760	
14934	0	35300	37624	23242	25822	
14935	0	35180	37884	23416	25872	
14936	0	35168	38036	23536	25924	
14937	0	35041	38056	23625	26021	
14938	0	35232	37904	23744	26080	
14939	0	35449	37891	23904	26188	
14940	0	35826	38248	23938	26228	
14941	0	36128	38852	24120	26298	
14942	0	36056	39304	24176	26450	
14943	0	35968	39716	24320	26492	
14944	0	35960	40488	24402	26632	
14945	0	35552	40928	24476	26732	
14946	0	34956	41204	24605	26826	
14947	0	34752	42324	24729	26896	
14948	0	34736	43116	24825	27013	
14949	0	34106	44572	24872	27142	
14950	0	32768	45697	25024	27248	
14951	0	32658	44256	25126	27356	
14952	0	35392	43340	25233	27544	
14953	0	37580	42576	25306	27620	
14954	0	37209	41016	25452	27752	
14955	0	37468	40697	25596	27896	
14956	0	36252	39776	25671	28100	
14957	0	32712	37948	25840	28193	
14958	0	29041	36321	25996	28364	
14959	0	29585	34860	26148	28521	
14960	0	34624	33617	26284	28720	
14961	0	34024	34604	26432	28904	
14962	0	33600	36276	26549	29096	
14963	0	35129	30266	26790	29284	
14964	0	36770	32628	26944	29416	
14965	0	32848	33424	27132	29688	
14966	0	30836	35096	27296	29792	
14967	0	30954	34596	27512	29986	
14968	0	31152	34160	27712	30168	
14969	0	30992	34348	27916	30360	
14970	0	31150	34532	28122	30544	
14971	0	31596	34388	28340	30768	
14972	0	32264	34280	28564	30897	
14973	0	32640	34392	28781	31164	
14974	0	32776	34624	29012	31264	
14975	0	32808	34984	29242	31492	
14976	0	32952	35532	29484	31540	
14977	0	32980	36225	29721	31700	
14978	0	33184	36889	29964	31840	
14979	0	33546	37116	30210	31982	
14980	0	33736	37272	30464	32114	
14981	0	33794	38080	30725	32264	
14982	0	33696	38788	30964	32364	
14983	0	34176	39512	31252	32552	
14984	0	34680	40064	31501	32682	
14985	0	35340	40604	31768	32710	
14986	0	36042	41132	32072	32844	
14987	0	37106	41618	32352	32920	
14988	0	38512	42200	32620	33024	
14989	0	40365	42684	32864	33121	
14990	0	42396	42816	33176	33208	
14991	0	43760	41956	33476	33298	
14992	0	44808	40912	33760	33488	
14993	0	45396	39336	34044	33500	
14994	0	46977	37177	34344	33600	
14995	0	50220	34368	34629	33644	
14996	0	49208	35488	34916	33792	
14997	0	51524	36900	35216	33808	
14998	0	45612	37144	35505	33876	
14999	0	31756	43616	35826	33988	
15000	0	10344	42484	36124	34048	
15001	0	33021	32644	36418	34145	
15002	0	40056	38545	36721	34188	
15003	0	48864	39864	37004	34252	
15004	0	42856	38465	37298	34308	
15005	0	34088	40896	37592	34400	
15006	0	37088	36192	37944	34476	
15007	0	36813	35713	38188	34532	
15008	0	33683	38232	38524	34596	
15009	0	34416	37124	38896	34674	
15010	0	34128	37388	39116	34740	
15011	0	33760	37754	39392	34832	
15012	0	34206	37266	39665	34873	
15013	0	34476	37300	40016	34992	
15014	0	34556	37244	40344	35049	
15015	0	34308	37360	40597	35136	
15016	0	34192	37536	40832	35242	
15017	0	34136	37609	41136	35348	
15018	0	34389	37484	41421	35457	
15019	0	34438	37352	41708	35552	
15020	0	34341	37432	41993	35672	
15021	0	34424	37484	42386	35785	
15022	0	34328	37660	42644	35912	
15023	0	33848	37724	42825	36042	
15024	0	34536	37708	43122	36180	
15025	0	34792	37322	43404	36316	
15026	0	34669	37436	43628	36464	
15027	0	34604	37388	43882	36624	
15028	0	34272	37484	44180	36768	
15029	0	35080	37212	44353	36928	
15030	0	34664	37500	44608	37088	
15031	0	34696	37361	44872	37232	
15032	0	35081	37220	45020	37408	
15033	0	34908	37132	45221	37580	
15034	0	35112	37114	45432	37752	
15035	0	35080	37168	45648	37932	
15036	0	35517	36884	45816	38144	
15037	0	34588	37026	46016	38300	
15038	0	35732	36952	46188	38512	
15039	0	34808	36808	46336	38697	
15040	0	35200	36880	46540	38882	
15041	0	35552	37138	46664	39096	
15042	0	35340	37100	46820	39276	
15043	0	35504	37184	46972	39480	
15044	0	35424	37160	47036	39680	
15045	0	35364	37176	47180	39872	
15046	0	35257	37224	47260	40080	
15047	0	35325	37312	47324	40296	
15048	0	35192	37452	47408	40496	
15049	0	35212	37636	47576	40720	
15050	0	35386	37812	47572	40928	
15051	0	35333	37940	47616	41152	
15052	0	35497	37920	47748	41368	
15053	0	35440	37776	47716	41565	
15054	0	35484	37796	47796	41760	
15055	0	35652	38176	47776	41988	
15056	0	35924	38681	47772	42212	
15057	0	35940	39364	47840	42440	
15058	0	36056	40176	47804	42668	
15059	0	36200	40836	47820	42880	
15060	0	35576	40928	47792	43037	
15061	0	35097	41750	47816	43264	
15062	0	34537	42936	47792	43496	
15063	0	34260	44356	47780	43700	
15064	0	33034	46372	47772	43868	
15065	0	32360	45280	47680	44096	
15066	0	33688	44056	47676	44240	
15067	0	35880	43372	47636	44472	
15068	0	37048	42248	47684	44660	
15069	0	39032	40688	47668	44852	
15070	0	37501	40604	47624	45036	
15071	0	34226	39320	47624	45201	
15072	0	29858	37184	47596	45408	
15073	0	27182	35640	47536	45580	
15074	0	34314	33544	47524	45768	
15075	0	34984	34828	47544	45924	
15076	0	33378	35404	47581	46120	
15077	0	32768	34212	47548	46321	
15078	0	37448	32426	47625	46432	
15079	0	33016	33400	47624	46672	
15080	0	29904	35408	47636	46764	
15081	0	30656	34828	47708	46945	
15082	0	30940	34296	47740	47113	
15083	0	30676	34504	47724	47208	
15084	0	30940	34720	47816	47393	
15085	0	31738	34788	47816	47520	
15086	0	32130	34568	47825	47588	
15087	0	32500	34657	47916	47745	
15088	0	32833	34744	47908	47842	
15089	0	32985	34969	47954	47876	
15090	0	33012	35476	48016	47944	
15091	0	33049	35992	48016	48048	
15092	0	33384	36628	47992	48080	
15093	0	33448	37044	48024	48153	
15094	0	33412	37356	48104	48216	
15095	0	33480	37896	48060	48224	
15096	0	33820	38532	48100	48208	
15097	0	34108	39320	48108	48232	
15098	0	34768	40120	48116	48284	
15099	0	35545	40552	48192	48240	
15100	0	36640	41032	48148	48256	
15101	0	37800	41512	48157	48228	
15102	0	39484	42064	48169	48240	
15103	0	41448	42456	48212	48218	
15104	0	43324	42640	48220	48210	
15105	0	45064	41848	48264	48192	
15106	0	46564	40773	48236	48168	
15107	0	47250	38964	48240	48188	
15108	0	48020	36664	48266	48160	
15109	0	50652	34720	48256	48144	
15110	0	50800	34736	48344	48100	
15111	0	47556	38864	48266	48036	
15112	0	47010	35444	48288	47992	
15113	0	24928	46640	48264	48012	
15114	0	9422	45244	48325	47921	
15115	0	36104	32472	48268	47889	
15116	0	39172	39074	48304	47828	
15117	0	46308	36832	48252	47840	
15118	0	41940	33136	48244	47728	
15119	0	34860	42528	48232	47720	
15120	0	34878	37880	48176	47708	
15121	0	37980	34248	48200	47648	
15122	0	33024	38968	48160	47541	
15123	0	34204	37024	48128	47544	
15124	0	33754	37356	48068	47450	
15125	0	33328	37921	48044	47416	
15126	0	33792	37320	48012	47392	
15127	0	33984	37472	47988	47344	
15128	0	34192	37462	48016	47288	
15129	0	34068	37540	47920	47272	
15130	0	33744	37624	47884	47148	
15131	0	33890	37540	47852	47176	
15132	0	33981	37577	47864	47056	
15133	0	34228	37460	47780	47020	
15134	0	34214	37432	47748	46952	
15135	0	34112	37508	47720	46901	
15136	0	34137	37532	47704	46888	
15137	0	34072	37645	47688	46780	
15138	0	34064	37660	47656	46704	
15139	0	33989	37736	47560	46648	
15140	0	34092	37600	47492	46580	
15141	0	34357	37500	47456	46448	
15142	0	34418	37417	47380	46280	
15143	0	34076	37432	47396	46212	
15144	0	34458	37364	47336	46072	
15145	0	34336	37452	47200	45844	
15146	0	34690	37405	47148	45720	
15147	0	34706	37344	47065	45532	
15148	0	34760	37332	46978	45312	
15149	0	34932	37229	46960	45088	
15150	0	34752	37344	46820	44800	
15151	0	34760	37232	46724	44605	
15152	0	34904	37020	46706	44284	
15153	0	34824	37100	46620	44068	
15154	0	34824	37152	46464	43768	
15155	0	35044	37140	46352	43436	
15156	0	34941	37290	46236	43104	
15157	0	35040	37316	46144	42836	
15158	0	35026	37376	46036	42464	
15159	0	34992	37456	45969	42154	
15160	0	35060	37357	45788	41745	
15161	0	34936	37513	45721	41456	
15162	0	35032	37656	45536	41036	
15163	0	34984	37792	45460	40712	
15164	0	35028	37810	45324	40332	
15165	0	35024	37869	45128	39944	
15166	0	35025	37762	44984	39548	
15167	0	35076	37804	44892	39176	
15168	0	35444	38052	44729	38804	
15169	0	35696	38664	44578	38420	
15170	0	35940	39172	44380	38028	
15171	0	35933	39652	44204	37648	
15172	0	35968	40012	44080	37268	
15173	0	35692	40536	43888	36888	
15174	0	35384	41004	43713	36516	
15175	0	35034	41648	43464	36132	
15176	0	34848	42936	43316	35736	
15177	0	34692	44804	43144	35368	
15178	0	33752	45908	42872	35041	
15179	0	33050	45080	42670	34648	
15180	0	31745	44408	42466	34312	
15181	0	34208	42272	42284	33988	
15182	0	35064	43144	42064	33600	
15183	0	38168	41112	41872	33276	
15184	0	38096	40944	41696	32977	
15185	0	35044	39710	41454	32644	
15186	0	30976	37960	41372	32364	
15187	0	27132	36214	41044	32000	
15188	0	30153	33688	40846	31728	
15189	0	35820	33832	40720	31457	
15190	0	34585	34400	40434	31176	
15191	0	32458	37001	40229	30866	
15192	0	35108	27980	40144	30648	
15193	0	36000	33890	39833	30357	
15194	0	31096	33836	39680	30109	
15195	0	30140	35100	39424	29848	
15196	0	31449	34220	39224	29682	
15197	0	31298	34192	39032	29450	
15198	0	30921	34616	38905	29194	
15199	0	31296	34856	38656	28921	
15200	0	32014	34810	38408	28708	
15201	0	32524	34769	38190	28500	
15202	0	32832	34946	37972	28260	
15203	0	32981	35073	37761	28026	
15204	0	33118	35457	37529	27778	
15205	0	33137	35916	37357	27549	
15206	0	33222	36550	37088	27336	
15207	0	33373	36996	36952	27098	
15208	0	33538	37378	36660	26880	
15209	0	33696	37788	36396	26612	
15210	0	33622	38738	36212	26405	
15211	0	33612	39616	35986	26145	
15212	0	34401	40504	35748	25936	
15213	0	35136	41132	35499	25744	
15214	0	36200	41668	35268	25517	
15215	0	37236	42034	35041	25256	
15216	0	38540	42288	34801	25108	
15217	0	40172	42624	34580	24881	
15218	0	41616	42937	34360	24656	
15219	0	43352	42528	34100	24477	
15220	0	45205	41876	33881	24280	
15221	0	46072	39976	33648	24101	
15222	0	47760	37636	33446	23900	
15223	0	53064	33986	33248	23702	
15224	0	50908	35857	32952	23577	
15225	0	48756	38944	32736	23370	
15226	0	45700	38873	32518	23204	
15227	0	34785	43104	32284	23096	
15228	0	9689	44320	32050	22948	
15229	0	33304	32009	31864	22809	
15230	0	40488	38164	31605	22705	
15231	0	46018	36976	31392	22537	
15232	0	49272	46024	31169	22416	
15233	0	36700	39764	30952	22280	
15234	0	35144	37736	30740	22178	
15235	0	38601	34825	30544	22083	
15236	0	33173	38733	30316	21964	
15237	0	34234	37146	30118	21868	
15238	0	34404	37180	29906	21785	
15239	0	33552	37874	29702	21720	
15240	0	34372	37306	29508	21636	
15241	0	34384	37432	29308	21600	
15242	0	34388	37428	29152	21565	
15243	0	34160	37553	28937	21480	
15244	0	34080	37665	28784	21472	
15245	0	34280	37500	28612	21464	
15246	0	34396	37304	28445	21449	
15247	0	34512	37353	28287	21442	
15248	0	34464	37656	28116	21456	
15249	0	34418	37520	27944	21486	
15250	0	34680	37504	27780	21489	
15251	0	34338	37636	27608	21504	
15252	0	34257	37596	27436	21514	
15253	0	34736	37544	27344	21547	
15254	0	34569	37628	27181	21560	
15255	0	34089	37308	27018	21597	
15256	0	35228	37056	26888	21609	
15257	0	35272	37204	26685	21626	
15258	0	35456	37072	26517	21644	
15259	0	34888	37300	26392	21654	
15260	0	35052	37232	26200	21656	
15261	0	35144	37172	26048	21659	
15262	0	35196	37188	25876	21654	
15263	0	35056	37106	25724	21637	
15264	0	35488	36992	25560	21628	
15265	0	34669	36992	25389	21612	
15266	0	35236	37156	25218	21581	
15267	0	35148	36992	25052	21560	
15268	0	35164	37110	24880	21525	
15269	0	35248	37069	24664	21492	
15270	0	35440	37124	24492	21458	
15271	0	35436	37208	24254	21416	
15272	0	35276	37264	24092	21379	
15273	0	35220	37427	23908	21342	
15274	0	35268	37336	23744	21282	
15275	0	35092	37532	23483	21252	
15276	0	35220	37612	23352	21188	
15277	0	35308	37752	23174	21132	
15278	0	35281	37848	22956	21085	
15279	0	35204	38188	22771	21040	
15280	0	35390	37964	22536	20987	
15281	0	35154	37940	22321	20958	
15282	0	35544	38016	22138	20884	
15283	0	35686	38736	21972	20857	
15284	0	36004	39280	21738	20810	
15285	0	36000	40122	21502	20752	
15286	0	36074	40676	21325	20736	
15287	0	35412	40668	21088	20676	
15288	0	34800	40993	20912	20643	
15289	0	34284	41642	20756	20619	
15290	0	34184	42652	20541	20557	
15291	0	33833	44376	20347	20528	
15292	0	32936	45937	20101	20555	
15293	0	32756	45068	19912	20474	
15294	0	33970	44786	19697	20473	
15295	0	36298	43688	19520	20474	
15296	0	35348	42092	19322	20458	
15297	0	38521	41556	19172	20434	
15298	0	36522	40428	18960	20462	
15299	0	32500	38940	18786	20462	
15300	0	28910	35840	18637	20492	
15301	0	30802	35396	18468	20565	
15302	0	35098	33884	18304	20528	
15303	0	33648	36944	18128	20560	
15304	0	32520	36212	18028	20618	
15305	0	34016	31658	17904	20610	
15306	0	34604	33288	17820	20648	
15307	0	29392	34888	17699	20693	
15308	0	30040	35132	17560	20800	
15309	0	30830	33940	17547	20760	
15310	0	30452	34204	17477	20801	
15311	0	30657	34730	17404	20817	
15312	0	31620	34729	17354	20847	
15313	0	31989	34752	17285	20996	
15314	0	32416	34960	17308	20988	
15315	0	32573	35284	17284	20994	
15316	0	32556	35744	17273	21050	
15317	0	32748	36172	17326	21064	
15318	0	33000	36668	17330	21097	
15319	0	33436	36984	17378	21136	
15320	0	33664	37410	17404	21188	
15321	0	33654	38332	17452	21238	
15322	0	33761	38988	17554	21230	
15323	0	33866	39782	17672	21318	
15324	0	34468	40268	17710	21368	
15325	0	35152	40897	17859	21416	
15326	0	35840	41444	17966	21460	
15327	0	36696	41872	18082	21529	
15328	0	37997	42442	18249	21618	
15329	0	39640	43020	18390	21766	
15330	0	41400	43164	18546	21860	
15331	0	43148	42864	18710	21995	
15332	0	44808	42117	18825	22096	
15333	0	46012	40496	18976	22288	
15334	0	46704	38348	19205	22493	
15335	0	50456	35360	19380	22668	
15336	0	50856	35392	19562	22856	
15337	0	50660	34222	19722	23084	
15338	0	46132	37476	19881	23301	
15339	0	41770	40768	20092	23486	
15340	0	37430	36348	20301	23739	
15341	0	17697	40848	20488	23951	
15342	0	14836	41168	20674	24180	
15343	0	42280	35344	20898	24468	
15344	0	39520	39872	21088	24760	
15345	0	40608	42404	21294	25018	
15346	0	45212	32837	21499	25348	
15347	0	35868	37738	21648	25608	
15348	0	35684	37012	21924	25909	
15349	0	37066	35624	22152	26184	
15350	0	33812	37924	22308	26500	
15351	0	34482	37112	22624	26789	
15352	0	33521	37986	22848	27099	
15353	0	34392	37440	23060	27421	
15354	0	34714	37378	23341	27754	
15355	0	34472	37424	23552	28070	
15356	0	34552	37320	23858	28370	
15357	0	34792	37164	24086	28776	
15358	0	34720	37204	24340	29030	
15359	0	34652	37352	24652	29376	
15360	0	34868	37252	24964	29748	
15361	0	34716	37264	25224	30024	
15362	0	34828	37220	25506	30344	
15363	0	34800	37260	25852	30740	
15364	0	34653	37493	26148	31006	
15365	0	34734	37336	26464	31306	
15366	0	34768	37408	26708	31581	
15367	0	34802	37376	27086	31888	
15368	0	35016	37120	27388	32221	
15369	0	35225	37024	27706	32448	
15370	0	34796	36992	28020	32742	
15371	0	35348	37000	28360	32974	
15372	0	35088	37168	28676	33230	
15373	0	35116	37160	28980	33412	
15374	0	35036	37092	29320	33640	
15375	0	35064	37048	29628	33819	
15376	0	34556	37720	29940	34040	
15377	0	35216	37394	30256	34281	
15378	0	35356	37236	30560	34329	
15379	0	35100	37115	30872	34586	
15380	0	35444	37256	31172	34620	
15381	0	35245	37422	31468	34833	
15382	0	35296	37242	31772	34920	
15383	0	35298	37176	32048	35024	
15384	0	35252	37273	32358	35012	
15385	0	35285	37292	32600	35084	
15386	0	35242	37197	32897	35178	
15387	0	35328	37356	33128	35316	
15388	0	35444	37601	33388	35267	
15389	0	35476	37708	33676	35421	
15390	0	35504	37848	33866	35476	
15391	0	35480	37952	34101	35416	
15392	0	35400	38061	34280	35512	
15393	0	35576	38066	34584	35528	
15394	0	35692	38160	34760	35586	
15395	0	35492	38912	34944	35602	
15396	0	35970	39640	35112	35642	
15397	0	35961	40392	35293	35780	
15398	0	35876	40972	35476	35822	
15399	0	35188	41538	35634	35848	
15400	0	34853	42360	35768	35940	
15401	0	34120	44304	35928	35966	
15402	0	33240	46576	36064	36012	
15403	0	31992	46804	36200	35964	
15404	0	32457	45880	36320	36123	
15405	0	36456	43656	36448	36104	
15406	0	35160	43328	36572	36115	
15407	0	38060	42217	36700	36256	
15408	0	38604	40780	36836	36264	
15409	0	36056	40556	36932	36258	
15410	0	30081	38353	37025	36406	
15411	0	25856	36356	37160	36409	
15412	0	28768	34273	37340	36464	
15413	0	36349	33658	37410	36524	
15414	0	34029	35378	37548	36488	
15415	0	34244	32793	37804	36628	
15416	0	37396	32676	37816	36576	
15417	0	31708	33480	37964	36620	
15418	0	28136	36273	38096	36700	
15419	0	29344	34960	38260	36680	
15420	0	30256	34528	38400	36824	
15421	0	29700	34792	38556	36832	
15422	0	30321	35158	38745	36849	
15423	0	31337	34928	38840	36880	
15424	0	31850	35094	39076	36816	
15425	0	32384	35152	39148	36834	
15426	0	32724	35428	39320	36806	
15427	0	32916	36005	39460	36806	
15428	0	33072	36740	39637	36800	
15429	0	33380	37172	39880	36888	
15430	0	33456	37640	39964	36856	
15431	0	33728	38256	40176	36776	
15432	0	33633	38866	40256	36764	
15433	0	33856	39808	40332	36744	
15434	0	34513	40362	40474	36752	
15435	0	35268	40848	40680	36696	
15436	0	35938	41354	40860	36688	
15437	0	36802	41757	40916	36666	
15438	0	37928	42352	41052	36698	
15439	0	39236	42708	41242	36640	
15440	0	40836	42968	41344	36630	
15441	0	42888	43044	41436	36656	
15442	0	44756	42125	41672	36649	
15443	0	45412	40728	41688	36636	
15444	0	46644	38160	41824	36602	
15445	0	51017	34724	42066	36612	
15446	0	52810	33441	42048	36626	
15447	0	49784	35805	42141	36601	
15448	0	49212	36164	42236	36612	
15449	0	41657	37642	42392	36610	
15450	0	20640	42824	42468	36652	
15451	0	16378	41173	42508	36640	
15452	0	42308	35280	42609	36668	
15453	0	46730	39516	42688	36692	
15454	0	49576	45776	42740	36730	
15455	0	36933	35540	42836	36756	
15456	0	34732	38396	42908	36800	
15457	0	38456	35041	43032	36832	
15458	0	35376	37136	43068	36881	
15459	0	34128	37101	43129	36936	
15460	0	34312	37474	43201	37000	
15461	0	33760	37688	43324	37048	
15462	0	34221	37464	43373	37112	
15463	0	34672	37442	43449	37172	
15464	0	34800	37300	43608	37268	
15465	0	34376	37429	43634	37344	
15466	0	34408	37332	43796	37444	
15467	0	34537	37442	43825	37536	
15468	0	34570	37372	43912	37644	
15469	0	34445	37424	44008	37712	
15470	0	34628	37288	44120	37826	
15471	0	34628	37512	44224	37940	
15472	0	34604	37612	44376	38057	
15473	0	34456	37600	44424	38144	
15474	0	34556	37581	44532	38260	
15475	0	34513	37600	44704	38368	
15476	0	34653	37352	44792	38496	
15477	0	34772	37309	44832	38596	
15478	0	34338	37504	44932	38704	
15479	0	35020	37089	45028	38796	
15480	0	35132	37092	45172	38902	
15481	0	35154	37048	45260	39008	
15482	0	35544	37048	45268	39072	
15483	0	34756	37596	45412	39153	
15484	0	35301	36996	45428	39236	
15485	0	35452	37048	45472	39332	
15486	0	34668	37332	45580	39372	
15487	0	35356	37420	45576	39433	
15488	0	35216	37236	45600	39524	
15489	0	35168	37354	45618	39561	
15490	0	35336	37084	45704	39608	
15491	0	35356	37220	45680	39640	
15492	0	35080	37448	45728	39676	
15493	0	35252	37313	45714	39700	
15494	0	35187	37392	45632	39712	
15495	0	35272	37456	45668	39700	
15496	0	35369	37452	45629	39716	
15497	0	35264	37632	45584	39692	
15498	0	35328	37776	45532	39668	
15499	0	35268	37820	45400	39676	
15500	0	35304	37968	45368	39632	
15501	0	35412	37948	45292	39634	
15502	0	35300	37940	45152	39564	
15503	0	35136	38146	45088	39536	
15504	0	35328	38644	44996	39452	
15505	0	35392	39152	44852	39401	
15506	0	35478	40060	44668	39344	
15507	0	35492	40976	44512	39273	
15508	0	34760	41684	44368	39192	
15509	0	34028	42317	44276	39068	
15510	0	33556	44032	44064	38976	
15511	0	32832	45796	43896	38817	
15512	0	32134	47144	43708	38696	
15513	0	34208	45713	43548	38584	
15514	0	37345	44776	43360	38472	
15515	0	35402	45496	43160	38304	
15516	0	39904	41384	42897	38104	
15517	0	36456	41892	42716	37996	
15518	0	33920	41012	42516	37812	
15519	0	28748	38588	42304	37608	
15520	0	24736	36616	42112	37456	
15521	0	34326	33180	41908	37260	
15522	0	35465	34774	41792	37072	
15523	0	32312	37892	41444	36856	
15524	0	32936	29852	41243	36616	
15525	0	36852	33386	41100	36404	
15526	0	29724	34192	40844	36192	
15527	0	28517	35224	40656	36001	
15528	0	30000	34232	40496	35745	
15529	0	30380	34176	40388	35528	
15530	0	30171	34756	40112	35301	
15531	0	31302	34684	40048	35032	
15532	0	32140	34578	39840	34792	
15533	0	32690	34656	39649	34536	
15534	0	32717	34732	39426	34269	
15535	0	32936	35140	39248	33996	
15536	0	32573	35880	39164	33736	
15537	0	32564	36576	38912	33444	
15538	0	32748	36994	38794	33160	
15539	0	32900	37324	38572	32866	
15540	0	33104	38170	38404	32586	
15541	0	33308	38672	38232	32270	
15542	0	33800	39648	38104	31978	
15543	0	34477	40348	37908	31652	
15544	0	35396	40856	37725	31345	
15545	0	36152	41748	37524	31040	
15546	0	37120	42396	37388	30760	
15547	0	38905	42976	37228	30413	
15548	0	40676	43824	37028	30128	
15549	0	42708	43868	36869	29825	
15550	0	44872	43305	36664	29520	
15551	0	46600	42162	36513	29200	
15552	0	46316	40304	36304	28900	
15553	0	47620	37650	36116	28592	
15554	0	51436	33324	35940	28293	
15555	0	52368	33648	35760	28000	
15556	0	49624	37656	35576	27712	
15557	0	47592	39896	35409	27450	
15558	0	43184	38364	35236	27188	
15559	0	28176	39704	34992	26932	
15560	0	9201	45216	34860	26664	
15561	0	37824	31673	34648	26408	
15562	0	40756	38302	34468	26168	
15563	0	53452	38028	34228	25930	
15564	0	42812	31856	34084	25693	
15565	0	29224	44668	33864	25488	
15566	0	40128	32882	33680	25260	
15567	0	35208	37000	33500	25072	
15568	0	33166	38045	33320	24852	
15569	0	34676	36704	33116	24704	
15570	0	34157	37392	32920	24530	
15571	0	33942	37740	32756	24360	
15572	0	34433	37348	32548	24249	
15573	0	34412	37612	32384	24128	
15574	0	34260	37565	32194	24002	
15575	0	34201	37464	32000	23921	
15576	0	34180	37592	31836	23809	
15577	0	34324	37476	31642	23778	
15578	0	34284	37157	31456	23724	
15579	0	34529	37352	31276	23700	
15580	0	34316	37312	31084	23662	
15581	0	33313	37205	30904	23652	
15582	0	35180	37564	30716	23644	
15583	0	34396	37520	30525	23700	
15584	0	34544	37476	30324	23724	
15585	0	34684	37192	30124	23750	
15586	0	34805	37114	29924	23814	
15587	0	34936	37232	29716	23868	
15588	0	35192	37168	29496	23934	
15589	0	34436	37308	29272	23998	
15590	0	35332	37211	29028	24085	
15591	0	34958	37341	28778	24165	
15592	0	35217	37234	28533	24253	
15593	0	35368	37124	28316	24338	
15594	0	35717	37000	28032	24430	
15595	0	34856	37112	27792	24521	
15596	0	35164	37368	27500	24592	
15597	0	35274	37350	27244	24684	
15598	0	35282	37258	26956	24772	
15599	0	35240	37321	26668	24868	
15600	0	35312	37340	26349	24948	
15601	0	35364	37408	26014	25032	
15602	0	35368	37292	25756	25150	
15603	0	35380	37260	25393	25208	
15604	0	35264	37440	25144	25331	
15605	0	35360	37328	24832	25446	
15606	0	35320	37624	24456	25480	
15607	0	35302	37952	24222	25643	
15608	0	35412	37952	23872	25737	
15609	0	35380	38185	23625	25794	
15610	0	35416	37984	23316	25930	
15611	0	35248	37876	23020	25989	
15612	0	35572	38156	22692	26084	
15613	0	35900	38746	22410	26160	
15614	0	36080	39397	22092	26312	
15615	0	35964	40057	21793	26392	
15616	0	35877	40776	21455	26497	
15617	0	35740	41396	21176	26632	
15618	0	34778	41576	20936	26697	
15619	0	34524	42916	20664	26774	
15620	0	34232	44272	20349	26878	
15621	0	33896	46216	20118	26971	
15622	0	32444	45728	19776	27083	
15623	0	34852	44413	19494	27104	
15624	0	35328	44196	19166	27216	
15625	0	37380	44152	18948	27344	
15626	0	38256	42036	18664	27432	
15627	0	36608	40828	18344	27530	
15628	0	32113	39744	18065	27610	
15629	0	28321	37120	17813	27760	
15630	0	29264	33820	17604	27872	
15631	0	35380	33688	17328	28016	
15632	0	34616	35160	17085	27952	
15633	0	32556	37482	16828	28136	
15634	0	34660	28192	16605	28224	
15635	0	35786	34268	16324	28469	
15636	0	30428	34036	16097	28520	
15637	0	29996	35356	15898	28740	
15638	0	30922	34112	15694	28804	
15639	0	31078	34016	15490	28914	
15640	0	30642	34377	15286	29032	
15641	0	31392	34496	15042	29180	
15642	0	32169	34444	14908	29256	
15643	0	32588	34616	14712	29304	
15644	0	32712	34892	14575	29482	
15645	0	32820	35220	14433	29568	
15646	0	32724	35748	14262	29674	
15647	0	32772	36245	14052	29682	
15648	0	32918	36709	13976	29778	
15649	0	33180	36896	13853	29852	
15650	0	33300	37474	13696	29872	
15651	0	33461	38228	13536	29874	
15652	0	33712	39004	13454	29980	
15653	0	34216	39576	13310	29956	
15654	0	34794	39952	13209	30050	
15655	0	35608	40513	13088	30068	
15656	0	36065	41096	12968	30124	
15657	0	36840	41536	12811	30016	
15658	0	37969	42285	12776	30144	
15659	0	39572	43032	12678	30137	
15660	0	41969	43304	12560	30140	
15661	0	44040	43068	12523	30173	
15662	0	46433	41600	12462	30160	
15663	0	47048	39801	12364	30220	
15664	0	48084	37553	12309	30113	
15665	0	53072	34000	12234	30200	
15666	0	50212	36210	12214	30249	
15667	0	51136	36508	12124	30248	
15668	0	45972	36544	12086	30272	
15669	0	33300	44236	11976	30249	
15670	0	10115	42772	12041	30298	
15671	0	30464	34804	11945	30396	
15672	0	49608	35912	11979	30392	
15673	0	50288	37556	11984	30365	
15674	0	33940	39480	11977	30504	
15675	0	33770	40520	12016	30528	
15676	0	41288	32731	12004	30594	
15677	0	33876	38600	12052	30664	
15678	0	33964	37252	12072	30748	
15679	0	34652	36858	12068	30849	
15680	0	33633	38244	12182	30916	
15681	0	34520	37200	12236	30920	
15682	0	34488	37572	12320	31092	
15683	0	34620	37440	12358	31205	
15684	0	34336	37632	12508	31275	
15685	0	34276	37580	12616	31462	
15686	0	34337	37664	12745	31369	
15687	0	34497	37342	12894	31684	
15688	0	34724	37144	13048	31832	
15689	0	34644	37360	13176	31996	
15690	0	34736	37380	13345	32122	
15691	0	34560	37370	13492	32285	
15692	0	35045	37240	13701	32524	
15693	0	34944	37261	13904	32704	
15694	0	34926	37584	14074	32872	
15695	0	34706	37426	14342	32848	
15696	0	35556	37116	14528	33253	
15697	0	35516	37020	14748	33436	
15698	0	35324	37072	15016	33616	
15699	0	35176	37116	15264	33796	
15700	0	35374	37084	15490	33960	
15701	0	35216	37188	15760	34104	
15702	0	35102	37296	16053	34276	
15703	0	35264	37180	16327	34448	
15704	0	35393	37064	16563	34616	
15705	0	35380	37004	16882	34764	
15706	0	35012	37004	17166	34794	
15707	0	35616	37120	17456	34856	
15708	0	35412	36792	17712	35080	
15709	0	35432	36928	17992	35248	
15710	0	35353	37236	18329	35372	
15711	0	35472	37360	18628	35445	
15712	0	35424	37132	18936	35552	
15713	0	35348	37208	19165	35658	
15714	0	35420	37204	19520	35804	
15715	0	35690	37240	19805	35872	
15716	0	35172	37276	20086	36018	
15717	0	35632	37592	20385	36080	
15718	0	35489	37684	20696	36076	
15719	0	35280	37796	21044	36349	
15720	0	35308	37963	21259	36448	
15721	0	35336	37924	21581	36524	
15722	0	35432	38028	21866	36645	
15723	0	35640	38472	22156	36768	
15724	0	36192	39268	22418	36824	
15725	0	36240	40312	22688	36948	
15726	0	36288	40772	22944	36928	
15727	0	36460	41092	23256	37168	
15728	0	35424	41689	23548	37314	
15729	0	34613	42052	23746	37330	
15730	0	34292	43772	24048	37428	
15731	0	33909	46570	24304	37548	
15732	0	32248	47448	24536	37609	
15733	0	33884	46352	24840	37814	
15734	0	35144	45186	25064	37816	
15735	0	36088	44129	25285	37896	
15736	0	37996	41920	25591	38024	
15737	0	38836	41280	25800	38004	
15738	0	34748	40496	26092	38176	
15739	0	29924	37840	26432	38076	
15740	0	26113	35445	26697	38160	
15741	0	33772	32891	27004	38260	
15742	0	36384	34610	27276	38396	
15743	0	32889	37576	27548	38453	
15744	0	34656	28916	27909	38528	
15745	0	36218	33216	28188	38608	
15746	0	31880	33088	28500	38696	
15747	0	28624	35154	28813	38752	
15748	0	29924	34013	29148	38752	
15749	0	30056	34116	29456	38836	
15750	0	29868	34572	29800	38952	
15751	0	30228	34876	30134	38945	
15752	0	31052	34826	30476	39040	
15753	0	31888	34640	30824	39016	
15754	0	32564	34593	31180	39008	
15755	0	32940	34912	31592	39028	
15756	0	32976	35292	31917	39180	
15757	0	32833	36036	32280	39160	
15758	0	32642	36994	32648	39120	
15759	0	32838	37348	33032	39200	
15760	0	33040	37517	33433	39201	
15761	0	33330	38176	33776	39224	
15762	0	33238	39128	34168	39216	
15763	0	33596	40260	34560	39224	
15764	0	34356	40944	34944	39300	
15765	0	35392	41316	35324	39292	
15766	0	36572	41848	35716	39284	
15767	0	37760	42372	36120	39276	
15768	0	39421	42792	36500	39316	
15769	0	41220	43192	36878	39500	
15770	0	43684	43330	37256	39520	
15771	0	45848	42656	37608	39489	
15772	0	46620	41256	37992	39529	
15773	0	47992	39216	38449	39584	
15774	0	50624	35512	38798	39788	
15775	0	51728	34100	39104	39848	
15776	0	50481	34456	39496	39848	
15777	0	51592	36292	39769	40080	
15778	0	42592	38713	40056	40186	
15779	0	20548	45336	40384	40169	
15780	0	12380	41202	40669	40330	
15781	0	40026	33445	41012	40424	
15782	0	48128	38218	41268	40576	
15783	0	50048	41217	41576	40684	
15784	0	34761	38233	41824	40824	
15785	0	34288	39672	42088	40984	
15786	0	41144	32444	42480	41188	
15787	0	33408	39136	42596	41336	
15788	0	34274	37072	42856	41472	
15789	0	34514	37034	43178	41684	
15790	0	33888	37864	43344	41744	
15791	0	34428	37290	43632	41876	
15792	0	34616	37236	43832	42156	
15793	0	34784	37324	44088	42313	
15794	0	34332	37560	44276	42444	
15795	0	34352	37540	44521	42552	
15796	0	34136	37596	44801	42784	
15797	0	34652	37380	44964	42893	
15798	0	34688	37460	45200	43096	
15799	0	35116	37492	45436	43212	
15800	0	34304	37493	45645	43384	
15801	0	34866	37348	45928	43560	
15802	0	34810	37456	46120	43756	
15803	0	34930	37404	46368	43860	
15804	0	33857	37442	46540	43968	
15805	0	35144	37136	46800	44104	
15806	0	34984	37144	47005	44304	
15807	0	35320	37114	47168	44348	
15808	0	34861	37228	47336	44492	
15809	0	34948	37304	47492	44564	
15810	0	35556	37046	47652	44704	
15811	0	35360	37106	47896	44786	
15812	0	35386	37204	48048	44872	
15813	0	35364	37044	48156	44916	
15814	0	35664	37044	48257	44997	
15815	0	35088	37016	48384	45056	
15816	0	35148	37176	48492	45049	
15817	0	35497	37157	48649	45104	
15818	0	35336	37224	48684	45156	
15819	0	35512	37160	48744	45192	
15820	0	35564	37216	48812	45216	
15821	0	35489	37241	48864	45268	
15822	0	35584	37364	48928	45284	
15823	0	35421	37374	48968	45324	
15824	0	35520	37276	48984	45337	
15825	0	35400	37408	49057	45376	
15826	0	35192	37696	48988	45460	
15827	0	35532	37842	48956	45464	
15828	0	35496	38108	48948	45504	
15829	0	35320	38240	48912	45554	
15830	0	35548	38092	48828	45657	
15831	0	35440	38036	48768	45729	
15832	0	35508	38424	48720	45772	
15833	0	35720	39000	48616	45864	
15834	0	36064	39686	48512	45881	
15835	0	36130	40812	48433	45964	
15836	0	35828	41368	48296	46040	
15837	0	35322	41956	48184	46168	
15838	0	34708	43112	48048	46244	
15839	0	34028	44756	47860	46356	
15840	0	33045	47401	47660	46440	
15841	0	32248	46848	47529	46508	
15842	0	35544	45456	47344	46570	
15843	0	38521	44304	47208	46648	
15844	0	35808	43984	47016	46748	
15845	0	39453	41768	46860	46816	
15846	0	36684	41216	46728	46972	
15847	0	31840	39332	46528	47048	
15848	0	26724	35892	46408	47144	
15849	0	31360	33596	46324	47168	
15850	0	35456	35096	46136	47244	
15851	0	31954	38012	46048	47372	
15852	0	34321	33150	45896	47388	
15853	0	35240	32344	45832	47444	
15854	0	33188	32760	45680	47556	
15855	0	28744	35384	45576	47594	
15856	0	29846	34820	45498	47644	
15857	0	30340	34028	45424	47676	
15858	0	30008	34204	45356	47740	
15859	0	30445	34824	45368	47748	
15860	0	31461	34724	45313	47761	
15861	0	32205	34552	45208	47738	
15862	0	32682	34610	45144	47712	
15863	0	32929	34892	45110	47680	
15864	0	32964	35368	45094	47665	
15865	0	32906	35996	45060	47636	
15866	0	32892	36617	45042	47592	
15867	0	33152	37124	45016	47498	
15868	0	33396	37217	44936	47504	
15869	0	33776	37768	44980	47409	
15870	0	33842	38584	44896	47280	
15871	0	34009	39620	44922	47200	
15872	0	34797	40304	44860	47148	
15873	0	35560	40784	44889	47056	
15874	0	36456	41492	44840	46968	
15875	0	37772	42176	44818	46824	
15876	0	39424	42672	44800	46669	
15877	0	41125	43048	44836	46608	
15878	0	42749	42876	44792	46424	
15879	0	44104	42136	44816	46292	
15880	0	45308	41688	44769	46172	
15881	0	46556	40060	44764	46060	
15882	0	47404	37928	44752	45913	
15883	0	52584	34896	44756	45772	
15884	0	52352	34700	44753	45620	
15885	0	51444	37276	44744	45492	
15886	0	47712	33920	44804	45376	
15887	0	30813	45984	44720	45264	
15888	0	9668	45481	44716	45068	
15889	0	37736	33832	44728	44956	
15890	0	51768	40896	44700	44776	
15891	0	48608	39596	44681	44600	
15892	0	37184	38972	44672	44446	
15893	0	35434	38044	44728	44357	
15894	0	39192	34000	44700	44200	
15895	0	33048	39565	44628	44036	
15896	0	34924	36306	44616	43861	
15897	0	34224	37284	44608	43708	
15898	0	33813	37724	44578	43600	
15899	0	34130	37392	44592	43400	
15900	0	34404	37445	44566	43345	
15901	0	34712	37196	44568	43204	
15902	0	34206	37556	44556	43068	
15903	0	34216	37618	44601	42932	
15904	0	34176	37512	44592	42725	
15905	0	34464	37500	44608	42676	
15906	0	34576	37392	44624	42548	
15907	0	34340	37540	44560	42324	
15908	0	34121	37632	44564	42184	
15909	0	34432	37548	44560	42064	
15910	0	34216	37728	44616	41948	
15911	0	34584	37537	44608	41794	
15912	0	34676	37472	44620	41728	
15913	0	34200	37453	44516	41532	
15914	0	34896	37232	44553	41404	
15915	0	34618	37312	44556	41248	
15916	0	34936	37248	44434	41016	
15917	0	35000	37108	44393	40920	
15918	0	34968	37304	44332	40688	
15919	0	35064	37240	44264	40500	
15920	0	35148	37348	44208	40292	
15921	0	35328	36992	44148	40096	
15922	0	34476	37148	43960	39940	
15923	0	35192	36964	43828	39672	
15924	0	34912	36853	43684	39436	
15925	0	35178	37316	43536	39268	
15926	0	35376	37274	43332	38976	
15927	0	35380	37416	43140	38798	
15928	0	35392	37364	42944	38508	
15929	0	35422	37380	42680	38292	
15930	0	35488	37200	42532	38033	
15931	0	35240	37352	42232	37824	
15932	0	35316	37418	42076	37560	
15933	0	35172	37604	41648	37360	
15934	0	35429	37808	41480	37168	
15935	0	35100	38180	41138	36938	
15936	0	35334	38297	40776	36720	
15937	0	35472	38068	40376	36488	
15938	0	35104	37972	40036	36232	
15939	0	35256	38266	39752	36016	
15940	0	35772	39004	39270	35840	
15941	0	36544	39649	38880	35608	
15942	0	36192	40256	38516	35456	
15943	0	35716	40834	38084	35282	
15944	0	35250	41104	37668	35089	
15945	0	35096	41472	37268	34924	
15946	0	34360	41600	36852	34691	
15947	0	33924	43232	36416	34581	
15948	0	33300	45484	36004	34384	
15949	0	32376	47596	35576	34224	
15950	0	33354	45689	35056	34144	
15951	0	38994	43622	34664	33973	
15952	0	37092	43652	34212	33848	
15953	0	39520	41888	33744	33632	
15954	0	38492	42136	33293	33557	
15955	0	34872	40968	32824	33384	
15956	0	28672	38857	32392	33252	
15957	0	26100	35809	31928	33202	
15958	0	33288	34416	31493	33040	
15959	0	35797	34952	31088	32954	
15960	0	31864	37810	30637	32884	
15961	0	32962	34360	30213	32852	
15962	0	33404	32048	29797	32790	
15963	0	33969	32242	29378	32628	
15964	0	29336	35473	28978	32556	
15965	0	30310	34522	28592	32430	
15966	0	30617	33642	28198	32424	
15967	0	30248	34154	27809	32261	
15968	0	30473	34786	27440	32188	
15969	0	31124	34668	27060	32136	
15970	0	31500	34784	26692	31986	
15971	0	32216	34816	26305	31906	
15972	0	32664	34968	25978	31780	
15973	0	32928	35412	25632	31676	
15974	0	32905	35934	25312	31568	
15975	0	32908	36706	24962	31440	
15976	0	32984	37204	24682	31312	
15977	0	33252	37173	24378	31190	
15978	0	33402	37852	24056	31040	
15979	0	33392	39088	23785	30840	
15980	0	33520	40192	23522	30689	
15981	0	34228	40864	23286	30532	
15982	0	35284	40801	23000	30381	
15983	0	36160	41404	22780	30164	
15984	0	37256	42168	22540	29993	
15985	0	38600	42628	22282	29840	
15986	0	40196	43220	22080	29700	
15987	0	42576	43397	21844	29441	
15988	0	44544	42856	21668	29272	
15989	0	46036	42008	21488	29040	
15990	0	47792	40056	21213	28858	
15991	0	52682	35996	21056	28672	
15992	0	53728	32512	20892	28412	
15993	0	46352	43464	20657	28234	
15994	0	52728	36788	20520	27994	
15995	0	41232	46496	20329	27824	
15996	0	15796	45257	20165	27580	
15997	0	19840	37356	20015	27416	
15998	0	43732	38016	19898	27206	
15999	0	55168	35684	19747	26980	
16000	0	40632	37808	19628	26773	
16001	0	33904	41136	19458	26593	
16002	0	41820	33488	19368	26412	
16003	0	36016	37656	19232	26224	
16004	0	34236	37676	19134	26016	
16005	0	34627	37208	19025	25829	
16006	0	33303	38212	18976	25634	
16007	0	33776	37516	18850	25440	
16008	0	34328	37685	18752	25240	
16009	0	34413	37272	18704	25120	
16010	0	34069	37624	18608	24942	
16011	0	34116	37716	18597	24816	
16012	0	34276	37408	18517	24646	
16013	0	34244	37476	18452	24486	
16014	0	33976	37932	18468	24309	
16015	0	35304	37392	18432	24244	
16016	0	33916	37636	18400	24160	
16017	0	33760	37720	18342	23988	
16018	0	34640	37442	18352	23837	
16019	0	34212	37556	18358	23810	
16020	0	34572	37272	18328	23600	
16021	0	34648	37248	18364	23505	
16022	0	34813	37245	18376	23480	
16023	0	34708	37104	18384	23321	
16024	0	35056	37032	18354	23265	
16025	0	34920	37209	18402	23109	
16026	0	34956	37190	18396	23080	
16027	0	35041	37273	18371	22988	
16028	0	35036	37308	18403	22894	
16029	0	35016	37284	18357	22780	
16030	0	34908	37504	18377	22728	
16031	0	34816	37636	18341	22618	
16032	0	35064	37449	18358	22521	
16033	0	34988	37592	18306	22481	
16034	0	35204	37548	18242	22336	
16035	0	35134	37492	18269	22195	
16036	0	35212	37570	18168	22188	
16037	0	35140	37620	18108	22100	
16038	0	35304	37586	18068	22005	
16039	0	35164	37608	18024	21865	
16040	0	35108	37604	17893	21785	
16041	0	35132	37784	17848	21700	
16042	0	35140	38084	17769	21700	
16043	0	35236	38084	17650	21637	
16044	0	35016	38242	17546	21564	
16045	0	35202	38020	17406	21464	
16046	0	34896	38024	17346	21469	
16047	0	35120	38336	17204	21428	
16048	0	35248	39212	17076	21396	
16049	0	35765	40164	16994	21404	
16050	0	35380	40860	16868	21324	
16051	0	35097	41808	16713	21297	
16052	0	34292	42091	16557	21258	
16053	0	32978	43388	16426	21282	
16054	0	31902	45298	16331	21248	
16055	0	32640	47441	16165	21225	
16056	0	32340	46960	16036	21286	
16057	0	37170	45244	15864	21301	
16058	0	37834	44688	15738	21302	
16059	0	39392	43560	15669	21307	
16060	0	37242	42605	15509	21354	
16061	0	33570	41308	15378	21341	
16062	0	28029	38904	15217	21384	
16063	0	24996	37160	15117	21346	
16064	0	33826	34160	15005	21450	
16065	0	36656	35114	14938	21409	
16066	0	34296	36484	14834	21464	
16067	0	32513	34829	14804	21564	
16068	0	34168	31690	14662	21610	
16069	0	34368	32296	14685	21568	
16070	0	28766	34762	14596	21696	
16071	0	29492	34624	14522	21764	
16072	0	30126	33552	14556	21717	
16073	0	30100	34004	14544	21764	
16074	0	30405	34364	14489	21860	
16075	0	31244	34609	14548	21896	
16076	0	31988	34653	14528	21902	
16077	0	32390	34872	14608	21893	
16078	0	32602	35152	14607	21962	
16079	0	32736	35640	14685	22004	
16080	0	32944	36148	14748	21928	
16081	0	32994	36756	14808	21961	
16082	0	33297	36965	14848	21944	
16083	0	33516	37436	14975	21859	
16084	0	33808	38224	15028	21904	
16085	0	33572	39041	15129	21898	
16086	0	33856	39996	15233	21882	
16087	0	34576	40416	15290	21845	
16088	0	35400	40812	15384	21788	
16089	0	36424	41650	15520	21730	
16090	0	37624	42116	15637	21696	
16091	0	38844	42866	15789	21637	
16092	0	40808	43552	15882	21584	
16093	0	42900	43656	15966	21532	
16094	0	44368	43416	16120	21502	
16095	0	45440	42333	16263	21421	
16096	0	46056	40388	16376	21364	
16097	0	48066	37552	16476	21355	
16098	0	53468	34840	16617	21300	
16099	0	52032	34404	16688	21288	
16100	0	49132	37024	16868	21263	
16101	0	50512	36565	16976	21213	
16102	0	39248	36912	17059	21196	
16103	0	13347	45648	17245	21186	
16104	0	20361	39316	17368	21192	
16105	0	42453	36456	17504	21131	
16106	0	47156	38784	17656	21178	
16107	0	47888	33688	17798	21158	
16108	0	36211	37664	17913	21158	
16109	0	35745	39012	18066	21189	
16110	0	40160	33212	18220	21226	
16111	0	34300	38336	18354	21248	
16112	0	34713	36352	18566	21300	
16113	0	33582	38064	18744	21334	
16114	0	34304	37692	18949	21337	
16115	0	34612	37456	19072	21421	
16116	0	35114	37148	19328	21445	
16117	0	34816	37304	19530	21571	
16118	0	34548	37612	19708	21636	
16119	0	34868	37228	19974	21718	
16120	0	35202	36952	20193	21878	
16121	0	35048	37236	20445	21937	
16122	0	35032	37136	20692	22058	
16123	0	35137	37048	20946	22204	
16124	0	34824	36948	21224	22309	
16125	0	35249	37064	21452	22430	
16126	0	34806	37444	21788	22622	
16127	0	34964	37456	21988	22749	
16128	0	34802	37504	22318	22948	
16129	0	35084	37248	22626	23104	
16130	0	35108	37056	22932	23226	
16131	0	35194	36868	23241	23380	
16132	0	35224	36961	23580	23520	
16133	0	35416	36908	23880	23696	
16134	0	35204	37220	24230	23876	
16135	0	35324	37068	24518	23984	
16136	0	35376	37112	24880	24138	
16137	0	35489	37036	25210	24267	
16138	0	34872	37092	25488	24456	
16139	0	34960	37216	25868	24557	
16140	0	34872	37104	26199	24680	
16141	0	35418	37141	26544	24843	
16142	0	35400	37052	26814	24954	
16143	0	35528	37336	27206	25064	
16144	0	35472	37314	27492	25192	
16145	0	35632	37292	27808	25312	
16146	0	35476	37387	28144	25424	
16147	0	35368	37384	28474	25548	
16148	0	35492	37404	28776	25696	
16149	0	35364	37462	29104	25794	
16150	0	35465	37748	29365	25929	
16151	0	35296	37912	29668	26049	
16152	0	35552	37912	29984	26193	
16153	0	35544	37932	30265	26333	
16154	0	35552	38009	30552	26458	
16155	0	35520	37772	30836	26609	
16156	0	35560	38242	31104	26752	
16157	0	35908	38682	31392	26904	
16158	0	36104	39412	31648	27034	
16159	0	35712	40481	31921	27188	
16160	0	35828	41085	32140	27346	
16161	0	35356	41377	32440	27502	
16162	0	34780	42232	32704	27664	
16163	0	33512	43276	32940	27824	
16164	0	32052	45892	33152	27976	
16165	0	31501	47236	33424	28126	
16166	0	33016	45704	33682	28278	
16167	0	34660	44720	33864	28434	
16168	0	37932	44420	34160	28576	
16169	0	40936	42272	34376	28736	
16170	0	38020	41685	34596	28884	
16171	0	34192	40900	34829	29037	
16172	0	26756	38986	35056	29174	
16173	0	24894	36386	35337	29338	
16174	0	34032	32969	35600	29465	
16175	0	38216	34004	35876	29620	
16176	0	32936	36428	36117	29764	
16177	0	32728	37072	36288	29881	
16178	0	33660	29177	36602	30049	
16179	0	34754	32736	36856	30168	
16180	0	30510	34325	37116	30306	
16181	0	30457	34580	37392	30420	
16182	0	30252	34024	37704	30562	
16183	0	30878	33945	38072	30664	
16184	0	30625	34570	38393	30824	
16185	0	30844	34928	38656	30940	
16186	0	31453	34904	39012	31068	
16187	0	32064	34992	39228	31162	
16188	0	32232	35194	39540	31224	
16189	0	32617	35524	39856	31376	
16190	0	32776	36025	40328	31456	
16191	0	32876	36616	40464	31500	
16192	0	33252	37008	40848	31620	
16193	0	33548	37300	41112	31693	
16194	0	33644	37928	41440	31808	
16195	0	33872	38584	41744	31848	
16196	0	33841	39520	42076	31912	
16197	0	34372	40176	42385	32010	
16198	0	35004	40724	42733	32046	
16199	0	35840	41322	43044	32182	
16200	0	36664	41976	43364	32200	
16201	0	37752	42536	43660	32273	
16202	0	39352	43272	44044	32352	
16203	0	41264	43520	44300	32409	
16204	0	43132	43292	44664	32552	
16205	0	44956	42577	44944	32572	
16206	0	46300	41432	45192	32672	
16207	0	47288	38820	45496	32748	
16208	0	52376	34720	45868	32741	
16209	0	52880	33818	46080	32876	
16210	0	51088	35592	46358	32934	
16211	0	41316	45664	46652	32948	
16212	0	44384	33794	46940	33056	
16213	0	20617	45284	47156	33188	
16214	0	9948	44640	47498	33300	
16215	0	42768	32240	47716	33386	
16216	0	47858	42764	48004	33457	
16217	0	50624	32568	48184	33564	
16218	0	37152	33550	48456	33625	
16219	0	34990	39880	48672	33648	
16220	0	41696	31736	48888	33856	
16221	0	34525	38408	49074	33878	
16222	0	34610	36652	49312	34010	
16223	0	35144	36584	49520	33995	
16224	0	34216	38176	49692	34172	
16225	0	34968	37262	49940	34284	
16226	0	35050	37248	50108	34389	
16227	0	35188	36896	50320	34536	
16228	0	34904	37272	50432	34652	
16229	0	34941	37268	50660	34747	
16230	0	34929	37268	50768	34860	
16231	0	35216	37116	50936	34960	
16232	0	34992	37084	51140	34992	
16233	0	35576	37056	51245	35144	
16234	0	35440	36845	51416	35344	
16235	0	34960	37257	51524	35468	
16236	0	35232	37316	51680	35636	
16237	0	34820	37396	51888	35768	
16238	0	34968	37332	51944	35932	
16239	0	35025	37320	52034	36024	
16240	0	35354	36830	52208	36096	
16241	0	36018	36642	52276	36316	
16242	0	35536	36812	52336	36420	
16243	0	35624	37052	52412	36492	
16244	0	35444	36944	52512	36620	
16245	0	35309	37162	52568	36766	
16246	0	35284	37253	52620	36856	
16247	0	36016	36828	52708	36948	
16248	0	35360	36900	52768	37056	
16249	0	35892	37032	52746	37112	
16250	0	35578	36666	52764	37213	
16251	0	35688	36996	52774	37202	
16252	0	35688	37000	52784	37412	
16253	0	35796	37048	52776	37476	
16254	0	35900	37052	52768	37592	
16255	0	35820	36972	52721	37634	
16256	0	35552	37100	52680	37641	
16257	0	35592	37217	52632	37804	
16258	0	35693	37160	52600	37832	
16259	0	35776	37268	52532	37912	
16260	0	35824	37664	52409	38048	
16261	0	35896	37744	52368	38028	
16262	0	35822	37772	52188	38172	
16263	0	35864	37768	52080	38264	
16264	0	35849	37565	52024	38336	
16265	0	35888	37728	51824	38488	
16266	0	36016	38337	51668	38588	
16267	0	36410	39048	51512	38688	
16268	0	36505	39833	51392	38817	
16269	0	36708	40566	51133	38984	
16270	0	36080	40788	51032	39128	
16271	0	35740	41352	50824	39168	
16272	0	35040	42580	50628	39420	
16273	0	34241	44204	50368	39536	
16274	0	32822	46864	50192	39720	
16275	0	32588	46976	49928	39784	
16276	0	35144	45148	49706	39988	
16277	0	39132	43776	49568	40157	
16278	0	37848	43042	49320	40336	
16279	0	40252	40760	49076	40465	
16280	0	37180	40993	48860	40640	
16281	0	32648	39946	48668	40828	
16282	0	26324	37920	48436	41004	
16283	0	26616	35160	48252	41178	
16284	0	36802	33104	48080	41368	
16285	0	34897	34760	47928	41536	
16286	0	33136	36664	47680	41705	
16287	0	35360	28968	47520	41874	
16288	0	35257	32872	47401	42062	
16289	0	32160	33376	47192	42264	
16290	0	28976	35808	47112	42408	
16291	0	30090	34768	46924	42582	
16292	0	30308	34808	46824	42784	
16293	0	29753	34876	46664	42868	
16294	0	30736	34800	46556	43040	
16295	0	31680	34936	46348	43166	
16296	0	32076	35089	46224	43324	
16297	0	32460	35176	46112	43500	
16298	0	32824	35388	45993	43557	
16299	0	32884	35892	45898	43676	
16300	0	32764	36600	45756	43768	
16301	0	32960	37072	45648	43948	
16302	0	33044	37412	45608	44000	
16303	0	32964	38072	45416	44080	
16304	0	33061	38798	45384	44148	
16305	0	33310	39818	45216	44236	
16306	0	34090	40496	45164	44244	
16307	0	34792	40692	45076	44376	
16308	0	35532	41264	44920	44416	
16309	0	36288	41684	44856	44456	
16310	0	37296	41985	44704	44488	
16311	0	38720	42872	44664	44508	
16312	0	40380	43186	44512	44496	
16313	0	42768	43392	44444	44564	
16314	0	45200	42628	44412	44588	
16315	0	46968	41108	44256	44545	
16316	0	48364	38780	44205	44584	
16317	0	52764	34232	44104	44596	
16318	0	52745	33108	44114	44546	
16319	0	50872	36900	43980	44592	
16320	0	50408	33812	43912	44588	
16321	0	41376	45370	43816	44516	
16322	0	16460	47120	43784	44468	
16323	0	22429	38048	43708	44464	
16324	0	43788	38512	43740	44426	
16325	0	55104	31624	43632	44360	
16326	0	36340	32256	43600	44338	
16327	0	35476	42744	43514	44320	
16328	0	41624	32805	43522	44268	
16329	0	36068	37889	43500	44160	
16330	0	34192	36952	43506	44104	
16331	0	34944	36936	43540	44000	
16332	0	33468	38548	43464	43944	
16333	0	34396	37454	43536	43885	
16334	0	34472	37480	43464	43744	
16335	0	35276	36912	43480	43676	
16336	0	34504	37532	43505	43584	
16337	0	34724	37484	43548	43596	
16338	0	34708	37354	43568	43456	
16339	0	34616	37404	43680	43316	
16340	0	34953	37072	43656	43248	
16341	0	34968	37248	43701	43152	
16342	0	34730	37448	43772	43152	
16343	0	34320	37481	43809	42946	
16344	0	34861	37320	43885	42868	
16345	0	35184	37312	43916	42804	
16346	0	34680	37592	44016	42656	
16347	0	35160	37044	43988	42644	
16348	0	35092	37124	44088	42425	
16349	0	35202	36984	44124	42308	
16350	0	35148	36984	44092	42284	
16351	0	35156	37152	44160	42065	
16352	0	35184	37136	44156	41921	
16353	0	35312	37188	44140	41888	
16354	0	35297	37232	44109	41716	
16355	0	35392	37152	44152	41544	
16356	0	35704	36960	44048	41316	
16357	0	35216	37088	43988	41188	
16358	0	35704	37348	43968	40997	
16359	0	35636	36936	43868	40856	
16360	0	35352	37256	43780	40652	
16361	0	35608	37188	43768	40464	
16362	0	35776	37152	43612	40240	
16363	0	35620	37324	43429	40065	
16364	0	35588	37320	43280	39856	
16365	0	35638	37290	43196	39648	
16366	0	35465	37412	42956	39352	
16367	0	35300	37388	42874	39140	
16368	0	35616	37600	42545	38960	
16369	0	35560	37700	42332	38760	
16370	0	35656	37756	42102	38528	
16371	0	35536	37944	41884	38368	
16372	0	35600	37768	41608	38160	
16373	0	35488	37616	41344	37992	
16374	0	35548	37840	41108	37740	
16375	0	36140	38568	40784	37504	
16376	0	36334	39168	40562	37384	
16377	0	36137	39805	40233	37172	
16378	0	36196	40352	39904	36944	
16379	0	35842	41088	39616	36706	
16380	0	35260	41736	39284	36529	
16381	0	34234	42928	38992	36372	
16382	0	33068	44916	38680	36104	
16383	0	33036	46674	38360	35874	
16384	0	34514	44860	38024	35698	
16385	0	36916	44128	37696	35464	
16386	0	37472	43946	37333	35264	
16387	0	40440	42628	37028	35016	
16388	0	37626	41753	36696	34876	
16389	0	35216	40900	36320	34588	
16390	0	30392	39168	36020	34385	
16391	0	26130	36892	35637	34240	
16392	0	29749	33965	35322	33937	
16393	0	36936	34140	34993	33718	
16394	0	35369	34436	34725	33576	
16395	0	33328	37704	34345	33353	
16396	0	34644	28044	34132	33172	
16397	0	37056	32142	33724	32910	
16398	0	31096	34181	33428	32760	
16399	0	30016	34553	33160	32508	
16400	0	31092	34120	32817	32272	
16401	0	30480	33840	32504	32084	
16402	0	30537	34752	32205	31856	
16403	0	30786	34780	31920	31656	
16404	0	31792	34560	31616	31457	
16405	0	32157	34692	31344	31225	
16406	0	32352	34908	31073	31012	
16407	0	32610	35066	30752	30804	
16408	0	32520	35688	30462	30620	
16409	0	32672	36362	30185	30364	
16410	0	32896	36778	29889	30196	
16411	0	33244	37096	29584	29925	
16412	0	33278	38164	29273	29697	
16413	0	33613	38778	29028	29486	
16414	0	33692	39744	28668	29252	
16415	0	34032	40556	28442	29020	
16416	0	34756	40993	28125	28786	
16417	0	35466	41584	27842	28558	
16418	0	36116	42156	27509	28332	
16419	0	37052	42560	27268	28121	
16420	0	38336	42908	27004	27872	
16421	0	39784	43133	26713	27668	
16422	0	41188	43248	26402	27428	
16423	0	42464	45380	26106	27200	
16424	0	46651	39844	25852	26984	
16425	0	43992	40076	25565	26853	
16426	0	49308	36836	25343	26592	
16427	0	53625	30836	25090	26389	
16428	0	53320	37224	24748	26186	
16429	0	50132	37964	24504	25998	
16430	0	48444	37072	24228	25828	
16431	0	38208	43637	23976	25644	
16432	0	18772	42012	23680	25496	
16433	0	27112	37592	23490	25280	
16434	0	49290	33456	23200	25109	
16435	0	52196	37604	22962	24944	
16436	0	38173	37092	22756	24786	
16437	0	34316	39944	22540	24676	
16438	0	40418	33188	22373	24481	
16439	0	34098	38568	22104	24332	
16440	0	34093	37130	21922	24169	
16441	0	34298	37060	21746	24068	
16442	0	34680	37452	21568	23924	
16443	0	34273	37448	21354	23784	
16444	0	34572	37438	21184	23636	
16445	0	34785	37209	21018	23536	
16446	0	34416	37604	20880	23386	
16447	0	34416	37536	20704	23280	
16448	0	34368	37532	20633	23130	
16449	0	34512	37276	20495	23088	
16450	0	34570	37364	20298	23005	
16451	0	34549	37516	20256	22860	
16452	0	34229	37777	20144	22770	
16453	0	34456	37560	20003	22692	
16454	0	34690	37328	19978	22606	
16455	0	34644	37573	19896	22562	
16456	0	34628	37532	19821	22500	
16457	0	35224	37264	19770	22404	
16458	0	35216	37184	19650	22376	
16459	0	35464	36960	19664	22364	
16460	0	35016	37276	19640	22292	
16461	0	35110	37386	19592	22211	
16462	0	35138	37201	19570	22151	
16463	0	35160	37201	19566	22128	
16464	0	35228	37160	19549	22036	
16465	0	35376	37152	19497	21962	
16466	0	35424	37068	19498	21888	
16467	0	35024	37366	19493	21795	
16468	0	35612	37258	19504	21704	
16469	0	35488	37084	19482	21654	
16470	0	35596	37216	19424	21570	
16471	0	35416	37201	19496	21436	
16472	0	35604	37089	19444	21353	
16473	0	35664	37156	19474	21288	
16474	0	35349	37312	19469	21161	
16475	0	35420	37357	19414	21022	
16476	0	35580	37220	19400	20920	
16477	0	35484	37536	19410	20792	
16478	0	35437	37577	19428	20701	
16479	0	35512	37728	19371	20616	
16480	0	35368	37973	19390	20465	
16481	0	35392	37984	19349	20366	
16482	0	35544	37908	19308	20261	
16483	0	35276	37604	19273	20172	
16484	0	35344	37924	19232	20048	
16485	0	35720	38545	19150	19980	
16486	0	36276	39398	19072	19834	
16487	0	36220	40233	18984	19772	
16488	0	36128	40926	18948	19673	
16489	0	35584	41640	18876	19636	
16490	0	35048	42306	18794	19541	
16491	0	34032	43256	18692	19444	
16492	0	33136	44904	18576	19428	
16493	0	32328	47392	18388	19382	
16494	0	32548	45866	18296	19289	
16495	0	36612	44528	18158	19270	
16496	0	37452	44168	17985	19244	
16497	0	40156	43008	17868	19220	
16498	0	37537	42500	17714	19217	
16499	0	34900	41416	17570	19208	
16500	0	29692	39042	17426	19202	
16501	0	25708	36548	17250	19200	
16502	0	32804	33337	17076	19244	
16503	0	37336	34456	16944	19272	
16504	0	32140	38024	16746	19305	
16505	0	34572	34596	16654	19308	
16506	0	35028	31456	16484	19380	
16507	0	34549	32353	16302	19428	
16508	0	29100	34816	16211	19453	
16509	0	30196	33824	16073	19568	
16510	0	30832	33188	15928	19586	
16511	0	30632	33924	15770	19640	
16512	0	30616	34192	15665	19650	
16513	0	31660	34320	15586	19773	
16514	0	32089	34332	15458	19768	
16515	0	32568	34536	15368	19830	
16516	0	32812	34888	15294	19922	
16517	0	32841	35452	15187	19972	
16518	0	32892	35936	15192	20024	
16519	0	33000	36480	15132	20080	
16520	0	33322	36564	15115	20094	
16521	0	33568	36882	15056	20132	
16522	0	33848	37932	15016	20181	
16523	0	33736	38809	14983	20216	
16524	0	34088	39584	14960	20160	
16525	0	34398	39866	14945	20260	
16526	0	35024	40688	14888	20305	
16527	0	35816	41464	14920	20253	
16528	0	36700	42122	14926	20256	
16529	0	37880	42540	14974	20221	
16530	0	39172	42760	14920	20260	
16531	0	40768	43192	14916	20234	
16532	0	42708	43252	14972	20296	
16533	0	42932	47440	14930	20344	
16534	0	48752	38812	14913	20316	
16535	0	45852	35501	14994	20324	
16536	0	49664	38464	14935	20340	
16537	0	53196	32292	15007	20352	
16538	0	47324	41696	15010	20384	
16539	0	50208	37440	14992	20374	
16540	0	43916	43032	14989	20457	
16541	0	25176	43488	14994	20444	
16542	0	11880	40348	15002	20498	
16543	0	33212	35136	15011	20498	
16544	0	52368	41850	15037	20513	
16545	0	46008	29376	15037	20548	
16546	0	37276	41344	15041	20612	
16547	0	36660	37152	15017	20741	
16548	0	39984	33793	15024	20797	
16549	0	34000	38640	15044	20876	
16550	0	34524	36805	15083	20976	
16551	0	34512	37176	15085	21090	
16552	0	34240	37592	15100	21148	
16553	0	34584	37178	15112	21204	
16554	0	34700	37344	15152	21445	
16555	0	35104	36988	15112	21577	
16556	0	34856	37304	15180	21712	
16557	0	34516	37460	15274	21880	
16558	0	34428	37544	15332	22061	
16559	0	34664	37329	15318	22260	
16560	0	34856	37209	15393	22420	
16561	0	34842	37304	15468	22689	
16562	0	34928	37272	15626	22920	
16563	0	34784	37360	15672	23114	
16564	0	34768	37428	15839	23368	
16565	0	34761	37594	15969	23610	
16566	0	34944	37384	16040	23824	
16567	0	34636	37480	16256	24029	
16568	0	35037	37321	16398	24301	
16569	0	35096	37176	16576	24548	
16570	0	34904	37440	16771	24745	
16571	0	35208	37204	16960	25016	
16572	0	35936	36936	17210	25217	
16573	0	34972	37564	17412	25500	
16574	0	35356	37280	17612	25718	
16575	0	35245	37193	17885	25888	
16576	0	35232	37136	18140	26201	
16577	0	35660	36997	18395	26418	
16578	0	35232	36496	18636	26640	
16579	0	35236	37236	18932	26787	
16580	0	35296	36812	19212	26973	
16581	0	35820	36936	19540	27216	
16582	0	35604	36992	19774	27416	
16583	0	35664	37128	20088	27612	
16584	0	35722	37444	20352	27764	
16585	0	35341	37152	20617	27956	
16586	0	35480	37249	20928	28120	
16587	0	35369	37064	21213	28284	
16588	0	35464	37260	21552	28426	
16589	0	35648	37345	21816	28656	
16590	0	35637	37720	22122	28822	
16591	0	35745	37904	22360	28977	
16592	0	35572	38016	22611	29200	
16593	0	35744	38200	22904	29348	
16594	0	35320	38096	23212	29590	
16595	0	35568	38208	23438	29762	
16596	0	35641	38480	23692	29884	
16597	0	36088	38996	23986	30084	
16598	0	36112	39688	24232	30277	
16599	0	35893	40624	24460	30488	
16600	0	35788	41180	24718	30702	
16601	0	34736	41628	24890	30912	
16602	0	34108	42680	25165	31128	
16603	0	33386	44112	25414	31348	
16604	0	32884	45952	25588	31632	
16605	0	33848	45896	25816	31844	
16606	0	35674	44618	26124	32056	
16607	0	37536	43978	26358	32276	
16608	0	39052	42892	26573	32516	
16609	0	39496	41460	26788	32768	
16610	0	36218	40420	27064	33072	
16611	0	31529	39860	27256	33224	
16612	0	26708	37408	27530	33500	
16613	0	27216	35130	27842	33740	
16614	0	36596	33456	28108	34002	
16615	0	35354	35520	28356	34252	
16616	0	33230	37440	28592	34484	
16617	0	33192	30384	28900	34708	
16618	0	36832	32606	29208	34956	
16619	0	31956	33856	29488	35192	
16620	0	29444	35252	29728	35481	
16621	0	30948	34304	30060	35722	
16622	0	30878	34257	30338	35870	
16623	0	30808	34632	30644	36100	
16624	0	31140	34802	30956	36364	
16625	0	31657	34728	31305	36620	
16626	0	32296	34802	31576	36796	
16627	0	32356	35048	31896	36952	
16628	0	32564	35380	32260	37208	
16629	0	32372	35948	32528	37386	
16630	0	32461	36428	32864	37569	
16631	0	32789	36568	33180	37696	
16632	0	32920	36828	33500	37893	
16633	0	33213	37696	33824	38080	
16634	0	33068	38564	34164	38304	
16635	0	33472	39612	34514	38372	
16636	0	34232	40000	34820	38608	
16637	0	34977	40300	35180	38740	
16638	0	35748	41016	35488	38860	
16639	0	36492	41584	35800	38956	
16640	0	37820	42144	36128	39200	
16641	0	39268	42768	36464	39296	
16642	0	41232	43218	36776	39404	
16643	0	43152	43376	37120	39572	
16644	0	44792	42704	37412	39818	
16645	0	46484	41336	37740	39904	
16646	0	47540	39056	38020	40098	
16647	0	50936	35336	38340	40220	
16648	0	52396	33496	38624	40434	
16649	0	51360	35641	38925	40528	
16650	0	38100	49520	39196	40832	
16651	0	48760	35340	39548	41012	
16652	0	35988	43944	39736	41098	
16653	0	11789	45216	39992	41297	
16654	0	23077	37104	40256	41388	
16655	0	40232	37776	40572	41570	
16656	0	44076	35961	40793	41837	
16657	0	52444	46121	40968	41968	
16658	0	35312	39716	41160	42160	
16659	0	36736	37668	41362	42304	
16660	0	38929	34916	41564	42520	
16661	0	34048	38213	41868	42724	
16662	0	34696	36816	42000	42881	
16663	0	34136	37501	42110	43041	
16664	0	33744	37724	42289	43256	
16665	0	34350	37516	42465	43412	
16666	0	34800	37410	42634	43636	
16667	0	34520	37328	42894	43817	
16668	0	34390	37592	43068	44024	
16669	0	34656	37244	43128	44200	
16670	0	34552	37348	43280	44360	
16671	0	32680	37248	43456	44592	
16672	0	35168	37076	43680	44752	
16673	0	34994	37248	43756	44984	
16674	0	35141	37072	43968	45116	
16675	0	34780	37312	44060	45348	
16676	0	35216	37072	44189	45508	
16677	0	34581	37208	44428	45702	
16678	0	34954	37370	44516	45848	
16679	0	34528	37556	44648	46016	
16680	0	34838	37128	44768	46140	
16681	0	35240	37032	44924	46304	
16682	0	35137	37140	45052	46456	
16683	0	35624	37060	45192	46648	
16684	0	35216	37240	45340	46772	
16685	0	35210	37136	45440	46908	
16686	0	35120	37338	45650	46996	
16687	0	35512	37200	45768	47172	
16688	0	34872	37000	45814	47232	
16689	0	35004	37296	45928	47400	
16690	0	35428	37150	46080	47460	
16691	0	35252	37205	46160	47568	
16692	0	35408	37112	46296	47712	
16693	0	35425	37212	46346	47804	
16694	0	35588	37345	46432	47873	
16695	0	35480	37248	46512	47984	
16696	0	35280	37440	46604	48096	
16697	0	35248	37497	46661	48160	
16698	0	35156	37509	46712	48232	
16699	0	35288	37532	46824	48364	
16700	0	35272	37930	46816	48456	
16701	0	35572	37880	46876	48560	
16702	0	35412	38312	46880	48632	
16703	0	35448	38090	46889	48756	
16704	0	35400	37916	46912	48800	
16705	0	35437	38016	46891	48920	
16706	0	35681	38584	46884	49044	
16707	0	36036	39452	46852	49132	
16708	0	36016	40256	46834	49184	
16709	0	35881	40925	46764	49252	
16710	0	35624	41344	46712	49354	
16711	0	34560	41800	46680	49488	
16712	0	34116	42832	46676	49565	
16713	0	33312	45058	46520	49640	
16714	0	32372	46936	46456	49701	
16715	0	32982	45692	46412	49772	
16716	0	37248	44248	46272	49808	
16717	0	36792	43880	46200	49912	
16718	0	38954	42652	46176	49964	
16719	0	38233	41858	46018	50024	
16720	0	35132	41196	45996	50064	
16721	0	29544	39328	45857	50112	
16722	0	25582	36938	45784	50148	
16723	0	28592	34484	45700	50164	
16724	0	37417	33544	45600	50224	
16725	0	34529	35584	45528	50276	
16726	0	30760	38888	45474	50292	
16727	0	32064	30810	45409	50304	
16728	0	36216	32489	45360	50292	
16729	0	30640	34720	45337	50282	
16730	0	29232	35453	45268	50312	
16731	0	30633	34440	45228	50316	
16732	0	30612	34372	45180	50276	
16733	0	30780	34504	45160	50288	
16734	0	31688	34568	45112	50274	
16735	0	32112	34504	45072	50184	
16736	0	32392	34836	45056	50184	
16737	0	32624	34956	44976	50140	
16738	0	32620	35464	44924	50032	
16739	0	32426	36208	44929	50004	
16740	0	32464	36834	44848	49876	
16741	0	32892	36700	44768	49840	
16742	0	33112	37093	44792	49744	
16743	0	32928	38504	44652	49608	
16744	0	33020	39217	44668	49560	
16745	0	33512	40069	44608	49408	
16746	0	34120	40196	44516	49265	
16747	0	34912	40620	44394	49196	
16748	0	35766	41228	44389	49088	
16749	0	36948	41840	44268	48946	
16750	0	38324	42400	44249	48796	
16751	0	40050	42754	44128	48661	
16752	0	42068	42796	44080	48508	
16753	0	43540	43756	43929	48336	
16754	0	47136	42048	43872	48186	
16755	0	45149	39484	43808	48064	
16756	0	47600	37724	43640	47936	
16757	0	49752	34504	43628	47796	
16758	0	51936	33672	43448	47578	
16759	0	50880	36596	43323	47464	
16760	0	43952	45676	43244	47317	
16761	0	37012	40460	43077	47112	
16762	0	21288	42792	43032	46996	
16763	0	42152	42985	42900	46792	
16764	0	47028	34280	42705	46632	
16765	0	40352	45761	42528	46504	
16766	0	36908	37032	42432	46340	
16767	0	38585	34700	42320	46124	
16768	0	33952	38764	42140	45952	
16769	0	33669	37117	42008	45764	
16770	0	34280	37121	41860	45584	
16771	0	32984	38465	41796	45448	
16772	0	33692	37313	41666	45221	
16773	0	34056	37613	41444	45048	
16774	0	34265	37397	41338	44880	
16775	0	33952	37417	41320	44700	
16776	0	34212	37405	41056	44548	
16777	0	33904	37784	40948	44328	
16778	0	33820	37732	40953	44136	
16779	0	34204	37356	40700	43940	
16780	0	33809	37504	40644	43748	
16781	0	34344	37632	40476	43580	
16782	0	34124	37462	40368	43396	
16783	0	34552	37868	40234	43184	
16784	0	34034	37724	40129	42954	
16785	0	34816	37524	40005	42732	
16786	0	33632	37268	40016	42528	
16787	0	34516	37332	39796	42276	
16788	0	34956	37304	39637	42044	
16789	0	34828	37312	39628	41913	
16790	0	34885	37290	39360	41628	
16791	0	34749	37464	39212	41348	
16792	0	34953	37280	39124	41000	
16793	0	35058	37292	38896	40714	
16794	0	34988	37318	38796	40432	
16795	0	35032	37216	38570	40074	
16796	0	35344	37120	38352	39868	
16797	0	34962	37232	38236	39444	
16798	0	35404	37396	37956	39200	
16799	0	35360	37228	37752	38869	
16800	0	35240	37192	37600	38540	
16801	0	35356	37162	37292	38208	
16802	0	35570	37280	37056	37800	
16803	0	35412	37312	36868	37372	
16804	0	35240	37236	36612	37152	
16805	0	35264	37308	36298	36688	
16806	0	35416	37324	36061	36361	
16807	0	35332	37360	35753	36041	
16808	0	35084	37564	35464	35612	
16809	0	35284	37692	35180	35264	
16810	0	35268	37960	34866	34941	
16811	0	35232	38120	34548	34668	
16812	0	35202	38213	34224	34304	
16813	0	35081	38088	33904	33937	
16814	0	35076	38272	33624	33621	
16815	0	35502	39016	33248	33304	
16816	0	35880	39820	32913	33026	
16817	0	36220	40609	32545	32773	
16818	0	35850	41110	32224	32409	
16819	0	35148	41604	31794	32128	
16820	0	34496	42042	31476	31880	
16821	0	34077	42882	31081	31556	
16822	0	33896	44224	30730	31296	
16823	0	32208	46408	30248	31018	
16824	0	32496	45648	29896	30816	
16825	0	37057	43568	29581	30500	
16826	0	36844	43004	29189	30229	
16827	0	37082	42100	28769	29974	
16828	0	39072	41820	28424	29764	
16829	0	35702	40732	28016	29494	
16830	0	31222	38752	27736	29253	
16831	0	27594	37128	27340	29012	
16832	0	30269	34552	27032	28788	
16833	0	34624	35649	26685	28564	
16834	0	33008	35116	26376	28412	
16835	0	35716	34720	26068	28144	
16836	0	36280	28548	25789	27940	
16837	0	35412	32136	25444	27744	
16838	0	32624	33756	25160	27530	
16839	0	31692	33332	24870	27348	
16840	0	31368	33924	24548	27208	
16841	0	31197	33728	24264	26972	
16842	0	31032	33710	24012	26776	
16843	0	31325	34328	23749	26600	
16844	0	31712	34644	23440	26426	
16845	0	32360	34562	23264	26244	
16846	0	32688	34676	22980	26064	
16847	0	32892	34921	22749	25893	
16848	0	33084	35228	22467	25728	
16849	0	33228	35608	22300	25542	
16850	0	33264	36120	21993	25376	
16851	0	33509	36598	21746	25222	
16852	0	33884	36880	21601	25016	
16853	0	34069	37219	21386	24868	
16854	0	34236	38200	21148	24693	
16855	0	34228	39144	20980	24548	
16856	0	34646	39796	20752	24404	
16857	0	35265	40092	20558	24230	
16858	0	35952	40664	20334	24082	
16859	0	36712	41192	20160	23945	
16860	0	37600	41760	19989	23760	
16861	0	38728	42208	19753	23682	
16862	0	40440	42636	19634	23545	
16863	0	42001	42716	19437	23384	
16864	0	43280	42288	19224	23321	
16865	0	43970	41358	19094	23214	
16866	0	44596	40024	18941	23104	
16867	0	44121	38612	18718	23000	
16868	0	46268	36880	18624	22900	
16869	0	50768	34156	18418	22889	
16870	0	43245	44496	18306	22821	
16871	0	48837	36450	18128	22709	
16872	0	43448	40429	17965	22638	
16873	0	23820	44072	17802	22644	
16874	0	10306	43016	17652	22508	
16875	0	37916	34284	17540	22514	
16876	0	45744	39136	17408	22434	
16877	0	44560	39916	17272	22456	
16878	0	37364	33848	17149	22454	
16879	0	35470	39228	17038	22452	
16880	0	39704	33580	16916	22396	
16881	0	34200	38068	16770	22430	
16882	0	34632	36856	16654	22394	
16883	0	34748	36916	16581	22393	
16884	0	34193	37764	16480	22426	
16885	0	34744	37328	16402	22360	
16886	0	35028	37085	16269	22440	
16887	0	35112	37028	16265	22425	
16888	0	34936	37212	16186	22500	
16889	0	34804	37312	16124	22472	
16890	0	34712	37426	16021	22470	
16891	0	34696	37364	16028	22540	
16892	0	35088	37096	15972	22668	
16893	0	35072	37040	15980	22668	
16894	0	34984	37197	15958	22677	
16895	0	35144	37256	15928	22816	
16896	0	35000	37164	15956	22748	
16897	0	34920	37452	15960	22880	
16898	0	34856	37356	15976	22945	
16899	0	34825	37308	15986	23004	
16900	0	35056	37020	16000	22964	
16901	0	35096	36948	16044	23064	
16902	0	35360	36992	16079	23065	
16903	0	35168	37064	16085	23064	
16904	0	35376	37156	16137	23096	
16905	0	35836	36904	16180	23124	
16906	0	35416	37256	16225	23064	
16907	0	35444	37136	16256	23112	
16908	0	35344	37468	16269	23065	
16909	0	35352	36865	16300	23056	
16910	0	35188	37492	16320	22957	
16911	0	35778	36796	16360	22937	
16912	0	35352	37132	16387	22938	
16913	0	35633	37216	16336	22944	
16914	0	35628	37004	16360	22904	
16915	0	35836	36789	16404	22824	
16916	0	35708	37052	16333	22748	
16917	0	35684	37052	16358	22742	
16918	0	35452	37072	16326	22602	
16919	0	35584	37153	16344	22604	
16920	0	35357	37492	16288	22594	
16921	0	35417	37784	16268	22488	
16922	0	35626	37852	16228	22372	
16923	0	35568	37968	16186	22410	
16924	0	35648	37928	16118	22342	
16925	0	35628	37912	16093	22274	
16926	0	35857	37874	15972	22234	
16927	0	36088	38352	15936	22189	
16928	0	36292	38796	15872	22149	
16929	0	36432	39232	15797	22120	
16930	0	35984	39896	15733	22017	
16931	0	36036	40652	15624	22092	
16932	0	35738	40928	15584	22049	
16933	0	34980	41400	15474	22031	
16934	0	34412	42418	15394	22040	
16935	0	33680	44168	15304	21984	
16936	0	32573	46152	15196	21940	
16937	0	33312	45504	15173	22052	
16938	0	37248	43826	15041	22024	
16939	0	37605	43378	14985	22086	
16940	0	38116	42176	14945	22090	
16941	0	39652	40712	14824	22056	
16942	0	36040	41152	14840	22125	
16943	0	30336	39392	14789	22181	
16944	0	27485	37100	14722	22128	
16945	0	28206	35976	14670	22200	
16946	0	34977	34254	14646	22246	
16947	0	33816	36636	14660	22437	
16948	0	33800	35732	14672	22472	
16949	0	34222	28061	14718	22573	
16950	0	33424	34021	14652	22646	
16951	0	30448	35330	14692	22698	
16952	0	28820	36361	14819	22825	
16953	0	29944	34090	14870	22880	
16954	0	29594	34956	15010	22968	
16955	0	30565	34493	15116	23050	
16956	0	31237	34756	15206	23124	
16957	0	31828	35580	15394	23169	
16958	0	32417	35445	15562	23148	
16959	0	32794	35408	15773	23305	
16960	0	33082	35602	15992	23258	
16961	0	33307	36142	16230	23385	
16962	0	33460	36808	16449	23388	
16963	0	33642	37376	16756	23408	
16964	0	33632	37781	17010	23428	
16965	0	33764	38496	17372	23368	
16966	0	34184	39124	17660	23353	
16967	0	34561	39824	18032	23396	
16968	0	35082	40444	18396	23369	
16969	0	35988	40857	18768	23425	
16970	0	36608	41208	19180	23362	
16971	0	37316	41504	19512	23328	
16972	0	38600	41842	19937	23304	
16973	0	40032	42078	20322	23276	
16974	0	41800	42314	20742	23272	
16975	0	43644	42328	21212	23232	
16976	0	45049	41688	21634	23204	
16977	0	45792	40052	22072	23208	
16978	0	45196	38196	22476	23229	
16979	0	47216	36028	22966	23181	
16980	0	50548	34120	23436	23226	
16981	0	46464	41492	23853	23188	
16982	0	50436	36384	24280	23197	
16983	0	43568	41024	24656	23204	
16984	0	23109	44416	25146	23229	
16985	0	12911	41432	25604	23272	
16986	0	39352	36481	26036	23280	
16987	0	53864	42936	26408	23306	
16988	0	44456	29876	26956	23356	
16989	0	34084	40372	27329	23400	
16990	0	37420	35956	27808	23434	
16991	0	39048	34176	28232	23496	
16992	0	32993	39160	28629	23539	
16993	0	34908	36233	29068	23606	
16994	0	34544	37292	29500	23666	
16995	0	34116	37660	29920	23742	
16996	0	34568	37280	30334	23848	
16997	0	34937	37200	30765	23925	
16998	0	34744	37184	31190	24016	
16999	0	34512	37420	31609	24120	
17000	0	34440	37420	32029	24234	
17001	0	34474	37420	32480	24361	
17002	0	34576	37424	32888	24482	
17003	0	34572	37380	33344	24584	
17004	0	34808	37412	33769	24732	
17005	0	34920	37404	34180	24868	
17006	0	34828	37328	34572	25015	
17007	0	34728	37440	35036	25142	
17008	0	35737	37164	35416	25296	
17009	0	35072	37262	35836	25457	
17010	0	34936	37236	36257	25562	
17011	0	34384	37568	36633	25706	
17012	0	35488	37016	37076	25877	
17013	0	34994	37320	37432	26030	
17014	0	35524	37184	37812	26134	
17015	0	35500	37064	38224	26296	
17016	0	35386	37165	38528	26442	
17017	0	35352	37032	38878	26570	
17018	0	35848	36832	39256	26700	
17019	0	35112	36784	39570	26828	
17020	0	35172	37220	39884	26946	
17021	0	35384	37268	40248	27008	
17022	0	35684	36836	40500	27220	
17023	0	35592	37128	40808	27220	
17024	0	35712	36960	41064	27320	
17025	0	35800	37085	41345	27570	
17026	0	35752	37112	41600	27610	
17027	0	35808	37112	41856	27841	
17028	0	35360	37592	42133	27973	
17029	0	35702	37280	42401	28108	
17030	0	35388	37604	42576	28232	
17031	0	35636	37740	42852	28396	
17032	0	35753	37904	43008	28540	
17033	0	35640	37844	43152	28596	
17034	0	35580	37920	43320	28850	
17035	0	35680	37700	43496	29022	
17036	0	35492	37928	43632	29213	
17037	0	35689	38232	43777	29368	
17038	0	36024	38888	43960	29505	
17039	0	36252	39841	44040	29665	
17040	0	36248	40449	44164	29738	
17041	0	36000	40737	44268	30056	
17042	0	35236	41238	44360	30218	
17043	0	34880	42312	44508	30392	
17044	0	34232	43300	44525	30592	
17045	0	33868	44624	44628	30736	
17046	0	32906	45980	44664	30992	
17047	0	33617	45670	44792	31080	
17048	0	37232	43988	44804	31330	
17049	0	37300	43832	44920	31468	
17050	0	38716	43024	44960	31652	
17051	0	39088	40976	44964	31875	
17052	0	36244	40512	45040	32005	
17053	0	30588	38948	45112	32268	
17054	0	27233	35816	45136	32450	
17055	0	31178	34397	45208	32600	
17056	0	35260	34992	45224	32864	
17057	0	32482	37672	45324	33012	
17058	0	34528	29724	45356	33252	
17059	0	37312	34160	45416	33400	
17060	0	31768	33816	45560	33651	
17061	0	28032	36336	45573	33864	
17062	0	30241	34720	45657	33984	
17063	0	30162	34577	45732	34232	
17064	0	29886	34808	45832	34416	
17065	0	30944	34820	45920	34588	
17066	0	32080	34708	46004	34808	
17067	0	32369	34752	46132	34986	
17068	0	32736	34824	46240	35217	
17069	0	32752	35136	46256	35418	
17070	0	32700	35698	46420	35644	
17071	0	32580	36320	46456	35837	
17072	0	32888	36633	46565	35948	
17073	0	33137	36900	46656	36146	
17074	0	33356	37362	46737	36356	
17075	0	33360	38196	46876	36572	
17076	0	33392	39088	46972	36800	
17077	0	34020	39868	47108	36888	
17078	0	34624	40368	47136	37170	
17079	0	35472	40624	47260	37340	
17080	0	36465	41188	47312	37524	
17081	0	37504	41701	47464	37656	
17082	0	39216	42040	47480	37801	
17083	0	40796	42353	47656	38056	
17084	0	42664	42488	47728	38192	
17085	0	44344	42156	47760	38328	
17086	0	45976	41164	47848	38532	
17087	0	46716	39400	47928	38716	
17088	0	48584	37032	48024	38840	
17089	0	53016	33386	48090	39049	
17090	0	47996	39144	48232	39202	
17091	0	48820	38268	48296	39412	
17092	0	46540	37948	48282	39564	
17093	0	33101	43756	48392	39722	
17094	0	10079	41968	48436	39872	
17095	0	33834	33880	48512	39984	
17096	0	46178	37308	48544	40140	
17097	0	48152	26938	48576	40298	
17098	0	38380	35280	48642	40456	
17099	0	33161	42252	48692	40560	
17100	0	40900	32353	48696	40717	
17101	0	34008	39080	48720	40810	
17102	0	33722	37396	48780	40944	
17103	0	34544	36901	48856	41032	
17104	0	33293	38188	48832	41124	
17105	0	34148	37260	48924	41248	
17106	0	34212	37644	48864	41344	
17107	0	34460	37506	48977	41428	
17108	0	34324	37452	48920	41500	
17109	0	34168	37625	48948	41600	
17110	0	34081	37788	49040	41664	
17111	0	34688	37416	49000	41732	
17112	0	35380	37296	49048	41804	
17113	0	34576	37409	49072	41864	
17114	0	34308	37592	49156	41904	
17115	0	34582	37476	49112	41960	
17116	0	34450	37488	49132	42000	
17117	0	34848	37696	49112	42036	
17118	0	34344	37614	49142	42052	
17119	0	34932	37480	49216	42089	
17120	0	34836	37296	49156	42104	
17121	0	34984	37032	49192	42113	
17122	0	35084	37124	49144	42101	
17123	0	35100	37160	49060	42104	
17124	0	35132	37068	49068	42096	
17125	0	35108	37112	49008	42072	
17126	0	35104	37192	48944	42056	
17127	0	35188	37188	48876	42036	
17128	0	35168	37272	48820	41996	
17129	0	35433	37216	48736	41960	
17130	0	35060	37058	48668	41920	
17131	0	35497	37316	48568	41884	
17132	0	35192	37049	48496	41836	
17133	0	35492	37001	48344	41760	
17134	0	35616	37276	48180	41728	
17135	0	35612	37256	48020	41681	
17136	0	35240	37296	47876	41620	
17137	0	35308	37352	47684	41552	
17138	0	35188	37504	47552	41512	
17139	0	35280	37648	47304	41424	
17140	0	35196	37828	47140	41400	
17141	0	35424	38012	46880	41326	
17142	0	35240	38020	46640	41260	
17143	0	35249	38120	46428	41240	
17144	0	35360	37936	46173	41149	
17145	0	35400	38140	45896	41068	
17146	0	35740	38464	45624	41049	
17147	0	35736	39398	45368	40996	
17148	0	36340	39920	45065	40904	
17149	0	36128	40545	44846	40912	
17150	0	36006	40860	44496	40836	
17151	0	35520	41648	44264	40757	
17152	0	35112	41786	43960	40725	
17153	0	34529	43392	43568	40552	
17154	0	34082	46220	43280	40504	
17155	0	32956	46244	42976	40372	
17156	0	33785	45440	42640	40332	
17157	0	36268	43692	42314	40268	
17158	0	38584	42960	42048	40108	
17159	0	39258	42320	41792	39980	
17160	0	37576	41392	41402	39748	
17161	0	33620	40792	41168	39692	
17162	0	28884	37668	40796	39421	
17163	0	29668	34258	40512	39284	
17164	0	33148	35632	40260	39088	
17165	0	34400	36436	39968	39008	
17166	0	34768	34150	39732	38754	
17167	0	35264	31848	39460	38520	
17168	0	34704	30508	39232	38444	
17169	0	32462	33221	39032	38156	
17170	0	30802	34614	38768	38028	
17171	0	30196	33569	38668	37752	
17172	0	30776	33564	38372	37632	
17173	0	30600	34340	38152	37405	
17174	0	30808	34560	37984	37101	
17175	0	31546	34557	37804	36939	
17176	0	32172	34600	37681	36770	
17177	0	32722	34576	37504	36481	
17178	0	33212	34724	37348	36288	
17179	0	33096	35040	37201	36025	
17180	0	33000	35688	37081	35776	
17181	0	32848	36288	36936	35620	
17182	0	32848	36985	36848	35324	
17183	0	33377	37100	36736	35097	
17184	0	33582	37704	36576	34828	
17185	0	33572	38706	36464	34632	
17186	0	33564	39736	36356	34384	
17187	0	34185	40548	36260	34104	
17188	0	35027	40954	36172	33952	
17189	0	36073	41548	36096	33652	
17190	0	37140	42144	36024	33394	
17191	0	38480	42577	35932	33211	
17192	0	39852	43000	35836	32929	
17193	0	41770	43216	35760	32732	
17194	0	43064	43260	35692	32440	
17195	0	45208	42796	35604	32202	
17196	0	46140	41216	35504	32028	
17197	0	46428	38804	35484	31746	
17198	0	48200	36000	35360	31528	
17199	0	51604	34252	35302	31282	
17200	0	50432	34448	35218	31058	
17201	0	48508	36624	35138	30828	
17202	0	39532	46540	35084	30604	
17203	0	39433	34696	34996	30385	
17204	0	12298	43060	34920	30164	
17205	0	18762	39602	34852	29960	
17206	0	40520	35950	34784	29720	
17207	0	37600	40760	34669	29505	
17208	0	42980	43777	34596	29284	
17209	0	44508	35300	34536	29068	
17210	0	36824	36432	34413	28856	
17211	0	34962	38144	34308	28645	
17212	0	39098	34120	34225	28421	
17213	0	34420	38004	34128	28208	
17214	0	34628	36960	34032	28000	
17215	0	34798	36840	33960	27792	
17216	0	34064	37913	33896	27580	
17217	0	35012	37096	33748	27384	
17218	0	34772	37368	33708	27172	
17219	0	34913	37203	33552	26996	
17220	0	34904	37140	33502	26815	
17221	0	34892	37196	33356	26637	
17222	0	34932	37252	33252	26450	
17223	0	34896	37380	33148	26317	
17224	0	34882	37404	33052	26173	
17225	0	34954	37156	32929	26032	
17226	0	34960	37296	32846	25904	
17227	0	34992	37220	32728	25768	
17228	0	34840	37292	32644	25701	
17229	0	34624	37604	32512	25569	
17230	0	34908	37336	32416	25472	
17231	0	34992	37150	32292	25429	
17232	0	34744	37377	32196	25345	
17233	0	35220	36868	32057	25281	
17234	0	34800	37016	31964	25240	
17235	0	35224	36956	31820	25168	
17236	0	35288	37044	31712	25114	
17237	0	35032	37260	31590	25085	
17238	0	35328	36964	31444	25036	
17239	0	34792	37430	31342	24996	
17240	0	35516	37118	31161	24956	
17241	0	35432	36876	31010	24925	
17242	0	35376	37228	30848	24872	
17243	0	35384	37281	30684	24833	
17244	0	35508	37156	30512	24781	
17245	0	35640	37152	30328	24764	
17246	0	35657	37148	30129	24724	
17247	0	35538	37192	29924	24692	
17248	0	35508	37200	29724	24653	
17249	0	35544	37248	29512	24609	
17250	0	35428	37384	29296	24588	
17251	0	35516	37605	29024	24552	
17252	0	35442	37776	28786	24529	
17253	0	35552	37816	28534	24504	
17254	0	35272	38172	28320	24488	
17255	0	35586	38016	28024	24480	
17256	0	35676	37756	27756	24450	
17257	0	35864	37960	27458	24468	
17258	0	35906	38428	27168	24454	
17259	0	36184	38808	26888	24461	
17260	0	36192	39304	26626	24456	
17261	0	35944	40108	26274	24468	
17262	0	35912	40677	25961	24470	
17263	0	35506	41160	25636	24504	
17264	0	35050	42052	25344	24528	
17265	0	34289	43482	25025	24581	
17266	0	33860	45536	24704	24600	
17267	0	32328	45848	24392	24648	
17268	0	33852	44813	24037	24760	
17269	0	34845	43712	23715	24812	
17270	0	36072	43461	23369	24834	
17271	0	38537	42021	23052	24948	
17272	0	38224	40944	22729	24984	
17273	0	35840	40340	22409	25116	
17274	0	31722	39304	22116	25260	
17275	0	25710	38044	21764	25302	
17276	0	26992	34688	21484	25408	
17277	0	37124	33712	21176	25541	
17278	0	36920	34428	20846	25657	
17279	0	32872	37004	20563	25788	
17280	0	34144	35244	20350	25952	
17281	0	33208	29872	20102	26076	
17282	0	33704	33116	19828	26221	
17283	0	30642	34928	19556	26360	
17284	0	30116	34632	19318	26446	
17285	0	31089	33961	19033	26700	
17286	0	30338	34888	18824	26788	
17287	0	30136	35242	18678	27000	
17288	0	31140	35008	18509	27116	
17289	0	32068	34692	18284	27238	
17290	0	32352	35120	18120	27284	
17291	0	32932	35356	18006	27504	
17292	0	33228	35640	17808	27564	
17293	0	33164	36152	17716	27712	
17294	0	33298	36932	17536	27874	
17295	0	33428	37432	17432	28024	
17296	0	33589	37844	17308	28080	
17297	0	33844	38476	17280	28140	
17298	0	33928	39316	17174	28244	
17299	0	34412	40052	17052	28352	
17300	0	35008	40784	17000	28368	
17301	0	35660	41248	16936	28488	
17302	0	36520	41848	16868	28589	
17303	0	37404	42133	16813	28701	
17304	0	38636	42466	16772	28737	
17305	0	40512	42700	16640	28800	
17306	0	42372	42816	16662	28840	
17307	0	44024	42080	16574	28849	
17308	0	45152	41116	16560	28916	
17309	0	45680	39541	16482	28896	
17310	0	45464	38128	16445	29142	
17311	0	47660	35736	16442	29180	
17312	0	49856	35370	16388	29216	
17313	0	48997	36525	16352	29293	
17314	0	46528	37212	16331	29392	
17315	0	47340	36824	16242	29472	
17316	0	37096	39369	16274	29469	
17317	0	16626	43841	16241	29626	
17318	0	19912	39846	16232	29754	
17319	0	44226	37248	16228	29692	
17320	0	39224	37457	16160	29738	
17321	0	47753	49770	16226	29940	
17322	0	44404	30914	16210	30034	
17323	0	37960	37300	16236	30140	
17324	0	37785	35240	16208	30243	
17325	0	35840	36240	16249	30294	
17326	0	34252	37432	16296	30392	
17327	0	33916	38196	16328	30296	
17328	0	34192	37810	16377	30596	
17329	0	35092	37208	16480	30726	
17330	0	35024	37213	16585	30720	
17331	0	34888	37281	16696	30728	
17332	0	34976	37242	16768	31028	
17333	0	35104	37156	16942	31116	
17334	0	34808	37221	17072	31224	
17335	0	35036	37272	17208	31360	
17336	0	35112	37068	17422	31400	
17337	0	35084	37120	17632	31552	
17338	0	35336	36948	17835	31664	
17339	0	35016	37148	18036	31756	
17340	0	34505	37456	18312	31861	
17341	0	35512	37021	18565	31921	
17342	0	34972	37268	18829	32078	
17343	0	35120	37072	19156	32185	
17344	0	35488	36576	19448	32232	
17345	0	35192	36800	19777	32300	
17346	0	35408	36752	20096	32349	
17347	0	35406	36808	20442	32480	
17348	0	35530	36712	20796	32516	
17349	0	35202	37088	21097	32524	
17350	0	35600	36808	21565	32548	
17351	0	35282	37412	21944	32565	
17352	0	35848	36824	22302	32576	
17353	0	35408	36980	22732	32604	
17354	0	35812	37276	23147	32596	
17355	0	35436	37224	23518	32620	
17356	0	35608	37224	23956	32568	
17357	0	35621	37400	24388	32576	
17358	0	35576	37336	24740	32516	
17359	0	35544	37336	25192	32513	
17360	0	35592	37353	25679	32500	
17361	0	35440	37400	26104	32468	
17362	0	35610	37600	26464	32426	
17363	0	35624	37698	26925	32408	
17364	0	35584	37868	27384	32456	
17365	0	35456	38104	27781	32388	
17366	0	35620	37845	28180	32328	
17367	0	35712	37612	28601	32320	
17368	0	35708	37708	29032	32344	
17369	0	35925	38088	29417	32380	
17370	0	36276	38758	29816	32286	
17371	0	36193	39460	30252	32292	
17372	0	36274	40228	30637	32304	
17373	0	36188	41024	31012	32312	
17374	0	35906	41232	31416	32336	
17375	0	34952	42088	31801	32384	
17376	0	34516	43348	32160	32388	
17377	0	33730	45744	32496	32513	
17378	0	32546	46208	32882	32473	
17379	0	34146	45464	33224	32516	
17380	0	37656	43688	33570	32588	
17381	0	35989	44200	33932	32688	
17382	0	40188	41576	34248	32688	
17383	0	38522	40980	34581	32777	
17384	0	35506	40405	34900	32848	
17385	0	29192	38948	35224	32906	
17386	0	25816	36568	35632	32908	
17387	0	30601	33114	35912	33001	
17388	0	35929	34448	36233	33060	
17389	0	33508	36076	36633	33156	
17390	0	33857	35902	36976	33236	
17391	0	34928	28776	37252	33312	
17392	0	34340	33832	37576	33424	
17393	0	31353	34884	37904	33508	
17394	0	30393	34809	38228	33604	
17395	0	31116	34052	38656	33712	
17396	0	30612	34752	38988	33802	
17397	0	30424	35080	39212	33884	
17398	0	30933	35049	39537	33996	
17399	0	31637	34976	39936	34076	
17400	0	32134	35160	40184	34180	
17401	0	32587	35268	40446	34276	
17402	0	33162	35632	40768	34384	
17403	0	33370	35817	41048	34468	
17404	0	33324	36520	41324	34576	
17405	0	33492	37040	41701	34693	
17406	0	33464	37512	41866	34800	
17407	0	33760	38216	42120	34881	
17408	0	34116	38268	42452	35000	
17409	0	34204	39104	42672	35132	
17410	0	34664	39744	42888	35208	
17411	0	35224	40218	43144	35333	
17412	0	35898	40672	43272	35492	
17413	0	36532	41120	43552	35600	
17414	0	37577	41923	43680	35690	
17415	0	39260	42586	43868	35840	
17416	0	40876	43132	44044	35952	
17417	0	42512	43500	44226	36104	
17418	0	44492	42276	44456	36240	
17419	0	45593	41181	44624	36396	
17420	0	46116	38971	44724	36533	
17421	0	48245	36380	44940	36708	
17422	0	51684	33752	45020	36862	
17423	0	47840	38332	45168	36976	
17424	0	50056	37222	45292	37125	
17425	0	45392	36496	45481	37280	
17426	0	30404	43324	45564	37402	
17427	0	11605	43700	45716	37544	
17428	0	38340	32104	45836	37724	
17429	0	43266	40240	45936	37828	
17430	0	40304	35019	45984	37994	
17431	0	42432	30981	46128	38136	
17432	0	38040	37712	46192	38236	
17433	0	37028	36248	46272	38364	
17434	0	36112	36264	46392	38490	
17435	0	34288	37627	46454	38584	
17436	0	34544	37165	46620	38689	
17437	0	34332	37524	46644	38774	
17438	0	34273	37545	46710	38872	
17439	0	34642	37332	46865	38956	
17440	0	34924	37236	46884	39048	
17441	0	34522	37444	47024	39152	
17442	0	34520	37508	47108	39196	
17443	0	34362	37584	47160	39264	
17444	0	34540	37416	47184	39308	
17445	0	34948	37293	47316	39397	
17446	0	34932	37152	47356	39444	
17447	0	34904	37296	47432	39445	
17448	0	34312	37657	47528	39485	
17449	0	34281	37396	47648	39516	
17450	0	35012	37508	47688	39568	
17451	0	34584	37720	47788	39548	
17452	0	35132	36920	47858	39556	
17453	0	35620	36900	48024	39564	
17454	0	35628	36992	48040	39588	
17455	0	35552	36880	48132	39617	
17456	0	35476	36928	48240	39616	
17457	0	35324	37096	48330	39584	
17458	0	35336	37042	48476	39532	
17459	0	35416	37061	48538	39568	
17460	0	35424	37100	48666	39584	
17461	0	34837	37450	48680	39508	
17462	0	36242	36782	48840	39460	
17463	0	34945	37244	48840	39432	
17464	0	35172	37000	49012	39440	
17465	0	35580	36976	49004	39440	
17466	0	35648	37178	49088	39424	
17467	0	35500	37013	49146	39424	
17468	0	35380	37196	49204	39352	
17469	0	35460	37292	49312	39348	
17470	0	35560	37350	49353	39354	
17471	0	35488	37358	49392	39464	
17472	0	35536	37424	49416	39381	
17473	0	35556	37612	49376	39400	
17474	0	35472	37824	49360	39500	
17475	0	35588	38040	49412	39532	
17476	0	35444	38089	49400	39620	
17477	0	35576	38032	49308	39708	
17478	0	35474	37840	49288	39736	
17479	0	35594	37912	49224	39872	
17480	0	35941	38612	49220	39890	
17481	0	36065	39320	49172	40008	
17482	0	36122	40288	49098	40160	
17483	0	36072	41200	48992	40248	
17484	0	35640	41706	48852	40366	
17485	0	34908	42248	48760	40538	
17486	0	34013	43472	48660	40673	
17487	0	32677	45588	48504	40796	
17488	0	31692	46924	48452	40933	
17489	0	34100	45192	48266	41088	
17490	0	37820	44360	48138	41245	
17491	0	36700	43437	47988	41388	
17492	0	39941	41628	47924	41556	
17493	0	37540	41324	47775	41684	
17494	0	34096	40196	47624	41856	
17495	0	27372	38444	47513	41968	
17496	0	25660	36402	47360	42141	
17497	0	33348	32980	47212	42272	
17498	0	36056	34176	47132	42428	
17499	0	33012	37504	47008	42580	
17500	0	36280	33106	46844	42656	
17501	0	34249	31200	46800	42820	
17502	0	34033	32564	46680	42960	
17503	0	30072	35112	46616	43068	
17504	0	30536	34376	46472	43168	
17505	0	30761	34052	46432	43232	
17506	0	30432	34545	46328	43312	
17507	0	30564	35260	46308	43456	
17508	0	31044	35140	46192	43528	
17509	0	32273	34881	46124	43596	
17510	0	32300	35212	46092	43617	
17511	0	32576	35504	46080	43684	
17512	0	32658	35976	45972	43770	
17513	0	32916	36408	45932	43816	
17514	0	33092	36866	45940	43890	
17515	0	33304	37188	45850	43868	
17516	0	33304	37881	45844	43872	
17517	0	33254	38618	45770	43912	
17518	0	33516	39524	45728	43913	
17519	0	34030	40196	45684	43996	
17520	0	34529	40420	45708	43960	
17521	0	35136	41120	45584	44026	
17522	0	35873	41732	45601	44008	
17523	0	36605	42202	45512	44004	
17524	0	38202	42480	45448	43968	
17525	0	39724	42818	45472	44040	
17526	0	41568	43096	45408	43948	
17527	0	43884	42826	45340	44017	
17528	0	45708	41860	45248	43968	
17529	0	46676	39832	45252	43964	
17530	0	48656	37100	45124	43944	
17531	0	53588	33604	45056	43996	
17532	0	52712	34080	45000	43908	
17533	0	48676	36708	44956	43980	
17534	0	39344	48312	44784	43968	
17535	0	43833	33628	44760	43888	
17536	0	26205	43160	44624	43884	
17537	0	9232	46532	44528	43906	
17538	0	36728	32956	44480	43876	
17539	0	42060	40504	44320	43898	
17540	0	45156	38424	44224	43820	
17541	0	50952	47412	44121	43785	
17542	0	38180	36889	44092	43844	
17543	0	34951	39353	43936	43792	
17544	0	38508	34912	43849	43768	
17545	0	34136	38044	43666	43720	
17546	0	34080	37010	43636	43684	
17547	0	34368	37249	43512	43602	
17548	0	33772	37928	43312	43568	
17549	0	34476	37456	43200	43570	
17550	0	34378	37525	43080	43484	
17551	0	34220	37474	43058	43424	
17552	0	34368	37592	42888	43360	
17553	0	34424	37388	42752	43360	
17554	0	34434	37212	42724	43296	
17555	0	34524	37352	42568	43284	
17556	0	34852	37328	42380	43108	
17557	0	34321	37328	42306	43056	
17558	0	34028	37396	42272	43056	
17559	0	35980	37252	42048	42904	
17560	0	34696	37412	41924	42772	
17561	0	34248	37544	41928	42680	
17562	0	34248	37600	41737	42552	
17563	0	34648	37180	41556	42418	
17564	0	34194	37380	41428	42276	
17565	0	35104	37232	41292	42176	
17566	0	35008	37112	41292	42088	
17567	0	35184	37192	41024	41876	
17568	0	35064	37089	40936	41768	
17569	0	35136	37160	40729	41496	
17570	0	35132	37197	40576	41456	
17571	0	35016	37308	40420	41113	
17572	0	35078	37272	40308	41008	
17573	0	35049	37124	40080	40792	
17574	0	35064	37192	39892	40481	
17575	0	35348	37076	39696	40260	
17576	0	35436	37076	39508	40120	
17577	0	35444	37124	39368	39784	
17578	0	35449	37277	39164	39616	
17579	0	35356	37288	38848	39328	
17580	0	35298	37344	38624	39176	
17581	0	35380	37512	38440	38852	
17582	0	35352	37666	38112	38528	
17583	0	35308	37725	37900	38344	
17584	0	35320	37977	37652	37984	
17585	0	35272	37976	37336	37840	
17586	0	35416	37976	37040	37445	
17587	0	35305	37821	36690	37206	
17588	0	35637	38090	36356	36922	
17589	0	35884	38560	36018	36728	
17590	0	36340	38756	35708	36432	
17591	0	36110	39208	35364	36244	
17592	0	36074	39344	35005	35884	
17593	0	35680	40434	34668	35596	
17594	0	35240	40236	34324	35352	
17595	0	34918	41016	33968	35104	
17596	0	34577	41540	33608	34960	
17597	0	34660	42984	33240	34692	
17598	0	34118	44593	32858	34400	
17599	0	32784	46152	32482	34182	
17600	0	32158	45112	32073	33970	
17601	0	34000	44164	31780	33833	
17602	0	36332	44464	31377	33680	
17603	0	37744	42656	30980	33378	
17604	0	39152	41408	30662	33240	
17605	0	36420	41153	30352	33014	
17606	0	31433	39340	29966	32964	
17607	0	26640	36540	29664	32760	
17608	0	29748	34916	29344	32540	
17609	0	35326	34738	29020	32416	
17610	0	33248	36065	28714	32340	
17611	0	32344	36714	28412	32128	
17612	0	34860	31504	28125	32000	
17613	0	33476	33324	27844	31896	
17614	0	29668	35637	27558	31765	
17615	0	29620	34872	27276	31652	
17616	0	30520	34476	27052	31540	
17617	0	30428	34832	26801	31420	
17618	0	30544	34992	26554	31371	
17619	0	31776	34912	26296	31216	
17620	0	32457	34738	26080	31096	
17621	0	32900	35001	25864	31012	
17622	0	32906	35144	25652	30900	
17623	0	32848	35760	25405	30808	
17624	0	32646	36448	25240	30669	
17625	0	32964	37052	24968	30528	
17626	0	33248	37176	24824	30416	
17627	0	33496	37532	24586	30308	
17628	0	33480	38600	24474	30200	
17629	0	33716	39564	24242	30048	
17630	0	34168	40348	24072	29978	
17631	0	34904	40632	23920	29808	
17632	0	35562	41306	23761	29688	
17633	0	36228	42018	23540	29556	
17634	0	37336	42386	23433	29476	
17635	0	38704	42708	23288	29329	
17636	0	40224	42889	23109	29216	
17637	0	41978	42900	22952	29104	
17638	0	43769	42540	22800	29001	
17639	0	45076	41840	22609	28872	
17640	0	45672	39804	22512	28872	
17641	0	49024	37276	22361	28704	
17642	0	53632	34480	22192	28660	
17643	0	52904	33518	21992	28541	
17644	0	46350	42684	21793	28504	
17645	0	48013	36340	21694	28421	
17646	0	39104	41849	21496	28348	
17647	0	10610	45760	21306	28302	
17648	0	28630	35208	21142	28269	
17649	0	43594	38500	20969	28160	
17650	0	44496	38148	20720	28176	
17651	0	45988	41200	20584	28184	
17652	0	33656	37546	20400	28086	
17653	0	37220	37620	20228	28048	
17654	0	39272	35236	20073	28008	
17655	0	34864	38080	19866	27961	
17656	0	34508	36500	19638	27940	
17657	0	33516	38136	19432	27896	
17658	0	33789	37644	19298	27816	
17659	0	34738	37352	19076	27784	
17660	0	34722	37333	18939	27733	
17661	0	34192	37608	18770	27664	
17662	0	34385	37444	18606	27609	
17663	0	34820	37164	18445	27554	
17664	0	35056	37024	18292	27481	
17665	0	34988	37101	18173	27457	
17666	0	34977	37008	18024	27426	
17667	0	35338	36856	17904	27276	
17668	0	34308	37270	17809	27208	
17669	0	35404	37201	17684	27248	
17670	0	34676	37492	17582	27188	
17671	0	34540	37620	17528	27136	
17672	0	34040	37733	17462	27048	
17673	0	35224	37076	17434	26945	
17674	0	34920	37268	17396	26968	
17675	0	35106	37040	17348	26948	
17676	0	35386	37104	17326	26828	
17677	0	35137	37088	17299	26797	
17678	0	35296	37052	17293	26720	
17679	0	35288	37148	17272	26638	
17680	0	35440	37260	17265	26542	
17681	0	35369	37372	17284	26419	
17682	0	35386	37276	17330	26349	
17683	0	35096	37328	17356	26228	
17684	0	35274	37196	17388	26112	
17685	0	35244	37306	17417	26016	
17686	0	35344	37172	17428	25888	
17687	0	35544	37136	17440	25752	
17688	0	35504	37192	17472	25616	
17689	0	35504	37272	17484	25444	
17690	0	35456	37406	17561	25300	
17691	0	35312	37344	17596	25212	
17692	0	35494	37512	17570	24989	
17693	0	35360	37676	17644	24918	
17694	0	35376	37760	17597	24780	
17695	0	35365	37834	17656	24660	
17696	0	35352	37945	17688	24512	
17697	0	35288	38028	17654	24412	
17698	0	35226	37893	17665	24180	
17699	0	35108	38088	17672	24054	
17700	0	35488	38792	17685	23940	
17701	0	36186	39780	17696	23832	
17702	0	36068	40312	17600	23736	
17703	0	36288	40904	17626	23584	
17704	0	35672	41140	17600	23422	
17705	0	35044	41716	17550	23380	
17706	0	34288	42780	17517	23250	
17707	0	33972	44640	17493	23166	
17708	0	33416	47200	17404	23064	
17709	0	32909	45872	17332	22934	
17710	0	34968	45088	17264	22848	
17711	0	36328	44021	17203	22785	
17712	0	38482	43090	17108	22764	
17713	0	38936	42212	17012	22690	
17714	0	35455	41264	16872	22610	
17715	0	29908	39361	16790	22530	
17716	0	26048	36630	16692	22552	
17717	0	30785	34612	16592	22497	
17718	0	35104	34489	16492	22520	
17719	0	32224	37908	16356	22544	
17720	0	35417	30348	16293	22474	
17721	0	35904	33224	16144	22540	
17722	0	32004	33596	16073	22472	
17723	0	28720	35816	15960	22520	
17724	0	30000	34508	15848	22508	
17725	0	30642	34144	15762	22572	
17726	0	30084	34600	15631	22613	
17727	0	30820	34748	15534	22674	
17728	0	31912	34682	15425	22748	
17729	0	32416	34632	15342	22800	
17730	0	32592	34936	15248	22774	
17731	0	32616	35336	15139	22888	
17732	0	32592	35947	15053	22872	
17733	0	32644	36548	14966	22948	
17734	0	33032	36802	14877	22966	
17735	0	33300	37104	14805	22922	
17736	0	33452	37996	14698	23018	
17737	0	33560	38736	14649	23004	
17738	0	33728	39728	14612	22987	
17739	0	34657	40404	14551	23020	
17740	0	35024	40632	14508	23028	
17741	0	35944	41504	14482	22968	
17742	0	36556	42128	14424	23063	
17743	0	37636	42740	14347	23044	
17744	0	39196	43288	14360	22986	
17745	0	41248	43484	14324	23056	
17746	0	43196	43344	14306	22977	
17747	0	44713	44892	14252	22984	
17748	0	47444	39372	14254	22916	
17749	0	45316	38856	14248	22957	
17750	0	49081	35166	14245	23010	
17751	0	52920	34000	14224	23005	
17752	0	49776	37664	14228	23032	
17753	0	50140	35660	14203	23001	
17754	0	44108	41404	14245	22896	
17755	0	29004	42764	14284	23022	
17756	0	16182	39548	14320	22920	
17757	0	35280	37448	14356	23080	
17758	0	49686	37720	14384	23100	
17759	0	46224	42429	14380	23102	
17760	0	33436	38396	14385	23129	
17761	0	35472	39008	14456	23188	
17762	0	40316	34100	14522	23237	
17763	0	34688	38554	14604	23226	
17764	0	34784	36820	14672	23332	
17765	0	34572	37176	14776	23397	
17766	0	33918	37624	14846	23464	
17767	0	34412	37476	14939	23443	
17768	0	34648	37364	15022	23660	
17769	0	34748	37248	15180	23696	
17770	0	34500	37593	15297	23853	
17771	0	34524	37512	15448	23950	
17772	0	34574	37304	15608	24114	
17773	0	34553	37240	15748	24246	
17774	0	34748	37221	15966	24336	
17775	0	34824	37280	16152	24508	
17776	0	34508	37216	16308	24705	
17777	0	34773	37180	16550	24892	
17778	0	34664	37280	16808	25034	
17779	0	34552	37624	17032	25236	
17780	0	34665	37496	17305	25440	
17781	0	34944	37372	17572	25576	
17782	0	34548	37360	17821	25809	
17783	0	34376	37216	18150	25925	
17784	0	35048	37022	18436	26052	
17785	0	34900	37032	18764	26272	
17786	0	34988	37372	19058	26413	
17787	0	35272	37120	19420	26557	
17788	0	35280	37284	19748	26688	
17789	0	35288	37172	20100	26836	
17790	0	34692	37426	20449	27012	
17791	0	35144	37304	20778	27064	
17792	0	35025	37320	21192	27184	
17793	0	35360	37168	21588	27256	
17794	0	35130	37176	21991	27352	
17795	0	35333	37336	22320	27466	
17796	0	35282	37280	22806	27497	
17797	0	35454	37336	23168	27564	
17798	0	35458	37264	23586	27608	
17799	0	35328	37344	24040	27668	
17800	0	35229	37484	24460	27706	
17801	0	35117	37556	24876	27724	
17802	0	35145	37613	25248	27752	
17803	0	35376	37788	25720	27784	
17804	0	35104	37792	26136	27862	
17805	0	35300	37956	26560	27884	
17806	0	35236	37700	26936	27920	
17807	0	35408	37956	27424	27916	
17808	0	35621	38648	27832	27952	
17809	0	36048	39476	28247	27997	
17810	0	36128	40214	28669	28059	
17811	0	36561	40544	29065	28144	
17812	0	36036	41400	29424	28144	
17813	0	35018	41496	29824	28244	
17814	0	34784	42248	30276	28257	
17815	0	34848	43252	30692	28325	
17816	0	34406	45148	31037	28433	
17817	0	33017	46400	31448	28489	
17818	0	33265	44688	31802	28576	
17819	0	34592	44152	32240	28637	
17820	0	35620	44388	32596	28716	
17821	0	39230	43168	33024	28804	
17822	0	38992	41640	33388	28880	
17823	0	34909	40196	33758	28978	
17824	0	30001	38224	34112	29092	
17825	0	26900	35880	34514	29190	
17826	0	32613	34602	34916	29309	
17827	0	34220	34226	35324	29409	
17828	0	31298	37684	35658	29529	
17829	0	33748	34624	36114	29642	
17830	0	34868	30118	36401	29769	
17831	0	33632	33252	36868	29920	
17832	0	30215	34808	37162	30032	
17833	0	29957	33568	37568	30176	
17834	0	30786	33937	37968	30309	
17835	0	30397	33810	38288	30461	
17836	0	31142	34352	38688	30556	
17837	0	31421	34560	39064	30743	
17838	0	32176	34528	39434	30872	
17839	0	32673	34753	39794	31017	
17840	0	32660	35056	40152	31146	
17841	0	32812	35692	40592	31226	
17842	0	32856	36024	40861	31361	
17843	0	33122	36502	41226	31558	
17844	0	33432	36762	41548	31624	
17845	0	33656	37170	41909	31813	
17846	0	34036	37868	42272	31928	
17847	0	33816	38656	42600	32056	
17848	0	34252	39520	42880	32150	
17849	0	34640	40188	43156	32342	
17850	0	35137	40528	43540	32509	
17851	0	35860	41200	43764	32577	
17852	0	36648	41717	44120	32713	
17853	0	37540	42112	44324	32840	
17854	0	38596	42460	44616	32960	
17855	0	39921	42746	44893	33100	
17856	0	41232	42870	45228	33184	
17857	0	42932	42604	45492	33336	
17858	0	44376	42056	45740	33460	
17859	0	45500	40096	45972	33636	
17860	0	48330	37096	46248	33709	
17861	0	52528	35348	46468	33824	
17862	0	52516	33544	46756	33940	
17863	0	45228	41516	46992	34042	
17864	0	46252	37928	47236	34144	
17865	0	41424	41424	47448	34284	
17866	0	13536	44660	47720	34412	
17867	0	20546	37816	47928	34504	
17868	0	42868	37524	48140	34696	
17869	0	45114	38305	48350	34770	
17870	0	48948	48418	48568	34844	
17871	0	37836	35364	48816	34954	
17872	0	34208	41489	49048	35072	
17873	0	38728	34648	49232	35193	
17874	0	34584	37568	49437	35305	
17875	0	34281	37368	49547	35396	
17876	0	34808	36780	49724	35526	
17877	0	33968	37722	49937	35628	
17878	0	34528	37307	50169	35748	
17879	0	34740	37284	50292	35836	
17880	0	34698	37392	50536	35932	
17881	0	34436	37600	50696	36042	
17882	0	34346	37584	50884	36145	
17883	0	34508	37440	50996	36296	
17884	0	34638	37292	51192	36380	
17885	0	34780	37296	51338	36512	
17886	0	34660	37358	51544	36612	
17887	0	34788	37400	51688	36704	
17888	0	34716	37408	51793	36852	
17889	0	34816	37324	51956	36912	
17890	0	34454	37672	52192	36908	
17891	0	35088	37230	52282	37133	
17892	0	35284	37104	52425	37248	
17893	0	35116	36978	52592	37369	
17894	0	35264	36848	52692	37500	
17895	0	34824	36812	52808	37548	
17896	0	34864	37276	53016	37664	
17897	0	34642	37324	53120	37738	
17898	0	35514	37156	53172	37856	
17899	0	35152	37280	53260	37993	
17900	0	35520	36912	53440	38040	
17901	0	34924	36884	53432	38148	
17902	0	35648	37584	53481	38262	
17903	0	35402	36936	53616	38354	
17904	0	35376	37192	53660	38464	
17905	0	35412	37208	53616	38536	
17906	0	35546	37352	53648	38632	
17907	0	35377	37492	53708	38776	
17908	0	35289	37474	53728	38870	
17909	0	35349	37432	53688	38992	
17910	0	35372	37384	53680	39136	
17911	0	35312	37548	53704	39192	
17912	0	35386	37753	53616	39362	
17913	0	35376	38024	53624	39448	
17914	0	35392	38128	53468	39592	
17915	0	35424	38060	53460	39666	
17916	0	35372	38124	53348	39802	
17917	0	35380	37888	53248	39938	
17918	0	35348	38005	53120	40090	
17919	0	35564	38316	53092	40281	
17920	0	35732	39172	52924	40356	
17921	0	35992	39900	52832	40472	
17922	0	35744	40604	52664	40608	
17923	0	35116	40936	52474	40772	
17924	0	34632	41536	52328	40957	
17925	0	34184	42960	52168	41108	
17926	0	33352	44104	52064	41261	
17927	0	32788	45992	51884	41344	
17928	0	33032	46176	51672	41492	
17929	0	34644	45016	51536	41680	
17930	0	35900	44832	51344	41796	
17931	0	36052	44040	51137	41932	
17932	0	38768	42060	50968	42048	
17933	0	36302	40980	50752	42170	
17934	0	32232	39890	50665	42285	
17935	0	27040	36976	50472	42400	
17936	0	27896	34920	50256	42497	
17937	0	35214	34600	50116	42572	
17938	0	33152	35368	49996	42648	
17939	0	30768	38057	49832	42736	
17940	0	32204	30540	49632	42768	
17941	0	34996	33028	49556	42828	
17942	0	29800	34424	49300	42873	
17943	0	28592	35716	49200	42900	
17944	0	30308	34649	49016	42872	
17945	0	30288	34728	48920	42866	
17946	0	30388	35008	48724	42848	
17947	0	31408	34976	48584	42816	
17948	0	31696	35092	48448	42768	
17949	0	32068	35256	48336	42740	
17950	0	32264	35552	48136	42636	
17951	0	32480	35965	47980	42568	
17952	0	32668	36436	47900	42482	
17953	0	33044	36800	47704	42384	
17954	0	33428	37300	47552	42248	
17955	0	33540	37856	47424	42089	
17956	0	33504	38688	47204	41952	
17957	0	33756	39592	47060	41764	
17958	0	34132	40276	46912	41608	
17959	0	34714	40716	46752	41432	
17960	0	35640	41508	46576	41253	
17961	0	36321	42002	46412	41032	
17962	0	37136	42584	46260	40841	
17963	0	38584	43000	46112	40648	
17964	0	40289	43506	45930	40456	
17965	0	42224	43780	45768	40288	
17966	0	44496	43552	45516	40084	
17967	0	46136	42024	45332	39890	
17968	0	46848	39952	45176	39692	
17969	0	52376	35552	44948	39490	
17970	0	55004	34520	44736	39276	
17971	0	52536	35832	44560	39056	
17972	0	47376	42384	44273	38880	
17973	0	48548	36236	44064	38688	
17974	0	33836	40320	43868	38481	
17975	0	9668	44772	43540	38285	
17976	0	31064	34770	43320	38085	
17977	0	42324	38916	43096	37917	
17978	0	44653	39432	42784	37684	
17979	0	45612	31120	42632	37524	
17980	0	35680	38344	42253	37312	
17981	0	38624	36992	41992	37096	
17982	0	37780	35336	41724	36936	
17983	0	33989	37852	41442	36724	
17984	0	34576	36880	41192	36556	
17985	0	33877	37817	40892	36309	
17986	0	34312	37704	40609	36112	
17987	0	34592	37472	40350	35912	
17988	0	34706	37372	40081	35768	
17989	0	34596	37345	39828	35524	
17990	0	34468	37460	39608	35332	
17991	0	34736	37289	39384	35172	
17992	0	34488	37266	39048	34981	
17993	0	34752	37316	38793	34788	
17994	0	35156	37184	38592	34618	
17995	0	34568	37248	38300	34418	
17996	0	34618	37256	38016	34246	
17997	0	34789	37166	37716	34065	
17998	0	35716	37216	37448	33970	
17999	0	34980	37456	37224	33760	
18000	0	34616	37460	36923	33622	
18001	0	35009	37072	36724	33462	
18002	0	34552	37168	36388	33252	
18003	0	35016	36920	36132	33120	
18004	0	35156	37098	35908	32948	
18005	0	35524	37072	35668	32829	
18006	0	35440	37004	35352	32605	
18007	0	35694	36786	35040	32444	
18008	0	34698	37406	34810	32262	
18009	0	35810	37160	34492	32144	
18010	0	35432	37130	34188	31904	
18011	0	35312	36920	33933	31757	
18012	0	35386	37186	33608	31524	
18013	0	35416	37060	33316	31342	
18014	0	35570	37320	33012	31188	
18015	0	35485	37204	32744	30940	
18016	0	35625	37424	32396	30778	
18017	0	35648	37502	32098	30514	
18018	0	35473	37536	31796	30372	
18019	0	35392	37664	31458	30168	
18020	0	35316	37848	31138	29896	
18021	0	35289	38064	30810	29696	
18022	0	35328	38205	30452	29504	
18023	0	35424	38144	30138	29325	
18024	0	35381	37968	29818	29144	
18025	0	35669	38210	29477	28972	
18026	0	36008	38688	29128	28857	
18027	0	36132	39308	28780	28638	
18028	0	36193	39832	28396	28492	
18029	0	36052	40952	28009	28340	
18030	0	35944	41337	27688	28219	
18031	0	35212	41708	27289	28088	
18032	0	34481	42333	26912	27981	
18033	0	34036	44317	26589	27872	
18034	0	33344	46376	26178	27768	
18035	0	32160	46196	25818	27772	
18036	0	34202	44896	25472	27622	
18037	0	37338	43517	25025	27564	
18038	0	36060	43892	24708	27512	
18039	0	40112	41836	24338	27456	
18040	0	37104	41916	23926	27421	
18041	0	33012	40384	23605	27408	
18042	0	27108	38012	23209	27412	
18043	0	26704	35244	22842	27400	
18044	0	35236	33192	22529	27413	
18045	0	34762	34868	22126	27498	
18046	0	33492	36912	21756	27466	
18047	0	34592	27288	21428	27508	
18048	0	35820	34128	21041	27529	
18049	0	31396	33728	20692	27600	
18050	0	28516	35217	20331	27604	
18051	0	30596	34128	19945	27692	
18052	0	30217	34002	19634	27692	
18053	0	29885	34412	19322	27800	
18054	0	30884	34640	18986	27883	
18055	0	31816	34584	18582	27990	
18056	0	32722	34605	18310	28005	
18057	0	32997	34896	17972	28080	
18058	0	33232	35304	17637	27992	
18059	0	33132	35970	17275	28164	
18060	0	33090	36617	17030	28176	
18061	0	33233	37008	16694	28201	
18062	0	33554	37336	16401	28260	
18063	0	33492	38090	16118	28251	
18064	0	33668	38668	15821	28233	
18065	0	33775	39536	15549	28342	
18066	0	34300	40177	15256	28353	
18067	0	34884	40570	14976	28304	
18068	0	35388	41198	14701	28360	
18069	0	36488	41968	14390	28356	
18070	0	37312	42634	14176	28320	
18071	0	38576	43356	13856	28378	
18072	0	39856	43600	13599	28376	
18073	0	41890	43544	13385	28356	
18074	0	44341	43376	13136	28352	
18075	0	45906	42065	12874	28329	
18076	0	46381	39452	12636	28132	
18077	0	49424	35988	12362	28334	
18078	0	53320	32060	12173	28321	
18079	0	51400	33300	11908	28113	
18080	0	43868	42520	11765	28186	
18081	0	46728	36616	11491	28385	
18082	0	41082	39828	11331	28386	
18083	0	17453	44068	11156	28208	
18084	0	21314	39346	10956	28336	
18085	0	44624	35722	10828	28448	
18086	0	45073	26738	10586	28489	
18087	0	43440	31704	10459	28509	
18088	0	35593	40036	10252	28336	
18089	0	39380	35292	10131	28332	
18090	0	37250	35681	9986	28604	
18091	0	33824	38212	9840	28665	
18092	0	34820	36541	9714	28464	
18093	0	34340	37736	9601	28676	
18094	0	34680	37336	9530	28856	
18095	0	34736	37404	9467	28885	
18096	0	34684	37404	9352	28964	
18097	0	34529	37472	9264	29056	
18098	0	34400	37641	9245	29172	
18099	0	34444	37428	9187	29045	
18100	0	34820	37272	9112	29369	
18101	0	34896	37288	9152	29477	
18102	0	34712	37228	9093	29616	
18103	0	34880	37216	9120	29700	
18104	0	34678	37453	9193	29876	
18105	0	34932	37192	9239	29972	
18106	0	34460	37476	9330	30122	
18107	0	35416	37104	9329	30232	
18108	0	35132	37168	9465	30374	
18109	0	34868	37085	9615	30452	
18110	0	36308	36520	9755	30585	
18111	0	35128	37012	9857	30672	
18112	0	35832	36804	9975	30764	
18113	0	35544	37040	10157	30773	
18114	0	35595	37019	10317	30920	
18115	0	35488	37188	10490	30900	
18116	0	35277	37260	10676	31057	
18117	0	34958	37636	10867	31120	
18118	0	35408	37092	11052	31156	
18119	0	35553	37480	11256	31136	
18120	0	35676	36996	11436	31084	
18121	0	35520	37106	11681	31176	
18122	0	35706	37168	11874	31130	
18123	0	35896	37024	12068	31120	
18124	0	35760	37108	12273	31072	
18125	0	35584	37144	12494	31028	
18126	0	35572	37105	12688	30978	
18127	0	35504	37273	12896	30948	
18128	0	35508	37314	13121	30880	
18129	0	35368	37712	13306	30825	
18130	0	35516	37892	13444	30732	
18131	0	35588	37976	13650	30680	
18132	0	35600	37956	13824	30608	
18133	0	35549	37708	13960	30392	
18134	0	35544	37708	14071	30520	
18135	0	35762	38140	14298	30424	
18136	0	36020	38632	14364	30352	
18137	0	36361	39240	14550	30315	
18138	0	36088	40304	14682	30252	
18139	0	36032	40424	14788	29988	
18140	0	35440	40600	14896	30114	
18141	0	35008	41836	14944	30152	
18142	0	34642	43448	15040	30068	
18143	0	34556	44741	15221	30028	
18144	0	33013	45936	15276	29928	
18145	0	33898	44514	15324	30010	
18146	0	35124	43776	15459	30018	
18147	0	36940	43920	15510	30008	
18148	0	39184	42472	15600	29992	
18149	0	38696	41528	15670	30028	
18150	0	35941	40225	15738	30040	
18151	0	31752	38732	15832	30088	
18152	0	28154	36520	15938	30128	
18153	0	30564	35338	15984	30196	
18154	0	35252	34661	16136	30216	
18155	0	34080	35390	16257	30328	
18156	0	31828	37648	16368	30429	
18157	0	32988	30533	16532	30558	
18158	0	35244	33522	16649	30477	
18159	0	31108	34116	16824	30735	
18160	0	29721	35148	16984	30864	
18161	0	30640	34593	17214	30996	
18162	0	30548	34490	17396	31106	
18163	0	30664	34497	17609	31180	
18164	0	31318	34657	17851	31164	
18165	0	32058	34644	18027	31488	
18166	0	32401	34548	18328	31445	
18167	0	32832	34653	18556	31720	
18168	0	32856	35008	18818	31856	
18169	0	32704	35588	19154	31946	
18170	0	32624	36164	19489	32092	
18171	0	32804	36728	19794	32169	
18172	0	32998	37000	20088	32280	
18173	0	33240	37451	20457	32248	
18174	0	33493	38274	20773	32492	
18175	0	33579	39057	21192	32576	
18176	0	33932	39952	21568	32650	
18177	0	34692	40440	21932	32771	
18178	0	35528	41000	22313	32835	
18179	0	36282	41588	22808	32948	
18180	0	37192	42016	23194	33053	
18181	0	38890	42412	23626	33133	
18182	0	40884	42940	24068	33232	
18183	0	43136	42877	24520	33306	
18184	0	45188	42552	24922	33440	
18185	0	46432	41464	25416	33547	
18186	0	47380	39285	25920	33674	
18187	0	47908	36746	26392	33752	
18188	0	51700	32549	26865	33858	
18189	0	48601	35749	27316	33996	
18190	0	51616	37568	27726	34148	
18191	0	47460	38192	28184	34269	
18192	0	38788	41628	28664	34408	
18193	0	9904	44784	29105	34569	
18194	0	32672	33386	29580	34704	
18195	0	45816	37589	30028	34948	
18196	0	44780	40840	30468	35044	
18197	0	42340	31073	30902	35164	
18198	0	41304	38224	31350	35416	
18199	0	37532	36625	31768	35572	
18200	0	36896	36108	32195	35680	
18201	0	34120	38020	32642	35882	
18202	0	34474	36868	33088	36137	
18203	0	34224	37424	33504	36192	
18204	0	34160	37560	33908	36492	
18205	0	34704	37300	34306	36613	
18206	0	34864	37224	34721	36832	
18207	0	34612	37340	35136	36921	
18208	0	34592	37465	35560	37210	
18209	0	34506	37461	35973	37320	
18210	0	34588	37412	36397	37508	
18211	0	34645	37418	36812	37794	
18212	0	34660	37332	37322	37992	
18213	0	34680	37284	37668	38112	
18214	0	34876	37296	38088	38372	
18215	0	34476	37466	38488	38560	
18216	0	35001	37284	38912	38728	
18217	0	34848	37216	39384	38912	
18218	0	35192	37304	39756	38980	
18219	0	35068	37120	40148	39232	
18220	0	35228	36964	40576	39428	
18221	0	34968	37128	40980	39529	
18222	0	34968	37256	41384	39732	
18223	0	35348	37340	41784	39882	
18224	0	35424	37280	42180	39920	
18225	0	35360	37248	42604	40109	
18226	0	35318	37184	42953	40284	
18227	0	35220	37220	43425	40364	
18228	0	35248	37144	43696	40508	
18229	0	35208	37013	44040	40596	
18230	0	35128	37064	44436	40692	
18231	0	35472	37128	44705	40749	
18232	0	35408	37000	45088	40892	
18233	0	35616	37081	45340	40960	
18234	0	35636	37124	45652	41040	
18235	0	35536	37226	45962	41180	
18236	0	35620	37312	46232	41276	
18237	0	35584	37145	46564	41362	
18238	0	35496	37236	46768	41400	
18239	0	35388	37376	47088	41532	
18240	0	35640	37504	47280	41584	
18241	0	35590	37682	47492	41689	
18242	0	35556	38000	47756	41780	
18243	0	35704	37948	47970	41878	
18244	0	35814	37932	48194	41988	
18245	0	35624	37809	48313	42064	
18246	0	35720	37872	48540	42145	
18247	0	35826	38620	48657	42258	
18248	0	36200	39424	48824	42368	
18249	0	36448	40592	48928	42478	
18250	0	36060	40704	49136	42572	
18251	0	35420	41276	49204	42656	
18252	0	34884	42096	49368	42736	
18253	0	34010	43424	49424	42804	
18254	0	32896	45408	49556	42896	
18255	0	32608	47024	49600	42948	
18256	0	33842	46156	49684	43008	
18257	0	33680	45096	49716	43052	
18258	0	38216	45212	49832	43120	
18259	0	40608	42396	49852	43140	
18260	0	38020	42400	50002	43189	
18261	0	34496	41636	50028	43188	
18262	0	28424	39508	50120	43224	
18263	0	24504	36992	50149	43200	
18264	0	32304	32828	50250	43220	
18265	0	38753	34384	50304	43184	
18266	0	33172	37976	50393	43160	
18267	0	35514	36256	50392	43113	
18268	0	34698	29140	50544	43072	
18269	0	33117	34108	50600	43024	
18270	0	30738	35257	50676	42956	
18271	0	28829	34548	50732	42884	
18272	0	30424	34260	50884	42800	
18273	0	29925	34954	50920	42684	
18274	0	30048	35002	51000	42584	
18275	0	31360	34876	51136	42488	
18276	0	32066	35032	51180	42340	
18277	0	32276	35226	51284	42226	
18278	0	32561	35348	51436	42100	
18279	0	32752	35569	51548	41896	
18280	0	32872	36026	51570	41752	
18281	0	33052	36664	51704	41612	
18282	0	33121	37216	51796	41369	
18283	0	33268	37635	51840	41200	
18284	0	33404	38156	51896	41092	
18285	0	33461	39088	52040	40880	
18286	0	34088	39760	52048	40692	
18287	0	34812	40344	52180	40416	
18288	0	35616	40844	52244	40316	
18289	0	36514	41488	52296	40032	
18290	0	37637	41901	52324	39896	
18291	0	39016	42244	52416	39740	
18292	0	40490	43108	52480	39444	
18293	0	42524	43212	52520	39250	
18294	0	44320	42824	52512	39040	
18295	0	46560	42129	52520	38848	
18296	0	47096	40340	52540	38668	
18297	0	48748	38096	52609	38468	
18298	0	52457	34377	52592	38308	
18299	0	50868	33864	52600	38076	
18300	0	47960	38676	52608	37952	
18301	0	46400	37432	52568	37728	
18302	0	42328	43548	52536	37715	
18303	0	11662	45160	52480	37500	
18304	0	27352	35992	52460	37292	
18305	0	43310	38256	52522	37232	
18306	0	49760	38336	52448	37140	
18307	0	43976	39048	52472	36980	
18308	0	38482	37634	52368	36916	
18309	0	37760	36388	52400	36808	
18310	0	39584	35456	52304	36680	
18311	0	34012	38260	52316	36616	
18312	0	34556	36936	52256	36528	
18313	0	33984	37652	52160	36416	
18314	0	34192	37676	52153	36376	
18315	0	34360	37532	52170	36301	
18316	0	34666	37308	52096	36314	
18317	0	34780	37156	52064	36284	
18318	0	34504	37408	52036	36217	
18319	0	34520	37216	51984	36220	
18320	0	34840	37264	51964	36189	
18321	0	34700	37300	52028	36248	
18322	0	34696	37344	51957	36096	
18323	0	35068	37064	51912	36256	
18324	0	34272	37457	51940	36232	
18325	0	34788	37460	51988	36340	
18326	0	34240	37768	51992	36308	
18327	0	34336	37714	51972	36344	
18328	0	35144	37144	51904	36296	
18329	0	35128	37002	51888	36458	
18330	0	34840	37268	51948	36388	
18331	0	35352	37057	51876	36549	
18332	0	35232	37152	51898	36624	
18333	0	35210	37308	51840	36660	
18334	0	35296	37234	51868	36632	
18335	0	35328	37256	51776	36657	
18336	0	35186	37296	51812	36864	
18337	0	35476	37192	51748	36848	
18338	0	35385	37132	51729	36897	
18339	0	35256	37250	51632	36956	
18340	0	35406	37276	51561	36996	
18341	0	35568	37456	51528	37084	
18342	0	35714	37236	51436	37066	
18343	0	35428	37432	51344	37100	
18344	0	35520	37454	51316	37144	
18345	0	35440	37648	51204	37190	
18346	0	35480	37618	51072	37208	
18347	0	35356	37752	50984	37252	
18348	0	35604	37913	50864	37302	
18349	0	35584	38056	50660	37288	
18350	0	35482	38280	50560	37440	
18351	0	35316	38144	50400	37412	
18352	0	35413	38274	50166	37426	
18353	0	35496	38788	50001	37424	
18354	0	35517	39764	49772	37495	
18355	0	36330	40256	49648	37520	
18356	0	36312	41240	49432	37512	
18357	0	35834	41700	49176	37533	
18358	0	35216	42472	48984	37548	
18359	0	33876	43840	48749	37545	
18360	0	33178	46224	48492	37560	
18361	0	32896	47652	48172	37512	
18362	0	33432	45640	47908	37580	
18363	0	36288	44992	47672	37506	
18364	0	37856	44437	47456	37564	
18365	0	40576	42616	47124	37513	
18366	0	36460	41880	46920	37508	
18367	0	31918	40708	46592	37424	
18368	0	27002	37376	46320	37360	
18369	0	29300	34768	46064	37364	
18370	0	37536	33184	45812	37266	
18371	0	32868	38336	45560	37200	
18372	0	31684	36652	45340	37124	
18373	0	36006	28374	45100	37060	
18374	0	32074	34928	44844	36994	
18375	0	30038	35580	44624	36900	
18376	0	29356	34701	44425	36808	
18377	0	30473	34146	44192	36740	
18378	0	30057	34540	43928	36624	
18379	0	30666	34716	43712	36496	
18380	0	31584	34797	43552	36384	
18381	0	32161	34892	43260	36272	
18382	0	32152	34993	43029	36144	
18383	0	32318	35086	42840	35992	
18384	0	32372	35458	42604	35860	
18385	0	32370	36050	42336	35698	
18386	0	32458	36464	42136	35532	
18387	0	32760	36656	41944	35368	
18388	0	33108	37028	41684	35184	
18389	0	33200	37776	41372	34998	
18390	0	33296	38642	41176	34818	
18391	0	33524	39280	40866	34621	
18392	0	34272	39840	40696	34432	
18393	0	34984	40288	40393	34236	
18394	0	35808	40724	40104	34048	
18395	0	36601	41356	39837	33844	
18396	0	37664	41925	39580	33664	
18397	0	38828	42601	39385	33472	
18398	0	40717	43312	39116	33278	
18399	0	42912	43716	38841	33088	
18400	0	45584	43248	38536	32904	
18401	0	47169	42056	38296	32712	
18402	0	48280	39648	38066	32557	
18403	0	50544	36649	37776	32368	
18404	0	54108	32956	37458	32200	
18405	0	48640	38176	37160	32028	
18406	0	48464	36561	36881	31900	
18407	0	45000	43516	36604	31756	
18408	0	26304	44594	36332	31573	
18409	0	12328	39244	36040	31432	
18410	0	36130	36100	35728	31292	
18411	0	51284	42290	35458	31179	
18412	0	38824	30432	35172	31035	
18413	0	36052	42970	34880	30913	
18414	0	39898	34324	34602	30818	
18415	0	38056	35872	34328	30717	
18416	0	34016	38053	33985	30564	
18417	0	34546	36849	33696	30488	
18418	0	34121	37576	33428	30376	
18419	0	34168	37510	33169	30244	
18420	0	34352	37388	32864	30156	
18421	0	34660	37381	32630	30064	
18422	0	34721	37136	32364	30002	
18423	0	34345	37708	32088	29894	
18424	0	34312	37608	31844	29816	
18425	0	34308	37601	31601	29790	
18426	0	34388	37448	31348	29730	
18427	0	34521	37344	31108	29597	
18428	0	34532	37324	30888	29576	
18429	0	34700	37337	30640	29484	
18430	0	34602	37384	30422	29488	
18431	0	34452	37641	30212	29349	
18432	0	34780	37304	29996	29296	
18433	0	35172	37329	29786	29276	
18434	0	34822	37449	29576	29236	
18435	0	34944	37036	29345	29117	
18436	0	34632	37224	29153	29040	
18437	0	35152	37180	28960	28972	
18438	0	35185	37188	28737	28898	
18439	0	35256	37156	28545	28824	
18440	0	35168	37192	28308	28745	
18441	0	35160	37232	28124	28708	
18442	0	35101	37248	27917	28532	
18443	0	35080	37364	27692	28444	
18444	0	35148	37064	27494	28334	
18445	0	35232	36988	27284	28208	
18446	0	35228	37132	27074	28165	
18447	0	35306	37136	26884	28004	
18448	0	35456	37272	26676	27844	
18449	0	35476	37184	26392	27800	
18450	0	35484	37288	26228	27588	
18451	0	35394	37368	25984	27462	
18452	0	35336	37448	25776	27332	
18453	0	35412	37512	25508	27196	
18454	0	35259	37560	25306	27048	
18455	0	35452	37684	25068	26976	
18456	0	35485	37932	24806	26792	
18457	0	35465	37949	24576	26738	
18458	0	35557	38132	24299	26524	
18459	0	35616	38081	24094	26397	
18460	0	35440	38208	23836	26291	
18461	0	35548	38592	23568	26173	
18462	0	35816	39364	23244	26072	
18463	0	35856	39812	23004	26024	
18464	0	35986	40404	22777	25860	
18465	0	35828	40738	22502	25748	
18466	0	35404	41501	22234	25636	
18467	0	34708	42434	21982	25592	
18468	0	33988	43824	21760	25532	
18469	0	33417	45674	21412	25396	
18470	0	33104	46145	21226	25317	
18471	0	36445	44080	20907	25272	
18472	0	35497	44420	20668	25181	
18473	0	37222	43312	20352	25144	
18474	0	38600	42144	20116	25068	
18475	0	36820	41298	19888	25004	
18476	0	33764	39328	19649	24932	
18477	0	29416	36952	19376	24894	
18478	0	28349	36032	19152	24868	
18479	0	34352	34441	18924	24769	
18480	0	33516	36160	18705	24804	
18481	0	30544	37688	18457	24777	
18482	0	33860	29566	18274	24781	
18483	0	34459	34388	18024	24724	
18484	0	31096	34460	17808	24776	
18485	0	30208	34836	17634	24740	
18486	0	31232	34148	17480	24706	
18487	0	30417	34428	17296	24700	
18488	0	30924	34597	17060	24668	
18489	0	31472	34802	16965	24700	
18490	0	31930	34892	16805	24705	
18491	0	32464	34802	16658	24664	
18492	0	32781	34765	16529	24601	
18493	0	32946	35004	16368	24606	
18494	0	32842	35544	16262	24560	
18495	0	32836	36059	16121	24463	
18496	0	33048	36632	16001	24456	
18497	0	33352	37136	15856	24412	
18498	0	33688	37288	15753	24347	
18499	0	33802	37948	15648	24224	
18500	0	33972	38827	15566	24208	
18501	0	34304	39504	15434	24076	
18502	0	34988	39968	15337	24049	
18503	0	35872	40417	15236	23932	
18504	0	36733	40880	15148	23906	
18505	0	37493	41320	15035	23710	
18506	0	38700	41624	14930	23668	
18507	0	40260	42416	14801	23672	
18508	0	41912	42945	14706	23512	
18509	0	43452	42744	14656	23412	
18510	0	45040	41856	14531	23378	
18511	0	46420	40420	14435	23340	
18512	0	46876	38421	14328	23264	
18513	0	48160	35892	14231	23208	
18514	0	49936	34416	14078	23129	
18515	0	48464	35616	14037	23108	
18516	0	46201	36993	13952	23064	
18517	0	45184	39684	13793	23006	
18518	0	40344	37044	13752	22979	
18519	0	21256	41864	13653	22810	
18520	0	13084	42281	13528	22920	
18521	0	42256	34736	13492	22880	
18522	0	43480	37688	13364	22944	
18523	0	42088	34533	13259	22912	
18524	0	41296	32112	13174	22934	
18525	0	34568	40112	13121	22884	
18526	0	39536	33676	13026	22952	
18527	0	34938	37612	12929	22972	
18528	0	34308	37180	12882	23040	
18529	0	34864	36992	12774	23090	
18530	0	34192	37664	12708	23184	
18531	0	34512	37468	12636	23206	
18532	0	34920	37273	12592	23166	
18533	0	34780	37280	12548	23298	
18534	0	34680	37400	12530	23496	
18535	0	34716	37476	12469	23609	
18536	0	34612	37386	12452	23702	
18537	0	34602	37388	12458	23828	
18538	0	34738	37366	12448	23948	
18539	0	35001	37093	12452	24065	
18540	0	34460	37348	12424	24203	
18541	0	35360	37184	12493	24450	
18542	0	35056	37240	12567	24616	
18543	0	34760	37512	12597	24705	
18544	0	34964	37412	12692	24924	
18545	0	34944	37232	12756	25048	
18546	0	35836	36812	12820	25092	
18547	0	34836	37312	12956	25348	
18548	0	35468	36764	13048	25588	
18549	0	34852	37000	13126	25752	
18550	0	35508	37068	13274	25765	
18551	0	35552	37064	13460	26116	
18552	0	35388	37140	13596	26261	
18553	0	35641	36996	13757	26372	
18554	0	35332	37088	13854	26568	
18555	0	35360	37114	14081	26690	
18556	0	35516	37052	14260	26829	
18557	0	35520	37106	14446	26953	
18558	0	35544	37008	14634	27116	
18559	0	35458	37236	14760	27253	
18560	0	35688	37130	15012	27424	
18561	0	35672	37220	15205	27517	
18562	0	35620	37236	15402	27725	
18563	0	35440	37316	15592	27800	
18564	0	35516	37440	15813	27973	
18565	0	35308	37802	15977	28069	
18566	0	35348	38172	16196	28284	
18567	0	35504	37924	16402	28256	
18568	0	35493	38056	16644	28516	
18569	0	35446	37908	16830	28742	
18570	0	35616	37805	17069	28902	
18571	0	35764	38480	17276	29088	
18572	0	36132	39082	17461	29264	
18573	0	36272	39408	17661	29332	
18574	0	36360	40652	17912	29600	
18575	0	36322	41020	18092	29784	
18576	0	35704	41780	18327	29980	
18577	0	34712	42820	18580	30176	
18578	0	35032	44052	18812	30376	
18579	0	33976	45924	19052	30552	
18580	0	33134	46280	19232	30753	
18581	0	35209	44892	19440	30994	
18582	0	36976	43488	19741	31140	
18583	0	38270	43161	19984	31354	
18584	0	39192	42176	20214	31557	
18585	0	36676	40984	20513	31754	
18586	0	33632	39532	20802	31984	
18587	0	29228	37264	21076	32160	
18588	0	28546	35480	21369	32376	
18589	0	33390	34852	21612	32620	
18590	0	32165	37788	21958	32812	
18591	0	32352	35805	22312	33040	
18592	0	34496	29060	22664	33212	
18593	0	32732	34408	23001	33452	
18594	0	30018	35804	23328	33645	
18595	0	29330	35824	23702	33832	
18596	0	29688	34222	24056	34040	
18597	0	29652	34676	24498	34264	
18598	0	30216	34806	24868	34472	
18599	0	31249	34797	25300	34632	
18600	0	32232	34712	25710	34808	
18601	0	32760	34784	26135	34906	
18602	0	32884	34912	26576	35056	
18603	0	32969	35458	27018	35178	
18604	0	32944	36234	27500	35272	
18605	0	32884	36540	27968	35413	
18606	0	33192	36808	28464	35468	
18607	0	33433	37181	28944	35620	
18608	0	33652	38026	29409	35628	
18609	0	33701	38872	29936	35668	
18610	0	33972	39728	30421	35756	
18611	0	34369	40144	30951	35834	
18612	0	34928	40704	31434	35752	
18613	0	35588	41440	31952	35832	
18614	0	36420	42028	32476	35768	
18615	0	37424	42840	32976	35850	
18616	0	39112	43364	33492	35746	
18617	0	41161	43492	34024	35820	
18618	0	43380	43040	34532	35769	
18619	0	45164	42156	35012	35820	
18620	0	46196	41081	35524	35804	
18621	0	47228	38616	36020	35668	
18622	0	51684	35096	36488	35657	
18623	0	53240	34608	37050	35684	
18624	0	52344	37536	37436	35712	
18625	0	49940	35600	37901	35688	
18626	0	41820	44653	38336	35656	
18627	0	16228	46593	38800	35632	
18628	0	24430	37225	39232	35661	
18629	0	44986	37004	39640	35708	
18630	0	49360	25126	40072	35681	
18631	0	36122	33472	40504	35728	
18632	0	33548	41404	40808	35760	
18633	0	41496	31869	41316	35796	
18634	0	35088	37700	41608	35824	
18635	0	34144	37509	41897	35864	
18636	0	34816	36834	42232	35928	
18637	0	33716	38040	42653	35972	
18638	0	34397	37284	42868	36032	
18639	0	34832	37197	43168	36090	
18640	0	34916	37099	43457	36180	
18641	0	34646	37308	43764	36244	
18642	0	34433	37564	44028	36324	
18643	0	34256	37588	44354	36404	
18644	0	34600	37332	44608	36512	
18645	0	34716	37260	44836	36597	
18646	0	34860	37160	45104	36680	
18647	0	35180	37136	45344	36836	
18648	0	34580	37332	45636	36876	
18649	0	35249	37200	45856	37033	
18650	0	34706	37408	46052	37075	
18651	0	35124	37333	46292	37184	
18652	0	34802	37172	46504	37288	
18653	0	35512	36876	46732	37402	
18654	0	35372	37132	46944	37410	
18655	0	35232	37080	47168	37504	
18656	0	35584	36944	47320	37568	
18657	0	34912	37222	47528	37684	
18658	0	35172	37158	47736	37734	
18659	0	35576	37160	47897	37808	
18660	0	35092	37280	48106	37868	
18661	0	35234	36968	48176	37976	
18662	0	35092	37548	48416	38072	
18663	0	35708	36988	48512	38132	
18664	0	35280	36852	48616	38188	
18665	0	35634	37089	48800	38276	
18666	0	35696	36924	48888	38288	
18667	0	35552	37320	48988	38416	
18668	0	35716	37020	49104	38488	
18669	0	35704	36996	49218	38548	
18670	0	35552	37172	49288	38624	
18671	0	35476	37276	49398	38712	
18672	0	35621	37456	49429	38816	
18673	0	35732	37444	49524	38956	
18674	0	35532	37984	49516	39049	
18675	0	35738	37949	49592	39192	
18676	0	35732	38012	49680	39293	
18677	0	35697	37944	49666	39432	
18678	0	35696	37614	49704	39464	
18679	0	35834	37880	49744	39588	
18680	0	36016	38176	49728	39798	
18681	0	36192	38884	49736	39932	
18682	0	36228	39297	49748	40064	
18683	0	36240	40248	49738	40180	
18684	0	36169	40817	49708	40248	
18685	0	36038	41642	49732	40376	
18686	0	35049	41884	49632	40512	
18687	0	34736	43532	49616	40652	
18688	0	34342	45476	49624	40760	
18689	0	34284	46440	49576	40892	
18690	0	34952	45660	49544	41016	
18691	0	36328	44456	49496	41120	
18692	0	36228	43172	49388	41256	
18693	0	36712	42268	49420	41380	
18694	0	35857	41064	49320	41488	
18695	0	33768	39825	49304	41576	
18696	0	30708	37476	49260	41680	
18697	0	29732	36416	49232	41800	
18698	0	33432	33233	49176	41901	
18699	0	32060	38688	49148	42000	
18700	0	33340	35840	49208	42088	
18701	0	34384	31284	49194	42184	
18702	0	33568	34414	49192	42272	
18703	0	30697	36100	49120	42378	
18704	0	29262	35640	49152	42448	
18705	0	30065	34844	49176	42513	
18706	0	30104	34780	49212	42608	
18707	0	30684	35304	49252	42653	
18708	0	31673	34818	49204	42716	
18709	0	32548	34620	49224	42768	
18710	0	33016	34769	49296	42825	
18711	0	32952	34788	49300	42848	
18712	0	32598	35460	49321	42896	
18713	0	32516	36100	49360	42910	
18714	0	32564	36625	49444	42904	
18715	0	32700	37108	49472	42897	
18716	0	32940	37404	49494	42924	
18717	0	32996	38092	49464	42896	
18718	0	33340	38733	49504	42874	
18719	0	33660	39648	49496	42836	
18720	0	34300	40240	49568	42788	
18721	0	35216	40832	49520	42752	
18722	0	36148	41500	49544	42688	
18723	0	37088	42145	49592	42614	
18724	0	38768	42480	49538	42556	
18725	0	40552	42904	49561	42482	
18726	0	42692	42668	49536	42424	
18727	0	44978	42536	49576	42336	
18728	0	46768	41624	49521	42256	
18729	0	48344	39789	49476	42194	
18730	0	49298	38033	49464	42120	
18731	0	52528	34649	49500	42040	
18732	0	53204	33169	49404	41968	
18733	0	47008	39160	49392	41896	
18734	0	49908	36586	49324	41825	
18735	0	44025	39853	49360	41769	
18736	0	19681	45204	49236	41700	
18737	0	19006	38676	49233	41640	
18738	0	35820	35260	49156	41576	
18739	0	44692	37778	49156	41528	
18740	0	45476	27476	49128	41468	
18741	0	33054	35513	49012	41441	
18742	0	34912	41424	48957	41398	
18743	0	43188	31540	48896	41369	
18744	0	33616	39636	48909	41332	
18745	0	34113	37044	48860	41316	
18746	0	33840	37274	48824	41288	
18747	0	33188	38112	48792	41296	
18748	0	34164	37316	48788	41280	
18749	0	34264	37470	48868	41272	
18750	0	34536	37372	48832	41308	
18751	0	34436	37408	48864	41316	
18752	0	34324	37396	48884	41339	
18753	0	34168	37558	48917	41366	
18754	0	34305	37504	48988	41388	
18755	0	34336	37528	49072	41416	
18756	0	34528	37316	49120	41444	
18757	0	34520	37364	49200	41492	
18758	0	32952	37088	49280	41528	
18759	0	34800	37396	49376	41528	
18760	0	33984	37601	49536	41572	
18761	0	35302	37385	49628	41589	
18762	0	34592	37472	49672	41608	
18763	0	34772	37332	49808	41624	
18764	0	34696	37273	49928	41640	
18765	0	35058	37040	50036	41640	
18766	0	35084	37162	50208	41648	
18767	0	35136	37196	50232	41652	
18768	0	35320	37186	50352	41596	
18769	0	35108	37314	50513	41588	
18770	0	35144	37196	50544	41540	
18771	0	35224	37217	50648	41538	
18772	0	35180	37257	50720	41433	
18773	0	35208	37112	50816	41421	
18774	0	35186	37224	50856	41364	
18775	0	35416	37344	50870	41240	
18776	0	35448	37328	50856	41201	
18777	0	35552	37432	50864	41120	
18778	0	35468	37384	50892	41016	
18779	0	35488	37366	50924	40921	
18780	0	35329	37417	50848	40740	
18781	0	35273	37677	50848	40624	
18782	0	35292	37732	50784	40489	
18783	0	35404	38072	50632	40388	
18784	0	35556	38200	50556	40245	
18785	0	35220	38433	50368	40162	
18786	0	35312	38112	50232	40020	
18787	0	35134	38100	50112	39834	
18788	0	35248	38292	49928	39744	
18789	0	35860	38916	49616	39608	
18790	0	35861	40256	49394	39356	
18791	0	36274	40868	49140	39228	
18792	0	35916	41800	48888	39028	
18793	0	35400	41680	48597	38836	
18794	0	34520	42680	48282	38653	
18795	0	33788	44516	47904	38461	
18796	0	32771	46984	47628	38320	
18797	0	31361	47472	47240	38032	
18798	0	33728	46057	46880	37880	
18799	0	35690	44824	46520	37626	
18800	0	37668	43177	46132	37392	
18801	0	38988	42676	45776	37184	
18802	0	36152	42568	45396	36937	
18803	0	31005	40309	45068	36672	
18804	0	26256	37514	44692	36450	
18805	0	26783	35929	44372	36200	
18806	0	34166	32440	43964	35920	
18807	0	32128	38916	43581	35684	
18808	0	35292	34746	43324	35452	
18809	0	35476	29904	42893	35152	
18810	0	34380	33645	42580	34924	
18811	0	29908	35816	42345	34684	
18812	0	30097	34388	41872	34412	
18813	0	30830	34092	41608	34140	
18814	0	30584	34352	41372	33870	
18815	0	30684	34368	40920	33632	
18816	0	31877	34413	40672	33360	
18817	0	32216	34460	40320	33077	
18818	0	32288	34520	40044	32792	
18819	0	32773	34621	39720	32530	
18820	0	32692	35144	39424	32216	
18821	0	32716	35677	39106	31932	
18822	0	32669	36380	38928	31664	
18823	0	32816	36853	38560	31340	
18824	0	33240	36998	38268	31020	
18825	0	33353	37781	38084	30704	
18826	0	33128	38948	37700	30397	
18827	0	33352	39680	37472	30088	
18828	0	34056	40464	37180	29801	
18829	0	34813	40741	36928	29496	
18830	0	35936	41284	36617	29168	
18831	0	37012	42058	36344	28848	
18832	0	38344	42628	36076	28504	
18833	0	40112	43512	35822	28200	
18834	0	42148	43900	35533	27896	
18835	0	44496	43636	35265	27616	
18836	0	47004	46932	34985	27277	
18837	0	48420	38596	34704	26980	
18838	0	48368	39946	34388	26726	
18839	0	52692	34208	34097	26448	
18840	0	51306	35972	33780	26172	
18841	0	50912	37688	33468	25897	
18842	0	47936	36384	33148	25648	
18843	0	36620	44256	32876	25376	
18844	0	12449	43716	32530	25165	
18845	0	28136	37680	32194	24936	
18846	0	44232	36264	31838	24736	
18847	0	49536	29041	31520	24497	
18848	0	35154	33400	31182	24292	
18849	0	33076	41740	30818	24128	
18850	0	38760	34492	30444	23964	
18851	0	36540	36472	30094	23780	
18852	0	33770	38017	29718	23653	
18853	0	34552	36928	29356	23492	
18854	0	34578	37244	28970	23368	
18855	0	33944	37728	28637	23241	
18856	0	34552	37232	28268	23120	
18857	0	34638	37432	27852	23008	
18858	0	34532	37376	27512	22912	
18859	0	34361	37396	27161	22828	
18860	0	34317	37436	26770	22748	
18861	0	34488	37524	26457	22660	
18862	0	34352	37521	26141	22597	
18863	0	34512	37553	25726	22526	
18864	0	34586	37544	25473	22464	
18865	0	34469	37612	25136	22404	
18866	0	34630	37492	24816	22352	
18867	0	35360	37365	24517	22288	
18868	0	34024	37820	24246	22217	
18869	0	35196	37410	23936	22165	
18870	0	35120	37000	23674	22082	
18871	0	35925	37088	23373	22010	
18872	0	34994	37152	23156	21960	
18873	0	35284	37140	22944	21842	
18874	0	35320	37184	22682	21750	
18875	0	35296	37110	22498	21664	
18876	0	35098	37168	22292	21572	
18877	0	35130	37188	22060	21476	
18878	0	35176	37144	21904	21318	
18879	0	35196	37176	21669	21210	
18880	0	35200	37092	21544	21080	
18881	0	35552	36976	21320	20913	
18882	0	35521	37160	21177	20790	
18883	0	35716	37204	21045	20648	
18884	0	35512	37268	20802	20468	
18885	0	35432	37476	20661	20327	
18886	0	35392	37600	20500	20196	
18887	0	35408	37612	20385	20000	
18888	0	35372	37640	20207	19862	
18889	0	35420	37844	20092	19690	
18890	0	35408	38124	19880	19480	
18891	0	35485	38244	19722	19332	
18892	0	35321	38484	19584	19172	
18893	0	35492	38168	19420	19008	
18894	0	35276	38329	19268	18876	
18895	0	35576	38804	19104	18696	
18896	0	35812	39860	18912	18528	
18897	0	36116	40532	18674	18390	
18898	0	36073	41776	18484	18256	
18899	0	35616	41812	18343	18147	
18900	0	35356	42304	18146	18000	
18901	0	34356	44004	17900	17866	
18902	0	34256	46164	17696	17792	
18903	0	33200	47856	17513	17684	
18904	0	34480	46188	17306	17576	
18905	0	36565	44604	17044	17488	
18906	0	36697	44212	16906	17380	
18907	0	39168	42064	16714	17321	
18908	0	36806	42184	16437	17264	
18909	0	33228	40572	16233	17216	
18910	0	29742	36816	16038	17154	
18911	0	29752	34972	15835	17123	
18912	0	32320	34984	15592	17090	
18913	0	33769	36568	15360	17080	
18914	0	35186	31624	15216	17081	
18915	0	36112	31528	14960	17056	
18916	0	30628	35136	14729	17108	
18917	0	29428	35512	14606	17098	
18918	0	30054	33816	14387	17077	
18919	0	30464	33852	14247	17120	
18920	0	30386	34008	14080	17184	
18921	0	31348	34397	13934	17216	
18922	0	32236	34588	13727	17250	
18923	0	32600	34208	13640	17278	
18924	0	32728	34760	13501	17280	
18925	0	32632	35154	13376	17356	
18926	0	32469	35604	13252	17378	
18927	0	32568	36168	13088	17419	
18928	0	32580	36378	13037	17442	
18929	0	32709	36773	12925	17501	
18930	0	32974	37116	12853	17498	
18931	0	33264	37760	12736	17538	
18932	0	33300	38480	12711	17565	
18933	0	33578	39200	12610	17564	
18934	0	33856	40024	12476	17568	
18935	0	34769	40612	12402	17584	
18936	0	35793	41197	12349	17616	
18937	0	36896	41824	12273	17630	
18938	0	38224	42018	12168	17576	
18939	0	39824	42780	12166	17652	
18940	0	41920	43368	12092	17698	
18941	0	44018	43880	12029	17692	
18942	0	46024	43876	11946	17714	
18943	0	50297	41652	11820	17741	
18944	0	43860	38120	11788	17750	
18945	0	52408	32737	11684	17752	
18946	0	52432	32736	11566	17789	
18947	0	51744	36170	11481	17817	
18948	0	49300	35848	11465	17840	
18949	0	38488	44448	11345	17781	
18950	0	23536	41628	11254	17914	
18951	0	28844	41874	11088	17957	
18952	0	52660	35248	11048	18014	
18953	0	44720	27020	10929	18080	
18954	0	35222	43584	10842	18153	
18955	0	38528	35392	10736	18166	
18956	0	37200	36065	10640	18182	
18957	0	33945	38108	10548	18342	
18958	0	34684	36822	10432	18414	
18959	0	34757	37312	10331	18416	
18960	0	34121	37760	10254	18588	
18961	0	34662	37288	10142	18688	
18962	0	34788	37332	10084	18680	
18963	0	34981	37024	9968	18770	
18964	0	34676	37353	9942	18868	
18965	0	34596	37478	9892	19116	
18966	0	34724	37356	9860	19221	
18967	0	34872	37184	9732	19384	
18968	0	34976	37136	9756	19509	
18969	0	35044	37082	9796	19684	
18970	0	34820	37288	9734	19788	
18971	0	34668	37472	9719	19996	
18972	0	34497	37561	9790	20092	
18973	0	34320	37500	9780	20210	
18974	0	34536	37604	9856	20404	
18975	0	35273	37152	9892	20472	
18976	0	35088	37052	9910	20665	
18977	0	35234	37196	10052	20916	
18978	0	35188	37097	10130	21062	
18979	0	35416	37068	10282	21184	
18980	0	35616	37032	10386	21349	
18981	0	35340	37124	10415	21437	
18982	0	35332	37236	10589	21524	
18983	0	35808	36796	10777	21612	
18984	0	35185	37044	10816	21665	
18985	0	35724	36924	10954	21677	
18986	0	34948	37168	11158	21930	
18987	0	35780	36976	11328	22024	
18988	0	35684	36932	11428	22112	
18989	0	35640	37036	11565	22194	
18990	0	35760	36882	11771	22249	
18991	0	35817	37192	11934	22348	
18992	0	35756	37158	12113	22394	
18993	0	35617	37236	12231	22486	
18994	0	35654	37218	12430	22417	
18995	0	35596	37432	12583	22629	
18996	0	35676	37609	12740	22648	
18997	0	35785	37768	12880	22780	
18998	0	35580	37832	13027	22880	
18999	0	35716	37952	13124	22914	
19000	0	35648	37888	13321	23080	
19001	0	35660	37968	13459	23088	
19002	0	35856	38200	13542	23301	
19003	0	36260	39041	13678	23328	
19004	0	36248	39738	13868	23544	
19005	0	36336	40688	13928	23597	
19006	0	36072	41152	14117	23680	
19007	0	35501	41668	14241	23884	
19008	0	34890	42832	14274	23988	
19009	0	33898	44940	14473	24052	
19010	0	33388	47084	14538	24252	
19011	0	33824	46664	14696	24417	
19012	0	35568	45472	14849	24570	
19013	0	35696	44268	14974	24686	
19014	0	36048	43164	15116	24844	
19015	0	37592	41696	15256	25152	
19016	0	35785	40860	15410	25312	
19017	0	30657	39096	15564	25493	
19018	0	27704	37004	15744	25657	
19019	0	29920	34244	15936	25825	
19020	0	34456	34281	16066	26068	
19021	0	31486	39189	16301	26344	
19022	0	35259	27793	16542	26561	
19023	0	37824	33024	16838	26786	
19024	0	31824	33968	17014	27010	
19025	0	29096	35968	17344	27262	
19026	0	30852	34265	17580	27441	
19027	0	30986	34308	17906	27772	
19028	0	30280	34864	18274	28024	
19029	0	31169	34852	18579	28264	
19030	0	31880	34864	18960	28477	
19031	0	32312	34845	19288	28772	
19032	0	32672	34986	19704	29059	
19033	0	32704	35240	20092	29316	
19034	0	32792	35804	20473	29538	
19035	0	32960	36368	20860	29817	
19036	0	33156	36948	21298	29972	
19037	0	33576	37432	21681	30270	
19038	0	33764	37920	22069	30528	
19039	0	33760	38779	22504	30742	
19040	0	33808	39436	22996	30989	
19041	0	34388	40056	23432	31196	
19042	0	35108	40477	23876	31416	
19043	0	35968	40880	24316	31606	
19044	0	36988	41482	24789	31820	
19045	0	38096	41812	25168	32098	
19046	0	39324	42285	25628	32224	
19047	0	41188	42648	26100	32416	
19048	0	42912	43024	26564	32628	
19049	0	45380	42164	27010	32826	
19050	0	46044	40988	27432	33068	
19051	0	46693	39040	27905	33206	
19052	0	47176	37229	28313	33500	
19053	0	49496	34296	28784	33632	
19054	0	50404	34240	29186	33878	
19055	0	48444	35588	29604	34104	
19056	0	46024	36548	30001	34228	
19057	0	45168	35453	30392	34492	
19058	0	31104	41940	30788	34658	
19059	0	9479	48260	31149	34920	
19060	0	35672	33185	31576	35078	
19061	0	43412	40856	31890	35304	
19062	0	46412	42489	32272	35576	
19063	0	43964	36708	32616	35778	
19064	0	38612	36169	32944	35960	
19065	0	35796	37632	33280	36248	
19066	0	38173	34892	33624	36481	
19067	0	34506	37792	33961	36729	
19068	0	34728	36640	34256	36964	
19069	0	34544	37366	34589	37185	
19070	0	34340	37608	34896	37440	
19071	0	34784	37328	35200	37541	
19072	0	34853	37376	35571	37792	
19073	0	34886	37065	35792	38076	
19074	0	34744	37400	36100	38300	
19075	0	34832	37288	36460	38444	
19076	0	34893	37094	36683	38700	
19077	0	34864	37370	36984	38880	
19078	0	34948	37124	37348	39032	
19079	0	35008	37250	37537	39336	
19080	0	34812	37144	37860	39457	
19081	0	35040	37252	38104	39702	
19082	0	35148	37152	38444	39777	
19083	0	35120	37432	38760	40056	
19084	0	35084	37192	39048	40244	
19085	0	34902	37248	39312	40404	
19086	0	34688	37288	39568	40408	
19087	0	35764	36686	39865	40672	
19088	0	35589	36876	40005	40716	
19089	0	35324	36900	40392	40800	
19090	0	35370	37008	40552	40984	
19091	0	35176	37200	40784	41052	
19092	0	35234	37212	41016	41258	
19093	0	35468	36968	41266	41209	
19094	0	35330	37412	41602	41453	
19095	0	35193	37168	41866	41392	
19096	0	35648	36858	41954	41616	
19097	0	35640	37104	42158	41560	
19098	0	35628	37152	42400	41756	
19099	0	35668	37076	42546	41816	
19100	0	35616	37160	42756	41844	
19101	0	35608	37236	42920	41810	
19102	0	35564	37344	43077	41876	
19103	0	35697	37194	43256	42048	
19104	0	35568	37472	43412	42112	
19105	0	35564	37730	43572	42060	
19106	0	35676	37988	43690	42132	
19107	0	35480	37972	43864	42296	
19108	0	35616	38160	43984	42240	
19109	0	35732	37826	44045	42308	
19110	0	35752	37896	44176	42457	
19111	0	36004	38312	44280	42520	
19112	0	36112	39008	44368	42616	
19113	0	36400	39704	44476	42616	
19114	0	36572	40452	44472	42748	
19115	0	36004	41008	44626	42812	
19116	0	35752	41944	44637	42812	
19117	0	35161	42917	44700	42988	
19118	0	34568	44688	44760	42992	
19119	0	33964	46776	44794	43104	
19120	0	33189	46450	44832	43128	
19121	0	34476	44816	44928	43180	
19122	0	35740	43848	45012	43240	
19123	0	35309	42601	45048	43393	
19124	0	38840	41360	45080	43384	
19125	0	37688	40512	45112	43504	
19126	0	33684	39340	45184	43529	
19127	0	28420	37300	45312	43562	
19128	0	27268	35292	45384	43688	
19129	0	34288	33184	45456	43649	
19130	0	34084	35361	45560	43736	
19131	0	31308	38088	45652	43736	
19132	0	34768	28650	45768	43868	
19133	0	34194	34712	45860	43864	
19134	0	29574	34952	45936	43836	
19135	0	29320	35360	46056	43936	
19136	0	30448	34512	46264	43912	
19137	0	30180	34838	46336	43880	
19138	0	30380	34730	46560	43944	
19139	0	31388	35032	46704	43920	
19140	0	31994	34952	46796	43908	
19141	0	32473	34932	47024	43868	
19142	0	32728	35112	47140	43758	
19143	0	32928	35416	47313	43712	
19144	0	32986	36024	47548	43648	
19145	0	33192	36496	47668	43612	
19146	0	33420	36946	47848	43468	
19147	0	33817	37394	48000	43408	
19148	0	34096	37717	48212	43276	
19149	0	34162	38584	48376	43140	
19150	0	34178	39348	48472	43041	
19151	0	34676	40072	48585	42905	
19152	0	35524	40648	48804	42760	
19153	0	36392	41132	48936	42650	
19154	0	37561	41488	49048	42485	
19155	0	38729	42012	49240	42356	
19156	0	39848	42172	49337	42234	
19157	0	41336	42384	49497	42105	
19158	0	42840	42341	49596	41970	
19159	0	44232	41860	49696	41865	
19160	0	44976	40737	49768	41760	
19161	0	45460	38848	49880	41666	
19162	0	48913	36132	49968	41576	
19163	0	52016	33964	50056	41456	
19164	0	50388	35012	50120	41408	
19165	0	48608	37984	50242	41336	
19166	0	46420	34140	50224	41281	
19167	0	34316	43364	50304	41180	
19168	0	12818	46640	50296	41185	
19169	0	32320	35176	50336	41092	
19170	0	44688	38860	50348	41120	
19171	0	49828	38652	50369	41096	
19172	0	43712	35148	50376	41032	
19173	0	34238	42640	50384	41045	
19174	0	37940	34781	50352	41032	
19175	0	36154	36697	50244	41056	
19176	0	33930	37701	50240	41036	
19177	0	34880	36696	50160	41056	
19178	0	33728	38024	50080	41064	
19179	0	34120	37552	50040	41100	
19180	0	34624	37344	50024	41144	
19181	0	34664	37396	49936	41188	
19182	0	34682	37244	49800	41220	
19183	0	34264	37600	49736	41228	
19184	0	34532	37460	49664	41276	
19185	0	34600	37357	49496	41312	
19186	0	34730	37328	49504	41360	
19187	0	34792	37360	49304	41378	
19188	0	34625	37200	49256	41432	
19189	0	34328	37376	49124	41450	
19190	0	35496	37196	49068	41464	
19191	0	34816	37424	48984	41496	
19192	0	34496	37532	48860	41496	
19193	0	35546	37232	48724	41500	
19194	0	35568	36996	48661	41488	
19195	0	36000	36752	48544	41480	
19196	0	34976	37064	48372	41448	
19197	0	35000	36876	48213	41412	
19198	0	35240	37178	48124	41373	
19199	0	35300	37236	47977	41321	
19200	0	35312	37100	47840	41261	
19201	0	35472	37096	47784	41178	
19202	0	35406	37176	47640	41110	
19203	0	35344	37062	47488	41004	
19204	0	35396	37049	47320	40928	
19205	0	35266	37064	47136	40816	
19206	0	35368	37132	47080	40688	
19207	0	35588	36992	46872	40584	
19208	0	35698	37088	46780	40480	
19209	0	35648	37141	46561	40324	
19210	0	35492	37176	46436	40221	
19211	0	35404	37216	46244	40072	
19212	0	35572	37372	46097	39956	
19213	0	35437	37540	45988	39816	
19214	0	35348	37596	45788	39680	
19215	0	35444	37941	45570	39533	
19216	0	35537	38004	45388	39392	
19217	0	35557	37796	45196	39264	
19218	0	35648	37616	45040	39088	
19219	0	35696	37908	44852	38970	
19220	0	36232	38532	44576	38788	
19221	0	36484	39080	44408	38640	
19222	0	36594	39748	44133	38516	
19223	0	36064	40504	43892	38352	
19224	0	35940	41117	43666	38212	
19225	0	35669	41776	43436	38024	
19226	0	34746	42644	43180	37900	
19227	0	34582	44224	42960	37707	
19228	0	34042	46230	42736	37572	
19229	0	32584	47312	42428	37380	
19230	0	32884	46025	42240	37200	
19231	0	36065	43336	41936	37026	
19232	0	36128	43821	41712	36880	
19233	0	40496	41948	41476	36680	
19234	0	38576	41660	41209	36496	
19235	0	34332	40006	41008	36333	
19236	0	28716	37820	40904	36161	
19237	0	27540	35912	40580	36024	
19238	0	34265	33537	40460	35796	
19239	0	34876	35104	40136	35618	
19240	0	32244	37605	39988	35481	
19241	0	34052	27548	39728	35320	
19242	0	36100	33968	39536	35094	
19243	0	30785	32952	39352	34936	
19244	0	28938	35424	39200	34764	
19245	0	30476	34120	39008	34604	
19246	0	30484	34406	38828	34409	
19247	0	30488	35144	38652	34256	
19248	0	31008	35329	38513	34100	
19249	0	31818	35264	38344	33921	
19250	0	32248	35416	38192	33732	
19251	0	32504	35504	38148	33532	
19252	0	32724	35779	37968	33402	
19253	0	32878	36304	37720	33180	
19254	0	32992	36728	37653	33012	
19255	0	33048	36880	37390	32840	
19256	0	33152	37416	37264	32612	
19257	0	33468	38066	37064	32444	
19258	0	33421	39093	36908	32260	
19259	0	33637	39941	36713	32052	
19260	0	33848	40468	36537	31888	
19261	0	34784	41104	36360	31704	
19262	0	35770	41788	36180	31517	
19263	0	36956	42268	36008	31308	
19264	0	38348	42676	35808	31152	
19265	0	39588	42702	35608	30969	
19266	0	40842	42652	35386	30784	
19267	0	42968	42772	35172	30594	
19268	0	45461	42490	34945	30446	
19269	0	47220	41512	34704	30278	
19270	0	48228	39065	34456	30124	
19271	0	50049	35752	34204	29977	
19272	0	53296	33016	34032	29829	
19273	0	50988	34029	33693	29680	
19274	0	42124	46824	33472	29550	
19275	0	48848	34680	33148	29440	
19276	0	38492	41493	32906	29334	
19277	0	18828	43901	32588	29195	
19278	0	15241	40190	32320	29101	
19279	0	42268	37020	32029	28969	
19280	0	47780	38017	31741	28898	
19281	0	48576	44604	31412	28761	
19282	0	36956	37040	31144	28708	
19283	0	34904	39388	30828	28563	
19284	0	39004	33620	30544	28472	
19285	0	33472	38988	30220	28382	
19286	0	34683	36736	29936	28276	
19287	0	33960	37724	29616	28192	
19288	0	34286	37616	29336	28080	
19289	0	34436	37512	29012	27984	
19290	0	34648	37430	28685	27916	
19291	0	34596	37203	28429	27820	
19292	0	34368	37472	28105	27702	
19293	0	34496	37332	27852	27641	
19294	0	34496	37452	27576	27546	
19295	0	34416	37440	27248	27442	
19296	0	34537	37440	27030	27349	
19297	0	34400	37288	26783	27248	
19298	0	34426	37537	26541	27156	
19299	0	34516	37448	26317	27072	
19300	0	34552	37400	26104	27037	
19301	0	34852	37322	25846	26896	
19302	0	34424	37624	25688	26877	
19303	0	34682	37268	25508	26712	
19304	0	34180	37276	25344	26649	
19305	0	34970	37236	25149	26546	
19306	0	35400	37107	25016	26441	
19307	0	34960	37222	24814	26360	
19308	0	35032	37280	24712	26257	
19309	0	35424	37080	24508	26144	
19310	0	35312	37104	24389	26050	
19311	0	35356	37084	24234	25948	
19312	0	34888	37240	24096	25805	
19313	0	35216	37088	23955	25764	
19314	0	35478	37008	23811	25624	
19315	0	35328	37024	23688	25506	
19316	0	35476	37081	23538	25372	
19317	0	35708	37048	23364	25258	
19318	0	35432	37152	23200	25108	
19319	0	35464	37328	23024	24993	
19320	0	35500	37110	22858	24872	
19321	0	35520	37345	22646	24752	
19322	0	35460	37361	22498	24686	
19323	0	35412	37584	22301	24552	
19324	0	35412	37792	22088	24394	
19325	0	35320	38088	21961	24333	
19326	0	35436	38130	21776	24252	
19327	0	35488	38054	21497	24120	
19328	0	35576	37824	21340	24020	
19329	0	35760	38164	21120	23936	
19330	0	36212	39012	20904	23860	
19331	0	36370	39808	20669	23768	
19332	0	36228	40948	20472	23692	
19333	0	35948	41145	20252	23704	
19334	0	35396	41536	20042	23589	
19335	0	35112	43064	19792	23545	
19336	0	34753	44372	19568	23480	
19337	0	34260	46336	19352	23396	
19338	0	33328	46448	19216	23420	
19339	0	34116	45128	18986	23393	
19340	0	34917	43914	18809	23272	
19341	0	34584	44064	18570	23284	
19342	0	38904	41296	18374	23288	
19343	0	37932	41376	18200	23278	
19344	0	34276	40266	17978	23233	
19345	0	29968	37976	17821	23212	
19346	0	27056	36300	17716	23224	
19347	0	31824	33760	17570	23248	
19348	0	35860	35394	17409	23242	
19349	0	32161	37600	17298	23271	
19350	0	36850	29760	17221	23220	
19351	0	35440	32405	17096	23332	
19352	0	32850	33584	17026	23309	
19353	0	29120	35178	16952	23385	
19354	0	30216	34744	16893	23428	
19355	0	30720	34084	16818	23368	
19356	0	30536	34437	16858	23493	
19357	0	31072	34736	16848	23498	
19358	0	32150	34444	16867	23477	
19359	0	32741	34432	16906	23588	
19360	0	32988	34709	16873	23600	
19361	0	33192	35024	17016	23632	
19362	0	32916	35680	17062	23652	
19363	0	32768	36276	17118	23700	
19364	0	32953	36716	17196	23702	
19365	0	33140	37140	17292	23746	
19366	0	33410	37572	17454	23740	
19367	0	33394	38432	17508	23680	
19368	0	33660	38912	17644	23736	
19369	0	34053	39880	17756	23789	
19370	0	34641	40172	17853	23756	
19371	0	35248	40814	17923	23758	
19372	0	36177	41601	18068	23814	
19373	0	37112	42128	18112	23768	
19374	0	38500	42532	18224	23770	
19375	0	39840	42832	18320	23761	
19376	0	41568	42800	18320	23805	
19377	0	43184	42476	18373	23800	
19378	0	44908	41512	18420	23753	
19379	0	46112	40009	18420	23772	
19380	0	45976	38324	18448	23704	
19381	0	47817	36084	18473	23745	
19382	0	50310	33821	18434	23746	
19383	0	48524	34752	18386	23793	
19384	0	44512	41189	18301	23780	
19385	0	45588	36128	18294	23801	
19386	0	39792	40932	18228	23816	
19387	0	12256	47364	18151	23896	
19388	0	26650	37456	18072	23908	
19389	0	43076	36904	17956	23965	
19390	0	47476	34308	17836	24005	
19391	0	45176	30922	17822	24036	
19392	0	37200	37444	17656	24101	
19393	0	36544	37580	17570	24112	
19394	0	38280	34552	17450	24236	
19395	0	33552	38572	17320	24328	
19396	0	34904	36444	17207	24466	
19397	0	34396	37564	17028	24540	
19398	0	34469	37416	16953	24613	
19399	0	34840	37313	16752	24753	
19400	0	34944	37212	16647	24851	
19401	0	34924	37248	16525	24992	
19402	0	34740	37378	16451	25132	
19403	0	34772	37380	16306	25280	
19404	0	34856	37408	16220	25448	
19405	0	35141	37049	16090	25633	
19406	0	35068	37160	16072	25682	
19407	0	35156	37049	15977	25952	
19408	0	35194	36964	15908	26104	
19409	0	35120	37152	15891	26317	
19410	0	35256	36988	15858	26496	
19411	0	34785	37060	15833	26736	
19412	0	34868	37374	15760	26770	
19413	0	35192	37076	15776	27104	
19414	0	35136	37140	15785	27221	
19415	0	34140	36928	15857	27448	
19416	0	35376	36990	15936	27656	
19417	0	35280	36928	15996	27770	
19418	0	35352	37136	16080	27920	
19419	0	35404	37112	16177	28114	
19420	0	35497	37064	16267	28373	
19421	0	35452	37144	16390	28522	
19422	0	35676	36936	16537	28686	
19423	0	35416	36816	16674	28836	
19424	0	35512	37120	16777	28961	
19425	0	35682	36961	16950	29108	
19426	0	35748	36952	17172	29260	
19427	0	35692	36996	17362	29451	
19428	0	35734	37056	17484	29488	
19429	0	35816	37128	17754	29760	
19430	0	35652	37036	17973	29904	
19431	0	35536	37044	18130	30048	
19432	0	35636	37172	18396	30073	
19433	0	35497	37228	18572	30364	
19434	0	35760	37420	18852	30564	
19435	0	35580	37632	19033	30721	
19436	0	35536	37812	19348	30896	
19437	0	35690	37376	19584	31092	
19438	0	35608	37504	19854	31240	
19439	0	36060	37656	20114	31461	
19440	0	36410	38154	20348	31641	
19441	0	36640	38988	20591	31784	
19442	0	36352	39452	20832	32076	
19443	0	36364	40098	21096	32108	
19444	0	35920	40664	21428	32432	
19445	0	35931	40724	21710	32648	
19446	0	35224	41772	22004	32852	
19447	0	34808	42468	22260	33061	
19448	0	34728	44396	22550	33292	
19449	0	34141	46084	22851	33476	
19450	0	33552	46164	23109	33692	
19451	0	34716	44656	23444	33860	
19452	0	35446	43872	23756	34076	
19453	0	35520	42872	24068	34260	
19454	0	39480	41612	24394	34492	
19455	0	38008	40852	24682	34656	
19456	0	34120	39693	25072	34848	
19457	0	28420	37264	25462	35090	
19458	0	28084	35553	25796	35296	
19459	0	34124	33076	26196	35420	
19460	0	33828	35773	26560	35640	
19461	0	31548	37492	26908	35832	
19462	0	33371	28516	27364	36076	
19463	0	35117	34792	27736	36208	
19464	0	30460	34996	28164	36402	
19465	0	28712	35776	28576	36656	
19466	0	30320	34601	29012	36786	
19467	0	29876	34765	29449	36976	
19468	0	30081	34965	29913	37156	
19469	0	31048	35016	30352	37196	
19470	0	32164	34652	30816	37388	
19471	0	32688	34800	31276	37506	
19472	0	32912	35040	31760	37672	
19473	0	32934	35426	32225	37796	
19474	0	32860	36125	32749	37953	
19475	0	32856	36816	33184	38074	
19476	0	33244	37012	33684	38136	
19477	0	33568	37521	34181	38228	
19478	0	33881	38152	34708	38422	
19479	0	33968	38744	35196	38420	
19480	0	34504	39560	35676	38554	
19481	0	34888	40052	36120	38592	
19482	0	35424	40442	36628	38765	
19483	0	35904	41120	37121	38822	
19484	0	36836	41824	37588	38960	
19485	0	38130	42224	38064	38976	
19486	0	39668	42765	38512	39064	
19487	0	41120	42836	38944	39256	
19488	0	43012	42850	39408	39296	
19489	0	44400	41604	39920	39376	
19490	0	45548	41488	40260	39417	
19491	0	46736	37000	40677	39564	
19492	0	48572	36289	41072	39712	
19493	0	51830	35208	41464	39728	
19494	0	51876	36192	41984	39892	
19495	0	49924	34240	42252	39992	
19496	0	44497	41008	42512	40152	
19497	0	22025	46680	42860	40156	
19498	0	16923	39380	43136	40281	
19499	0	38277	35318	43530	40400	
19500	0	51180	41412	43721	40520	
19501	0	45898	40428	44012	40688	
19502	0	38076	38464	44198	40812	
19503	0	34848	39084	44424	40916	
19504	0	39924	33834	44684	41048	
19505	0	33828	38684	44852	41225	
19506	0	34589	36781	45056	41346	
19507	0	34600	37132	45240	41412	
19508	0	33952	37840	45428	41584	
19509	0	34544	37302	45596	41753	
19510	0	34804	37240	45760	41841	
19511	0	34937	37137	45976	41969	
19512	0	34704	37340	46104	42120	
19513	0	34492	37434	46272	42302	
19514	0	34496	37357	46416	42498	
19515	0	34436	37396	46557	42600	
19516	0	34820	37248	46794	42730	
19517	0	34324	37528	46888	42916	
19518	0	35032	37156	47056	43024	
19519	0	34660	37472	47216	43232	
19520	0	34708	37401	47376	43308	
19521	0	34592	37344	47528	43456	
19522	0	35808	37164	47680	43621	
19523	0	34624	37576	47824	43728	
19524	0	35112	37292	48004	43844	
19525	0	35817	36784	48224	43948	
19526	0	34864	37368	48328	44040	
19527	0	35454	37056	48533	44100	
19528	0	35309	37464	48656	44172	
19529	0	35456	37224	48797	44224	
19530	0	35364	37160	48948	44312	
19531	0	35388	37152	49081	44313	
19532	0	35556	37048	49244	44361	
19533	0	35396	36961	49420	44384	
19534	0	35392	36888	49516	44404	
19535	0	35540	36928	49648	44433	
19536	0	35670	36986	49784	44444	
19537	0	35552	37024	49928	44472	
19538	0	35702	36978	50056	44432	
19539	0	35856	37124	50160	44440	
19540	0	35612	37064	50284	44424	
19541	0	35760	37276	50392	44428	
19542	0	35656	37256	50468	44424	
19543	0	35496	37502	50572	44368	
19544	0	35596	37716	50732	44384	
19545	0	35556	37897	50745	44352	
19546	0	35469	37976	50836	44344	
19547	0	35460	38224	50948	44332	
19548	0	35564	38000	50956	44320	
19549	0	35588	37956	51058	44280	
19550	0	35828	38288	51076	44256	
19551	0	36132	39216	51136	44228	
19552	0	36528	40304	51128	44240	
19553	0	36420	40524	51176	44224	
19554	0	36124	41420	51252	44180	
19555	0	35616	41704	51264	44156	
19556	0	35129	42952	51224	44132	
19557	0	34480	44640	51225	44128	
19558	0	33916	46720	51289	44096	
19559	0	33132	45812	51269	44060	
19560	0	35656	43545	51308	44044	
19561	0	37556	42900	51220	44004	
19562	0	35696	42597	51272	43976	
19563	0	38986	41324	51228	43928	
19564	0	36960	40362	51324	43872	
19565	0	33085	39054	51304	43836	
19566	0	28660	36736	51304	43772	
19567	0	28801	34896	51288	43705	
19568	0	34612	33904	51400	43625	
19569	0	33452	36074	51368	43537	
19570	0	32252	37340	51460	43440	
19571	0	34952	28196	51464	43328	
19572	0	34480	34481	51520	43220	
19573	0	29786	34932	51640	43097	
19574	0	29584	35036	51656	42929	
19575	0	30808	34104	51712	42796	
19576	0	30416	34316	51864	42596	
19577	0	30688	34800	51949	42424	
19578	0	31850	34776	51988	42224	
19579	0	32472	34582	52056	42016	
19580	0	32890	34681	52172	41880	
19581	0	32921	34940	52224	41625	
19582	0	32936	35552	52372	41458	
19583	0	32868	36088	52392	41144	
19584	0	32898	36516	52468	40984	
19585	0	33233	36724	52560	40793	
19586	0	33400	37308	52640	40596	
19587	0	33688	37825	52700	40310	
19588	0	33806	38464	52770	40120	
19589	0	33976	39184	52800	39818	
19590	0	34432	39892	52916	39602	
19591	0	35088	40160	52880	39412	
19592	0	35664	40728	52928	39292	
19593	0	36400	41200	52996	39008	
19594	0	37172	41600	53000	38832	
19595	0	38388	42125	52940	38634	
19596	0	40085	42610	52980	38504	
19597	0	41788	42420	52880	38380	
19598	0	43572	42068	52849	38212	
19599	0	44969	41008	52808	38080	
19600	0	46300	41162	52760	37964	
19601	0	46533	35672	52674	37800	
19602	0	49824	34828	52580	37764	
19603	0	50793	34128	52500	37664	
19604	0	48600	36980	52340	37620	
19605	0	48896	35969	52289	37533	
19606	0	42784	42608	52132	37496	
19607	0	19336	45528	51924	37432	
19608	0	24922	39565	51688	37392	
19609	0	43882	35960	51570	37376	
19610	0	52424	45052	51341	37348	
19611	0	36992	34242	51136	37308	
19612	0	33896	42036	50836	37312	
19613	0	41260	31945	50584	37274	
19614	0	34480	38416	50344	37292	
19615	0	34168	36921	50112	37258	
19616	0	34833	36906	49808	37403	
19617	0	34125	37832	49580	37300	
19618	0	34672	37368	49240	37348	
19619	0	34660	37306	48956	37416	
19620	0	35136	37064	48716	37352	
19621	0	34888	37180	48468	37384	
19622	0	34672	37516	48236	37452	
19623	0	34720	37505	47900	37408	
19624	0	34768	37176	47672	37440	
19625	0	34738	37216	47450	37480	
19626	0	35000	37212	47232	37448	
19627	0	34988	37080	46932	37512	
19628	0	34712	37420	46728	37545	
19629	0	35185	37116	46544	37482	
19630	0	34916	37344	46268	37488	
19631	0	35452	37328	46128	37424	
19632	0	34932	37408	45864	37440	
19633	0	35017	37124	45652	37400	
19634	0	36272	36796	45500	37312	
19635	0	35250	37140	45312	37268	
19636	0	35640	36888	45104	37156	
19637	0	35328	37120	44856	37096	
19638	0	35481	37032	44636	36948	
19639	0	35544	37042	44512	36870	
19640	0	35600	37072	44229	36718	
19641	0	35644	37024	44072	36568	
19642	0	35464	36960	43801	36410	
19643	0	35868	37040	43622	36244	
19644	0	35562	36784	43364	36080	
19645	0	35484	36974	43196	35904	
19646	0	35640	37052	42873	35701	
19647	0	35600	37064	42709	35520	
19648	0	35724	37152	42392	35304	
19649	0	35680	37108	42132	35104	
19650	0	35640	37148	41876	34900	
19651	0	35692	37096	41608	34704	
19652	0	35724	37264	41352	34488	
19653	0	35552	37482	41088	34250	
19654	0	35676	37600	40944	34040	
19655	0	35664	37985	40544	33828	
19656	0	35486	38144	40296	33626	
19657	0	35660	38021	39992	33404	
19658	0	35504	37928	39824	33211	
19659	0	35668	37850	39428	32984	
19660	0	36088	38436	39252	32778	
19661	0	36488	39196	38860	32587	
19662	0	36352	39916	38570	32364	
19663	0	36179	40561	38300	32168	
19664	0	35840	41312	38004	31956	
19665	0	35413	41728	37745	31748	
19666	0	35042	42654	37484	31530	
19667	0	33900	44477	37176	31314	
19668	0	33376	47020	36922	31104	
19669	0	32676	46164	36608	30876	
19670	0	35820	44528	36356	30650	
19671	0	38410	43724	36065	30429	
19672	0	36584	43513	35808	30176	
19673	0	39490	41384	35553	29936	
19674	0	36712	41188	35290	29688	
19675	0	32349	39716	35008	29448	
19676	0	27309	37444	34824	29193	
19677	0	27468	35832	34536	28940	
19678	0	34708	33658	34316	28677	
19679	0	33864	35108	34088	28420	
19680	0	31780	38004	33872	28164	
19681	0	35212	30168	33706	27894	
19682	0	34796	32721	33504	27632	
19683	0	29488	35528	33288	27377	
19684	0	30112	34988	33160	27104	
19685	0	31109	34148	32914	26852	
19686	0	30564	34610	32738	26568	
19687	0	30432	34896	32560	26328	
19688	0	31616	34940	32388	26040	
19689	0	32092	34872	32214	25792	
19690	0	32736	34872	32092	25528	
19691	0	32860	35086	31882	25260	
19692	0	32934	35536	31705	25008	
19693	0	32972	36178	31536	24740	
19694	0	33116	36836	31364	24476	
19695	0	33349	37260	31182	24194	
19696	0	33578	37442	31001	23968	
19697	0	33697	38488	30812	23712	
19698	0	33808	39316	30608	23463	
19699	0	33921	40288	30437	23232	
19700	0	34988	40840	30232	22988	
19701	0	35808	41096	29992	22750	
19702	0	36888	41504	29780	22544	
19703	0	38368	41820	29562	22332	
19704	0	39792	42268	29320	22101	
19705	0	41601	42442	29094	21912	
19706	0	43509	42434	28846	21748	
19707	0	45092	42048	28628	21540	
19708	0	46248	41441	28337	21398	
19709	0	46308	39684	28114	21248	
19710	0	47164	37194	27840	21117	
19711	0	49989	34856	27549	20993	
19712	0	51464	34192	27252	20888	
19713	0	49482	35112	26946	20789	
19714	0	50076	34178	26611	20706	
19715	0	41581	36542	26252	20636	
19716	0	18117	44881	25880	20588	
19717	0	16014	42516	25468	20552	
19718	0	41969	33150	25210	20513	
19719	0	42104	39256	24786	20491	
19720	0	44116	33546	24465	20488	
19721	0	42024	32848	24050	20504	
19722	0	35202	41477	23650	20513	
19723	0	39532	33236	23308	20545	
19724	0	34368	38157	22920	20568	
19725	0	34544	36929	22528	20640	
19726	0	34906	36728	22105	20696	
19727	0	34060	37792	21763	20734	
19728	0	34634	37352	21420	20793	
19729	0	34776	37340	21001	20856	
19730	0	34880	37268	20623	20980	
19731	0	34744	37208	20284	21024	
19732	0	34612	37416	19964	21180	
19733	0	34756	37345	19628	21224	
19734	0	34640	37528	19240	21353	
19735	0	34860	37288	18962	21528	
19736	0	34904	37188	18636	21600	
19737	0	35009	37220	18342	21732	
19738	0	34676	37377	17977	21819	
19739	0	35291	37100	17740	22017	
19740	0	34973	37416	17446	22126	
19741	0	34777	37514	17188	22266	
19742	0	34460	37544	16910	22392	
19743	0	34896	37040	16674	22544	
19744	0	34572	37216	16416	22648	
19745	0	35296	37040	16197	22788	
19746	0	35496	36947	15944	22890	
19747	0	35492	37088	15744	22968	
19748	0	35516	36964	15538	23032	
19749	0	35392	37102	15357	23113	
19750	0	35382	37076	15202	23200	
19751	0	35596	37140	15032	23300	
19752	0	35229	37164	14833	23284	
19753	0	35624	36928	14724	23404	
19754	0	35508	36992	14588	23441	
19755	0	35560	36812	14428	23498	
19756	0	35468	36952	14278	23540	
19757	0	35448	36985	14107	23568	
19758	0	35672	37280	14004	23592	
19759	0	35648	37234	13931	23466	
19760	0	35552	37440	13812	23597	
19761	0	35668	37384	13712	23618	
19762	0	35625	37440	13620	23636	
19763	0	35565	37642	13519	23617	
19764	0	35464	37773	13375	23582	
19765	0	35632	38112	13335	23558	
19766	0	35684	38132	13264	23472	
19767	0	35609	37828	13181	23650	
19768	0	35428	37856	13061	23684	
19769	0	35744	38118	13004	23508	
19770	0	36096	39004	12931	23704	
19771	0	36306	39456	12872	23746	
19772	0	36274	40048	12777	23762	
19773	0	36032	40192	12704	23700	
19774	0	35644	40832	12654	23772	
19775	0	35154	41465	12602	23860	
19776	0	34320	42277	12551	23902	
19777	0	34040	44508	12499	23893	
19778	0	33660	46524	12378	23992	
19779	0	32844	45744	12408	23860	
19780	0	35528	44024	12347	24077	
19781	0	38304	43296	12333	24088	
19782	0	37714	43096	12289	24108	
19783	0	39921	41760	12254	24185	
19784	0	36664	41280	12226	24218	
19785	0	32341	39876	12168	24201	
19786	0	27448	37608	12121	24101	
19787	0	28287	35444	12176	24338	
19788	0	35792	34080	12140	24404	
19789	0	35432	34996	12136	24386	
19790	0	33464	36624	12176	24420	
19791	0	33408	28020	12085	24360	
19792	0	34564	34160	12159	24505	
19793	0	30956	34273	12187	24526	
19794	0	28856	35222	12195	24496	
19795	0	30316	34436	12258	24558	
19796	0	30150	34540	12324	24594	
19797	0	30168	34924	12319	24488	
19798	0	31059	34852	12427	24590	
19799	0	31969	34744	12526	24636	
19800	0	32673	34784	12636	24648	
19801	0	32690	34980	12644	24608	
19802	0	32853	35184	12813	24614	
19803	0	32653	35920	12912	24584	
19804	0	32704	36592	13026	24585	
19805	0	32977	37010	13140	24552	
19806	0	33256	37393	13254	24504	
19807	0	33553	38048	13373	24510	
19808	0	33536	39008	13484	24484	
19809	0	33836	39992	13590	24424	
19810	0	34612	40588	13656	24420	
19811	0	35262	41132	13760	24412	
19812	0	36132	41824	13897	24248	
19813	0	37348	42272	14018	24344	
19814	0	38876	42624	14102	24336	
19815	0	40660	43082	14220	24312	
19816	0	42664	43160	14276	24332	
19817	0	44748	42772	14320	24272	
19818	0	46720	41848	14352	24336	
19819	0	47316	40048	14444	24305	
19820	0	48388	37185	14446	24310	
19821	0	52586	33736	14501	24336	
19822	0	51548	33240	14534	24370	
19823	0	46912	38373	14506	24266	
19824	0	49352	36688	14548	24408	
19825	0	41836	37432	14556	24380	
19826	0	18982	44674	14528	24501	
19827	0	16120	41856	14522	24547	
19828	0	40148	33932	14504	24625	
19829	0	42120	37728	14500	24636	
19830	0	47048	38072	14457	24764	
19831	0	36736	33064	14402	24816	
19832	0	34752	42432	14358	24933	
19833	0	41732	32280	14353	25020	
19834	0	34906	38100	14258	25056	
19835	0	34010	36992	14276	25161	
19836	0	34924	36896	14188	25354	
19837	0	33428	38208	14177	25436	
19838	0	34512	37436	14124	25570	
19839	0	34657	37410	14040	25652	
19840	0	34738	37320	14069	25784	
19841	0	34421	37516	14042	25922	
19842	0	34416	37532	13990	26085	
19843	0	34740	37268	13998	26280	
19844	0	35069	37084	13932	26465	
19845	0	34810	37290	13985	26617	
19846	0	34664	37248	13954	26840	
19847	0	34560	37084	14028	26854	
19848	0	35697	37036	13998	27248	
19849	0	34744	37324	14046	27416	
19850	0	34848	37350	14104	27432	
19851	0	34448	37344	14150	27784	
19852	0	34384	37272	14206	28029	
19853	0	35432	36972	14276	28249	
19854	0	35114	37120	14350	28424	
19855	0	35680	36792	14429	28633	
19856	0	35387	37072	14480	28828	
19857	0	35484	37032	14609	29020	
19858	0	35313	37145	14714	29104	
19859	0	35356	37092	14825	29340	
19860	0	35600	36912	14977	29512	
19861	0	35218	36812	15126	29688	
19862	0	35420	37104	15256	29792	
19863	0	35440	36936	15417	29948	
19864	0	35448	37080	15583	30096	
19865	0	35628	36984	15756	30260	
19866	0	35576	37040	15936	30392	
19867	0	35592	37060	16114	30522	
19868	0	35716	37176	16336	30628	
19869	0	35569	37336	16483	30817	
19870	0	35444	37348	16720	30988	
19871	0	35476	37540	16910	30976	
19872	0	35496	37730	17201	31252	
19873	0	35512	37745	17433	31404	
19874	0	35628	37908	17700	31560	
19875	0	35532	37770	17892	31728	
19876	0	35484	37680	18200	31866	
19877	0	35616	37720	18426	32077	
19878	0	36064	38185	18776	32236	
19879	0	36524	38833	19060	32448	
19880	0	36648	39584	19336	32624	
19881	0	36693	40128	19678	32792	
19882	0	36298	40304	20008	33017	
19883	0	35668	40648	20328	33226	
19884	0	35496	41280	20672	33416	
19885	0	35624	42520	20996	33608	
19886	0	35200	44340	21396	33808	
19887	0	34738	45524	21701	34031	
19888	0	34072	45512	22112	34237	
19889	0	33366	44600	22458	34424	
19890	0	35896	42746	22844	34652	
19891	0	35776	42732	23307	34836	
19892	0	39336	41272	23656	35089	
19893	0	39264	41208	24120	35312	
19894	0	35500	40596	24524	35486	
19895	0	30153	37821	24952	35732	
19896	0	27876	35029	25432	35944	
19897	0	33016	34696	25828	36126	
19898	0	31396	38425	26280	36290	
19899	0	32112	35532	26760	36532	
19900	0	35596	28250	27260	36808	
19901	0	32625	35104	27642	36952	
19902	0	29208	36112	28116	37168	
19903	0	29656	34972	28572	37328	
19904	0	30138	34692	29043	37516	
19905	0	30012	34672	29517	37666	
19906	0	30820	35181	29970	37880	
19907	0	32276	34808	30445	37940	
19908	0	32654	34664	30885	38144	
19909	0	32924	34672	31368	38264	
19910	0	32840	34993	31849	38410	
19911	0	32608	35508	32264	38496	
19912	0	32577	36049	32734	38588	
19913	0	32568	36700	33224	38697	
19914	0	32916	37188	33636	38820	
19915	0	33206	37665	34136	38880	
19916	0	33281	38370	34592	38968	
19917	0	33497	39036	35004	39072	
19918	0	34000	40032	35428	39036	
19919	0	34604	40677	35860	39096	
19920	0	35472	41104	36300	39156	
19921	0	36392	41644	36700	39156	
19922	0	37600	42148	37152	39340	
19923	0	39088	42462	37536	39280	
19924	0	40556	42712	37912	39376	
19925	0	42640	42672	38316	39408	
19926	0	44352	42604	38660	39480	
19927	0	45504	41521	39008	39548	
19928	0	46733	39805	39400	39476	
19929	0	49228	37336	39744	39472	
19930	0	53752	34281	40044	39560	
19931	0	50516	35754	40301	39668	
19932	0	51705	36584	40588	39580	
19933	0	46800	37496	40928	39680	
19934	0	32696	43480	41168	39688	
19935	0	12004	42400	41368	39740	
19936	0	32084	33642	41764	39808	
19937	0	45232	36892	41972	39796	
19938	0	49096	35662	42048	39836	
19939	0	35088	34594	42316	39928	
19940	0	34240	42768	42546	39868	
19941	0	40905	32474	42785	39994	
19942	0	34716	38130	42824	39972	
19943	0	33773	37324	43052	40064	
19944	0	34832	36868	43192	40145	
19945	0	33536	38009	43364	40168	
19946	0	34352	37388	43556	40236	
19947	0	34686	37249	43800	40297	
19948	0	34904	37164	43908	40292	
19949	0	34436	37488	44092	40384	
19950	0	34312	37644	44256	40400	
19951	0	34316	37625	44440	40448	
19952	0	34405	37540	44644	40540	
19953	0	34728	37140	44816	40644	
19954	0	34956	37144	45016	40688	
19955	0	34932	37300	45201	40696	
19956	0	34702	37548	45440	40748	
19957	0	34410	37476	45604	40828	
19958	0	35512	37312	45800	40880	
19959	0	34440	37828	46081	40928	
19960	0	34724	37292	46228	41000	
19961	0	35220	37228	46454	41024	
19962	0	34928	37164	46656	41088	
19963	0	35259	37036	46912	41132	
19964	0	35369	37056	47080	41120	
19965	0	35214	37144	47288	41152	
19966	0	35269	37176	47516	41176	
19967	0	35208	37177	47784	41192	
19968	0	35336	37128	47932	41208	
19969	0	35357	37113	48128	41216	
19970	0	35352	37009	48370	41224	
19971	0	35228	37149	48608	41232	
19972	0	35348	37076	48768	41236	
19973	0	35496	37120	48932	41218	
19974	0	35413	37200	49176	41221	
19975	0	35562	37200	49376	41206	
19976	0	35640	37264	49460	41221	
19977	0	35500	37348	49680	41220	
19978	0	35488	37264	49897	41220	
19979	0	35424	37420	49984	41248	
19980	0	35424	37456	50161	41264	
19981	0	35368	37544	50344	41296	
19982	0	35300	37740	50492	41318	
19983	0	35336	37869	50596	41326	
19984	0	35572	37832	50688	41389	
19985	0	35352	37692	50809	41388	
19986	0	35738	37953	50936	41477	
19987	0	35968	38652	51000	41472	
19988	0	36244	39290	51074	41536	
19989	0	36368	39997	51154	41602	
19990	0	36346	40760	51244	41656	
19991	0	35900	40826	51288	41720	
19992	0	35180	41376	51320	41836	
19993	0	34770	42664	51392	41904	
19994	0	34762	44204	51436	41924	
19995	0	33572	46572	51424	42002	
19996	0	33024	45976	51428	42108	
19997	0	33985	44700	51396	42152	
19998	0	35464	43800	51396	42176	
19999	0	38000	42940	51408	42232	
20000	0	39152	41544	51376	42296	
20001	0	37216	40940	51416	42344	
20002	0	33504	39417	51428	42370	
20003	0	28893	37420	51338	42396	
20004	0	27636	35424	51377	42451	
20005	0	34180	33404	51305	42472	
20006	0	34657	35102	51288	42528	
20007	0	33996	36416	51252	42556	
20008	0	34448	27654	51292	42580	
20009	0	34597	33882	51256	42636	
20010	0	30960	34504	51288	42672	
20011	0	29192	35620	51272	42688	
20012	0	30434	33912	51280	42718	
20013	0	30189	34264	51280	42724	
20014	0	30128	34720	51264	42764	
20015	0	31073	34740	51368	42784	
20016	0	31760	34792	51388	42820	
20017	0	32284	34817	51361	42832	
20018	0	32652	34965	51378	42848	
20019	0	32816	35240	51432	42866	
20020	0	32684	35828	51432	42842	
20021	0	32632	36444	51456	42876	
20022	0	32788	36804	51480	42872	
20023	0	33096	37004	51524	42853	
20024	0	33364	37624	51506	42880	
20025	0	33448	38386	51508	42866	
20026	0	33320	39228	51536	42824	
20027	0	34164	40172	51492	42842	
20028	0	34844	40508	51520	42796	
20029	0	35816	40972	51568	42796	
20030	0	36856	41464	51512	42781	
20031	0	38200	42252	51540	42786	
20032	0	39624	42772	51420	42768	
20033	0	41592	43000	51476	42728	
20034	0	44035	43012	51348	42732	
20035	0	46608	42692	51384	42714	
20036	0	47548	40692	51320	42698	
20037	0	48308	38460	51240	42688	
20038	0	50928	34692	51157	42656	
20039	0	51796	33934	51028	42648	
20040	0	50344	33738	50904	42632	
20041	0	42376	43008	50829	42624	
20042	0	46256	37268	50641	42597	
20043	0	31200	42469	50484	42588	
20044	0	9616	45280	50344	42584	
20045	0	33386	32664	50141	42560	
20046	0	40488	39172	49970	42536	
20047	0	46764	40784	49768	42512	
20048	0	44684	39404	49564	42472	
20049	0	35064	39964	49408	42456	
20050	0	36836	36988	49216	42449	
20051	0	37764	34860	48928	42400	
20052	0	33356	38816	48668	42400	
20053	0	34320	37020	48444	42336	
20054	0	33865	37648	48268	42308	
20055	0	33856	37672	47976	42312	
20056	0	34437	37336	47697	42288	
20057	0	34621	37400	47420	42224	
20058	0	34344	37497	47197	42224	
20059	0	34322	37481	46964	42144	
20060	0	34541	37336	46660	42104	
20061	0	34578	37358	46428	42068	
20062	0	34480	37408	46176	42105	
20063	0	34560	37328	45920	41988	
20064	0	34764	37280	45688	42000	
20065	0	34816	37386	45440	41984	
20066	0	34562	37504	45204	41892	
20067	0	34748	37441	44964	41785	
20068	0	34288	37640	44784	41788	
20069	0	35092	37217	44496	41680	
20070	0	34828	37500	44316	41544	
20071	0	34976	37270	44120	41524	
20072	0	35420	36955	43816	41344	
20073	0	34952	37280	43660	41266	
20074	0	35585	37064	43376	41184	
20075	0	35221	37048	43169	40932	
20076	0	35216	37117	42937	40801	
20077	0	35224	37140	42724	40632	
20078	0	35312	37064	42512	40464	
20079	0	34912	37092	42354	40341	
20080	0	35280	37092	42221	40216	
20081	0	35164	36844	42040	40020	
20082	0	35360	36936	41840	39737	
20083	0	35408	37011	41548	39640	
20084	0	35376	37104	41345	39457	
20085	0	35548	37178	41189	39212	
20086	0	35404	37200	40988	39040	
20087	0	35368	37256	40812	38812	
20088	0	35308	37177	40708	38672	
20089	0	35236	37344	40464	38469	
20090	0	35208	37552	40324	38304	
20091	0	35177	37789	40196	38016	
20092	0	35268	37888	39941	37825	
20093	0	35080	38061	39884	37652	
20094	0	35125	37881	39700	37508	
20095	0	35185	37752	39432	37400	
20096	0	35344	38092	39260	37196	
20097	0	35956	38980	39066	37025	
20098	0	36321	39554	38888	36828	
20099	0	36189	40168	38786	36704	
20100	0	36100	40744	38521	36514	
20101	0	35468	40600	38396	36388	
20102	0	34985	41516	38172	36312	
20103	0	34774	42644	37976	36116	
20104	0	34140	44400	37810	35932	
20105	0	33741	46218	37650	35800	
20106	0	32044	45440	37468	35641	
20107	0	33660	44004	37276	35477	
20108	0	34650	44044	37120	35420	
20109	0	36936	44268	36944	35196	
20110	0	39048	41232	36770	35130	
20111	0	37893	40816	36572	34948	
20112	0	34144	40060	36412	34752	
20113	0	29724	38025	36252	34590	
20114	0	25964	35660	36121	34485	
20115	0	32524	33192	35980	34298	
20116	0	36496	33982	35845	34192	
20117	0	31890	37921	35712	34076	
20118	0	34224	31712	35578	33832	
20119	0	37028	34544	35444	33724	
20120	0	31164	32933	35430	33584	
20121	0	28284	35828	35194	33428	
20122	0	29908	34740	35154	33220	
20123	0	29916	34312	35072	33008	
20124	0	30180	34678	34916	32833	
20125	0	30918	34857	34808	32724	
20126	0	31992	34668	34664	32456	
20127	0	32456	34824	34556	32272	
20128	0	32716	34970	34450	32076	
20129	0	32769	35274	34337	31878	
20130	0	32816	35800	34228	31716	
20131	0	32800	36480	34112	31428	
20132	0	33052	37020	33997	31261	
20133	0	33416	37236	33889	31036	
20134	0	33608	37712	33760	30745	
20135	0	33692	38533	33652	30497	
20136	0	33440	39464	33538	30304	
20137	0	34242	40252	33400	30004	
20138	0	34944	40808	33274	29784	
20139	0	35900	41416	33104	29504	
20140	0	37004	42156	32968	29240	
20141	0	38304	42369	32809	28992	
20142	0	40216	43072	32600	28713	
20143	0	42196	43616	32460	28434	
20144	0	44644	43064	32194	28172	
20145	0	45980	42200	32040	27893	
20146	0	46380	40197	31816	27632	
20147	0	47441	37908	31618	27378	
20148	0	49552	34608	31408	27110	
20149	0	51112	33332	31160	26860	
20150	0	48378	36852	30912	26616	
20151	0	42440	43440	30672	26388	
20152	0	44572	37900	30385	26160	
20153	0	33284	40408	30108	25932	
20154	0	10811	45984	29784	25732	
20155	0	26420	35716	29568	25520	
20156	0	40720	37584	29268	25326	
20157	0	41732	37157	28961	25136	
20158	0	47584	43464	28588	24964	
20159	0	37536	34380	28380	24809	
20160	0	32861	40904	28032	24638	
20161	0	39802	33210	27768	24498	
20162	0	34072	38394	27398	24356	
20163	0	33840	37426	27116	24218	
20164	0	34956	36570	26828	24120	
20165	0	33722	37920	26460	24002	
20166	0	34404	37418	26180	23912	
20167	0	34584	37468	25868	23845	
20168	0	34680	37356	25520	23748	
20169	0	34404	37504	25202	23688	
20170	0	34560	37416	24996	23632	
20171	0	34792	37392	24686	23597	
20172	0	34688	37293	24424	23556	
20173	0	34853	37272	24124	23560	
20174	0	34948	37196	23832	23533	
20175	0	34772	37308	23556	23504	
20176	0	35123	37272	23294	23498	
20177	0	34584	37576	23046	23552	
20178	0	35086	37204	22788	23506	
20179	0	34730	37514	22557	23522	
20180	0	34272	37369	22342	23530	
20181	0	35184	37392	22080	23619	
20182	0	34740	37232	21864	23562	
20183	0	34300	37248	21628	23590	
20184	0	34896	37208	21413	23642	
20185	0	34976	36937	21248	23620	
20186	0	35844	36984	21024	23648	
20187	0	35440	37120	20856	23664	
20188	0	35068	37312	20689	23752	
20189	0	35128	37420	20494	23692	
20190	0	35289	37256	20346	23732	
20191	0	35300	37100	20104	23716	
20192	0	35136	36928	19971	23732	
20193	0	35196	37020	19860	23769	
20194	0	35520	36852	19679	23794	
20195	0	35440	37033	19528	23800	
20196	0	35445	37048	19434	23789	
20197	0	35436	37033	19272	23888	
20198	0	35353	37068	19214	23892	
20199	0	35392	37120	19046	23884	
20200	0	35529	37180	18920	23929	
20201	0	35344	37362	18847	23909	
20202	0	35328	37466	18766	23892	
20203	0	35340	37669	18656	23964	
20204	0	35380	37660	18510	23967	
20205	0	35428	37556	18482	23960	
20206	0	35640	37572	18338	24001	
20207	0	35864	38000	18296	24040	
20208	0	36176	38553	18222	24096	
20209	0	36196	39088	18101	24112	
20210	0	36296	39636	18042	24152	
20211	0	36328	40060	17958	24144	
20212	0	35900	39948	17913	24250	
20213	0	35608	40732	17857	24276	
20214	0	35512	41672	17784	24318	
20215	0	35882	42296	17722	24354	
20216	0	35914	43264	17588	24420	
20217	0	34648	44388	17590	24440	
20218	0	33772	43796	17548	24528	
20219	0	33702	42890	17448	24510	
20220	0	36660	42024	17410	24608	
20221	0	35540	41865	17299	24660	
20222	0	37064	40196	17224	24719	
20223	0	38848	40113	17192	24748	
20224	0	36328	38720	17129	24801	
20225	0	32268	37346	17109	24938	
20226	0	29614	35097	17072	25053	
20227	0	30676	34016	17000	25076	
20228	0	35449	34404	16986	25216	
20229	0	33225	36616	16898	25342	
20230	0	32656	34456	16900	25404	
20231	0	34580	29476	16868	25468	
20232	0	33192	33568	16854	25590	
20233	0	30400	34348	16811	25587	
20234	0	30036	34844	16810	25794	
20235	0	30234	33904	16804	25843	
20236	0	30168	33993	16736	26000	
20237	0	30729	34252	16755	26092	
20238	0	31434	34376	16732	26170	
20239	0	31936	34561	16781	26256	
20240	0	32394	34617	16750	26332	
20241	0	32680	34884	16788	26334	
20242	0	32813	35456	16780	26468	
20243	0	32946	36016	16806	26464	
20244	0	33081	36664	16795	26561	
20245	0	33426	36960	16826	26617	
20246	0	33842	37328	16904	26657	
20247	0	34024	37957	16866	26641	
20248	0	34112	38704	16904	26674	
20249	0	34265	39268	16976	26722	
20250	0	34736	39560	16992	26804	
20251	0	35400	39848	17037	26721	
20252	0	36212	40344	17072	26817	
20253	0	36804	40780	17105	26838	
20254	0	37464	41410	17056	26870	
20255	0	38380	41945	17120	26926	
20256	0	39758	42212	17146	26936	
20257	0	40893	42258	17108	26949	
20258	0	42280	41477	17159	26932	
20259	0	43552	40356	17200	26977	
20260	0	43880	38810	17178	26992	
20261	0	44808	36289	17192	27098	
20262	0	49020	33981	17186	27122	
20263	0	47940	34188	17181	27066	
20264	0	42360	41512	17149	27137	
20265	0	43972	36282	17200	27067	
20266	0	42328	41120	17124	27152	
20267	0	19097	43572	17168	27157	
20268	0	17529	44116	17164	27208	
20269	0	47448	35274	17149	27220	
20270	0	51120	28920	17090	27200	
20271	0	40804	31802	17108	27232	
20272	0	29396	44108	17084	27348	
20273	0	40484	31508	17114	27328	
20274	0	34344	38285	17094	27330	
20275	0	34392	37344	17064	27393	
20276	0	34788	37096	17030	27472	
20277	0	34632	37394	17024	27492	
20278	0	35016	37101	17056	27526	
20279	0	35128	37112	17016	27573	
20280	0	35165	37000	17060	27602	
20281	0	34953	37281	17042	27740	
20282	0	34856	37296	17010	27716	
20283	0	34954	37236	17028	27812	
20284	0	35016	37076	17090	27848	
20285	0	35169	36968	17148	27992	
20286	0	35245	36900	17186	28065	
20287	0	35298	36956	17236	28148	
20288	0	35276	36824	17285	28249	
20289	0	35180	37024	17334	28336	
20290	0	35090	37101	17428	28416	
20291	0	35200	37133	17448	28500	
20292	0	35008	37256	17597	28632	
20293	0	35222	36992	17675	28716	
20294	0	35248	37060	17730	28760	
20295	0	35308	37016	17904	28885	
20296	0	35352	36888	18028	28940	
20297	0	35652	36624	18142	29049	
20298	0	35480	36784	18280	29122	
20299	0	35772	36656	18432	29172	
20300	0	35512	37080	18542	29258	
20301	0	35492	37012	18748	29400	
20302	0	35616	36961	18864	29468	
20303	0	35264	37128	19028	29520	
20304	0	35450	36768	19189	29584	
20305	0	35916	36784	19427	29660	
20306	0	35673	36704	19604	29752	
20307	0	35606	36784	19803	29828	
20308	0	35420	37008	19978	29902	
20309	0	35512	37002	20204	30000	
20310	0	35784	36944	20412	30018	
20311	0	35576	37096	20620	30100	
20312	0	35837	37058	20836	30248	
20313	0	35897	37048	20982	30372	
20314	0	35704	37132	21248	30469	
20315	0	35665	37184	21482	30564	
20316	0	35714	37264	21749	30700	
20317	0	35958	37284	21948	30825	
20318	0	35672	37380	22149	30960	
20319	0	35704	37650	22429	31108	
20320	0	35837	37484	22721	31229	
20321	0	35728	37656	22931	31384	
20322	0	35500	38056	23180	31553	
20323	0	36116	38000	23492	31686	
20324	0	35972	38489	23744	31872	
20325	0	36224	38752	24020	32065	
20326	0	36073	39236	24280	32252	
20327	0	36112	39243	24581	32448	
20328	0	35716	39452	24902	32637	
20329	0	35392	39916	25182	32829	
20330	0	35236	40876	25481	33024	
20331	0	35258	41428	25812	33200	
20332	0	35536	42428	26133	33417	
20333	0	34696	43496	26464	33621	
20334	0	33290	44257	26784	33810	
20335	0	33840	42728	27084	33985	
20336	0	37120	41802	27488	34236	
20337	0	35728	42532	27832	34450	
20338	0	36148	41184	28130	34640	
20339	0	37930	40402	28552	34836	
20340	0	36873	39490	28938	35056	
20341	0	34404	38746	29304	35196	
20342	0	29446	37748	29726	35424	
20343	0	28632	35388	30130	35572	
20344	0	32344	33940	30550	35904	
20345	0	35720	34776	30994	36000	
20346	0	33424	36168	31400	36214	
20347	0	31520	36924	31836	36420	
20348	0	36876	32611	32288	36552	
20349	0	33472	34112	32744	36700	
20350	0	30220	36200	33208	36842	
20351	0	30292	36121	33696	37076	
20352	0	30998	35184	34148	37160	
20353	0	30892	35392	34724	37258	
20354	0	31340	35092	35156	37408	
20355	0	31688	35084	35668	37558	
20356	0	32324	35136	36172	37684	
20357	0	32804	35250	36728	37629	
20358	0	33210	35506	37304	37796	
20359	0	33424	36032	37728	37768	
20360	0	33466	36732	38264	37920	
20361	0	33540	37320	38876	37864	
20362	0	33824	37352	39400	37941	
20363	0	33874	37972	39924	37908	
20364	0	33920	38888	40408	38021	
20365	0	34312	39401	41024	37952	
20366	0	34626	39992	41596	37964	
20367	0	35244	40237	42092	37996	
20368	0	35960	40752	42664	37992	
20369	0	36818	41140	43120	38000	
20370	0	37604	41321	43656	38017	
20371	0	39237	41540	44218	38029	
20372	0	40876	41657	44704	38041	
20373	0	42240	41416	45192	38036	
20374	0	43706	41104	45604	38074	
20375	0	44824	40476	46128	38072	
20376	0	45304	38916	46552	38128	
20377	0	45844	36965	46932	38144	
20378	0	48704	34578	47348	38192	
20379	0	50144	34204	47748	38192	
20380	0	45644	40676	48184	38260	
20381	0	48344	36468	48472	38328	
20382	0	39833	44768	48824	38308	
20383	0	14693	45892	49174	38436	
20384	0	27308	36000	49536	38428	
20385	0	39652	38201	49836	38520	
20386	0	46004	35737	50108	38660	
20387	0	52892	44132	50376	38688	
20388	0	38188	38452	50596	38732	
20389	0	34553	39144	50808	38912	
20390	0	38600	34100	51034	38916	
20391	0	33426	39284	51248	39035	
20392	0	33896	37024	51496	39064	
20393	0	34060	37128	51624	39204	
20394	0	33696	37748	51864	39276	
20395	0	34084	37392	51960	39420	
20396	0	34476	37304	52160	39488	
20397	0	34564	37320	52268	39632	
20398	0	34220	37544	52396	39776	
20399	0	34140	37556	52572	39860	
20400	0	34104	37548	52756	39896	
20401	0	34368	37389	52850	40152	
20402	0	34284	37504	53008	40256	
20403	0	34316	37472	53088	40304	
20404	0	34334	37548	53300	40472	
20405	0	34280	37472	53352	40564	
20406	0	34360	37569	53512	40684	
20407	0	34568	37528	53632	40844	
20408	0	34589	37588	53777	40958	
20409	0	34632	37442	53888	41052	
20410	0	34620	37304	54056	41182	
20411	0	34884	37336	54176	41352	
20412	0	34680	37476	54236	41440	
20413	0	34976	37406	54396	41581	
20414	0	35120	37384	54489	41760	
20415	0	34924	37416	54624	41733	
20416	0	35109	37252	54672	41864	
20417	0	35337	37106	54784	42004	
20418	0	35308	37188	54938	42056	
20419	0	35152	37400	54956	42113	
20420	0	34904	36936	55040	42328	
20421	0	35240	37337	55138	42424	
20422	0	35248	36960	55284	42409	
20423	0	35165	37036	55372	42570	
20424	0	35218	37076	55368	42488	
20425	0	35248	37064	55464	42704	
20426	0	35328	37148	55488	42677	
20427	0	35242	37280	55640	42716	
20428	0	35148	37352	55600	42876	
20429	0	35093	37396	55648	42930	
20430	0	35201	37548	55737	42944	
20431	0	34952	37686	55792	43004	
20432	0	35106	37924	55834	43090	
20433	0	35156	38016	55880	43124	
20434	0	35212	38252	55890	43148	
20435	0	35336	37952	55952	43233	
20436	0	35204	37912	55916	43246	
20437	0	35288	38000	55978	43332	
20438	0	35672	38412	55936	43392	
20439	0	35988	39092	55976	43528	
20440	0	35896	40084	55960	43585	
20441	0	35884	40916	55944	43696	
20442	0	35668	41536	55824	43712	
20443	0	34996	41992	55800	43736	
20444	0	34192	43232	55828	43805	
20445	0	33488	45696	55760	43904	
20446	0	32081	47136	55728	43922	
20447	0	31416	46016	55709	44000	
20448	0	33616	45081	55700	44098	
20449	0	38208	44080	55626	44176	
20450	0	38112	43960	55608	44160	
20451	0	40316	41708	55504	44264	
20452	0	37168	41117	55500	44288	
20453	0	32380	39318	55404	44400	
20454	0	25860	37449	55400	44416	
20455	0	26510	35748	55384	44468	
20456	0	34940	33969	55248	44560	
20457	0	36984	34300	55284	44584	
20458	0	33572	37390	55200	44680	
20459	0	39376	31930	55216	44672	
20460	0	36320	29404	55264	44776	
20461	0	33536	33464	55152	44772	
20462	0	30728	33452	55192	44836	
20463	0	30524	34889	55216	44865	
20464	0	30454	33504	55164	44948	
20465	0	30416	34020	55224	44945	
20466	0	30624	34376	55176	45008	
20467	0	31218	34415	55232	44996	
20468	0	31536	34750	55188	45056	
20469	0	32272	34652	55242	45056	
20470	0	32874	34624	55160	45028	
20471	0	33146	34780	55220	45044	
20472	0	33160	35344	55148	45048	
20473	0	33388	36104	55168	45024	
20474	0	33522	36800	55090	45040	
20475	0	33768	37344	55056	45016	
20476	0	34008	37972	55024	44992	
20477	0	34378	38704	55004	44916	
20478	0	34874	39012	54880	44881	
20479	0	35516	39576	54816	44845	
20480	0	36321	40416	54728	44784	
20481	0	36828	40987	54612	44722	
20482	0	37700	41644	54552	44700	
20483	0	38596	41978	54452	44616	
20484	0	39788	42644	54288	44580	
20485	0	41224	43180	54104	44500	
20486	0	42400	43082	53984	44456	
20487	0	43448	42725	53753	44374	
20488	0	43634	42178	53524	44332	
20489	0	44144	40592	53324	44272	
20490	0	44121	38380	53146	44198	
20491	0	45556	37361	52876	44116	
20492	0	49424	34996	52576	44024	
20493	0	49504	36184	52332	43960	
20494	0	47424	37673	52052	43880	
20495	0	42740	41856	51648	43796	
20496	0	40800	38268	51380	43712	
20497	0	29218	38324	51008	43628	
20498	0	9604	45696	50632	43552	
20499	0	36944	33484	50296	43434	
20500	0	40929	37648	49928	43360	
20501	0	41322	36664	49508	43237	
20502	0	51424	46796	49185	43153	
20503	0	35908	39561	48788	43096	
20504	0	34036	38548	48416	42992	
20505	0	37677	34780	47984	42888	
20506	0	32929	38916	47642	42860	
20507	0	34268	36924	47273	42784	
20508	0	34044	37468	46884	42701	
20509	0	33656	37801	46450	42600	
20510	0	34164	37488	46160	42608	
20511	0	34232	37496	45748	42460	
20512	0	34304	37344	45436	42416	
20513	0	34276	37464	45160	42434	
20514	0	34208	37544	44784	42408	
20515	0	34200	37537	44512	42312	
20516	0	34348	37544	44188	42328	
20517	0	34546	37336	43904	42208	
20518	0	34372	37488	43637	42200	
20519	0	34468	37452	43433	42136	
20520	0	34620	37408	43172	42120	
20521	0	34305	37604	42920	42196	
20522	0	34412	37600	42808	42076	
20523	0	34192	37632	42576	42094	
20524	0	34678	37232	42268	41949	
20525	0	34560	37456	42080	41972	
20526	0	34946	37106	42020	41856	
20527	0	35128	37012	41740	41834	
20528	0	34432	37392	41529	41716	
20529	0	34644	37405	41476	41673	
20530	0	34912	37300	41280	41600	
20531	0	34560	37512	41040	41404	
20532	0	35324	37024	40992	41362	
20533	0	34592	36890	40733	41208	
20534	0	34912	37544	40576	41184	
20535	0	34764	37309	40472	41056	
20536	0	35312	37020	40336	40916	
20537	0	35156	37284	40205	40716	
20538	0	35250	37225	40001	40680	
20539	0	35406	37300	39780	40432	
20540	0	35184	37400	39625	40312	
20541	0	35242	37468	39476	40192	
20542	0	35044	37364	39292	40060	
20543	0	35140	37384	39088	39944	
20544	0	35072	37600	38912	39701	
20545	0	35152	37712	38790	39620	
20546	0	35152	37840	38613	39456	
20547	0	35217	38032	38316	39256	
20548	0	35152	38234	38097	39113	
20549	0	35264	38204	37878	39028	
20550	0	35212	37904	37738	38856	
20551	0	35360	37976	37442	38672	
20552	0	35832	38576	37244	38552	
20553	0	35880	39188	37024	38448	
20554	0	35948	39712	36726	38232	
20555	0	35516	40590	36512	38188	
20556	0	35618	40592	36232	38032	
20557	0	34680	40944	36025	37776	
20558	0	33972	41660	35744	37592	
20559	0	33708	42684	35512	37520	
20560	0	33044	44428	35268	37252	
20561	0	32186	45496	34994	37128	
20562	0	32832	44629	34729	36976	
20563	0	36984	43553	34536	36713	
20564	0	36297	43472	34282	36554	
20565	0	37112	42104	34020	36312	
20566	0	39353	41296	33752	36109	
20567	0	35754	41156	33504	35968	
20568	0	31910	39808	33248	35672	
20569	0	27076	37472	33002	35540	
20570	0	26652	35418	32721	35260	
20571	0	35650	33840	32544	35024	
20572	0	36640	34768	32224	34817	
20573	0	33188	37804	32008	34556	
20574	0	35032	32141	31764	34352	
20575	0	36172	32616	31544	34097	
20576	0	33689	33178	31312	33866	
20577	0	30044	34714	31058	33648	
20578	0	30205	35168	30873	33404	
20579	0	31088	34554	30616	33232	
20580	0	30882	34944	30409	32930	
20581	0	31154	35072	30186	32769	
20582	0	31756	34992	29969	32432	
20583	0	32196	35108	29776	32232	
20584	0	32648	35056	29568	32036	
20585	0	33022	35228	29332	31816	
20586	0	32930	35572	29125	31470	
20587	0	32760	36269	28916	31236	
20588	0	32946	36868	28681	31024	
20589	0	33270	37033	28464	30754	
20590	0	33440	37650	28280	30516	
20591	0	33288	38594	28025	30290	
20592	0	33644	39512	27868	30072	
20593	0	34020	40300	27642	29854	
20594	0	34896	40784	27396	29608	
20595	0	35700	41569	27152	29372	
20596	0	36540	42222	26918	29200	
20597	0	37856	42760	26749	28976	
20598	0	39436	43304	26500	28784	
20599	0	41216	43680	26269	28608	
20600	0	43296	43416	26021	28324	
20601	0	44644	42696	25752	28139	
20602	0	45706	41696	25573	27948	
20603	0	45980	39529	25296	27745	
20604	0	47320	36669	25066	27556	
20605	0	52420	34256	24848	27393	
20606	0	50048	36490	24562	27200	
20607	0	47844	37128	24253	27032	
20608	0	44376	40144	23980	26864	
20609	0	40288	38565	23724	26714	
20610	0	24392	38848	23422	26513	
20611	0	10010	42880	23144	26348	
20612	0	38064	34126	22918	26176	
20613	0	42120	38852	22568	26011	
20614	0	41864	41248	22323	25860	
20615	0	44152	37813	22008	25720	
20616	0	35900	37792	21708	25502	
20617	0	35642	37330	21420	25460	
20618	0	38193	34616	21214	25224	
20619	0	33552	38632	20857	25074	
20620	0	34588	36785	20658	24948	
20621	0	34336	37344	20386	24805	
20622	0	34004	37676	20136	24571	
20623	0	34560	37312	19826	24452	
20624	0	34632	37421	19606	24316	
20625	0	34621	37320	19332	24193	
20626	0	34562	37360	19130	24009	
20627	0	34424	37364	18884	23901	
20628	0	34412	37540	18640	23760	
20629	0	34624	37408	18441	23596	
20630	0	34608	37344	18216	23480	
20631	0	34756	37344	18050	23320	
20632	0	34712	37356	17889	23184	
20633	0	34610	37401	17716	23084	
20634	0	34554	37576	17544	22864	
20635	0	34356	37640	17325	22733	
20636	0	34720	37528	17176	22508	
20637	0	35000	37172	17012	22421	
20638	0	34772	37312	16901	22210	
20639	0	34820	37232	16756	21952	
20640	0	35136	37040	16643	21813	
20641	0	35232	37092	16493	21660	
20642	0	34853	37312	16361	21485	
20643	0	35488	37080	16287	21299	
20644	0	35438	37177	16106	21040	
20645	0	35165	37232	16032	20878	
20646	0	35068	37452	15921	20730	
20647	0	35381	36954	15852	20496	
20648	0	35213	36936	15746	20267	
20649	0	35298	37149	15656	20120	
20650	0	35282	37144	15560	19905	
20651	0	35416	36996	15417	19762	
20652	0	35336	37112	15349	19585	
20653	0	35420	37064	15243	19404	
20654	0	35336	37128	15189	19213	
20655	0	35344	37184	15113	19061	
20656	0	35382	37224	15004	18969	
20657	0	35408	37360	14933	18864	
20658	0	35244	37692	14821	18646	
20659	0	35300	37804	14683	18572	
20660	0	35241	37924	14601	18465	
20661	0	35378	38066	14518	18417	
20662	0	35360	37737	14404	18309	
20663	0	35528	37648	14249	18264	
20664	0	35708	38139	14196	18212	
20665	0	35968	38752	14074	18088	
20666	0	36044	39512	13984	18080	
20667	0	36220	40004	13832	18073	
20668	0	35828	40312	13744	18040	
20669	0	35333	40488	13628	18040	
20670	0	34616	41280	13503	18065	
20671	0	34432	42672	13386	18030	
20672	0	34356	43984	13226	18112	
20673	0	33866	46072	13120	18136	
20674	0	32833	45674	13009	18166	
20675	0	34164	44200	12890	18200	
20676	0	35344	43084	12765	18276	
20677	0	34904	43032	12644	18256	
20678	0	37960	41604	12500	18340	
20679	0	38384	40968	12378	18518	
20680	0	35532	40364	12265	18488	
20681	0	30660	38665	12162	18592	
20682	0	26308	36468	12033	18801	
20683	0	29144	34564	11912	18808	
20684	0	34184	34960	11828	18976	
20685	0	34604	34212	11726	19021	
20686	0	33160	36832	11659	19202	
20687	0	35500	29676	11597	19332	
20688	0	35264	32680	11516	19393	
20689	0	32348	33253	11461	19566	
20690	0	30508	34840	11421	19634	
20691	0	30466	34388	11390	19765	
20692	0	31609	33836	11325	19898	
20693	0	31098	34720	11314	19888	
20694	0	30932	35081	11356	20062	
20695	0	31712	34928	11349	20104	
20696	0	32266	35008	11356	20093	
20697	0	32422	35104	11386	20264	
20698	0	33044	35380	11408	20296	
20699	0	33116	35700	11428	20268	
20700	0	33147	36348	11515	20376	
20701	0	33426	36800	11568	20304	
20702	0	33608	37276	11638	20477	
20703	0	33953	37818	11717	20460	
20704	0	33802	38820	11733	20402	
20705	0	33833	39572	11781	20336	
20706	0	34348	40364	11904	20475	
20707	0	35044	40720	11960	20380	
20708	0	35820	41176	12019	20459	
20709	0	36512	41764	12069	20428	
20710	0	37544	42100	12112	20416	
20711	0	38784	42764	12144	20420	
20712	0	40613	43104	12230	20322	
20713	0	42092	42828	12265	20416	
20714	0	43225	45392	12280	20364	
20715	0	46520	39280	12332	20352	
20716	0	44548	38272	12339	20337	
20717	0	48248	36530	12400	20285	
20718	0	52088	33920	12419	20288	
20719	0	50128	37520	12446	20325	
20720	0	48208	38429	12440	20179	
20721	0	43650	43596	12464	20289	
20722	0	24949	43760	12432	20280	
20723	0	15650	39277	12440	20244	
20724	0	34776	33856	12464	20164	
20725	0	42562	36644	12434	20176	
20726	0	40220	30664	12477	20222	
20727	0	37280	36098	12383	20212	
20728	0	36212	38328	12422	20216	
20729	0	38732	34616	12422	20152	
20730	0	35340	37060	12414	20178	
20731	0	33928	37700	12368	20220	
20732	0	34320	37092	12409	20116	
20733	0	34156	37410	12417	20228	
20734	0	34061	37572	12457	20257	
20735	0	34506	37248	12469	20259	
20736	0	34604	37234	12440	20289	
20737	0	34560	37284	12439	20252	
20738	0	34310	37509	12524	20222	
20739	0	34088	37705	12532	20388	
20740	0	34260	37448	12576	20443	
20741	0	34546	37362	12599	20446	
20742	0	34636	37364	12684	20605	
20743	0	34560	37440	12774	20644	
20744	0	34585	37496	12845	20634	
20745	0	34504	37440	12945	20820	
20746	0	34540	37480	13052	20886	
20747	0	34560	37560	13164	20969	
20748	0	34866	37298	13288	21085	
20749	0	34668	37410	13406	21052	
20750	0	35776	37154	13548	21248	
20751	0	34816	37525	13708	21372	
20752	0	34448	37512	13881	21444	
20753	0	35749	36944	14053	21556	
20754	0	35264	37384	14294	21634	
20755	0	35469	37136	14490	21741	
20756	0	35344	37204	14678	21828	
20757	0	35366	37164	14885	21865	
20758	0	35208	37204	15099	22000	
20759	0	35496	36992	15329	22110	
20760	0	34984	36804	15537	22208	
20761	0	35926	37104	15792	22284	
20762	0	34844	36944	16029	22340	
20763	0	35488	36956	16279	22478	
20764	0	35500	37130	16457	22564	
20765	0	35512	37168	16747	22685	
20766	0	35428	37160	16931	22788	
20767	0	35282	37181	17236	22944	
20768	0	35280	37290	17464	22948	
20769	0	35216	37240	17688	23168	
20770	0	35216	37472	17940	23248	
20771	0	35360	37508	18176	23424	
20772	0	35240	37768	18393	23524	
20773	0	35216	37784	18640	23734	
20774	0	35424	37900	18849	23797	
20775	0	35642	37970	19104	24016	
20776	0	35452	37824	19312	24200	
20777	0	35514	37868	19476	24374	
20778	0	35736	38236	19716	24521	
20779	0	35816	38984	19863	24707	
20780	0	36124	39808	20114	24878	
20781	0	36041	40764	20304	25108	
20782	0	35480	41132	20476	25277	
20783	0	35060	41368	20642	25505	
20784	0	34332	42316	20882	25724	
20785	0	33864	44032	21012	25912	
20786	0	32840	46169	21276	26112	
20787	0	32960	46008	21451	26379	
20788	0	34388	44968	21654	26586	
20789	0	36901	44012	21836	26825	
20790	0	37224	42936	22032	27072	
20791	0	39248	41360	22250	27332	
20792	0	37300	41016	22502	27582	
20793	0	32936	39632	22768	27813	
20794	0	28092	37770	23060	28113	
20795	0	27832	36274	23316	28380	
20796	0	33996	33580	23616	28652	
20797	0	35048	34872	23844	28942	
20798	0	33664	36554	24180	29245	
20799	0	36162	29796	24515	29600	
20800	0	35680	32372	24816	29836	
20801	0	31920	33832	25160	30112	
20802	0	29360	35614	25490	30420	
20803	0	30380	33492	25872	30710	
20804	0	30298	34092	26248	31022	
20805	0	30044	34652	26634	31304	
20806	0	31000	34576	27014	31603	
20807	0	31814	34784	27444	31888	
20808	0	32528	34892	27869	32160	
20809	0	32900	34944	28304	32452	
20810	0	33252	35130	28740	32736	
20811	0	33172	35552	29202	32980	
20812	0	33128	36144	29656	33234	
20813	0	33356	36532	30128	33532	
20814	0	33645	36848	30608	33760	
20815	0	33837	37276	31084	34000	
20816	0	34080	37778	31562	34233	
20817	0	34212	38336	32050	34601	
20818	0	34397	39129	32538	34780	
20819	0	34746	39936	33036	34956	
20820	0	35496	40708	33528	35177	
20821	0	36485	41332	34025	35494	
20822	0	37417	41880	34504	35624	
20823	0	38565	42188	34988	35848	
20824	0	40216	42596	35466	36144	
20825	0	42049	43016	35936	36318	
20826	0	43504	42632	36424	36508	
20827	0	44784	41821	36880	36717	
20828	0	45164	40768	37324	36944	
20829	0	45324	39212	37768	37249	
20830	0	46560	37048	38164	37400	
20831	0	50532	34872	38586	37576	
20832	0	48052	37952	38976	37786	
20833	0	49948	36084	39478	38036	
20834	0	44968	36524	39820	38192	
20835	0	33728	41760	40132	38488	
20836	0	9524	45464	40540	38688	
20837	0	37036	32776	40876	38890	
20838	0	42924	37892	41196	39001	
20839	0	43764	27314	41568	39188	
20840	0	42146	33226	41858	39328	
20841	0	35629	39632	42184	39552	
20842	0	37672	36136	42512	39708	
20843	0	35981	36649	42832	39904	
20844	0	34282	37592	43108	40092	
20845	0	34716	36968	43385	40256	
20846	0	34484	37273	43532	40409	
20847	0	34340	37476	43760	40484	
20848	0	34769	37234	44068	40716	
20849	0	34640	37421	44200	40846	
20850	0	34688	37312	44436	40924	
20851	0	34549	37472	44637	41084	
20852	0	34544	37220	44880	41280	
20853	0	34621	37394	45048	41360	
20854	0	34669	37412	45240	41512	
20855	0	34888	37188	45440	41632	
20856	0	34885	37256	45664	41780	
20857	0	34800	37328	45872	41900	
20858	0	35080	37162	46096	42044	
20859	0	34905	37332	46288	42224	
20860	0	34744	37376	46464	42308	
20861	0	34776	37369	46640	42460	
20862	0	34648	37348	46848	42568	
20863	0	35112	37048	47098	42676	
20864	0	34996	37426	47304	42708	
20865	0	35248	36844	47456	42860	
20866	0	34922	37121	47684	42912	
20867	0	35818	37024	47892	43028	
20868	0	35512	37056	48132	43052	
20869	0	35312	37044	48348	43144	
20870	0	35372	37084	48530	43232	
20871	0	35660	36988	48692	43280	
20872	0	35732	36474	48952	43308	
20873	0	35360	37248	49160	43408	
20874	0	35536	37016	49372	43444	
20875	0	35528	36852	49492	43504	
20876	0	35476	36888	49700	43525	
20877	0	35600	37108	49944	43585	
20878	0	35444	37013	50056	43620	
20879	0	35688	37044	50304	43652	
20880	0	35504	37104	50500	43676	
20881	0	35444	37172	50616	43732	
20882	0	35368	37320	50784	43760	
20883	0	35424	37349	50944	43786	
20884	0	35449	37624	51104	43828	
20885	0	35261	37928	51300	43860	
20886	0	35248	37888	51466	43896	
20887	0	35452	37742	51556	43930	
20888	0	35556	37512	51660	43960	
20889	0	35610	37745	51848	44000	
20890	0	35976	38312	51932	44032	
20891	0	36242	38864	52068	44062	
20892	0	36402	39286	52144	44116	
20893	0	36330	39760	52316	44132	
20894	0	35776	40440	52352	44152	
20895	0	35568	40704	52420	44188	
20896	0	34868	41300	52544	44216	
20897	0	34828	42305	52592	44260	
20898	0	34333	43676	52688	44276	
20899	0	34036	45704	52841	44296	
20900	0	32908	45248	52908	44337	
20901	0	34048	44144	52908	44357	
20902	0	34852	43820	53068	44388	
20903	0	37028	42612	53114	44416	
20904	0	37904	41112	53200	44440	
20905	0	38448	40576	53196	44484	
20906	0	35848	40265	53312	44520	
20907	0	31424	38752	53408	44544	
20908	0	26953	36224	53480	44581	
20909	0	29736	34064	53532	44624	
20910	0	36458	33204	53688	44681	
20911	0	34016	34936	53762	44730	
20912	0	30012	38805	53760	44756	
20913	0	33840	28824	53924	44800	
20914	0	36116	33013	53952	44876	
20915	0	30428	34360	54108	44916	
20916	0	29709	35246	54180	44944	
20917	0	30940	34349	54336	44968	
20918	0	30568	34640	54380	44984	
20919	0	30788	34828	54516	45036	
20920	0	31444	34976	54521	45051	
20921	0	31766	34936	54624	45064	
20922	0	32676	34785	54720	45024	
20923	0	33030	34852	54777	45032	
20924	0	33216	35168	54872	45040	
20925	0	33316	35572	54944	45017	
20926	0	33253	36218	54980	45002	
20927	0	33208	36844	54964	44929	
20928	0	33400	37236	55012	44908	
20929	0	33548	37556	55112	44916	
20930	0	33460	38216	55108	44880	
20931	0	33580	39152	55116	44836	
20932	0	33920	40052	55084	44737	
20933	0	34568	40580	55108	44740	
20934	0	35304	41232	55096	44700	
20935	0	36065	41880	55076	44632	
20936	0	36932	42648	55133	44544	
20937	0	38176	43208	55008	44472	
20938	0	40000	43516	54996	44405	
20939	0	42116	43396	54948	44400	
20940	0	44525	42724	54884	44329	
20941	0	46316	41676	54816	44256	
20942	0	46726	39600	54712	44188	
20943	0	49240	36400	54636	44124	
20944	0	53300	32504	54600	43996	
20945	0	51012	33468	54484	43928	
20946	0	47408	39392	54344	43841	
20947	0	45604	38148	54152	43804	
20948	0	35889	42741	53988	43688	
20949	0	11036	44752	53865	43636	
20950	0	29092	34814	53700	43522	
20951	0	41032	37488	53416	43424	
20952	0	43136	38589	53240	43314	
20953	0	48292	46901	53049	43274	
20954	0	34656	36132	52792	43168	
20955	0	36032	38528	52572	43044	
20956	0	38652	34744	52340	42944	
20957	0	34528	37836	52129	42852	
20958	0	34068	37164	51840	42761	
20959	0	34540	37100	51600	42696	
20960	0	33924	37692	51332	42580	
20961	0	34404	37456	51104	42522	
20962	0	34512	37380	50912	42416	
20963	0	34592	37320	50584	42340	
20964	0	34440	37436	50424	42264	
20965	0	34368	37488	50176	42212	
20966	0	34472	37396	49924	42112	
20967	0	34680	37260	49648	42066	
20968	0	34436	37256	49448	41992	
20969	0	34658	37321	49248	41920	
20970	0	34912	37112	49072	41864	
20971	0	34940	37208	48752	41784	
20972	0	34864	37380	48562	41716	
20973	0	34796	37376	48428	41640	
20974	0	35076	37304	48208	41560	
20975	0	36056	37360	48036	41496	
20976	0	34840	37320	47828	41368	
20977	0	34564	37388	47616	41288	
20978	0	34864	37076	47473	41152	
20979	0	34800	37272	47244	41065	
20980	0	35225	37228	47090	40932	
20981	0	35192	37272	46912	40812	
20982	0	35521	37176	46736	40640	
20983	0	35242	37201	46616	40524	
20984	0	35257	37220	46416	40340	
20985	0	35400	37192	46201	40176	
20986	0	35060	37209	46032	40008	
20987	0	35128	36976	45908	39832	
20988	0	35436	37136	45760	39680	
20989	0	35192	37028	45528	39488	
20990	0	35310	37094	45344	39288	
20991	0	35468	37093	45172	39088	
20992	0	35402	37032	44984	38881	
20993	0	35464	37100	44860	38664	
20994	0	35404	37209	44641	38472	
20995	0	35454	37204	44398	38258	
20996	0	35392	37364	44208	38074	
20997	0	35380	37504	44024	37856	
20998	0	35323	37732	43784	37672	
20999	0	35208	37964	43568	37465	
21000	0	35300	38036	43354	37280	
21001	0	35224	37784	43144	37092	
21002	0	35452	37612	43032	36908	
21003	0	35728	38136	42720	36716	
21004	0	36128	38753	42588	36556	
21005	0	36292	39520	42232	36372	
21006	0	36296	39952	42024	36209	
21007	0	35978	40100	41880	36017	
21008	0	35400	40632	41617	35862	
21009	0	34980	40996	41330	35686	
21010	0	34672	42104	41064	35529	
21011	0	34729	43192	40864	35380	
21012	0	34500	44532	40672	35178	
21013	0	32568	45624	40376	35008	
21014	0	32656	44321	40200	34848	
21015	0	33504	43058	39965	34696	
21016	0	35256	43848	39736	34536	
21017	0	38032	42600	39496	34340	
21018	0	38564	41238	39304	34176	
21019	0	36304	40780	39184	34009	
21020	0	32976	39241	38961	33856	
21021	0	27560	37826	38736	33676	
21022	0	26538	35704	38613	33512	
21023	0	32194	33237	38379	33380	
21024	0	36316	33992	38225	33197	
21025	0	32052	37080	38052	33040	
21026	0	35393	34468	37852	32872	
21027	0	35532	28588	37712	32714	
21028	0	34078	33736	37556	32540	
21029	0	31554	34656	37509	32352	
21030	0	30972	34097	37272	32184	
21031	0	31572	34585	37184	32004	
21032	0	31300	34332	36984	31828	
21033	0	31172	34796	36828	31640	
21034	0	31236	35012	36756	31441	
21035	0	31689	34905	36552	31246	
21036	0	32276	35096	36464	31052	
21037	0	32434	35320	36272	30852	
21038	0	32616	35584	36212	30632	
21039	0	32741	35913	35984	30422	
21040	0	33012	36384	35828	30200	
21041	0	33176	36872	35722	29996	
21042	0	33376	37440	35496	29768	
21043	0	33568	37841	35336	29549	
21044	0	33304	38990	35205	29328	
21045	0	33608	39812	35000	29124	
21046	0	34185	40408	34816	28889	
21047	0	34800	40892	34637	28677	
21048	0	35712	41624	34468	28477	
21049	0	36656	42128	34256	28253	
21050	0	37868	42638	34008	28072	
21051	0	38924	43296	33768	27864	
21052	0	40704	43484	33560	27671	
21053	0	42252	43392	33296	27497	
21054	0	43840	42576	33022	27322	
21055	0	45172	41049	32794	27136	
21056	0	46996	38552	32496	26960	
21057	0	52308	34738	32216	26788	
21058	0	52024	33368	31922	26628	
21059	0	48764	36773	31588	26464	
21060	0	47648	37440	31272	26287	
21061	0	42708	36520	30929	26122	
21062	0	26816	43202	30572	25952	
21063	0	9313	44928	30209	25785	
21064	0	33124	32604	29852	25618	
21065	0	39068	39013	29484	25459	
21066	0	52044	39398	29088	25292	
21067	0	41964	31004	28708	25145	
21068	0	32428	44712	28260	24989	
21069	0	38824	33057	27929	24844	
21070	0	37136	36121	27530	24702	
21071	0	33580	37770	27133	24560	
21072	0	34916	36592	26720	24444	
21073	0	34268	37540	26293	24318	
21074	0	33980	37772	25920	24179	
21075	0	34608	37276	25554	24074	
21076	0	34696	37194	25148	24014	
21077	0	34660	37245	24778	23894	
21078	0	34512	37408	24469	23842	
21079	0	34720	37288	24108	23744	
21080	0	34716	37170	23732	23704	
21081	0	34708	37288	23494	23601	
21082	0	34808	37258	23181	23562	
21083	0	34832	37281	22908	23530	
21084	0	34752	37304	22624	23524	
21085	0	34824	37292	22356	23456	
21086	0	34802	37378	22120	23420	
21087	0	35284	37100	21853	23412	
21088	0	34684	37426	21684	23376	
21089	0	34570	37456	21476	23332	
21090	0	34830	37264	21236	23306	
21091	0	34932	37312	21068	23292	
21092	0	35060	37308	20851	23252	
21093	0	35112	37136	20716	23228	
21094	0	35250	37194	20494	23176	
21095	0	34968	37204	20385	23144	
21096	0	34672	37364	20218	23088	
21097	0	35193	37080	20003	23026	
21098	0	35264	37088	19907	22949	
21099	0	35212	37172	19706	22876	
21100	0	35192	37189	19576	22830	
21101	0	35195	37088	19428	22796	
21102	0	35708	36750	19262	22738	
21103	0	35497	36816	19118	22668	
21104	0	35464	36945	18976	22520	
21105	0	35478	36936	18802	22428	
21106	0	35569	36944	18588	22340	
21107	0	35512	36936	18477	22248	
21108	0	35421	36947	18265	22140	
21109	0	35622	37084	18104	22058	
21110	0	35368	37274	17920	21962	
21111	0	35348	37398	17725	21804	
21112	0	35124	37706	17556	21747	
21113	0	35232	37616	17350	21635	
21114	0	35284	37700	17130	21478	
21115	0	35376	37784	16895	21412	
21116	0	35425	37780	16685	21312	
21117	0	35341	37672	16512	21222	
21118	0	35529	37600	16285	21136	
21119	0	35966	37932	16074	21100	
21120	0	36096	38340	15859	20893	
21121	0	36104	38900	15616	20912	
21122	0	36242	39301	15377	20818	
21123	0	36169	39520	15160	20804	
21124	0	35760	39995	14918	20692	
21125	0	35516	40384	14626	20666	
21126	0	35096	41352	14400	20508	
21127	0	35112	42493	14148	20553	
21128	0	34524	44132	13897	20568	
21129	0	33660	45368	13713	20549	
21130	0	32228	44736	13467	20470	
21131	0	33595	43484	13158	20448	
21132	0	35972	42016	12986	20421	
21133	0	36113	42785	12772	20524	
21134	0	38980	41184	12546	20557	
21135	0	38928	40193	12290	20539	
21136	0	36173	39940	12143	20568	
21137	0	32380	39089	11908	20596	
21138	0	27092	37416	11666	20657	
21139	0	26532	35280	11530	20661	
21140	0	35260	32594	11310	20738	
21141	0	36193	34696	11205	20850	
21142	0	33496	35464	11048	20832	
21143	0	31202	38408	10884	21005	
21144	0	33390	31249	10786	21020	
21145	0	35332	32237	10688	21124	
21146	0	30828	34406	10536	21161	
21147	0	29792	35012	10512	21276	
21148	0	31356	34120	10440	21322	
21149	0	31340	34684	10381	21443	
21150	0	31132	34944	10341	21560	
21151	0	31726	34994	10265	21496	
21152	0	32281	35097	10256	21640	
21153	0	32904	35124	10301	21480	
21154	0	33360	35420	10244	21532	
21155	0	33344	35532	10223	21780	
21156	0	33386	36157	10246	21690	
21157	0	33524	36641	10290	21698	
21158	0	33790	37092	10262	21768	
21159	0	34068	37460	10275	21768	
21160	0	33952	38224	10250	21732	
21161	0	34202	38772	10324	21812	
21162	0	34448	39636	10297	21816	
21163	0	35062	40198	10372	21688	
21164	0	35748	40842	10404	21808	
21165	0	36388	41664	10436	21836	
21166	0	37156	42217	10458	21810	
21167	0	38324	42480	10487	21796	
21168	0	39816	43058	10488	21780	
21169	0	41168	43020	10561	21776	
21170	0	42660	42708	10561	21763	
21171	0	43833	41992	10621	21780	
21172	0	44668	40036	10589	21784	
21173	0	45562	37852	10599	21776	
21174	0	50532	34780	10654	21742	
21175	0	51984	32360	10650	21660	
21176	0	46992	37148	10696	21812	
21177	0	41220	44164	10713	21825	
21178	0	45184	37464	10714	21850	
21179	0	34372	39136	10748	21840	
21180	0	19570	42052	10758	21882	
21181	0	16149	40848	10774	21800	
21182	0	37535	35728	10781	21860	
21183	0	42652	36928	10854	21864	
21184	0	50572	37981	10826	21856	
21185	0	39130	34489	10844	21996	
21186	0	31508	42688	10868	22052	
21187	0	38704	34208	10854	21972	
21188	0	35772	36244	10960	22138	
21189	0	33004	38536	10944	22108	
21190	0	34809	36612	10994	22051	
21191	0	33476	37900	11036	22312	
21192	0	34036	37466	11053	22370	
21193	0	34360	37424	11108	22416	
21194	0	34260	37506	11185	22504	
21195	0	34349	37440	11202	22603	
21196	0	34296	37608	11376	22724	
21197	0	34388	37472	11460	22966	
21198	0	34485	37357	11517	23041	
21199	0	34516	37482	11586	23184	
21200	0	34752	37256	11746	23226	
21201	0	34776	37380	11830	23375	
21202	0	34669	37284	12000	23618	
21203	0	34684	37316	12104	23745	
21204	0	34640	37584	12193	23900	
21205	0	34600	37493	12427	23985	
21206	0	34397	37444	12508	24058	
21207	0	34794	37322	12674	24282	
21208	0	34880	37344	12884	24417	
21209	0	35217	37148	13006	24456	
21210	0	35024	37209	13226	24573	
21211	0	34912	37136	13398	24744	
21212	0	35032	37256	13557	24808	
21213	0	34816	37240	13717	24942	
21214	0	35412	37024	13938	25104	
21215	0	35172	37188	14097	25194	
21216	0	35008	37201	14352	25281	
21217	0	35232	37056	14520	25276	
21218	0	34753	37648	14735	25480	
21219	0	35444	36704	14988	25662	
21220	0	34668	37588	15169	25796	
21221	0	35196	37060	15434	25904	
21222	0	34976	37164	15645	26024	
21223	0	35365	37120	15906	26140	
21224	0	34946	37204	16110	26308	
21225	0	34992	37240	16296	26440	
21226	0	35136	37178	16604	26464	
21227	0	35208	37204	16832	26706	
21228	0	35152	37100	17010	26874	
21229	0	35332	37056	17288	27040	
21230	0	35172	37248	17497	27174	
21231	0	35172	37408	17744	27216	
21232	0	35212	37488	18016	27532	
21233	0	35056	37605	18180	27668	
21234	0	35168	37808	18412	27856	
21235	0	35316	37696	18625	28034	
21236	0	35162	37818	18855	28208	
21237	0	35284	38290	19139	28437	
21238	0	35552	38624	19362	28580	
21239	0	35708	39236	19541	28788	
21240	0	35808	39700	19732	29042	
21241	0	35624	39777	19984	29208	
21242	0	35476	40096	20208	29432	
21243	0	35473	40864	20388	29636	
21244	0	35130	41640	20596	29832	
21245	0	34812	42352	20808	30046	
21246	0	34316	43524	21032	30248	
21247	0	33252	43900	21212	30464	
21248	0	33204	42944	21456	30658	
21249	0	35168	41840	21603	30864	
21250	0	36357	41536	21824	31082	
21251	0	36929	41328	21984	31332	
21252	0	38032	39840	22236	31536	
21253	0	37276	39197	22408	31700	
21254	0	35570	38596	22628	31920	
21255	0	31650	37584	22832	32064	
21256	0	29760	36133	23067	32328	
21257	0	29848	34324	23252	32557	
21258	0	34332	33324	23509	32780	
21259	0	36152	34232	23704	32960	
21260	0	34188	34604	23921	33185	
21261	0	32050	36238	24133	33388	
21262	0	33676	31530	24368	33596	
21263	0	35576	32592	24586	33794	
21264	0	32004	33112	24760	33957	
21265	0	30880	34633	25018	34168	
21266	0	31124	34332	25196	34316	
21267	0	31325	34089	25436	34496	
21268	0	31452	34304	25650	34648	
21269	0	31824	34692	25860	34780	
21270	0	32354	34589	26085	34917	
21271	0	32960	34572	26252	34948	
21272	0	33000	34802	26460	35040	
21273	0	33138	35068	26686	35148	
21274	0	32940	35708	26852	35224	
21275	0	32946	36224	27070	35284	
21276	0	33120	36672	27220	35368	
21277	0	33377	37208	27408	35368	
21278	0	33494	37760	27606	35337	
21279	0	33548	38360	27800	35400	
21280	0	34268	39104	27921	35428	
21281	0	34508	39820	28140	35404	
21282	0	35280	40476	28284	35446	
21283	0	36272	41188	28433	35401	
21284	0	37176	41896	28668	35476	
21285	0	38325	42480	28777	35446	
21286	0	39530	42866	29012	35465	
21287	0	40736	42608	29161	35452	
21288	0	42320	42496	29364	35496	
21289	0	43012	41796	29521	35526	
21290	0	42664	40900	29680	35469	
21291	0	41992	39128	29824	35532	
21292	0	43140	37232	30016	35576	
21293	0	46936	35189	30176	35621	
21294	0	47632	34976	30317	35569	
21295	0	45673	37912	30476	35676	
21296	0	45280	38168	30636	35649	
21297	0	40970	37056	30780	35729	
21298	0	37316	37100	30924	35801	
21299	0	25720	40180	31064	35749	
21300	0	15648	41948	31225	35822	
21301	0	31832	37249	31344	35792	
21302	0	41008	36669	31496	35820	
21303	0	43562	34352	31612	35852	
21304	0	41448	35870	31760	35881	
21305	0	32124	41309	31888	36000	
21306	0	34158	38760	32028	35932	
21307	0	37704	34880	32161	35936	
21308	0	33796	38528	32293	35984	
21309	0	33824	37672	32434	35996	
21310	0	34506	37269	32536	36033	
21311	0	34032	37448	32672	36108	
21312	0	34200	37456	32796	36060	
21313	0	34164	37396	32924	36144	
21314	0	34281	37440	33056	36105	
21315	0	34229	37568	33218	36148	
21316	0	34290	37380	33322	36260	
21317	0	34728	37324	33453	36200	
21318	0	34497	37209	33600	36305	
21319	0	35088	37192	33800	36281	
21320	0	35092	37076	33934	36348	
21321	0	34892	37076	34021	36412	
21322	0	35041	37212	34180	36412	
21323	0	34976	37208	34328	36445	
21324	0	34840	37300	34464	36506	
21325	0	34856	37288	34600	36514	
21326	0	34780	37146	34736	36562	
21327	0	35264	37144	34905	36564	
21328	0	35460	37032	35032	36625	
21329	0	35240	37013	35168	36628	
21330	0	35177	37080	35244	36620	
21331	0	34764	37212	35364	36668	
21332	0	35168	36937	35520	36604	
21333	0	35504	36856	35576	36672	
21334	0	35110	37002	35692	36505	
21335	0	35080	37144	35845	36480	
21336	0	35172	37064	35912	36548	
21337	0	34872	37106	35928	36388	
21338	0	34936	37128	36032	36364	
21339	0	35284	37016	36100	36312	
21340	0	35065	37056	36140	36288	
21341	0	35297	36940	36200	36141	
21342	0	35200	36972	36248	36052	
21343	0	35132	36988	36365	35956	
21344	0	35040	37120	36404	35988	
21345	0	35052	37172	36364	35768	
21346	0	35096	37210	36416	35778	
21347	0	35064	37224	36428	35564	
21348	0	35140	37056	36488	35492	
21349	0	35133	37068	36484	35360	
21350	0	35076	37153	36588	35344	
21351	0	35200	37060	36548	35240	
21352	0	35136	37128	36541	35073	
21353	0	35100	37152	36608	34920	
21354	0	35024	37244	36604	34830	
21355	0	35057	37340	36616	34712	
21356	0	35036	37509	36620	34708	
21357	0	35008	37333	36642	34608	
21358	0	35512	37236	36697	34504	
21359	0	35192	37424	36737	34450	
21360	0	35848	37500	36744	34300	
21361	0	35620	37762	36776	34299	
21362	0	35732	37785	36750	34164	
21363	0	35581	37925	36764	34197	
21364	0	35176	38064	36788	34089	
21365	0	35160	38072	36848	34106	
21366	0	35444	38548	36936	34064	
21367	0	35696	38688	36948	33989	
21368	0	35844	38785	36936	33973	
21369	0	36040	39034	36992	33977	
21370	0	35832	39104	37041	34016	
21371	0	35925	39068	37153	33948	
21372	0	35432	39316	37148	33962	
21373	0	35272	39256	37216	34051	
21374	0	35478	39328	37264	34072	
21375	0	35168	39764	37396	34120	
21376	0	34544	39376	37408	34114	
21377	0	34513	39161	37496	34148	
21378	0	34456	39306	37560	34208	
21379	0	34708	39112	37641	34280	
21380	0	34680	38877	37753	34416	
21381	0	34800	39068	37896	34504	
21382	0	36396	38126	37944	34598	
21383	0	37392	37840	38072	34628	
21384	0	37028	37960	38192	34712	
21385	0	35844	37300	38308	34868	
21386	0	34714	36600	38444	34920	
21387	0	33928	35792	38580	35092	
21388	0	34464	33801	38732	35197	
21389	0	34205	34132	38962	35288	
21390	0	34592	34264	39061	35340	
21391	0	33610	34024	39304	35436	
21392	0	34144	34292	39448	35585	
21393	0	35784	33268	39656	35626	
21394	0	32978	33648	39756	35696	
21395	0	31376	34544	40024	35820	
21396	0	31000	34626	40249	35860	
21397	0	31452	34180	40392	35933	
21398	0	31496	34320	40632	36016	
21399	0	32108	34424	40876	36057	
21400	0	32934	34160	41232	36136	
21401	0	33290	34300	41398	36184	
21402	0	33533	34520	41802	36288	
21403	0	33634	35044	42072	36322	
21404	0	33708	35600	42260	36408	
21405	0	33682	36220	42500	36472	
21406	0	33658	36748	42824	36536	
21407	0	33892	37208	43118	36608	
21408	0	34288	37728	43469	36682	
21409	0	34664	38164	43792	36770	
21410	0	35192	38672	44104	36872	
21411	0	36584	39148	44352	36960	
21412	0	36620	39312	44672	37066	
21413	0	36688	40153	44976	37120	
21414	0	37860	40277	45280	37252	
21415	0	38660	40808	45608	37376	
21416	0	39484	40640	45873	37484	
21417	0	40388	39996	46180	37604	
21418	0	44874	41104	46456	37654	
21419	0	38250	38896	46753	37826	
21420	0	42868	39052	47024	37920	
21421	0	43300	36269	47300	38000	
21422	0	44452	35604	47552	38136	
21423	0	44504	35094	47824	38300	
21424	0	42472	35017	48053	38336	
21425	0	33458	37772	48288	38501	
21426	0	30532	41188	48537	38640	
21427	0	31596	40889	48808	38760	
21428	0	32200	39577	48952	38936	
21429	0	35888	36776	49192	38962	
21430	0	34949	36916	49376	39200	
21431	0	35024	37172	49528	39224	
21432	0	35306	36836	49784	39392	
21433	0	35241	36756	49956	39520	
21434	0	34796	36880	50104	39664	
21435	0	34440	37252	50281	39800	
21436	0	34369	37584	50368	39952	
21437	0	34436	37434	50528	40018	
21438	0	34664	37300	50640	40205	
21439	0	34880	37141	50784	40296	
21440	0	35012	37004	50900	40480	
21441	0	35036	36900	51000	40528	
21442	0	34962	36944	51100	40648	
21443	0	34836	36996	51104	40768	
21444	0	34788	37128	51224	40896	
21445	0	34816	37216	51244	41060	
21446	0	34908	37250	51312	41200	
21447	0	34988	37152	51356	41216	
21448	0	35160	37112	51380	41320	
21449	0	35148	37081	51368	41492	
