# OpenSignals Text File Format. Version 1
# {"00:07:80:F9:F3:52": {"position": 0, "device": "biosignalsplux", "device name": "00:07:80:F9:F3:52", "device connection": "BTH00:07:80:F9:F3:52", "sampling rate": 100, "resolution": [16, 16, 16, 16], "firmware version": 775, "comments": "", "keywords": "", "mode": 0, "sync interval": 2, "date": "2025-9-19", "time": "10:55:29.728", "channels": [1, 2, 3, 4], "sensor": ["XYZ", "XYZ", "RIP", "RIP"], "label": ["CH1", "CH2", "CH3", "CH4"], "column": ["nSeq", "DI", "CH1", "CH2", "CH3", "CH4"], "special": [{"SpO2": [80, 40, 5, 4, 3, 3]}, {"SpO2": [80, 40, 5, 4, 3, 3]}, {"SpO2": [80, 40, 5, 4, 3, 3]}, {"SpO2": [80, 40, 5, 4, 3, 3]}, {"SpO2": [80, 40, 5, 4, 3, 3]}, {"SpO2": [80, 40, 5, 4, 3, 3]}, {"SpO2": [80, 40, 5, 4, 3, 3]}, {"SpO2": [80, 40, 5, 4, 3, 3]}], "digital IO": [0, 1], "sleeve color": ["white", "white", "dark_blue", "light_blue"], "convertedValues": 0}}
# EndOfHeader
600	0	34565	37224	16597	24432	
601	0	34541	37288	16292	24384	
602	0	34733	37092	15934	24244	
603	0	34596	37224	15678	24292	
604	0	34592	37232	15376	24236	
605	0	34658	37216	15098	24192	
606	0	34628	37288	14818	24206	
607	0	34685	37216	14509	24144	
608	0	34660	37266	14279	24090	
609	0	34540	37368	14032	24081	
610	0	34560	37228	13794	24032	
611	0	34660	37084	13488	23960	
612	0	34637	37244	13301	23972	
613	0	34708	37212	13071	23880	
614	0	34752	37224	12874	23904	
615	0	34624	37492	12660	23724	
616	0	34644	37348	12458	23820	
617	0	34592	37573	12202	23760	
618	0	34664	37540	11984	23622	
619	0	34948	37580	11889	23665	
620	0	34972	37520	11728	23638	
621	0	34992	37416	11504	23598	
622	0	34897	37208	11399	23536	
623	0	34810	37200	11250	23496	
624	0	34756	37344	11111	23476	
625	0	34665	37952	10980	23432	
626	0	34873	38180	10853	23290	
627	0	34404	38088	10736	23286	
628	0	34912	38104	10629	23208	
629	0	34916	37920	10500	23248	
630	0	35044	37944	10408	23206	
631	0	35170	37928	10327	23116	
632	0	34740	38617	10199	23072	
633	0	34436	38608	10156	23024	
634	0	34740	38948	10132	23000	
635	0	34556	39441	9984	22984	
636	0	34416	39542	9923	22920	
637	0	34384	39340	9928	22896	
638	0	34629	39500	9894	22838	
639	0	34906	39836	9858	22792	
640	0	35252	39928	9804	22752	
641	0	35400	39808	9812	22692	
642	0	35556	39808	9785	22608	
643	0	35549	39588	9729	22584	
644	0	35240	39200	9764	22600	
645	0	35692	38784	9819	22490	
646	0	36324	38212	9790	22544	
647	0	36290	38192	9744	22512	
648	0	36536	37384	9847	22432	
649	0	36217	36224	9847	22486	
650	0	35712	36900	9874	22418	
651	0	35330	36992	9888	22461	
652	0	36192	35520	9949	22493	
653	0	35945	36216	10020	22489	
654	0	35464	36936	10028	22372	
655	0	34756	37040	10128	22555	
656	0	34376	36822	10119	22545	
657	0	34462	36996	10266	22672	
658	0	34436	36361	10362	22734	
659	0	34372	36212	10382	22770	
660	0	34704	35740	10511	22810	
661	0	34468	35520	10607	23024	
662	0	34214	35568	10648	23146	
663	0	34020	35624	10776	23284	
664	0	33700	35488	10820	23376	
665	0	33898	35386	10966	23481	
666	0	34132	35229	11074	23716	
667	0	33916	35128	11261	23876	
668	0	34132	34776	11427	24121	
669	0	33772	35032	11514	24244	
670	0	33842	34832	11668	24378	
671	0	33708	34938	11827	24696	
672	0	33540	34656	12031	24937	
673	0	33672	34956	12199	25094	
674	0	33736	35096	12418	25378	
675	0	33816	34938	12612	25474	
676	0	33873	35128	12820	25864	
677	0	33969	35052	13056	26076	
678	0	34280	35092	13268	26320	
679	0	34554	35266	13494	26562	
680	0	34752	35256	13730	26780	
681	0	34856	35365	13932	27033	
682	0	35076	35344	14227	27257	
683	0	35024	35385	14522	27504	
684	0	35176	35428	14774	27588	
685	0	35104	35464	15097	27948	
686	0	35224	35409	15325	28162	
687	0	35309	35284	15684	28397	
688	0	35328	35156	15904	28614	
689	0	35404	35116	16236	28827	
690	0	35309	35024	16553	29056	
691	0	35028	34698	16869	29262	
692	0	34904	34277	17185	29456	
693	0	34644	33662	17565	29665	
694	0	34356	32956	17808	29876	
695	0	39424	31588	18157	30096	
696	0	55556	37386	18540	30314	
697	0	31813	39656	18891	30350	
698	0	21664	34832	19180	30669	
699	0	28654	43609	19560	30880	
700	0	33120	41696	19862	31080	
701	0	34272	36036	20220	31256	
702	0	36730	34650	20612	31456	
703	0	35544	33838	20952	31544	
704	0	35514	34496	21289	31872	
705	0	35120	35997	21697	32024	
706	0	35442	36924	22062	32201	
707	0	34216	37920	22369	32424	
708	0	35184	37817	22765	32580	
709	0	35568	37092	23125	32725	
710	0	35757	37068	23477	32916	
711	0	35128	36668	23880	33128	
712	0	35001	36712	24275	33280	
713	0	34836	36545	24608	33444	
714	0	35220	36556	25073	33668	
715	0	34960	36784	25445	33868	
716	0	35320	36669	25836	34032	
717	0	35073	36680	26232	34248	
718	0	35172	37048	26640	34360	
719	0	35192	36836	27024	34584	
720	0	35640	36758	27484	34792	
721	0	35400	36764	27881	34964	
722	0	35130	36384	28256	35141	
723	0	35172	36856	28704	35278	
724	0	35250	36576	29124	35500	
725	0	35401	36698	29532	35654	
726	0	35196	36640	29933	35808	
727	0	35310	36648	30350	36016	
728	0	35172	36929	30748	36184	
729	0	35028	36816	31156	36256	
730	0	34994	36745	31552	36420	
731	0	35164	36792	31976	36500	
732	0	35096	36924	32356	36616	
733	0	34988	37192	32725	36756	
734	0	35097	36824	33117	36756	
735	0	35082	36804	33500	36860	
736	0	34926	36872	33868	36948	
737	0	34852	37048	34304	36956	
738	0	34920	37096	34632	37002	
739	0	34852	36840	34992	37093	
740	0	34690	37040	35428	37112	
741	0	34814	37400	35797	37140	
742	0	34596	37204	36100	37060	
743	0	34710	37093	36440	37124	
744	0	34802	37286	36786	37132	
745	0	34664	37208	37128	37124	
746	0	34562	37065	37464	36964	
747	0	34488	37172	37792	37028	
748	0	34612	37389	38220	36874	
749	0	34624	37168	38496	36858	
750	0	34556	37296	38748	36740	
751	0	34628	37376	39041	36720	
752	0	34512	37324	39348	36564	
753	0	34480	37346	39624	36504	
754	0	34513	37140	39965	36404	
755	0	34468	37298	40160	36340	
756	0	34600	37273	40496	36208	
757	0	34721	37284	40676	36069	
758	0	34634	37346	40960	36000	
759	0	34628	37349	41184	35872	
760	0	34316	37508	41436	35760	
761	0	34401	37577	41648	35640	
762	0	34520	37400	41872	35524	
763	0	34533	37345	42112	35422	
764	0	34554	37008	42320	35317	
765	0	34696	36816	42644	35224	
766	0	34656	36834	42724	35137	
767	0	34782	36861	43033	35033	
768	0	34625	37600	43116	34924	
769	0	34916	37432	43320	34836	
770	0	34797	37208	43514	34794	
771	0	34802	37164	43684	34672	
772	0	34986	37216	43884	34640	
773	0	34846	37504	44128	34569	
774	0	35104	37226	44244	34565	
775	0	34728	37592	44408	34524	
776	0	34906	38104	44576	34488	
777	0	35173	38028	44784	34420	
778	0	35010	38148	44912	34436	
779	0	35120	38208	45156	34433	
780	0	35204	38520	45269	34308	
781	0	34845	39408	45496	34304	
782	0	35049	39832	45616	34385	
783	0	35156	39904	45760	34296	
784	0	34469	40596	45948	34360	
785	0	33600	41200	46121	34413	
786	0	34144	40988	46288	34401	
787	0	33850	40636	46492	34436	
788	0	33269	40220	46696	34468	
789	0	33674	40296	46868	34505	
790	0	33741	39776	47004	34546	
791	0	35452	39948	47180	34589	
792	0	34740	39484	47352	34632	
793	0	35117	39584	47612	34690	
794	0	37568	40352	47772	34836	
795	0	38904	39480	47864	34869	
796	0	39172	38608	48036	34972	
797	0	38828	40013	48256	35036	
798	0	37428	42780	48392	35176	
799	0	41800	33057	48601	35214	
800	0	39680	38100	48813	35308	
801	0	38616	37660	48878	35400	
802	0	37144	38488	49096	35480	
803	0	35936	39300	49296	35576	
804	0	35098	39452	49352	35677	
805	0	34528	38336	49504	35744	
806	0	34352	37568	49740	35844	
807	0	33924	37468	49860	35936	
808	0	33960	36736	49940	35960	
809	0	34002	36580	50036	36041	
810	0	33592	35312	50164	36116	
811	0	33440	35320	50264	36096	
812	0	32969	34813	50360	36050	
813	0	32537	34385	50493	36124	
814	0	32338	34068	50544	36098	
815	0	32184	34169	50593	36116	
816	0	32260	34324	50628	36092	
817	0	31971	34202	50696	36048	
818	0	31570	33344	50724	35960	
819	0	32133	33792	50708	35920	
820	0	32196	33492	50768	35812	
821	0	32284	33788	50776	35740	
822	0	32341	33372	50738	35650	
823	0	32308	33461	50700	35544	
824	0	32330	33889	50680	35392	
825	0	32544	33642	50612	35296	
826	0	32801	33633	50524	35137	
827	0	32920	33684	50536	35008	
828	0	33240	33688	50460	34716	
829	0	33371	33576	50368	34640	
830	0	33556	33702	50268	34428	
831	0	33928	34120	50112	34294	
832	0	34032	34232	49976	34116	
833	0	34149	34436	49893	33876	
834	0	34180	34452	49752	33760	
835	0	34220	34674	49569	33588	
836	0	34020	34792	49429	33344	
837	0	34164	34848	49256	33190	
838	0	34397	34898	49010	32980	
839	0	34700	34936	48796	32680	
840	0	35100	34888	48600	32637	
841	0	35240	34852	48448	32372	
842	0	35520	34690	48192	32188	
843	0	46712	39188	48012	32109	
844	0	56128	28476	47848	31905	
845	0	31612	37360	47624	31769	
846	0	21406	33728	47320	31665	
847	0	21885	42328	47105	31504	
848	0	33508	40568	46856	31241	
849	0	39392	39385	46684	31256	
850	0	35958	34508	46438	31128	
851	0	37656	33924	46162	30993	
852	0	36360	33840	45972	31034	
853	0	32772	35456	45736	30957	
854	0	34216	36880	45436	30850	
855	0	35681	37864	45168	30952	
856	0	35944	37800	44948	30960	
857	0	34920	37410	44722	30856	
858	0	34768	37000	44456	30964	
859	0	35240	36772	44250	31072	
860	0	35540	36677	44008	31136	
861	0	35008	36650	43672	31198	
862	0	35250	36206	43432	31300	
863	0	35328	36088	43161	31436	
864	0	35089	36686	42872	31544	
865	0	35648	36729	42688	31718	
866	0	35220	36649	42384	31856	
867	0	35568	36610	42056	31988	
868	0	34893	36292	41764	32180	
869	0	35506	36500	41522	32448	
870	0	35160	36652	41312	32574	
871	0	35268	36874	40954	32801	
872	0	35208	36600	40608	32982	
873	0	35340	36912	40256	33156	
874	0	35144	36788	40021	33357	
875	0	35048	37116	39684	33540	
876	0	35116	36761	39256	33702	
877	0	35148	36858	38976	33888	
878	0	35100	36816	38556	34064	
879	0	35157	36880	38177	34156	
880	0	34969	36808	37820	34285	
881	0	35050	36624	37424	34408	
882	0	34960	36912	37100	34492	
883	0	34872	36416	36636	34606	
884	0	34916	37036	36260	34728	
885	0	34757	36632	35869	34738	
886	0	34825	37072	35464	34796	
887	0	34794	37565	34989	34785	
888	0	34744	37052	34620	34696	
889	0	34700	37228	34189	34772	
890	0	34650	37160	33696	34616	
891	0	34768	37521	33268	34665	
892	0	34733	37224	32812	34484	
893	0	34620	36953	32388	34432	
894	0	34618	37296	31936	34250	
895	0	34646	37228	31500	34124	
896	0	34732	37344	31056	33974	
897	0	34360	36910	30596	33856	
898	0	34660	37316	30149	33596	
899	0	34548	37122	29696	33404	
900	0	34610	37072	29237	33272	
901	0	34620	37004	28776	32977	
902	0	34570	37228	28310	32733	
903	0	34545	37272	27880	32552	
904	0	34560	37524	27371	32262	
905	0	34324	37672	26904	32044	
906	0	34389	37624	26486	31752	
907	0	34478	37696	26022	31474	
908	0	34600	37560	25576	31168	
909	0	34529	37344	25197	30881	
910	0	34724	37456	24794	30596	
911	0	34572	37572	24385	30333	
912	0	34512	37784	23904	30017	
913	0	34652	37664	23542	29756	
914	0	34280	37800	23188	29456	
915	0	34374	38040	22844	29216	
916	0	34544	37996	22436	28925	
917	0	34798	37549	22057	28652	
918	0	34357	38212	21706	28388	
919	0	34464	38837	21384	28180	
920	0	34936	38996	21152	27904	
921	0	34996	39168	20844	27660	
922	0	34260	39169	20520	27422	
923	0	34280	39408	20210	27227	
924	0	34048	40052	19984	27001	
925	0	33692	40536	19725	26788	
926	0	32792	40720	19475	26605	
927	0	33156	40128	19250	26442	
928	0	33008	39960	19020	26240	
929	0	32872	40120	18776	26088	
930	0	33916	39528	18624	25925	
931	0	34976	39544	18360	25801	
932	0	34909	39737	18234	25646	
933	0	35781	39080	18044	25508	
934	0	36232	38056	17872	25442	
935	0	37434	39320	17787	25344	
936	0	36850	38986	17682	25194	
937	0	36536	37977	17541	25196	
938	0	38128	38160	17434	25112	
939	0	40220	37312	17409	25052	
940	0	39513	38044	17296	24940	
941	0	38542	38344	17280	24940	
942	0	38092	38430	17200	24904	
943	0	36985	39248	17263	24765	
944	0	35932	39018	17224	24842	
945	0	35140	38624	17198	24800	
946	0	34748	38047	17136	24801	
947	0	34706	37666	17208	24777	
948	0	34668	37472	17204	24720	
949	0	34654	36716	17236	24604	
950	0	34509	36404	17264	24660	
951	0	34136	36164	17273	24504	
952	0	34084	35856	17368	24514	
953	0	33768	35772	17437	24480	
954	0	33277	35584	17444	24446	
955	0	33100	35394	17508	24348	
956	0	32776	35322	17536	24256	
957	0	32628	34848	17551	24192	
958	0	32641	34732	17649	24070	
959	0	32828	34736	17643	23964	
960	0	32840	34580	17728	23841	
961	0	32706	34784	17684	23684	
962	0	32508	34276	17784	23572	
963	0	32698	34456	17790	23484	
964	0	32604	34168	17806	23312	
965	0	32760	33804	17848	23153	
966	0	32909	33634	17833	22976	
967	0	32970	33524	17805	22800	
968	0	33038	33456	17746	22613	
969	0	33160	33604	17800	22404	
970	0	33184	33804	17734	22260	
971	0	33378	33856	17736	22012	
972	0	33420	33720	17664	21848	
973	0	33241	34097	17594	21664	
974	0	33466	34180	17600	21440	
975	0	33488	34390	17570	21296	
976	0	33600	34764	17504	21043	
977	0	33724	34836	17448	20900	
978	0	34082	34926	17382	20736	
979	0	34418	34852	17315	20557	
980	0	35078	34960	17260	20356	
981	0	35594	34932	17206	20224	
982	0	35768	35120	17077	20035	
983	0	36504	35396	16986	19834	
984	0	36688	35488	16988	19696	
985	0	36704	35312	16924	19602	
986	0	36582	35112	16856	19450	
987	0	36260	35042	16780	19320	
988	0	45584	41184	16710	19212	
989	0	55828	38985	16671	19118	
990	0	33186	37588	16635	19102	
991	0	28768	35276	16517	18984	
992	0	25328	38396	16476	18920	
993	0	29420	39776	16432	18870	
994	0	40368	39732	16424	18892	
995	0	36488	37780	16409	18792	
996	0	35860	35940	16352	18818	
997	0	35008	35185	16378	18840	
998	0	33225	34880	16329	18886	
999	0	34992	35036	16370	18950	
1000	0	36664	36088	16358	18960	
1001	0	35897	36704	16385	19100	
1002	0	35225	37389	16351	19138	
1003	0	34762	36892	16468	19308	
1004	0	35146	36616	16523	19500	
1005	0	35514	36616	16570	19653	
1006	0	35361	36498	16680	19836	
1007	0	35162	36696	16772	20132	
1008	0	35201	36784	16840	20360	
1009	0	35296	36704	17009	20604	
1010	0	35424	36405	17103	20866	
1011	0	35716	36528	17232	21206	
1012	0	35392	36588	17464	21476	
1013	0	35264	36637	17629	21840	
1014	0	35629	36680	17820	22195	
1015	0	35289	36624	17976	22549	
1016	0	35416	36986	18216	22880	
1017	0	35364	36820	18442	23306	
1018	0	35221	37088	18621	23733	
1019	0	35402	36808	18832	24124	
1020	0	35576	36852	19101	24520	
1021	0	35148	36953	19362	24935	
1022	0	35238	36744	19616	25292	
1023	0	35104	36812	19864	25813	
1024	0	35057	36796	20085	26120	
1025	0	35044	36968	20373	26562	
1026	0	35024	36984	20616	26980	
1027	0	35059	36957	20862	27352	
1028	0	34932	36860	21096	27784	
1029	0	34901	36872	21349	28202	
1030	0	34808	36989	21602	28545	
1031	0	34908	37000	21786	28932	
1032	0	34961	37121	22056	29304	
1033	0	34861	37117	22253	29706	
1034	0	34594	37352	22528	30040	
1035	0	34480	37217	22712	30394	
1036	0	34605	37312	22920	30736	
1037	0	34668	37456	23116	31120	
1038	0	34633	37112	23388	31392	
1039	0	34628	37580	23617	31708	
1040	0	34594	37280	23833	32028	
1041	0	34528	37242	24032	32337	
1042	0	34440	37296	24224	32604	
1043	0	34532	37168	24381	32900	
1044	0	34620	36952	24592	33188	
1045	0	34660	37080	24740	33416	
1046	0	34592	37428	24957	33678	
1047	0	34712	37712	25084	33950	
1048	0	34528	37852	25221	34192	
1049	0	34384	38037	25449	34418	
1050	0	34448	37796	25625	34721	
1051	0	34448	37648	25750	34868	
1052	0	34560	37424	25885	35196	
1053	0	34753	37060	26123	35376	
1054	0	34836	36621	26236	35590	
1055	0	34904	36694	26442	35772	
1056	0	34848	36836	26568	35993	
1057	0	34772	36961	26716	36272	
1058	0	34776	37048	26944	36502	
1059	0	34796	37076	27070	36624	
1060	0	35056	36944	27306	36909	
1061	0	34988	37220	27460	37128	
1062	0	35004	37384	27685	37400	
1063	0	34576	37772	27870	37564	
1064	0	34789	38586	28080	37756	
1065	0	34836	39112	28276	38056	
1066	0	35272	39109	28476	38290	
1067	0	35128	38784	28724	38488	
1068	0	34800	39218	28897	38800	
1069	0	34880	39688	29184	39000	
1070	0	34861	39952	29436	39304	
1071	0	34560	40012	29672	39604	
1072	0	34344	40928	29960	39848	
1073	0	33680	41336	30208	40048	
1074	0	33272	41352	30538	40436	
1075	0	33872	41164	30826	40673	
1076	0	33917	40092	31146	40992	
1077	0	34213	40200	31462	41369	
1078	0	34110	39232	31768	41633	
1079	0	34788	39464	32100	41874	
1080	0	35124	38689	32420	42236	
1081	0	36764	38800	32757	42580	
1082	0	37796	39104	33092	42916	
1083	0	38208	38842	33420	43300	
1084	0	36360	41412	33785	43612	
1085	0	39564	35725	34178	43948	
1086	0	40624	35720	34493	44316	
1087	0	39333	37272	34780	44608	
1088	0	37138	38704	35150	44946	
1089	0	35893	39700	35464	45300	
1090	0	35276	39457	35864	45632	
1091	0	34617	38309	36144	45925	
1092	0	34516	37720	36544	46256	
1093	0	34744	37106	36816	46536	
1094	0	34813	36640	37152	46828	
1095	0	34328	36297	37592	47080	
1096	0	33761	35472	37796	47324	
1097	0	33720	35560	38194	47521	
1098	0	33430	35472	38404	47776	
1099	0	33428	35096	38699	47884	
1100	0	33152	34760	39060	48040	
1101	0	32929	35116	39252	48188	
1102	0	32765	34790	39648	48308	
1103	0	32856	34944	39809	48356	
1104	0	32296	34420	40004	48392	
1105	0	32560	34444	40288	48456	
1106	0	32945	34980	40480	48468	
1107	0	32452	34312	40761	48460	
1108	0	32738	33944	41016	48381	
1109	0	32552	34032	41112	48344	
1110	0	32587	33928	41305	48192	
1111	0	32540	33948	41505	48104	
1112	0	32608	34212	41652	47940	
1113	0	32792	33888	41956	47740	
1114	0	33048	34388	41984	47552	
1115	0	33012	33770	42208	47324	
1116	0	32928	33950	42288	47104	
1117	0	32944	33844	42482	46816	
1118	0	33020	33888	42680	46576	
1119	0	33424	34076	42708	46304	
1120	0	33439	34217	42836	45968	
1121	0	33424	34280	43048	45672	
1122	0	33600	34376	43048	45328	
1123	0	33824	34525	43254	45044	
1124	0	34032	34194	43333	44704	
1125	0	34365	34140	43349	44365	
1126	0	34480	34132	43436	43960	
1127	0	34616	34141	43521	43708	
1128	0	34816	34233	43681	43256	
1129	0	34580	33926	43740	42902	
1130	0	54841	36416	43765	42624	
1131	0	56172	44096	43896	42316	
1132	0	20416	38208	43904	41992	
1133	0	15606	35484	44000	41570	
1134	0	28616	46640	44064	41344	
1135	0	35232	42872	44096	40948	
1136	0	37200	37260	44156	40656	
1137	0	35554	35170	44212	40376	
1138	0	37881	32857	44296	40080	
1139	0	33920	33832	44328	39872	
1140	0	33481	36474	44452	39624	
1141	0	33821	37328	44424	39328	
1142	0	36508	38384	44472	39148	
1143	0	35708	37470	44498	38933	
1144	0	34768	37234	44621	38720	
1145	0	34674	36956	44640	38552	
1146	0	35040	37280	44626	38392	
1147	0	35004	37261	44716	38240	
1148	0	34861	37028	44704	38100	
1149	0	34917	36929	44730	37972	
1150	0	34964	36812	44764	37864	
1151	0	35074	36888	44792	37752	
1152	0	35144	36866	44816	37642	
1153	0	35224	36716	44844	37528	
1154	0	35080	36728	44880	37424	
1155	0	35100	36584	44885	37312	
1156	0	34794	36938	44930	37201	
1157	0	35101	36992	45002	37076	
1158	0	35228	37088	44978	36908	
1159	0	34960	37208	45008	36777	
1160	0	34904	37060	45028	36605	
1161	0	34932	36964	45081	36416	
1162	0	34953	37001	45056	36192	
1163	0	34881	36876	45104	35960	
1164	0	34980	36924	45092	35708	
1165	0	34900	37000	45116	35492	
1166	0	34905	36953	45136	35256	
1167	0	34688	37212	45136	34985	
1168	0	34693	37601	45062	34608	
1169	0	34806	37644	45104	34272	
1170	0	34698	37326	45080	33908	
1171	0	34570	36972	45004	33620	
1172	0	34674	37268	44924	33204	
1173	0	34416	37148	44836	32804	
1174	0	34508	37380	44746	32416	
1175	0	34541	37170	44640	31992	
1176	0	34436	37364	44596	31552	
1177	0	34188	37366	44452	31089	
1178	0	34332	37372	44272	30661	
1179	0	34368	37237	44196	30224	
1180	0	34218	37441	43968	29756	
1181	0	34280	37420	43852	29282	
1182	0	34120	37484	43600	28796	
1183	0	34252	37472	43452	28337	
1184	0	34240	37496	43188	27832	
1185	0	34264	37416	43026	27404	
1186	0	34204	37336	42652	26900	
1187	0	34114	37308	42520	26444	
1188	0	34072	37140	42104	25992	
1189	0	34184	37034	41916	25606	
1190	0	34140	37249	41544	25160	
1191	0	34008	37732	41340	24610	
1192	0	34029	38056	40864	24365	
1193	0	33950	38112	40640	23835	
1194	0	34040	37842	40193	23576	
1195	0	34096	37624	39864	23048	
1196	0	34178	37476	39508	22800	
1197	0	34292	37424	39108	22336	
1198	0	34188	37112	38724	22080	
1199	0	34112	37168	38344	21776	
1200	0	34176	37516	37976	21492	
1201	0	34180	38002	37576	21283	
1202	0	34113	38112	37184	20992	
1203	0	34068	38272	36780	20756	
1204	0	34180	38345	36352	20507	
1205	0	34562	38176	35960	20338	
1206	0	34000	38124	35544	20154	
1207	0	34008	38561	35152	19992	
1208	0	34418	38672	34752	19869	
1209	0	34396	38696	34372	19614	
1210	0	34133	39040	33987	19600	
1211	0	33952	39340	33580	19570	
1212	0	33392	39545	33189	19524	
1213	0	33756	40018	32796	19336	
1214	0	33917	40248	32420	19484	
1215	0	32732	40240	32036	19458	
1216	0	33208	40152	31696	19497	
1217	0	31300	40152	31344	19541	
1218	0	33660	40792	31000	19576	
1219	0	34184	40332	30652	19677	
1220	0	33224	39545	30328	19710	
1221	0	34228	40084	30010	19888	
1222	0	35212	40209	29644	20025	
1223	0	35164	39736	29356	20146	
1224	0	34646	38784	29112	20340	
1225	0	36264	38720	28840	20508	
1226	0	36352	38912	28620	20707	
1227	0	36181	39944	28364	20916	
1228	0	34560	40624	28116	21144	
1229	0	40036	35872	27925	21371	
1230	0	40442	35664	27710	21612	
1231	0	38992	38840	27488	21856	
1232	0	38162	38785	27305	22108	
1233	0	37264	38888	27088	22354	
1234	0	36280	39352	26946	22612	
1235	0	35564	39296	26776	22844	
1236	0	35280	39164	26654	23080	
1237	0	35168	38272	26441	23330	
1238	0	35120	37628	26296	23538	
1239	0	34900	36924	26172	23744	
1240	0	34808	36381	26016	23938	
1241	0	34534	35832	25933	24154	
1242	0	33788	35532	25765	24289	
1243	0	33082	35964	25644	24486	
1244	0	32568	35080	25538	24588	
1245	0	32369	34796	25389	24764	
1246	0	31872	34720	25288	24840	
1247	0	31856	34608	25153	24916	
1248	0	31670	34012	25028	24986	
1249	0	32033	33668	24878	25021	
1250	0	31757	33913	24736	25060	
1251	0	31920	34172	24644	25116	
1252	0	31968	34205	24525	25056	
1253	0	32356	34092	24381	25083	
1254	0	32592	34016	24228	25024	
1255	0	32552	34076	24098	25001	
1256	0	32626	34153	23933	24868	
1257	0	32664	34212	23782	24756	
1258	0	32762	34077	23666	24668	
1259	0	32825	34328	23515	24601	
1260	0	32900	34200	23361	24418	
1261	0	33152	34265	23196	24278	
1262	0	32800	34729	23024	24192	
1263	0	33044	34552	22908	23970	
1264	0	33304	34822	22737	23840	
1265	0	33296	35048	22593	23676	
1266	0	33456	34816	22448	23540	
1267	0	33880	34870	22264	23368	
1268	0	34336	34772	22080	23204	
1269	0	34848	34553	21966	23080	
1270	0	35341	34368	21826	22906	
1271	0	35960	34560	21652	22804	
1272	0	36323	34468	21526	22694	
1273	0	35984	33944	21384	22532	
1274	0	35104	32868	21234	22460	
1275	0	54153	33712	21117	22337	
1276	0	56304	48545	20931	22236	
1277	0	15034	26070	20908	22118	
1278	0	8930	39480	20746	22056	
1279	0	37129	45080	20642	21984	
1280	0	41708	41949	20480	21934	
1281	0	38336	32228	20453	21876	
1282	0	36840	33092	20293	21880	
1283	0	33372	35936	20252	21828	
1284	0	32824	36650	20132	21844	
1285	0	36235	36992	20068	21819	
1286	0	36280	37052	20028	21865	
1287	0	35116	36632	20028	21832	
1288	0	34876	36448	19986	21892	
1289	0	35596	36768	20012	21970	
1290	0	35556	37032	19936	21981	
1291	0	35140	36825	20026	22053	
1292	0	35140	36464	19984	22136	
1293	0	35180	36408	20112	22249	
1294	0	35409	36576	20160	22352	
1295	0	35270	36576	20265	22490	
1296	0	35464	36572	20290	22582	
1297	0	35316	37012	20409	22826	
1298	0	35077	36980	20570	22908	
1299	0	35280	37064	20678	23090	
1300	0	35124	37230	20830	23276	
1301	0	35100	36888	21048	23456	
1302	0	34952	36830	21204	23632	
1303	0	35188	36908	21344	23816	
1304	0	34768	36816	21597	24060	
1305	0	35001	37024	21824	24228	
1306	0	35024	36984	22038	24454	
1307	0	35000	37425	22202	24624	
1308	0	34800	37020	22461	24872	
1309	0	34912	36954	22664	25114	
1310	0	34841	36764	22856	25284	
1311	0	34904	37184	23054	25565	
1312	0	34860	36928	23264	25801	
1313	0	34848	37140	23528	26010	
1314	0	34696	36856	23728	26173	
1315	0	34810	37212	23906	26426	
1316	0	34736	37084	24056	26617	
1317	0	34674	37272	24280	26820	
1318	0	34780	37114	24486	27056	
1319	0	34876	37141	24697	27268	
1320	0	34768	37048	24844	27521	
1321	0	34768	37100	25044	27796	
1322	0	34809	36992	25272	27916	
1323	0	34748	37212	25360	28122	
1324	0	34592	37466	25584	28341	
1325	0	34648	37520	25768	28544	
1326	0	34608	37396	25921	28760	
1327	0	34636	37320	26048	28986	
1328	0	34720	37273	26225	29152	
1329	0	34681	37086	26400	29345	
1330	0	34696	37120	26500	29601	
1331	0	34644	37180	26688	29744	
1332	0	34716	37140	26848	29940	
1333	0	34712	37220	26994	30152	
1334	0	34652	37608	27124	30360	
1335	0	34560	37548	27233	30588	
1336	0	34624	37480	27416	30858	
1337	0	34705	37260	27572	30994	
1338	0	34849	37401	27720	31202	
1339	0	34848	37282	27842	31466	
1340	0	34833	37613	28048	31688	
1341	0	34816	37644	28194	31872	
1342	0	34808	37564	28340	32126	
1343	0	34817	37659	28506	32385	
1344	0	35080	37808	28648	32600	
1345	0	35072	38209	28804	32962	
1346	0	34992	38092	29012	33132	
1347	0	34960	38020	29178	33418	
1348	0	34648	38316	29314	33750	
1349	0	34829	38885	29483	33965	
1350	0	35408	39392	29716	34260	
1351	0	35080	39353	29888	34588	
1352	0	34757	39844	30059	34944	
1353	0	33428	41092	30202	35232	
1354	0	34260	40329	30416	35489	
1355	0	33245	39936	30620	35932	
1356	0	32848	39821	30824	36186	
1357	0	32624	39548	31024	36504	
1358	0	33344	39385	31228	36896	
1359	0	33893	38852	31405	37296	
1360	0	34424	39224	31628	37706	
1361	0	34120	38968	31824	38052	
1362	0	35008	39312	32048	38560	
1363	0	37632	38877	32256	38924	
1364	0	36928	37736	32460	39252	
1365	0	37236	37917	32704	39776	
1366	0	37352	38336	32944	40140	
1367	0	36184	39477	33160	40648	
1368	0	41160	33721	33480	41018	
1369	0	39240	38374	33636	41476	
1370	0	37625	37960	33890	41928	
1371	0	36586	37744	34120	42345	
1372	0	35154	38360	34406	42836	
1373	0	34436	38642	34621	43192	
1374	0	33728	38580	34928	43664	
1375	0	33688	38057	35144	44016	
1376	0	33700	37842	35460	44404	
1377	0	33632	37824	35648	44744	
1378	0	33800	37330	35908	45128	
1379	0	33712	36594	36248	45432	
1380	0	33004	36169	36444	45756	
1381	0	32409	36448	36640	46065	
1382	0	31697	36317	36876	46372	
1383	0	31528	36109	37100	46624	
1384	0	31456	35640	37320	46868	
1385	0	31377	35308	37526	47056	
1386	0	31509	34980	37728	47248	
1387	0	31750	34772	37901	47440	
1388	0	31648	34852	38088	47576	
1389	0	31841	34876	38256	47704	
1390	0	32029	34789	38409	47792	
1391	0	32204	34748	38561	47864	
1392	0	32412	34822	38688	47864	
1393	0	32766	34892	38914	47936	
1394	0	32945	35048	38908	47933	
1395	0	33224	35332	39140	47924	
1396	0	33568	35478	39156	47872	
1397	0	33924	36004	39168	47808	
1398	0	34232	36162	39297	47696	
1399	0	34512	36536	39286	47588	
1400	0	34677	36827	39336	47424	
1401	0	34814	36976	39440	47304	
1402	0	34924	37472	39408	47120	
1403	0	35012	37656	39427	46906	
1404	0	35069	37936	39480	46704	
1405	0	35289	38669	39512	46496	
1406	0	35432	38984	39448	46276	
1407	0	35612	39136	39460	46005	
1408	0	35760	39528	39532	45732	
1409	0	35992	39928	39516	45508	
1410	0	36492	40081	39444	45256	
1411	0	36978	40700	39464	45008	
1412	0	37664	40920	39441	44729	
1413	0	38538	40545	39416	44429	
1414	0	39550	40624	39389	44209	
1415	0	40868	40364	39320	43920	
1416	0	41538	39344	39360	43684	
1417	0	42080	39088	39424	43348	
1418	0	41764	38008	39316	43152	
1419	0	41060	37194	39272	42856	
1420	0	40332	36793	39308	42624	
1421	0	40156	36048	39228	42381	
1422	0	40328	36116	39312	42186	
1423	0	41356	36196	39144	42004	
1424	0	41714	36796	39106	41648	
1425	0	41161	37370	39180	41528	
1426	0	36628	47660	39051	41288	
1427	0	26672	38777	39000	41016	
1428	0	21652	41596	38908	40872	
1429	0	27202	39424	38880	40644	
1430	0	40260	39120	38804	40580	
1431	0	37488	31188	38848	40392	
1432	0	38264	43813	38672	40144	
1433	0	29460	47784	38644	39965	
1434	0	35328	36404	38549	39810	
1435	0	33504	35996	38592	39608	
1436	0	33753	37788	38393	39544	
1437	0	33912	38456	38368	39385	
1438	0	33292	36868	38328	39209	
1439	0	33564	37560	38128	39152	
1440	0	33130	37440	38076	38872	
1441	0	33642	38066	38000	38870	
1442	0	33376	37292	37852	38736	
1443	0	32620	37024	37776	38576	
1444	0	33154	37448	37668	38444	
1445	0	33088	37893	37560	38252	
1446	0	33330	37524	37468	38060	
1447	0	33680	37476	37448	37972	
1448	0	33768	37552	37364	37842	
1449	0	34040	37316	37172	37656	
1450	0	33602	37844	37148	37508	
1451	0	33474	37900	36960	37404	
1452	0	33416	37552	36856	37216	
1453	0	33570	37512	36828	37068	
1454	0	33832	37680	36642	36976	
1455	0	34061	37416	36592	36764	
1456	0	33717	37496	36402	36664	
1457	0	33656	37748	36360	36448	
1458	0	33845	37618	36212	36232	
1459	0	34016	37472	35988	36041	
1460	0	33988	37568	35896	35922	
1461	0	34052	37584	35750	35704	
1462	0	34044	37465	35536	35380	
1463	0	33976	37372	35428	35232	
1464	0	33884	37354	35196	34964	
1465	0	33812	37386	35016	34698	
1466	0	33848	37496	34877	34490	
1467	0	34169	37056	34720	34256	
1468	0	33860	37260	34497	34032	
1469	0	34096	37088	34312	33732	
1470	0	34002	37344	34176	33600	
1471	0	34300	36893	34000	33340	
1472	0	34060	37340	33792	33012	
1473	0	34226	37048	33642	32802	
1474	0	34008	37388	33444	32552	
1475	0	33980	37040	33272	32308	
1476	0	34024	37425	33112	32096	
1477	0	34297	37142	32944	31864	
1478	0	34085	37448	32776	31696	
1479	0	34148	37226	32601	31482	
1480	0	34056	37476	32440	31228	
1481	0	34061	37084	32252	31009	
1482	0	33744	37404	32116	30832	
1483	0	33860	37508	31928	30688	
1484	0	34221	37154	31772	30445	
1485	0	34166	37298	31612	30244	
1486	0	34288	37192	31457	30120	
1487	0	34114	37232	31316	29905	
1488	0	33972	37529	31144	29740	
1489	0	34145	37252	30998	29612	
1490	0	34184	37392	30850	29392	
1491	0	34141	37600	30704	29250	
1492	0	34252	37348	30548	29134	
1493	0	34197	37509	30412	28952	
1494	0	34336	37376	30256	28825	
1495	0	34250	37353	30113	28688	
1496	0	34338	37396	29976	28529	
1497	0	34380	37489	29824	28424	
1498	0	34086	37997	29684	28273	
1499	0	34088	38144	29533	28202	
1500	0	34280	38153	29372	28037	
1501	0	34388	38520	29268	27912	
1502	0	34488	38841	29096	27848	
1503	0	34504	39448	28952	27752	
1504	0	34780	40024	28836	27636	
1505	0	34704	40324	28666	27480	
1506	0	34529	40548	28602	27428	
1507	0	34228	41060	28464	27292	
1508	0	33988	41846	28338	27185	
1509	0	34032	42360	28168	27116	
1510	0	33816	42928	28060	27016	
1511	0	33832	43418	27884	26914	
1512	0	32604	42799	27822	26848	
1513	0	32009	42684	27638	26756	
1514	0	33392	42418	27556	26692	
1515	0	34784	42645	27424	26645	
1516	0	34164	39956	27337	26612	
1517	0	35682	40572	27229	26534	
1518	0	34392	39666	27160	26537	
1519	0	33004	36536	27042	26510	
1520	0	32410	37172	26952	26438	
1521	0	33608	35404	26888	26440	
1522	0	34876	37544	26751	26426	
1523	0	37448	30036	26736	26448	
1524	0	36544	34688	26660	26401	
1525	0	35956	37737	26582	26404	
1526	0	35625	37808	26513	26400	
1527	0	36256	37300	26456	26456	
1528	0	36044	36496	26380	26461	
1529	0	36080	36120	26309	26481	
1530	0	36672	35500	26248	26480	
1531	0	37224	35052	26252	26453	
1532	0	37448	34448	26164	26424	
1533	0	37508	33697	26158	26438	
1534	0	37664	34042	26096	26432	
1535	0	37884	34833	26064	26425	
1536	0	37426	34949	26024	26416	
1537	0	38248	34944	25934	26429	
1538	0	37540	35660	25888	26394	
1539	0	37472	35664	25904	26400	
1540	0	37424	35881	25856	26392	
1541	0	37728	36524	25765	26380	
1542	0	37958	36461	25816	26373	
1543	0	38512	36652	25777	26369	
1544	0	38834	36546	25764	26340	
1545	0	39000	36190	25724	26344	
1546	0	38816	36248	25704	26382	
1547	0	39044	36008	25728	26389	
1548	0	38977	35880	25680	26369	
1549	0	38806	35720	25656	26300	
1550	0	38516	35680	25701	26316	
1551	0	38464	35445	25680	26298	
1552	0	38260	35224	25697	26340	
1553	0	38200	35104	25696	26273	
1554	0	38320	35148	25736	26292	
1555	0	38264	34833	25757	26308	
1556	0	38176	34828	25721	26249	
1557	0	38208	34916	25742	26260	
1558	0	38465	35208	25784	26276	
1559	0	38876	35972	25796	26250	
1560	0	39104	35548	25803	26266	
1561	0	39016	35277	25816	26272	
1562	0	38602	34840	25816	26307	
1563	0	38640	34538	25866	26284	
1564	0	38037	34610	25882	26297	
1565	0	37653	34708	25922	26364	
1566	0	36924	34609	25896	26352	
1567	0	36296	34273	25948	26378	
1568	0	35648	33716	25964	26404	
1569	0	35152	33068	25954	26496	
1570	0	34568	32384	26000	26532	
1571	0	52672	39028	25893	26554	
1572	0	53928	33972	25981	26621	
1573	0	31112	49476	25912	26680	
1574	0	18533	40000	25980	26776	
1575	0	20982	42216	25944	26844	
1576	0	32280	41176	26025	26978	
1577	0	42036	40184	26024	27096	
1578	0	36936	36924	26072	27167	
1579	0	35956	34692	26110	27256	
1580	0	33804	32684	26148	27384	
1581	0	31152	31928	26172	27521	
1582	0	34168	35064	26201	27672	
1583	0	36408	36688	26232	27837	
1584	0	36896	37904	26212	27988	
1585	0	33965	38025	26320	28164	
1586	0	33564	37520	26366	28345	
1587	0	34848	37152	26454	28537	
1588	0	35544	37128	26522	28810	
1589	0	35128	37048	26600	28949	
1590	0	34482	37252	26692	29220	
1591	0	35152	36889	26798	29409	
1592	0	34809	36857	26930	29698	
1593	0	35129	36653	27058	29917	
1594	0	34971	36545	27184	30165	
1595	0	35091	36714	27334	30458	
1596	0	35100	36702	27508	30613	
1597	0	35000	37004	27672	30909	
1598	0	34944	36880	27828	31125	
1599	0	34802	37148	27988	31377	
1600	0	34780	37028	28182	31636	
1601	0	34929	36988	28408	31893	
1602	0	34746	37057	28592	32144	
1603	0	34752	37241	28832	32456	
1604	0	34712	37164	29042	32626	
1605	0	34812	37272	29265	32880	
1606	0	34837	37400	29488	33112	
1607	0	34689	36960	29744	33344	
1608	0	34624	36756	29976	33550	
1609	0	34572	36813	30217	33832	
1610	0	34553	36940	30464	34048	
1611	0	34685	37021	30700	34277	
1612	0	34432	37252	30948	34412	
1613	0	34716	37748	31193	34596	
1614	0	34401	37284	31432	34790	
1615	0	34480	37328	31688	35064	
1616	0	34372	37348	31946	35264	
1617	0	34334	37211	32156	35376	
1618	0	34468	37377	32426	35505	
1619	0	34368	37220	32644	35750	
1620	0	34436	37280	32920	35893	
1621	0	34370	37402	33120	35980	
1622	0	34428	37320	33400	36146	
1623	0	34290	37285	33640	36276	
1624	0	34188	37064	33818	36384	
1625	0	34309	36928	34060	36530	
1626	0	34537	37084	34260	36660	
1627	0	34364	37612	34520	36737	
1628	0	34433	37849	34760	36937	
1629	0	34152	38024	34976	37084	
1630	0	34368	38168	35136	37180	
1631	0	34248	37788	35336	37180	
1632	0	34124	37584	35536	37297	
1633	0	34218	37345	35788	37400	
1634	0	34476	37292	35969	37465	
1635	0	34468	37482	36156	37557	
1636	0	34324	37802	36360	37758	
1637	0	34522	37920	36552	37769	
1638	0	34248	37754	36744	37928	
1639	0	34272	37980	36880	38000	
1640	0	34096	38242	37113	38144	
1641	0	34120	38676	37292	38320	
1642	0	34422	38552	37434	38400	
1643	0	33188	38706	37620	38480	
1644	0	33805	39760	37876	38729	
1645	0	34032	40272	38024	38792	
1646	0	35048	39890	38180	38929	
1647	0	34369	39848	38448	39068	
1648	0	33324	39929	38560	39224	
1649	0	33350	40560	38772	39484	
1650	0	32556	41093	38944	39521	
1651	0	33540	40229	39132	39700	
1652	0	33957	39744	39364	39986	
1653	0	33734	39685	39524	40104	
1654	0	34108	40032	39780	40362	
1655	0	33905	39297	39938	40548	
1656	0	34189	39444	40162	40740	
1657	0	36016	39904	40409	40968	
1658	0	36420	38253	40656	41188	
1659	0	37196	38368	40814	41396	
1660	0	34106	41732	41060	41652	
1661	0	39964	34752	41384	41976	
1662	0	40260	35170	41496	42253	
1663	0	37256	39620	41724	42540	
1664	0	36456	40832	41969	42709	
1665	0	35608	39908	42200	42925	
1666	0	35610	39120	42442	43176	
1667	0	36136	38564	42696	43444	
1668	0	36564	38004	43048	43712	
1669	0	36640	37648	43225	43929	
1670	0	36536	37252	43444	44160	
1671	0	35616	36448	43792	44426	
1672	0	34524	36364	44012	44600	
1673	0	34112	36480	44288	44800	
1674	0	33021	35826	44466	44992	
1675	0	32788	35969	44761	45208	
1676	0	32786	35612	44953	45385	
1677	0	32460	35264	45184	45522	
1678	0	32460	35300	45496	45584	
1679	0	32333	35040	45725	45760	
1680	0	32204	35152	45896	45810	
1681	0	31952	34616	46144	45904	
1682	0	32080	34437	46313	45952	
1683	0	32160	34736	46536	46036	
1684	0	32248	34290	46796	46041	
1685	0	32274	34157	46964	46024	
1686	0	32660	34040	47160	46004	
1687	0	33000	33848	47296	45970	
1688	0	32933	33740	47449	45976	
1689	0	33144	33904	47648	45836	
1690	0	33104	34034	47713	45808	
1691	0	32998	33817	47932	45696	
1692	0	32928	34316	48000	45524	
1693	0	32888	34352	48084	45433	
1694	0	32953	34504	48264	45280	
1695	0	32896	34424	48348	45100	
1696	0	32964	34074	48424	44888	
1697	0	33304	34008	48444	44696	
1698	0	33372	34017	48516	44532	
1699	0	33348	34368	48504	44312	
1700	0	33340	34512	48548	44032	
1701	0	33624	34522	48544	43816	
1702	0	33656	34508	48584	43620	
1703	0	33664	34540	48652	43348	
1704	0	33696	34716	48588	43128	
1705	0	33584	34720	48548	42872	
1706	0	33572	34444	48604	42640	
1707	0	33600	34332	48530	42380	
1708	0	33340	34078	48556	42144	
1709	0	49804	36320	48440	41924	
1710	0	56180	29861	48392	41684	
1711	0	28488	43832	48400	41456	
1712	0	14328	30484	48348	41224	
1713	0	25080	40576	48228	41004	
1714	0	37788	45024	48132	40802	
1715	0	38428	40914	48112	40568	
1716	0	35640	36784	47960	40368	
1717	0	35142	33304	47868	40173	
1718	0	35917	32164	47744	39968	
1719	0	33876	34288	47684	39796	
1720	0	36128	35432	47564	39611	
1721	0	36376	37000	47516	39444	
1722	0	34632	37648	47420	39296	
1723	0	34229	37832	47260	39140	
1724	0	34932	37048	47128	38968	
1725	0	35937	37116	47040	38824	
1726	0	35682	37140	46916	38676	
1727	0	34977	37068	46861	38533	
1728	0	35188	36704	46732	38398	
1729	0	35316	36409	46648	38276	
1730	0	35324	36380	46512	38112	
1731	0	35178	36633	46444	37976	
1732	0	35288	36684	46288	37828	
1733	0	35356	36800	46176	37728	
1734	0	35261	36954	46068	37605	
1735	0	35250	36978	45968	37456	
1736	0	35164	36862	45866	37344	
1737	0	34992	36766	45808	37224	
1738	0	35116	36824	45660	37072	
1739	0	35164	36981	45554	36921	
1740	0	34964	36928	45432	36732	
1741	0	35016	37036	45332	36612	
1742	0	35064	36978	45268	36400	
1743	0	34946	37044	45112	36288	
1744	0	34944	36896	45028	36072	
1745	0	34968	36940	44880	35868	
1746	0	34896	36924	44724	35698	
1747	0	34748	36888	44572	35489	
1748	0	34780	36852	44456	35312	
1749	0	34748	36977	44344	35104	
1750	0	34860	37192	44137	34940	
1751	0	34640	37224	43945	34672	
1752	0	34520	37288	43856	34448	
1753	0	34512	37192	43610	34280	
1754	0	34532	37002	43440	34064	
1755	0	34540	37012	43208	33824	
1756	0	34644	37084	43000	33640	
1757	0	34708	37225	42832	33324	
1758	0	34601	37280	42673	33132	
1759	0	34404	37408	42400	32924	
1760	0	34256	37600	42188	32668	
1761	0	34404	37656	41864	32365	
1762	0	34412	37704	41617	32128	
1763	0	34348	37493	41368	31910	
1764	0	34216	37476	41108	31701	
1765	0	34180	37432	40840	31476	
1766	0	34308	37316	40672	31170	
1767	0	34360	37244	40372	30985	
1768	0	34418	37376	39997	30664	
1769	0	34552	37580	39772	30422	
1770	0	34332	37861	39560	30192	
1771	0	34304	37692	39128	29956	
1772	0	34096	37592	38832	29776	
1773	0	34234	37552	38536	29541	
1774	0	34132	37605	38225	29320	
1775	0	34100	37465	37916	29140	
1776	0	34316	37592	37673	28960	
1777	0	34337	37648	37376	28758	
1778	0	34436	37872	36996	28580	
1779	0	34356	37788	36688	28418	
1780	0	34196	37868	36376	28252	
1781	0	34070	37828	36096	28132	
1782	0	34500	37946	35824	27984	
1783	0	34440	38048	35456	27876	
1784	0	34372	37904	35220	27722	
1785	0	34176	38524	34896	27660	
1786	0	33976	39052	34612	27548	
1787	0	34640	39360	34310	27492	
1788	0	34888	39316	34048	27420	
1789	0	34456	39188	33813	27364	
1790	0	34088	39481	33521	27308	
1791	0	34140	39780	33292	27264	
1792	0	33484	39740	33036	27233	
1793	0	33392	40272	32798	27212	
1794	0	32856	40224	32573	27184	
1795	0	31433	40268	32352	27188	
1796	0	33600	40840	32128	27178	
1797	0	33488	39272	31933	27185	
1798	0	35003	39560	31725	27194	
1799	0	34936	39852	31555	27226	
1800	0	36360	40140	31368	27259	
1801	0	36828	39120	31216	27280	
1802	0	37928	39008	31056	27325	
1803	0	37321	38588	30904	27380	
1804	0	37498	37984	30768	27438	
1805	0	37236	40152	30638	27504	
1806	0	40452	35548	30492	27584	
1807	0	40072	36868	30389	27625	
1808	0	37336	39812	30260	27692	
1809	0	37192	39201	30145	27784	
1810	0	36024	39602	30077	27836	
1811	0	35409	39152	29984	27893	
1812	0	35044	38648	29897	27953	
1813	0	34732	38164	29808	28020	
1814	0	34358	38048	29716	28076	
1815	0	34461	37416	29652	28148	
1816	0	34340	36938	29577	28168	
1817	0	33897	36852	29501	28201	
1818	0	33673	36538	29418	28214	
1819	0	33293	36208	29341	28192	
1820	0	32900	36216	29264	28186	
1821	0	32552	35828	29192	28178	
1822	0	32700	35488	29105	28149	
1823	0	32628	35236	29026	28096	
1824	0	32905	35300	28940	28036	
1825	0	32688	34964	28848	27972	
1826	0	32364	34325	28757	27908	
1827	0	32548	34164	28661	27794	
1828	0	32560	34028	28544	27712	
1829	0	32852	33992	28436	27597	
1830	0	32730	33716	28328	27515	
1831	0	33213	33956	28197	27388	
1832	0	33097	33728	28072	27234	
1833	0	33174	33670	27940	27089	
1834	0	33096	33936	27800	26894	
1835	0	33044	34173	27656	26705	
1836	0	33076	33904	27494	26528	
1837	0	32988	33908	27340	26320	
1838	0	32960	34096	27192	26160	
1839	0	33336	34226	27037	25957	
1840	0	33544	34404	26840	25721	
1841	0	33864	34669	26669	25512	
1842	0	34145	34720	26526	25352	
1843	0	34096	35016	26356	25092	
1844	0	34212	34896	26188	24876	
1845	0	34088	35025	26018	24674	
1846	0	33969	34900	25848	24470	
1847	0	34152	34820	25648	24269	
1848	0	34469	34546	25506	24061	
1849	0	34661	34277	25346	23884	
1850	0	34926	34096	25174	23680	
1851	0	34884	34153	25018	23524	
1852	0	34532	33889	24818	23312	
1853	0	48116	37612	24609	23148	
1854	0	56160	32216	24560	22990	
1855	0	40076	40420	24302	22828	
1856	0	21385	31860	24225	22668	
1857	0	18536	41064	24064	22560	
1858	0	29132	42200	23886	22394	
1859	0	41209	43072	23789	22317	
1860	0	36616	38860	23712	22178	
1861	0	35712	37141	23609	22097	
1862	0	38544	33376	23552	22005	
1863	0	31312	34040	23430	21928	
1864	0	33172	34533	23368	21876	
1865	0	36042	34865	23280	21836	
1866	0	37629	36173	23211	21796	
1867	0	35364	37044	23130	21753	
1868	0	33972	37912	23044	21780	
1869	0	34884	37244	23045	21780	
1870	0	35947	37208	23001	21840	
1871	0	35756	37133	22935	21869	
1872	0	35344	37185	22924	21970	
1873	0	35168	36772	22986	22029	
1874	0	35400	36500	23002	22140	
1875	0	35468	36588	22968	22258	
1876	0	35232	36720	23036	22434	
1877	0	35501	36656	23049	22602	
1878	0	35532	36658	23144	22796	
1879	0	35336	36757	23132	22992	
1880	0	35292	36768	23224	23246	
1881	0	35308	36792	23320	23486	
1882	0	35368	36928	23412	23792	
1883	0	35312	36800	23544	24004	
1884	0	35260	36850	23641	24305	
1885	0	35329	36936	23729	24606	
1886	0	35413	36856	23906	24932	
1887	0	34888	36808	24018	25204	
1888	0	35210	36960	24149	25570	
1889	0	35094	36876	24317	25832	
1890	0	35124	36820	24486	26132	
1891	0	35082	36680	24576	26468	
1892	0	34984	36784	24772	26774	
1893	0	34988	36664	24960	27136	
1894	0	35004	36760	25112	27396	
1895	0	35232	36524	25332	27756	
1896	0	34792	36692	25524	28072	
1897	0	35137	36792	25700	28296	
1898	0	35016	36772	25895	28572	
1899	0	34854	36816	26064	28875	
1900	0	34864	37010	26223	29112	
1901	0	34752	37240	26460	29364	
1902	0	34792	37240	26680	29672	
1903	0	34636	37272	26856	29912	
1904	0	34488	37176	27066	30086	
1905	0	34700	37240	27212	30344	
1906	0	34578	37200	27456	30500	
1907	0	34616	37272	27658	30713	
1908	0	34553	37291	27872	30896	
1909	0	34520	37492	28069	31120	
1910	0	34648	37412	28224	31244	
1911	0	34437	37420	28472	31500	
1912	0	34376	37420	28657	31572	
1913	0	34288	37348	28856	31777	
1914	0	34433	37192	29084	31856	
1915	0	34572	37242	29290	32040	
1916	0	34552	37460	29492	32132	
1917	0	34664	37516	29697	32269	
1918	0	34304	37716	29880	32389	
1919	0	34620	37584	30112	32552	
1920	0	34333	37480	30306	32634	
1921	0	34396	37398	30528	32837	
1922	0	34449	37304	30736	32876	
1923	0	34636	37290	30962	32996	
1924	0	34637	37512	31176	33189	
1925	0	34548	37868	31384	33244	
1926	0	34458	38000	31612	33408	
1927	0	34368	38290	31833	33504	
1928	0	34529	38328	32050	33748	
1929	0	34516	38006	32272	33884	
1930	0	34337	38232	32504	33924	
1931	0	34650	38752	32732	34080	
1932	0	35020	38988	32960	34336	
1933	0	34800	38612	33204	34400	
1934	0	34344	39020	33432	34704	
1935	0	34304	39652	33688	34800	
1936	0	34324	39828	33921	34962	
1937	0	33688	39744	34168	35170	
1938	0	33560	40248	34404	35396	
1939	0	33508	40056	34668	35696	
1940	0	33084	40058	34936	35889	
1941	0	32256	39784	35176	36080	
1942	0	34000	40112	35444	36376	
1943	0	34148	39748	35680	36676	
1944	0	34964	39184	35972	36836	
1945	0	34333	39344	36272	37121	
1946	0	34560	39956	36508	37548	
1947	0	35733	40032	36804	37732	
1948	0	37488	39268	37028	38028	
1949	0	36952	39288	37380	38428	
1950	0	37088	38740	37688	38752	
1951	0	34544	41092	37969	39076	
1952	0	40705	34040	38302	39428	
1953	0	39164	37944	38556	39672	
1954	0	37744	38916	38808	40004	
1955	0	37388	38564	39204	40356	
1956	0	36618	39826	39488	40728	
1957	0	35648	39444	39720	41044	
1958	0	35328	38352	40104	41520	
1959	0	35264	38112	40380	41828	
1960	0	35332	37920	40624	42060	
1961	0	34640	37085	40924	42418	
1962	0	34432	36480	41346	42716	
1963	0	34301	36122	41674	43032	
1964	0	34166	36020	41970	43296	
1965	0	33822	35876	42132	43504	
1966	0	33480	35626	42529	43792	
1967	0	33476	35620	42692	43948	
1968	0	33072	35136	43016	44188	
1969	0	32864	34953	43276	44380	
1970	0	32506	35072	43540	44532	
1971	0	32540	34676	43882	44717	
1972	0	32152	34400	44064	44856	
1973	0	32668	34626	44296	44938	
1974	0	32564	34284	44612	45056	
1975	0	32784	33940	44792	45112	
1976	0	32624	34122	45068	45160	
1977	0	32808	34464	45280	45236	
1978	0	32628	33780	45448	45197	
1979	0	32891	33988	45620	45184	
1980	0	32616	33610	45824	45200	
1981	0	32684	33990	45988	45084	
1982	0	32656	34005	46164	45024	
1983	0	32944	33985	46352	44898	
1984	0	32884	33876	46473	44852	
1985	0	33184	34680	46648	44701	
1986	0	32993	34545	46824	44592	
1987	0	33426	34936	46896	44372	
1988	0	33597	34956	47056	44248	
1989	0	33738	35184	47104	44024	
1990	0	33990	35304	47212	43840	
1991	0	33836	35256	47328	43677	
1992	0	34244	35265	47408	43481	
1993	0	34344	35028	47480	43210	
1994	0	34640	34936	47460	43056	
1995	0	35004	34788	47524	42808	
1996	0	35311	34589	47630	42576	
1997	0	35544	34380	47612	42409	
1998	0	35408	34320	47696	42184	
1999	0	37152	39846	47640	41932	
2000	0	55624	37504	47712	41728	
2001	0	47436	44928	47720	41528	
2002	0	23137	27268	47704	41313	
2003	0	20520	38916	47681	41136	
2004	0	32120	42528	47728	40924	
2005	0	36101	39852	47668	40728	
2006	0	35056	38429	47648	40520	
2007	0	35016	37140	47632	40329	
2008	0	36508	35010	47636	40132	
2009	0	36929	33305	47536	39944	
2010	0	32208	34192	47484	39752	
2011	0	34825	35300	47520	39556	
2012	0	36605	36412	47408	39338	
2013	0	35732	37072	47333	39193	
2014	0	35140	37896	47304	38948	
2015	0	34624	38028	47252	38816	
2016	0	35050	37405	47212	38624	
2017	0	35564	37172	47072	38376	
2018	0	35308	36788	47044	38181	
2019	0	35212	36488	46960	37996	
2020	0	35160	36388	46816	37850	
2021	0	35132	36601	46808	37608	
2022	0	35189	36880	46624	37466	
2023	0	35274	36956	46530	37244	
2024	0	35200	37033	46457	37056	
2025	0	35001	36964	46340	36844	
2026	0	35420	36712	46184	36552	
2027	0	35156	36856	46080	36378	
2028	0	35132	36921	45936	36117	
2029	0	34956	37084	45800	35940	
2030	0	35180	37098	45736	35653	
2031	0	34992	37000	45512	35436	
2032	0	34968	36832	45412	35268	
2033	0	34944	37000	45268	34992	
2034	0	34888	36837	45060	34720	
2035	0	34972	37025	44892	34440	
2036	0	34945	37148	44696	34248	
2037	0	34696	37241	44577	33964	
2038	0	34853	37088	44352	33672	
2039	0	34621	37096	44233	33400	
2040	0	34585	37250	43968	33209	
2041	0	34738	37369	43792	32893	
2042	0	34640	37341	43584	32552	
2043	0	34612	37152	43318	32382	
2044	0	34560	37080	43188	32066	
2045	0	34436	37252	42964	31776	
2046	0	34381	37432	42672	31504	
2047	0	34444	37656	42352	31244	
2048	0	34292	37528	42076	30992	
2049	0	34324	37465	41796	30633	
2050	0	34393	37226	41564	30388	
2051	0	34497	37012	41368	30162	
2052	0	34312	37033	40934	29900	
2053	0	34416	36980	40605	29669	
2054	0	34440	36804	40372	29396	
2055	0	34432	36674	39986	29148	
2056	0	34400	37064	39737	28952	
2057	0	34492	37332	39316	28744	
2058	0	34008	38000	38956	28504	
2059	0	34140	38072	38672	28308	
2060	0	34202	38196	38254	28052	
2061	0	34276	38053	37960	27861	
2062	0	34512	37790	37556	27659	
2063	0	34512	37425	37200	27472	
2064	0	34324	37306	36884	27228	
2065	0	34480	37268	36492	27104	
2066	0	34624	37364	36068	26940	
2067	0	34590	37376	35690	26778	
2068	0	34560	37482	35320	26606	
2069	0	34512	37557	34972	26412	
2070	0	35784	37804	34580	26309	
2071	0	34266	37730	34228	26160	
2072	0	34674	37828	33865	26027	
2073	0	34600	37545	33508	25928	
2074	0	34769	37572	33178	25796	
2075	0	34748	38224	32800	25706	
2076	0	35080	38769	32458	25601	
2077	0	35093	39048	32096	25525	
2078	0	35076	38928	31765	25457	
2079	0	34576	39112	31437	25394	
2080	0	34654	39530	31108	25332	
2081	0	34356	39968	30760	25282	
2082	0	33656	40196	30449	25258	
2083	0	33632	39832	30132	25236	
2084	0	33488	39793	29808	25221	
2085	0	32993	39864	29480	25222	
2086	0	32436	40008	29184	25237	
2087	0	34760	39457	28889	25250	
2088	0	35136	39236	28641	25272	
2089	0	36156	39432	28368	25304	
2090	0	36152	38396	28116	25348	
2091	0	37372	38448	27848	25428	
2092	0	37644	38074	27592	25507	
2093	0	37284	38104	27314	25542	
2094	0	36876	38452	27096	25604	
2095	0	38408	38708	26850	25737	
2096	0	38656	36820	26649	25800	
2097	0	38104	38536	26393	25864	
2098	0	37312	38724	26192	25960	
2099	0	36129	38984	25998	26060	
2100	0	35232	39024	25757	26140	
2101	0	35172	38896	25642	26222	
2102	0	35476	38760	25400	26304	
2103	0	35605	37908	25292	26352	
2104	0	35548	37960	25104	26460	
2105	0	34962	37436	24942	26536	
2106	0	35112	37088	24809	26576	
2107	0	34472	36985	24649	26616	
2108	0	34452	37049	24486	26600	
2109	0	33886	36500	24340	26629	
2110	0	34248	36564	24138	26620	
2111	0	34025	36024	23998	26592	
2112	0	33360	35928	23856	26580	
2113	0	33258	35585	23678	26588	
2114	0	32961	34949	23528	26513	
2115	0	32872	35194	23412	26496	
2116	0	33013	35241	23224	26418	
2117	0	33016	34876	23052	26330	
2118	0	33390	34514	22924	26290	
2119	0	33248	34210	22674	26161	
2120	0	33340	34020	22504	26066	
2121	0	33261	34260	22409	26005	
2122	0	32944	34020	22232	25885	
2123	0	33098	34284	22014	25789	
2124	0	33044	34148	21773	25624	
2125	0	33104	34040	21630	25560	
2126	0	33168	34248	21392	25467	
2127	0	33400	34214	21268	25280	
2128	0	33340	34192	21096	25140	
2129	0	33490	34464	20905	25080	
2130	0	33612	34258	20677	24877	
2131	0	33944	34208	20520	24792	
2132	0	34025	34312	20328	24657	
2133	0	34053	34736	20098	24474	
2134	0	34284	34688	19940	24432	
2135	0	34628	34848	19730	24246	
2136	0	34880	34964	19538	24140	
2137	0	35068	34912	19380	24025	
2138	0	35184	34628	19164	23953	
2139	0	35420	34432	18952	23792	
2140	0	35562	34097	18800	23700	
2141	0	35692	33904	18615	23616	
2142	0	35526	33416	18530	23453	
2143	0	45618	37944	18336	23376	
2144	0	55868	30450	18272	23380	
2145	0	56338	45484	18052	23246	
2146	0	11010	28160	18002	23249	
2147	0	20286	37948	17821	23212	
2148	0	36704	43216	17736	23236	
2149	0	33468	40242	17596	23145	
2150	0	38905	35409	17549	23174	
2151	0	37428	32500	17398	23112	
2152	0	33582	33338	17400	23214	
2153	0	35200	36696	17332	23148	
2154	0	36424	37384	17272	23222	
2155	0	35370	37164	17245	23288	
2156	0	35536	36581	17172	23373	
2157	0	35404	36388	17196	23397	
2158	0	34920	36797	17194	23512	
2159	0	35593	37204	17132	23614	
2160	0	35504	36876	17212	23792	
2161	0	35324	36825	17240	23934	
2162	0	35488	36636	17282	24061	
2163	0	35048	37116	17304	24288	
2164	0	35686	36896	17349	24417	
2165	0	35424	36736	17524	24669	
2166	0	35500	36472	17619	24845	
2167	0	35408	36536	17736	25088	
2168	0	35412	36633	17869	25364	
2169	0	35488	36384	18013	25608	
2170	0	35380	36820	18129	25848	
2171	0	35464	36442	18326	26086	
2172	0	35549	36792	18482	26320	
2173	0	35296	36564	18705	26545	
2174	0	35524	36920	18878	26860	
2175	0	35434	36896	19114	27124	
2176	0	35356	36860	19379	27369	
2177	0	35280	36972	19564	27669	
2178	0	35136	36713	19838	27904	
2179	0	35072	36776	20026	28184	
2180	0	35115	36824	20292	28420	
2181	0	35004	36881	20556	28669	
2182	0	35080	36536	20818	28886	
2183	0	34960	36936	21105	29169	
2184	0	34900	37120	21404	29432	
2185	0	34753	37060	21697	29656	
2186	0	34968	36980	22016	29926	
2187	0	34856	37060	22301	30148	
2188	0	34674	37024	22548	30397	
2189	0	34836	37202	22800	30681	
2190	0	34664	37212	23169	30833	
2191	0	34672	37256	23448	31096	
2192	0	34744	37256	23754	31284	
2193	0	34796	37329	24093	31514	
2194	0	34748	37164	24309	31709	
2195	0	34685	37220	24638	31953	
2196	0	34665	37152	24985	32116	
2197	0	34652	37285	25260	32353	
2198	0	34628	37728	25533	32520	
2199	0	34665	37930	25868	32736	
2200	0	34672	37756	26089	32904	
2201	0	34520	37592	26420	33056	
2202	0	34668	37308	26688	33264	
2203	0	34725	37177	26960	33428	
2204	0	34680	37056	27243	33594	
2205	0	34568	37108	27552	33760	
2206	0	34612	37256	27856	33904	
2207	0	34574	37256	28153	34068	
2208	0	34618	36868	28416	34268	
2209	0	34568	37172	28692	34424	
2210	0	34680	37336	29016	34605	
2211	0	34692	37448	29281	34778	
2212	0	34720	37370	29584	35024	
2213	0	34781	37361	29866	35160	
2214	0	35010	37501	30160	35396	
2215	0	34536	37296	30444	35560	
2216	0	34836	37528	30729	35752	
2217	0	34860	37592	31024	35996	
2218	0	34837	37776	31316	36221	
2219	0	34816	38016	31624	36404	
2220	0	34861	38096	31914	36688	
2221	0	34793	37392	32218	36820	
2222	0	34828	37296	32501	37080	
2223	0	35000	37572	32804	37338	
2224	0	35157	37572	33104	37668	
2225	0	34900	38028	33418	37864	
2226	0	34909	38528	33728	38137	
2227	0	34928	38732	34048	38376	
2228	0	34773	39016	34365	38636	
2229	0	34540	39500	34637	38884	
2230	0	34752	39882	34948	39196	
2231	0	34473	40660	35258	39364	
2232	0	34312	40564	35600	39688	
2233	0	33237	40537	35884	39892	
2234	0	33672	41266	36208	40220	
2235	0	34146	39312	36488	40404	
2236	0	33096	39476	36788	40648	
2237	0	34584	39508	37176	40953	
2238	0	34649	38578	37468	41240	
2239	0	35964	39273	37794	41488	
2240	0	36912	38944	38052	41780	
2241	0	37072	38328	38372	42032	
2242	0	36672	37484	38684	42336	
2243	0	36032	37592	39074	42628	
2244	0	36701	37992	39360	42856	
2245	0	37325	39368	39674	43140	
2246	0	39808	35556	39922	43488	
2247	0	39740	36736	40342	43668	
2248	0	38784	38728	40672	43988	
2249	0	37372	37880	40852	44192	
2250	0	35572	38036	41164	44456	
2251	0	35736	38840	41600	44644	
2252	0	34469	38412	41768	44932	
2253	0	34084	38169	42072	45130	
2254	0	34232	38924	42361	45308	
2255	0	33668	38524	42672	45520	
2256	0	33325	38456	42960	45680	
2257	0	32928	38048	43264	45848	
2258	0	32572	37496	43536	45960	
2259	0	32304	36536	43813	46092	
2260	0	32288	35809	44172	46220	
2261	0	32093	35976	44368	46316	
2262	0	31613	35106	44656	46316	
2263	0	31836	35202	44868	46380	
2264	0	31888	35044	45116	46452	
2265	0	31380	34688	45424	46452	
2266	0	31214	35024	45576	46468	
2267	0	31312	34900	45808	46444	
2268	0	31673	34816	46076	46328	
2269	0	32108	34553	46196	46332	
2270	0	32292	34508	46404	46184	
2271	0	32464	34472	46561	46129	
2272	0	32744	34604	46788	45936	
2273	0	32824	34810	46932	45836	
2274	0	33080	35160	47060	45674	
2275	0	33176	35548	47248	45444	
2276	0	33276	35877	47389	45296	
2277	0	33524	36412	47432	45108	
2278	0	33572	36753	47584	44825	
2279	0	33888	37372	47612	44608	
2280	0	34196	37808	47774	44336	
2281	0	34512	38108	47748	44080	
2282	0	34917	38684	47788	43866	
2283	0	35384	39136	47818	43588	
2284	0	35641	39656	47852	43273	
2285	0	36260	40208	47885	42993	
2286	0	37140	40880	47866	42764	
2287	0	38524	41204	47876	42464	
2288	0	39832	41528	47856	42200	
2289	0	41136	41340	47840	41892	
2290	0	42524	40856	47832	41634	
2291	0	43956	40016	47728	41362	
2292	0	44436	39136	47737	41098	
2293	0	44328	38468	47664	40840	
2294	0	43752	37920	47586	40572	
2295	0	42880	37569	47425	40324	
2296	0	42176	37704	47292	40060	
2297	0	37980	44232	47168	39820	
2298	0	40145	36268	47052	39568	
2299	0	36602	43220	46923	39340	
2300	0	27387	42744	46800	39114	
2301	0	21952	40481	46577	38882	
2302	0	33244	39018	46492	38672	
2303	0	42464	28678	46300	38456	
2304	0	32432	35732	46057	38244	
2305	0	38588	43588	45896	38028	
2306	0	31736	45268	45604	37813	
2307	0	36392	39274	45464	37648	
2308	0	33964	36532	45157	37456	
2309	0	34146	38484	45000	37274	
2310	0	34028	37073	44690	37088	
2311	0	33468	37736	44424	36921	
2312	0	33453	37434	44264	36736	
2313	0	33764	37600	43944	36561	
2314	0	34176	37353	43712	36411	
2315	0	33508	37196	43408	36244	
2316	0	33564	37472	43152	36116	
2317	0	33661	37400	42988	35952	
2318	0	33548	37152	42672	35796	
2319	0	33840	37448	42450	35668	
2320	0	33931	37406	42212	35516	
2321	0	34196	37552	41868	35388	
2322	0	34144	37560	41632	35258	
2323	0	33949	37584	41412	35114	
2324	0	33840	37724	41168	34976	
2325	0	33960	37676	41076	34844	
2326	0	33940	37776	40716	34704	
2327	0	33972	37752	40592	34560	
2328	0	34212	37704	40402	34406	
2329	0	34122	37573	40076	34264	
2330	0	34092	37532	39988	34100	
2331	0	34082	37433	39668	33937	
2332	0	34156	37468	39536	33776	
2333	0	33824	37664	39304	33602	
2334	0	34080	37442	39083	33432	
2335	0	34284	37244	38880	33248	
2336	0	34088	37496	38673	33068	
2337	0	34248	37172	38480	32884	
2338	0	33961	37468	38312	32692	
2339	0	34141	37413	38096	32504	
2340	0	34212	37080	38020	32320	
2341	0	34248	37264	37728	32114	
2342	0	34249	37232	37520	31925	
2343	0	34392	37056	37432	31732	
2344	0	34440	37114	37224	31532	
2345	0	34316	37480	36932	31340	
2346	0	34336	37360	36744	31148	
2347	0	34384	37152	36538	30951	
2348	0	34276	37388	36384	30769	
2349	0	34376	37481	36188	30576	
2350	0	34361	37349	35956	30388	
2351	0	34469	37312	35696	30200	
2352	0	34284	37544	35516	30026	
2353	0	34368	37429	35332	29850	
2354	0	34420	37480	35028	29674	
2355	0	34432	37504	34792	29492	
2356	0	34418	37424	34564	29332	
2357	0	34301	37532	34380	29168	
2358	0	34572	37748	34114	28992	
2359	0	34248	37404	33850	28836	
2360	0	34372	37500	33601	28674	
2361	0	34321	37618	33376	28544	
2362	0	34436	37652	33073	28392	
2363	0	34520	37717	32842	28249	
2364	0	34524	37772	32564	28101	
2365	0	34357	37720	32284	27970	
2366	0	34274	37584	32020	27832	
2367	0	34488	37832	31750	27712	
2368	0	34520	38016	31457	27586	
2369	0	34986	38396	31180	27476	
2370	0	34712	38561	30892	27344	
2371	0	34812	39184	30594	27236	
2372	0	34600	39700	30264	27124	
2373	0	35108	40112	29976	27014	
2374	0	35128	40204	29633	26914	
2375	0	35344	40512	29328	26816	
2376	0	34144	41184	29050	26732	
2377	0	34321	41616	28716	26642	
2378	0	33824	42352	28421	26550	
2379	0	33092	42384	28096	26476	
2380	0	32886	42328	27708	26379	
2381	0	31780	42140	27436	26348	
2382	0	32408	41272	27073	26230	
2383	0	34282	40624	26792	26165	
2384	0	36312	40858	26436	26144	
2385	0	35888	39028	26152	26048	
2386	0	36436	39532	25832	25988	
2387	0	34936	38500	25439	25925	
2388	0	33608	36324	25204	25892	
2389	0	32313	36560	24841	25845	
2390	0	33266	36496	24556	25818	
2391	0	33556	35402	24253	25808	
2392	0	35144	35744	23890	25784	
2393	0	34017	36188	23592	25703	
2394	0	34272	36329	23300	25670	
2395	0	34340	33821	23058	25672	
2396	0	35133	35320	22764	25552	
2397	0	34184	35552	22450	25545	
2398	0	33728	35508	22184	25536	
2399	0	34228	35332	21832	25438	
2400	0	34368	35148	21596	25373	
2401	0	35088	35380	21291	25377	
2402	0	35876	35308	20957	25248	
2403	0	36356	35340	20718	25174	
2404	0	36609	35514	20465	25130	
2405	0	37021	35745	20128	25102	
2406	0	36786	35616	19910	25056	
2407	0	36420	35672	19678	24970	
2408	0	36388	35897	19344	24942	
2409	0	36214	36036	19142	24840	
2410	0	36124	36316	18880	24808	
2411	0	36508	36532	18664	24796	
2412	0	36920	36884	18444	24704	
2413	0	37541	36896	18164	24650	
2414	0	37952	37176	17952	24680	
2415	0	38240	37372	17744	24618	
2416	0	38284	37612	17536	24616	
2417	0	38680	38100	17357	24564	
2418	0	39160	38456	17184	24579	
2419	0	39524	39024	17020	24530	
2420	0	39808	39300	16836	24549	
2421	0	39892	39472	16674	24498	
2422	0	40081	39504	16506	24500	
2423	0	40576	39720	16322	24477	
2424	0	41172	39544	16172	24508	
2425	0	40856	39608	16060	24528	
2426	0	40810	39528	15926	24494	
2427	0	40720	39440	15789	24485	
2428	0	40272	39492	15632	24446	
2429	0	40748	39560	15473	24423	
2430	0	41396	39268	15369	24412	
2431	0	41300	38300	15252	24548	
2432	0	40488	37660	15164	24568	
2433	0	39148	37025	15096	24570	
2434	0	37762	36996	15004	24624	
2435	0	35360	43856	14882	24604	
2436	0	32929	39580	14818	24648	
2437	0	31493	41218	14731	24664	
2438	0	26224	41564	14666	24626	
2439	0	33376	36337	14611	24668	
2440	0	31848	27924	14565	24762	
2441	0	46416	39040	14490	24792	
2442	0	28658	48388	14346	24834	
2443	0	35209	38360	14362	24898	
2444	0	33410	36096	14344	24865	
2445	0	34188	38832	14261	24901	
2446	0	33437	36436	14242	25026	
2447	0	33732	36994	14281	25060	
2448	0	33336	37508	14289	25130	
2449	0	33744	37372	14288	25146	
2450	0	33364	37568	14292	25232	
2451	0	33348	37516	14222	25324	
2452	0	33440	37832	14360	25398	
2453	0	33584	37504	14403	25464	
2454	0	33601	37500	14458	25512	
2455	0	33896	37640	14528	25668	
2456	0	34028	37448	14545	25744	
2457	0	33976	37744	14704	25858	
2458	0	33858	37548	14803	25936	
2459	0	33546	37788	14895	26008	
2460	0	33724	37844	15022	26168	
2461	0	33746	37952	15186	26260	
2462	0	33929	37918	15326	26352	
2463	0	34008	37724	15418	26305	
2464	0	34336	37488	15636	26525	
2465	0	34028	37338	15749	26596	
2466	0	34356	37112	15914	26652	
2467	0	34360	37344	16076	26749	
2468	0	34384	37037	16277	26832	
2469	0	34800	36584	16420	26856	
2470	0	33616	37306	16636	26892	
2471	0	33844	37141	16770	26963	
2472	0	34080	37096	16944	27048	
2473	0	34441	37140	17154	27088	
2474	0	34292	37108	17301	27116	
2475	0	34334	37116	17437	27152	
2476	0	34344	36849	17622	27173	
2477	0	34380	37156	17836	27216	
2478	0	34496	37572	17993	27236	
2479	0	34232	36936	18206	27234	
2480	0	34208	37218	18388	27288	
2481	0	34220	37040	18532	27308	
2482	0	34276	37312	18649	27260	
2483	0	34224	37448	18888	27372	
2484	0	34256	37604	18976	27402	
2485	0	34216	37632	19186	27440	
2486	0	34150	37512	19328	27474	
2487	0	34080	37568	19530	27514	
2488	0	34140	37312	19677	27552	
2489	0	34188	37472	19874	27600	
2490	0	34032	37316	20000	27612	
2491	0	34131	37298	20168	27678	
2492	0	34224	37604	20368	27770	
2493	0	34281	37480	20515	27821	
2494	0	34140	37364	20662	27880	
2495	0	34012	37820	20816	28005	
2496	0	34148	38066	21021	28064	
2497	0	33988	38340	21209	28192	
2498	0	34344	38464	21392	28274	
2499	0	34498	38457	21546	28389	
2500	0	33712	38632	21688	28504	
2501	0	33986	38872	21864	28670	
2502	0	34457	39096	22040	28765	
2503	0	34348	39460	22180	28940	
2504	0	34920	40168	22409	29092	
2505	0	34233	40430	22545	29218	
2506	0	34002	40604	22760	29414	
2507	0	33666	41008	22893	29541	
2508	0	33744	40888	23144	29752	
2509	0	32892	40880	23316	29909	
2510	0	32916	40664	23492	30104	
2511	0	32944	40776	23680	30349	
2512	0	32676	40404	23874	30610	
2513	0	33489	40424	24056	30772	
2514	0	34228	40530	24276	31000	
2515	0	36509	40520	24557	31248	
2516	0	37128	40624	24762	31492	
2517	0	37170	40652	25008	31748	
2518	0	36960	39088	25220	32032	
2519	0	37300	37992	25493	32305	
2520	0	39200	38192	25750	32643	
2521	0	38700	37512	25981	32900	
2522	0	39260	36408	26252	33196	
2523	0	39672	39324	26508	33509	
2524	0	38200	40148	26824	33820	
2525	0	36428	38780	27064	34116	
2526	0	36264	37388	27412	34508	
2527	0	35660	37200	27721	34776	
2528	0	35132	36574	28000	35072	
2529	0	35093	36428	28336	35453	
2530	0	34728	35932	28648	35686	
2531	0	34400	35338	28962	36032	
2532	0	33864	34884	29281	36280	
2533	0	33348	34692	29600	36624	
2534	0	32945	34500	29924	36817	
2535	0	32610	33992	30241	37128	
2536	0	32402	33796	30606	37368	
2537	0	32672	34261	30889	37572	
2538	0	32448	33592	31242	37792	
2539	0	32664	33833	31544	38120	
2540	0	32618	33816	31912	38336	
2541	0	32692	33622	32209	38516	
2542	0	32770	33562	32546	38692	
2543	0	33068	33600	32865	38908	
2544	0	32808	33144	33172	38960	
2545	0	33112	33424	33537	39088	
2546	0	33368	33196	33816	39328	
2547	0	33532	33230	34180	39464	
2548	0	33860	33336	34520	39542	
2549	0	34020	33354	34812	39776	
2550	0	34160	33584	35032	39813	
2551	0	34685	33791	35314	39924	
2552	0	34432	33560	35629	39944	
2553	0	34524	33896	35996	40140	
2554	0	34312	34156	36204	40188	
2555	0	34200	34208	36576	40288	
2556	0	34132	34328	36768	40364	
2557	0	33792	34480	37048	40333	
2558	0	33508	34580	37370	40492	
2559	0	33488	34696	37653	40492	
2560	0	33897	34760	37908	40672	
2561	0	34392	34772	38308	40740	
2562	0	34788	35092	38484	40624	
2563	0	34813	35324	38803	40836	
2564	0	35016	35394	39180	40808	
2565	0	35104	35448	39447	40872	
2566	0	35024	35320	39744	40892	
2567	0	50081	34800	40036	40914	
2568	0	56188	47460	40240	41096	
2569	0	21874	45384	40484	41036	
2570	0	23401	30136	40784	41104	
2571	0	24198	41808	41165	41300	
2572	0	37686	40080	41400	41220	
2573	0	37345	36976	41708	41344	
2574	0	36464	34040	42160	41364	
2575	0	37516	34304	42492	41538	
2576	0	34704	34816	42688	41536	
2577	0	33748	37340	43074	41748	
2578	0	34245	38040	43332	41820	
2579	0	36636	36948	43696	41920	
2580	0	35898	36668	44040	41930	
2581	0	34716	36333	44448	42036	
2582	0	35024	36628	44812	42144	
2583	0	35220	36832	45122	42308	
2584	0	35432	36897	45512	42372	
2585	0	35169	36613	45880	42545	
2586	0	35464	36844	46208	42680	
2587	0	35348	36956	46632	42816	
2588	0	35636	36896	47058	42920	
2589	0	35296	36720	47457	43030	
2590	0	35392	36536	47812	43168	
2591	0	35250	36796	48276	43348	
2592	0	35384	36856	48617	43480	
2593	0	35338	37113	49048	43616	
2594	0	35272	36736	49420	43732	
2595	0	35264	36848	49872	43844	
2596	0	35020	37010	50268	43988	
2597	0	35200	37172	50688	44108	
2598	0	34992	36968	51056	44184	
2599	0	34861	37186	51456	44308	
2600	0	34920	37320	51880	44380	
2601	0	34728	36976	52250	44456	
2602	0	34986	36836	52692	44520	
2603	0	34665	36996	53072	44576	
2604	0	34504	36900	53464	44612	
2605	0	34717	37344	53824	44636	
2606	0	34585	37129	54212	44628	
2607	0	34528	37392	54548	44640	
2608	0	34329	37364	54902	44592	
2609	0	34288	37180	55164	44552	
2610	0	34346	37340	55536	44556	
2611	0	34376	37312	55796	44492	
2612	0	34337	37484	56064	44380	
2613	0	34340	37568	56352	44248	
2614	0	34254	37492	56608	44144	
2615	0	34256	37486	56876	44092	
2616	0	34277	37218	57100	43848	
2617	0	34196	37448	57304	43744	
2618	0	34168	37425	57560	43513	
2619	0	34304	37488	57680	43412	
2620	0	34428	37492	57836	43172	
2621	0	34304	37448	58048	43016	
2622	0	34336	37440	58144	42920	
2623	0	34188	37672	58264	42609	
2624	0	34102	37701	58328	42422	
2625	0	34204	37484	58392	42274	
2626	0	34284	37473	58434	41960	
2627	0	34384	37384	58538	41784	
2628	0	34452	37220	58520	41620	
2629	0	34300	37440	58544	41340	
2630	0	34356	37584	58624	41172	
2631	0	34341	37509	58604	40955	
2632	0	34264	37524	58604	40804	
2633	0	34164	37662	58544	40568	
2634	0	34304	37596	58528	40404	
2635	0	34344	37720	58568	40176	
2636	0	34473	37808	58496	40092	
2637	0	34568	38124	58424	39956	
2638	0	34626	37972	58328	39792	
2639	0	34144	38040	58312	39624	
2640	0	34164	38592	58278	39508	
2641	0	34108	38712	58168	39398	
2642	0	34976	39224	58096	39352	
2643	0	34444	39208	58016	39176	
2644	0	34380	39312	57996	39188	
2645	0	34036	39824	57912	39204	
2646	0	33568	40477	57808	39084	
2647	0	33004	41097	57728	39088	
2648	0	33206	41080	57616	39080	
2649	0	32901	40116	57568	39056	
2650	0	32768	40300	57492	38929	
2651	0	32676	39824	57400	39104	
2652	0	34064	39264	57192	39114	
2653	0	34642	39584	57164	39072	
2654	0	34257	40369	57136	38945	
2655	0	34424	40080	57024	39120	
2656	0	37930	40240	56888	39164	
2657	0	37984	39152	56884	39216	
2658	0	38120	38592	56656	39189	
2659	0	39032	39352	56632	39316	
2660	0	37894	41880	56548	39314	
2661	0	41828	33276	56476	39416	
2662	0	40380	38100	56432	39506	
2663	0	39128	38488	56304	39420	
2664	0	37793	39360	56224	39608	
2665	0	36404	39824	56120	39724	
2666	0	35620	39360	56064	39768	
2667	0	34404	39018	55956	39882	
2668	0	33945	38108	55872	39858	
2669	0	34300	38048	55776	39964	
2670	0	34080	37308	55744	40012	
2671	0	34188	36820	55560	40036	
2672	0	33540	36016	55428	39981	
2673	0	33256	35802	55344	40152	
2674	0	32581	35680	55232	40136	
2675	0	31910	35292	55136	40144	
2676	0	31952	35000	54944	40233	
2677	0	32192	35100	54828	40122	
2678	0	32072	34640	54692	40098	
2679	0	31841	34452	54472	40064	
2680	0	31858	34278	54248	39992	
2681	0	31680	34162	54176	39928	
2682	0	31656	34096	53920	39844	
2683	0	31765	33964	53664	39720	
2684	0	32243	34004	53548	39696	
2685	0	32176	34000	53292	39488	
2686	0	32203	33836	52992	39376	
2687	0	32260	33868	52816	39236	
2688	0	32476	33978	52568	39072	
2689	0	32532	33893	52208	38920	
2690	0	32773	34084	51924	38749	
2691	0	33062	34108	51684	38560	
2692	0	33202	34196	51392	38352	
2693	0	33556	34706	51072	38144	
2694	0	33540	34440	50781	37993	
2695	0	33712	34668	50472	37700	
2696	0	33756	34448	50177	37528	
2697	0	33684	34393	49816	37324	
2698	0	34042	34281	49532	37057	
2699	0	34464	34326	49128	36873	
2700	0	34736	34464	48884	36704	
2701	0	35072	34620	48456	36424	
2702	0	35316	34784	48202	36193	
2703	0	35256	34888	47824	35968	
2704	0	51084	39840	47524	35820	
2705	0	56220	29893	47136	35576	
2706	0	35642	41820	46828	35364	
2707	0	19625	27979	46440	35164	
2708	0	19248	39884	46116	34948	
2709	0	32689	42177	45796	34792	
2710	0	35184	40924	45457	34640	
2711	0	40584	37493	45148	34464	
2712	0	36204	35216	44888	34312	
2713	0	34997	33664	44512	34146	
2714	0	34356	35786	44216	33977	
2715	0	34348	36612	43936	33920	
2716	0	36460	36705	43660	33788	
2717	0	36845	37028	43336	33760	
2718	0	34425	36744	43133	33620	
2719	0	34785	36604	42864	33568	
2720	0	35544	36450	42584	33563	
2721	0	35900	37236	42184	33488	
2722	0	35444	37280	42052	33489	
2723	0	35184	36604	41648	33416	
2724	0	35481	36268	41416	33448	
2725	0	35320	36800	41256	33441	
2726	0	35592	36824	40836	33454	
2727	0	35396	36682	40560	33516	
2728	0	35428	36448	40308	33526	
2729	0	35544	36456	40056	33574	
2730	0	35304	36772	39916	33604	
2731	0	35660	36640	39600	33656	
2732	0	35284	36708	39244	33692	
2733	0	35329	36880	39036	33730	
2734	0	35476	36760	38798	33750	
2735	0	35236	36796	38500	33780	
2736	0	35272	36818	38120	33828	
2737	0	35240	36808	37832	33808	
2738	0	35258	36952	37520	33872	
2739	0	35136	36628	37280	33829	
2740	0	35128	36764	36929	33816	
2741	0	35200	36994	36617	33826	
2742	0	34920	36848	36352	33737	
2743	0	35148	36824	36064	33757	
2744	0	35072	36868	35680	33728	
2745	0	34992	36936	35329	33648	
2746	0	34772	37036	34992	33552	
2747	0	34728	37212	34652	33416	
2748	0	34792	37272	34296	33380	
2749	0	34770	36960	33993	33225	
2750	0	34720	37088	33650	33124	
2751	0	34740	37180	33253	32962	
2752	0	34808	37224	32880	32861	
2753	0	34704	37308	32520	32804	
2754	0	34720	37296	32136	32636	
2755	0	34649	37336	31762	32456	
2756	0	34610	37328	31368	32300	
2757	0	34656	37364	30980	32148	
2758	0	34672	37348	30568	31928	
2759	0	34600	37412	30160	31793	
2760	0	34512	37588	29721	31596	
2761	0	34592	37640	29317	31490	
2762	0	34632	37476	28856	31304	
2763	0	34528	37384	28428	31120	
2764	0	34704	37253	27998	30948	
2765	0	34784	37140	27516	30778	
2766	0	34681	37048	27084	30597	
2767	0	34996	36880	26600	30352	
2768	0	35018	37008	26106	30225	
2769	0	34492	37728	25632	30024	
2770	0	34574	37948	25160	29856	
2771	0	34680	37769	24704	29696	
2772	0	34706	37449	24209	29576	
2773	0	34856	37516	23700	29494	
2774	0	34756	37624	23173	29268	
2775	0	34922	37704	22688	29160	
2776	0	34964	36968	22283	29064	
2777	0	34576	37232	21776	28957	
2778	0	34804	38121	21332	28882	
2779	0	35048	38480	20844	28806	
2780	0	34952	38732	20404	28722	
2781	0	35252	38520	19937	28685	
2782	0	34700	38784	19492	28672	
2783	0	34864	39512	19124	28632	
2784	0	35468	40209	18738	28588	
2785	0	35044	40276	18336	28548	
2786	0	34520	40048	17954	28564	
2787	0	33632	40972	17598	28582	
2788	0	32866	40968	17198	28632	
2789	0	33996	40352	16904	28600	
2790	0	33986	39912	16552	28754	
2791	0	33836	39876	16271	28808	
2792	0	34404	39972	16002	28842	
2793	0	34404	39909	15672	28932	
2794	0	34786	39252	15432	29061	
2795	0	35304	39192	15105	29146	
2796	0	37908	39768	14916	29328	
2797	0	38832	38568	14632	29230	
2798	0	37048	38368	14462	29564	
2799	0	37232	40596	14201	29702	
2800	0	39356	35485	14010	29889	
2801	0	39690	38660	13829	30012	
2802	0	37388	41288	13642	30166	
2803	0	37268	40413	13521	30308	
2804	0	35478	38960	13356	30484	
2805	0	35844	38540	13209	30629	
2806	0	35776	37712	13028	30746	
2807	0	36364	37696	12923	30909	
2808	0	35728	36844	12789	31016	
2809	0	35232	36164	12678	31132	
2810	0	34920	36144	12557	31244	
2811	0	34416	36153	12446	31316	
2812	0	33896	35461	12290	31352	
2813	0	33410	35392	12210	31429	
2814	0	32789	35337	12111	31464	
2815	0	32564	34752	11980	31452	
2816	0	32200	34768	11932	31392	
2817	0	32236	34312	11796	31402	
2818	0	32364	34306	11678	31345	
2819	0	32260	34032	11613	31276	
2820	0	32352	33618	11547	31189	
2821	0	32312	34336	11450	31056	
2822	0	32272	33568	11346	30876	
2823	0	32296	33728	11282	30712	
2824	0	32268	33764	11188	30482	
2825	0	32208	33956	11024	30258	
2826	0	32088	33980	10963	30096	
2827	0	32464	33908	10872	29661	
2828	0	32637	34016	10786	29632	
2829	0	33076	33765	10680	29356	
2830	0	33081	33968	10497	29072	
2831	0	33436	33884	10450	28592	
2832	0	33620	34198	10337	28493	
2833	0	33950	34468	10212	27968	
2834	0	33928	34368	10153	27896	
2835	0	34016	34388	10069	27598	
2836	0	34144	34312	9962	27296	
2837	0	34444	34296	9868	27008	
2838	0	34704	34237	9790	26657	
2839	0	35016	34230	9694	26320	
2840	0	35144	34250	9622	26016	
2841	0	35356	34272	9544	25714	
2842	0	35638	34104	9447	25380	
2843	0	35536	34050	9322	25017	
2844	0	35352	33508	9251	24753	
2845	0	54656	36132	9224	24194	
2846	0	56320	39913	9134	24148	
2847	0	20180	31318	9088	23664	
2848	0	17820	38280	9034	23587	
2849	0	25476	41944	8954	23306	
2850	0	43280	42209	8902	22996	
2851	0	39424	38769	8850	22761	
2852	0	36052	35149	8922	22562	
2853	0	35644	34004	8913	22330	
2854	0	34772	35768	8785	22112	
2855	0	34114	35360	8841	21922	
2856	0	35808	36433	8813	21722	
2857	0	36192	37428	8891	21478	
2858	0	35172	37016	8925	21378	
2859	0	35264	36612	9024	21248	
2860	0	35368	36508	9041	21112	
2861	0	35842	36932	9110	20952	
2862	0	35444	36960	9168	20920	
2863	0	35456	36424	9336	20837	
2864	0	35421	36288	9428	20766	
2865	0	35656	36369	9573	20707	
2866	0	35656	36240	9751	20632	
2867	0	35568	36692	9897	20560	
2868	0	35504	36876	10149	20614	
2869	0	35520	36740	10360	20522	
2870	0	35354	36681	10540	20569	
2871	0	35604	36501	10749	20598	
2872	0	35340	36384	11034	20770	
2873	0	35180	36721	11299	20852	
2874	0	35224	36852	11554	20904	
2875	0	35172	36656	11838	21025	
2876	0	35330	36836	12145	21016	
2877	0	35208	36889	12414	21196	
2878	0	35144	36852	12679	21309	
2879	0	35296	36792	13067	21330	
2880	0	35056	37040	13304	21530	
2881	0	35188	36784	13702	21656	
2882	0	34752	36961	13964	21722	
2883	0	35002	37024	14280	21856	
2884	0	34802	36976	14637	22035	
2885	0	34845	36976	14940	22266	
2886	0	34744	37069	15265	22400	
2887	0	34861	37209	15589	22520	
2888	0	34632	37108	15878	22700	
2889	0	34788	37217	16120	22876	
2890	0	34628	37188	16470	23014	
2891	0	34592	37352	16761	23148	
2892	0	34616	37534	17045	23364	
2893	0	34626	37312	17324	23560	
2894	0	34568	37264	17594	23756	
2895	0	34656	37292	17800	23940	
2896	0	34576	37304	18120	24128	
2897	0	34638	37444	18312	24302	
2898	0	34572	37440	18573	24513	
2899	0	34528	37316	18802	24653	
2900	0	34544	37368	19086	24816	
2901	0	34540	37296	19266	25084	
2902	0	34589	37152	19534	25300	
2903	0	34600	37014	19676	25531	
2904	0	34596	37232	19971	25696	
2905	0	34736	37268	20162	25856	
2906	0	34680	37524	20310	26112	
2907	0	34617	37617	20576	26328	
2908	0	34636	37496	20716	26622	
2909	0	34545	37372	20884	26805	
2910	0	34688	37240	21097	27072	
2911	0	34580	37401	21313	27260	
2912	0	34648	37326	21465	27492	
2913	0	34585	37403	21666	27800	
2914	0	34624	37496	21874	28088	
2915	0	34744	37668	22093	28352	
2916	0	34708	37810	22276	28600	
2917	0	34676	38092	22482	28900	
2918	0	34665	37860	22682	29216	
2919	0	34184	38248	22832	29520	
2920	0	34592	38484	23028	29810	
2921	0	35228	38632	23250	30120	
2922	0	35200	38852	23456	30472	
2923	0	35008	39008	23664	30844	
2924	0	35073	39284	23906	31145	
2925	0	34644	39476	24128	31504	
2926	0	34358	39825	24328	31853	
2927	0	34053	40016	24588	32208	
2928	0	33536	39988	24828	32596	
2929	0	32734	40160	25108	32976	
2930	0	33828	39992	25304	33336	
2931	0	34030	39216	25602	33714	
2932	0	34340	38740	25836	34142	
2933	0	34352	39232	26090	34572	
2934	0	34729	38892	26396	34985	
2935	0	35282	38944	26656	35464	
2936	0	37040	39520	26894	35812	
2937	0	37596	38552	27192	36260	
2938	0	37840	38940	27485	36816	
2939	0	37288	37776	27757	37224	
2940	0	38208	39129	28040	37772	
2941	0	38542	37384	28340	38232	
2942	0	39332	37000	28602	38704	
2943	0	37258	40192	28912	39264	
2944	0	37347	39728	29244	39760	
2945	0	36536	40000	29540	40244	
2946	0	35899	39533	29840	40732	
2947	0	35704	39114	30144	41364	
2948	0	35560	38448	30420	41876	
2949	0	35760	38514	30748	42344	
2950	0	35420	38020	31056	42841	
2951	0	35202	38082	31363	43360	
2952	0	34301	37208	31664	43820	
2953	0	33840	37320	31944	44276	
2954	0	33688	37028	32252	44728	
2955	0	32914	36824	32546	45168	
2956	0	32800	36336	32828	45554	
2957	0	32761	36024	33118	45978	
2958	0	32440	35716	33408	46348	
2959	0	32440	35196	33716	46693	
2960	0	32476	35508	34021	46968	
2961	0	32416	34816	34232	47232	
2962	0	32417	34896	34589	47472	
2963	0	32361	34488	34828	47736	
2964	0	32240	34292	35048	47932	
2965	0	32589	34336	35304	48076	
2966	0	32604	34077	35640	48236	
2967	0	32800	34113	35808	48304	
2968	0	32820	33816	36100	48372	
2969	0	33176	33586	36304	48408	
2970	0	33360	33526	36572	48444	
2971	0	33160	33340	36778	48376	
2972	0	33305	33436	37012	48288	
2973	0	33208	33376	37234	48276	
2974	0	33296	33504	37465	48164	
2975	0	33496	33658	37688	48049	
2976	0	33517	33792	37904	47904	
2977	0	33696	33760	38128	47720	
2978	0	33816	33748	38352	47540	
2979	0	34064	33880	38568	47332	
2980	0	34546	34000	38816	47124	
2981	0	34906	34060	39080	46856	
2982	0	35473	33989	39181	46656	
2983	0	35973	33864	39432	46353	
2984	0	36424	33796	39520	46113	
2985	0	36246	33696	39712	45808	
2986	0	36313	33197	39904	45576	
2987	0	53652	34060	40080	45272	
2988	0	56276	30696	40256	44978	
2989	0	13229	36845	40488	44704	
2990	0	19020	44360	40620	44424	
2991	0	18404	46032	40777	44189	
2992	0	36678	46920	40976	43884	
2993	0	38778	39512	41152	43656	
2994	0	38480	32580	41352	43332	
2995	0	37714	31716	41477	43120	
2996	0	33604	35036	41620	42832	
2997	0	33457	35812	41828	42657	
2998	0	36520	36844	42024	42368	
2999	0	35932	37620	42096	42264	
3000	0	34600	36682	42356	41932	
3001	0	34780	36565	42428	41776	
3002	0	35680	37113	42560	41536	
3003	0	35374	37096	42768	41448	
3004	0	35100	37049	42956	41156	
3005	0	35082	37060	43013	41096	
3006	0	35196	36728	43124	40804	
3007	0	35437	36828	43240	40632	
3008	0	35435	36568	43381	40456	
3009	0	35321	36572	43588	40368	
3010	0	35204	36840	43600	40164	
3011	0	35312	36936	43708	39997	
3012	0	34972	36776	43824	39817	
3013	0	35264	36832	43954	39612	
3014	0	35072	36938	44040	39417	
3015	0	35062	36960	44096	39184	
3016	0	34880	36804	44112	38996	
3017	0	34949	37040	44200	38780	
3018	0	34817	37120	44210	38576	
3019	0	34704	37181	44236	38345	
3020	0	34896	37068	44332	38080	
3021	0	34689	37237	44332	37849	
3022	0	34650	37152	44248	37572	
3023	0	34620	37130	44236	37314	
3024	0	34520	37160	44201	37048	
3025	0	34497	37240	44148	36756	
3026	0	34625	37396	44172	36464	
3027	0	34453	36868	44028	36136	
3028	0	34414	37392	43928	35844	
3029	0	34400	37324	43824	35560	
3030	0	34396	37436	43728	35232	
3031	0	34342	37564	43660	34846	
3032	0	34252	37411	43396	34532	
3033	0	34292	37528	43266	34196	
3034	0	34312	37524	43150	33881	
3035	0	34336	37512	42844	33528	
3036	0	34220	37548	42645	33153	
3037	0	34301	37392	42464	32844	
3038	0	34340	37272	42184	32528	
3039	0	34456	37328	42052	32101	
3040	0	34321	37553	41712	31812	
3041	0	34161	37880	41388	31448	
3042	0	34280	37916	41256	31028	
3043	0	34256	37592	40944	30733	
3044	0	34288	37428	40538	30388	
3045	0	34504	37352	40232	30036	
3046	0	34436	37152	39940	29669	
3047	0	34416	37136	39712	29312	
3048	0	34256	37440	39284	28992	
3049	0	34540	37290	39064	28721	
3050	0	34469	37414	38648	28372	
3051	0	34492	37352	38346	28096	
3052	0	34368	37380	38052	27810	
3053	0	34336	37444	37656	27558	
3054	0	34485	37412	37388	27244	
3055	0	34485	37337	37080	27033	
3056	0	34586	37320	36656	26792	
3057	0	34668	37448	36384	26580	
3058	0	34736	37505	36004	26344	
3059	0	34604	37909	35718	26162	
3060	0	34520	38064	35408	26012	
3061	0	34578	37708	35056	25824	
3062	0	34369	37980	34728	25680	
3063	0	34546	38616	34416	25578	
3064	0	34996	38980	34108	25446	
3065	0	34808	39001	33824	25346	
3066	0	34936	39220	33524	25284	
3067	0	34240	39504	33214	25192	
3068	0	34304	40068	32928	25118	
3069	0	34184	39872	32637	25062	
3070	0	33628	40656	32354	24996	
3071	0	33732	40370	32084	24964	
3072	0	31905	40612	31832	24944	
3073	0	33532	40216	31568	24893	
3074	0	33280	40378	31320	24896	
3075	0	34053	39616	31072	24900	
3076	0	34328	40144	30841	24888	
3077	0	35328	39936	30632	24908	
3078	0	35772	39814	30412	24930	
3079	0	36389	38924	30192	24956	
3080	0	36740	38828	30008	24993	
3081	0	37564	39292	29826	25034	
3082	0	37208	38592	29624	25088	
3083	0	36333	41192	29452	25138	
3084	0	40536	34146	29312	25196	
3085	0	39896	37284	29177	25264	
3086	0	38048	38900	29036	25316	
3087	0	37825	39128	28844	25388	
3088	0	36716	39426	28772	25456	
3089	0	35656	38992	28641	25524	
3090	0	34956	38921	28533	25561	
3091	0	34893	38352	28408	25616	
3092	0	35201	38444	28365	25658	
3093	0	35360	37452	28232	25696	
3094	0	35193	36865	28177	25729	
3095	0	35180	36984	28092	25768	
3096	0	34300	36640	28029	25740	
3097	0	33832	36448	27956	25747	
3098	0	32988	36328	27836	25764	
3099	0	32624	36100	27804	25706	
3100	0	32220	35776	27714	25661	
3101	0	32004	35710	27640	25612	
3102	0	31870	35568	27544	25531	
3103	0	31969	35228	27481	25466	
3104	0	31492	34662	27422	25372	
3105	0	31720	34888	27338	25292	
3106	0	31442	34444	27246	25145	
3107	0	31697	34452	27148	25010	
3108	0	31622	34184	27069	24876	
3109	0	31572	33980	26960	24713	
3110	0	31884	34144	26844	24544	
3111	0	32144	34269	26740	24390	
3112	0	32356	34004	26628	24184	
3113	0	32532	34172	26508	24000	
3114	0	32888	34474	26381	23772	
3115	0	32960	34706	26240	23556	
3116	0	33068	34768	26088	23328	
3117	0	33280	35146	25946	23107	
3118	0	33528	35486	25786	22874	
3119	0	33948	35808	25626	22642	
3120	0	34248	36024	25453	22426	
3121	0	34521	36264	25266	22176	
3122	0	34949	36244	25082	21940	
3123	0	35736	36018	24904	21701	
3124	0	36364	35670	24702	21484	
3125	0	36840	35258	24532	21256	
3126	0	37540	34768	24418	21051	
3127	0	37844	34242	24235	20828	
3128	0	38120	33597	24012	20624	
3129	0	38356	32944	23891	20440	
3130	0	38553	32044	23717	20252	
3131	0	38053	35800	23524	20069	
3132	0	54521	38084	23304	19900	
3133	0	56296	46356	23137	19749	
3134	0	24860	45042	22940	19604	
3135	0	9775	37290	22901	19477	
3136	0	19772	43442	22720	19339	
3137	0	45700	35506	22536	19236	
3138	0	33148	36090	22452	19141	
3139	0	39392	35072	22318	19060	
3140	0	32261	35584	22243	18980	
3141	0	35532	36322	22113	18912	
3142	0	36248	37388	22052	18878	
3143	0	35972	37156	21902	18846	
3144	0	34432	36784	21892	18824	
3145	0	35880	36288	21766	18817	
3146	0	35324	36564	21792	18830	
3147	0	35197	37120	21749	18860	
3148	0	35212	36832	21694	18899	
3149	0	35556	36736	21696	18964	
3150	0	35675	36714	21724	19020	
3151	0	35428	36872	21712	19124	
3152	0	35220	36912	21737	19212	
3153	0	35392	36544	21848	19328	
3154	0	35424	36680	21921	19457	
3155	0	35500	36816	21998	19613	
3156	0	35160	36608	22013	19778	
3157	0	35488	36964	22152	19942	
3158	0	35353	36852	22304	20124	
3159	0	35225	36684	22433	20297	
3160	0	35244	36672	22556	20512	
3161	0	35216	36916	22757	20704	
3162	0	35177	36852	22972	20909	
3163	0	35182	36969	23114	21136	
3164	0	35044	36961	23298	21381	
3165	0	35072	36996	23470	21592	
3166	0	34912	37084	23749	21849	
3167	0	34920	37036	23890	22086	
3168	0	34992	36888	24129	22322	
3169	0	34772	36780	24314	22576	
3170	0	34816	36936	24621	22808	
3171	0	34876	36924	24814	23052	
3172	0	34793	36952	25064	23308	
3173	0	34640	36984	25310	23557	
3174	0	34736	37093	25508	23830	
3175	0	34680	37072	25684	24080	
3176	0	34760	37100	25934	24289	
3177	0	34768	37236	26208	24584	
3178	0	34657	37420	26420	24818	
3179	0	34716	37216	26628	25074	
3180	0	34708	37332	26870	25313	
3181	0	34604	37120	27085	25524	
3182	0	34625	37376	27297	25752	
3183	0	34720	37424	27452	25984	
3184	0	34848	37444	27726	26248	
3185	0	34785	37405	27920	26439	
3186	0	34736	37496	28112	26706	
3187	0	34744	37493	28321	26889	
3188	0	34684	37534	28516	27097	
3189	0	34672	37493	28702	27312	
3190	0	34684	37380	28896	27556	
3191	0	34792	37388	29097	27732	
3192	0	34720	37425	29267	27956	
3193	0	34764	37324	29484	28137	
3194	0	34844	37280	29680	28364	
3195	0	34848	37232	29869	28584	
3196	0	34852	37128	30052	28772	
3197	0	34892	37200	30257	28935	
3198	0	34784	37204	30440	29132	
3199	0	34848	37140	30644	29334	
3200	0	34900	37236	30840	29564	
3201	0	34944	37304	31041	29761	
3202	0	34872	37244	31244	29980	
3203	0	34740	37209	31461	30169	
3204	0	34773	37312	31648	30452	
3205	0	34948	37308	31858	30648	
3206	0	35096	37360	32052	30875	
3207	0	35032	37440	32260	31076	
3208	0	35032	37072	32502	31260	
3209	0	35104	37476	32690	31480	
3210	0	34925	37520	32896	31728	
3211	0	34888	37556	33126	31956	
3212	0	34852	37664	33312	32232	
3213	0	34717	37657	33536	32440	
3214	0	34956	37692	33728	32628	
3215	0	34800	38440	33928	32880	
3216	0	34764	38634	34152	33073	
3217	0	34556	38276	34308	33312	
3218	0	34837	38584	34568	33553	
3219	0	35908	39732	34721	33816	
3220	0	35068	40860	34928	34021	
3221	0	36552	39570	35092	34205	
3222	0	35645	40812	35284	34440	
3223	0	35746	40832	35484	34748	
3224	0	35496	40648	35692	34885	
3225	0	34640	40801	35828	35181	
3226	0	34738	41336	36024	35420	
3227	0	34578	41378	36226	35608	
3228	0	34210	40760	36384	35869	
3229	0	33754	40300	36580	36080	
3230	0	34600	39957	36708	36396	
3231	0	34560	39093	36924	36548	
3232	0	35984	38468	37045	36912	
3233	0	37096	38040	37312	37052	
3234	0	35924	38136	37416	37308	
3235	0	34333	37236	37572	37700	
3236	0	33888	36349	37854	37848	
3237	0	32742	35392	38000	38164	
3238	0	33788	36396	38089	38496	
3239	0	33828	34560	38312	38648	
3240	0	33440	35968	38452	38888	
3241	0	35164	33764	38621	39128	
3242	0	33772	35441	38876	39536	
3243	0	33416	36505	39065	39724	
3244	0	33538	36100	39124	39878	
3245	0	33945	35817	39378	40240	
3246	0	34284	35412	39476	40405	
3247	0	34728	35036	39732	40568	
3248	0	34798	34844	39748	40772	
3249	0	34882	34585	40036	41016	
3250	0	35248	34584	40056	41249	
3251	0	35338	34528	40196	41376	
3252	0	35492	34756	40364	41432	
3253	0	35713	34918	40564	41728	
3254	0	35874	35088	40576	41722	
3255	0	35988	35488	40728	41857	
3256	0	36217	35616	40856	42138	
3257	0	36440	35986	40964	42240	
3258	0	36584	35960	41188	42228	
3259	0	37000	36236	41228	42312	
3260	0	37152	36472	41504	42436	
3261	0	37288	36868	41501	42561	
3262	0	37328	37161	41664	42642	
3263	0	37832	37424	41745	42641	
3264	0	37841	37788	41952	42800	
3265	0	38104	37968	42060	42762	
3266	0	38452	38328	42141	42848	
3267	0	38776	38748	42384	42976	
3268	0	38988	39050	42468	42965	
3269	0	39404	39428	42532	42988	
3270	0	39736	39712	42653	42949	
3271	0	40296	39964	42784	42972	
3272	0	40784	40060	42972	42984	
3273	0	41032	39932	43040	43013	
3274	0	40808	39817	43228	43065	
3275	0	40460	39768	43252	43050	
3276	0	40129	39696	43360	43037	
3277	0	40584	39356	43480	43068	
3278	0	40696	39392	43564	43072	
3279	0	41268	37732	43664	42957	
3280	0	41872	37800	43745	42989	
3281	0	42096	36524	43832	43028	
3282	0	42048	37564	43916	42904	
3283	0	39457	39115	44044	42857	
3284	0	39108	39620	44096	42853	
3285	0	28749	44604	44082	42792	
3286	0	30496	39961	44200	42692	
3287	0	36720	25178	44250	42588	
3288	0	31544	44204	44291	42596	
3289	0	41496	39409	44304	42428	
3290	0	29594	40770	44360	42368	
3291	0	34324	37904	44362	42336	
3292	0	33576	36916	44396	42306	
3293	0	33508	38176	44448	42116	
3294	0	33945	37356	44496	42018	
3295	0	34056	37080	44432	42040	
3296	0	34272	37168	44516	41836	
3297	0	34061	37116	44472	41816	
3298	0	33660	37540	44444	41720	
3299	0	33427	37288	44456	41552	
3300	0	33300	37582	44436	41472	
3301	0	33122	37480	44452	41360	
3302	0	33240	37288	44520	41330	
3303	0	33842	37472	44480	41244	
3304	0	34044	37826	44444	41120	
3305	0	34488	37500	44473	40993	
3306	0	34308	37654	44440	40932	
3307	0	34108	37588	44476	40853	
3308	0	34056	37568	44456	40700	
3309	0	34016	37686	44432	40578	
3310	0	34000	37768	44432	40521	
3311	0	34028	37832	44408	40364	
3312	0	34160	37760	44386	40188	
3313	0	34420	37612	44370	40064	
3314	0	34406	37576	44412	39916	
3315	0	34388	37597	44332	39740	
3316	0	34336	37456	44256	39564	
3317	0	34416	37440	44204	39384	
3318	0	34224	37472	44152	39176	
3319	0	34084	37348	44154	39018	
3320	0	34080	37281	44084	38784	
3321	0	34286	37400	43976	38552	
3322	0	34440	37380	43824	38368	
3323	0	34392	37280	43820	38136	
3324	0	34396	37035	43642	37920	
3325	0	34426	37128	43512	37656	
3326	0	34488	37081	43432	37441	
3327	0	34280	37088	43344	37204	
3328	0	34548	37241	43188	36956	
3329	0	34604	37080	42980	36701	
3330	0	34396	37348	42904	36466	
3331	0	34464	37520	42712	36232	
3332	0	34592	37416	42496	35988	
3333	0	34507	37440	42320	35757	
3334	0	34462	37320	42140	35484	
3335	0	34586	37212	42012	35240	
3336	0	34764	37314	41712	35001	
3337	0	34748	37192	41492	34747	
3338	0	34760	37524	41392	34500	
3339	0	34724	37528	41040	34256	
3340	0	34580	37492	40932	34016	
3341	0	34496	37600	40552	33788	
3342	0	34528	37724	40288	33520	
3343	0	34521	37676	40052	33288	
3344	0	34586	37728	39865	33048	
3345	0	34674	37696	39548	32812	
3346	0	34568	38016	39232	32562	
3347	0	34374	37956	38954	32320	
3348	0	34505	38244	38744	32104	
3349	0	34600	38594	38438	31872	
3350	0	34824	39260	38096	31637	
3351	0	35254	40020	37849	31425	
3352	0	35638	40824	37504	31200	
3353	0	35412	40920	37236	30976	
3354	0	35912	42464	36956	30772	
3355	0	35232	42100	36621	30556	
3356	0	34573	42845	36324	30356	
3357	0	34110	43492	36040	30156	
3358	0	32953	43360	35720	29964	
3359	0	32180	43400	35408	29773	
3360	0	32676	42012	35100	29584	
3361	0	34260	41102	34773	29408	
3362	0	36048	40592	34440	29232	
3363	0	35956	38881	34144	29056	
3364	0	37138	38729	33786	28896	
3365	0	34908	38804	33485	28744	
3366	0	33550	37200	33176	28600	
3367	0	33886	35512	32796	28484	
3368	0	34688	34790	32476	28338	
3369	0	35413	35386	32124	28216	
3370	0	35568	36356	31844	28097	
3371	0	37292	35250	31520	28007	
3372	0	36416	33178	31144	27868	
3373	0	36820	36280	30817	27768	
3374	0	36220	36384	30480	27672	
3375	0	35836	35184	30140	27586	
3376	0	36464	34841	29812	27472	
3377	0	36960	34334	29484	27386	
3378	0	36820	34413	29156	27296	
3379	0	36816	34144	28819	27219	
3380	0	36896	34058	28486	27184	
3381	0	36912	33888	28150	27046	
3382	0	36764	34380	27820	26980	
3383	0	36472	34316	27502	26917	
3384	0	36284	34392	27156	26840	
3385	0	36240	34552	26821	26828	
3386	0	36186	34656	26521	26768	
3387	0	36256	34504	26201	26697	
3388	0	36368	34358	25908	26594	
3389	0	36180	34277	25608	26562	
3390	0	36036	34156	25312	26528	
3391	0	35937	34124	25014	26496	
3392	0	36020	34188	24678	26434	
3393	0	35896	34464	24412	26441	
3394	0	35882	34632	24141	26369	
3395	0	35896	34520	23866	26361	
3396	0	36092	34464	23600	26300	
3397	0	36146	34272	23366	26255	
3398	0	36376	34092	23071	26241	
3399	0	36544	34474	22878	26208	
3400	0	36905	34569	22566	26164	
3401	0	36928	34436	22397	26141	
3402	0	37244	34181	22212	26120	
3403	0	37556	34232	21974	26106	
3404	0	37332	34284	21725	26072	
3405	0	37284	34248	21600	26020	
3406	0	37288	34176	21384	26018	
3407	0	37294	34072	21200	25980	
3408	0	36956	33928	20974	25934	
3409	0	36440	33693	20900	25880	
3410	0	37488	34872	20618	25848	
3411	0	54792	37280	20506	25840	
3412	0	56340	50796	20436	25812	
3413	0	12711	35242	20320	25824	
3414	0	22876	39464	20164	25728	
3415	0	31952	41932	20040	25774	
3416	0	37672	38544	19922	25752	
3417	0	40945	35102	19849	25758	
3418	0	33976	32914	19746	25712	
3419	0	35204	33784	19716	25666	
3420	0	33457	37132	19640	25704	
3421	0	34768	37360	19586	25692	
3422	0	36216	36952	19506	25696	
3423	0	35165	36552	19494	25706	
3424	0	34432	36485	19412	25722	
3425	0	35402	36832	19489	25678	
3426	0	35328	36968	19428	25765	
3427	0	35356	36848	19492	25776	
3428	0	35060	36568	19504	25821	
3429	0	35724	36520	19584	25878	
3430	0	35456	36673	19697	26021	
3431	0	35456	36792	19809	26024	
3432	0	35320	36581	19933	26112	
3433	0	35452	36464	20065	26240	
3434	0	35344	36762	20261	26366	
3435	0	35328	36672	20367	26440	
3436	0	35092	36946	20564	26542	
3437	0	35000	36992	20850	26748	
3438	0	35216	36970	21074	26896	
3439	0	35216	36704	21332	27105	
3440	0	35001	37081	21545	27166	
3441	0	35032	36897	21853	27417	
3442	0	34922	36868	22081	27584	
3443	0	34916	36688	22412	27778	
3444	0	35080	36672	22683	27976	
3445	0	35048	36744	22932	28212	
3446	0	34884	36888	23320	28424	
3447	0	34912	37156	23538	28642	
3448	0	34761	37034	23883	28840	
3449	0	34722	37131	24189	29052	
3450	0	34592	37085	24568	29337	
3451	0	34708	36869	24862	29564	
3452	0	34570	37176	25196	29776	
3453	0	34560	37360	25481	30017	
3454	0	34528	37401	25824	30274	
3455	0	34589	37365	26136	30488	
3456	0	34529	37222	26412	30712	
3457	0	34528	37288	26737	30944	
3458	0	34436	37408	26976	31220	
3459	0	34451	37416	27328	31414	
3460	0	34416	37368	27576	31704	
3461	0	34400	37466	27876	31816	
3462	0	34297	37404	28112	32032	
3463	0	34290	37296	28424	32269	
3464	0	34284	37264	28688	32420	
3465	0	34440	37322	28940	32706	
3466	0	34377	37220	29168	32804	
3467	0	34354	37314	29440	32986	
3468	0	34507	37240	29688	33228	
3469	0	34617	37476	29928	33340	
3470	0	34488	37456	30162	33546	
3471	0	34272	37592	30376	33676	
3472	0	34226	37488	30616	33824	
3473	0	34426	37500	30846	33984	
3474	0	34424	37352	31065	34256	
3475	0	34601	37584	31292	34325	
3476	0	34512	37376	31504	34520	
3477	0	34540	37364	31712	34645	
3478	0	34412	37536	31928	34913	
3479	0	34524	37612	32153	35053	
3480	0	34513	37465	32357	35124	
3481	0	34433	37732	32568	35369	
3482	0	34590	37833	32788	35608	
3483	0	34548	38144	33026	35789	
3484	0	34813	37720	33220	35848	
3485	0	34328	37912	33472	36056	
3486	0	34324	38532	33652	36232	
3487	0	34748	38836	33890	36480	
3488	0	34981	39144	34096	36622	
3489	0	35092	38944	34316	36976	
3490	0	34804	39268	34552	37056	
3491	0	34444	39856	34772	37304	
3492	0	33520	40092	35001	37509	
3493	0	34132	41144	35236	37768	
3494	0	33741	40676	35448	37994	
3495	0	33458	40160	35692	38336	
3496	0	33237	39968	35908	38584	
3497	0	33908	39668	36176	38776	
3498	0	35344	39929	36392	39176	
3499	0	35128	40176	36608	39337	
3500	0	35588	40540	36904	39616	
3501	0	37080	39821	37128	39944	
3502	0	38640	38872	37368	40236	
3503	0	37962	38820	37616	40544	
3504	0	37880	39144	37956	41017	
3505	0	38540	42356	38177	41180	
3506	0	41116	33602	38416	41556	
3507	0	40296	36298	38676	41970	
3508	0	38488	39648	39000	42274	
3509	0	37984	39420	39184	42620	
3510	0	37042	40264	39496	42960	
3511	0	36188	38928	39816	43320	
3512	0	35330	38422	40000	43669	
3513	0	35321	37940	40284	44000	
3514	0	35466	37796	40672	44336	
3515	0	34984	36772	40836	44676	
3516	0	34740	36512	41168	44933	
3517	0	34235	35968	41356	45241	
3518	0	33777	35642	41644	45538	
3519	0	33304	35244	41876	45840	
3520	0	33052	34976	42148	46076	
3521	0	32817	34604	42496	46328	
3522	0	32468	34236	42652	46528	
3523	0	32937	34468	42996	46760	
3524	0	32564	33804	43212	46932	
3525	0	32636	34296	43434	47088	
3526	0	32460	33666	43596	47189	
3527	0	32698	33604	43860	47300	
3528	0	32716	33468	44084	47412	
3529	0	32714	33536	44244	47424	
3530	0	32544	33564	44444	47466	
3531	0	32449	33292	44620	47488	
3532	0	32274	33292	44736	47536	
3533	0	32316	33740	44984	47440	
3534	0	32304	33584	45088	47400	
3535	0	32420	33800	45232	47360	
3536	0	32674	33784	45352	47228	
3537	0	32816	34244	45468	47125	
3538	0	33006	33956	45584	46984	
3539	0	33200	34060	45753	46876	
3540	0	33421	34169	45808	46716	
3541	0	33824	34406	45945	46552	
3542	0	34084	34490	45968	46312	
3543	0	34280	34394	46024	46106	
3544	0	34468	34400	46098	45876	
3545	0	34612	34348	46140	45680	
3546	0	34708	34144	46244	45408	
3547	0	35036	34284	46222	45184	
3548	0	34728	34409	46244	44928	
3549	0	34660	34365	46328	44728	
3550	0	34664	34564	46352	44424	
3551	0	34546	34680	46312	44216	
3552	0	34348	34504	46340	43912	
3553	0	50700	39880	46328	43736	
3554	0	56248	31009	46233	43464	
3555	0	16912	48252	46184	43152	
3556	0	13568	39444	46188	42908	
3557	0	29825	45664	46140	42656	
3558	0	35720	42624	46109	42392	
3559	0	38189	34516	46048	42236	
3560	0	37776	31625	46044	41952	
3561	0	35632	33888	45989	41776	
3562	0	35160	34102	45916	41552	
3563	0	33400	36840	45776	41268	
3564	0	34409	37614	45704	41116	
3565	0	37016	37314	45632	40852	
3566	0	36032	36928	45536	40664	
3567	0	35041	36602	45460	40528	
3568	0	34798	36853	45432	40302	
3569	0	35768	36880	45296	40116	
3570	0	35816	36770	45160	39908	
3571	0	35156	36402	45136	39724	
3572	0	35581	36320	44984	39525	
3573	0	35165	36818	44909	39376	
3574	0	35556	36844	44752	39201	
3575	0	35585	36768	44704	39004	
3576	0	35624	36308	44528	38856	
3577	0	35688	36676	44428	38652	
3578	0	35424	36825	44384	38482	
3579	0	35369	36573	44256	38276	
3580	0	35349	36520	44080	38084	
3581	0	35244	36890	43960	37896	
3582	0	35452	36576	43872	37682	
3583	0	35210	36960	43728	37472	
3584	0	35261	36904	43674	37242	
3585	0	35182	36770	43456	37012	
3586	0	35320	37114	43316	36764	
3587	0	35209	36600	43249	36512	
3588	0	35176	36940	43064	36253	
3589	0	35098	37232	42920	35989	
3590	0	34984	36792	42732	35708	
3591	0	34992	36876	42572	35424	
3592	0	34788	36884	42524	35145	
3593	0	35000	36878	42348	34806	
3594	0	34764	36905	42208	34512	
3595	0	34732	37242	41984	34192	
3596	0	34702	37092	41692	33892	
3597	0	34701	37178	41492	33536	
3598	0	34668	37092	41332	33194	
3599	0	34585	37389	41196	32904	
3600	0	34608	37276	40876	32562	
3601	0	34552	37269	40796	32193	
3602	0	34624	37434	40416	31810	
3603	0	34452	37428	40308	31506	
3604	0	34396	37456	39936	31108	
3605	0	34497	37548	39780	30730	
3606	0	34604	37492	39400	30441	
3607	0	34424	37493	39128	30072	
3608	0	34468	37534	38828	29740	
3609	0	34321	37428	38560	29361	
3610	0	34624	37492	38264	29033	
3611	0	34692	37537	37924	28660	
3612	0	34714	37440	37593	28339	
3613	0	34704	37596	37360	28012	
3614	0	34660	37472	37032	27686	
3615	0	34512	37434	36610	27348	
3616	0	34648	37506	36253	27088	
3617	0	34680	37392	35900	26788	
3618	0	34698	37076	35601	26520	
3619	0	34826	36960	35262	26272	
3620	0	34540	37316	34913	25996	
3621	0	34700	37440	34544	25786	
3622	0	34833	37676	34192	25560	
3623	0	34888	38016	33828	25402	
3624	0	34832	38121	33432	25216	
3625	0	34344	37474	33120	25042	
3626	0	34157	38312	32756	24882	
3627	0	34816	39208	32412	24737	
3628	0	35222	39344	32081	24584	
3629	0	35300	39472	31744	24504	
3630	0	34720	39544	31418	24395	
3631	0	34252	39792	31082	24324	
3632	0	33044	40314	30769	24256	
3633	0	34169	41193	30412	24194	
3634	0	33632	40860	30168	24148	
3635	0	33040	39900	29844	24097	
3636	0	32916	39920	29580	24091	
3637	0	34045	39372	29272	24088	
3638	0	35568	40260	28948	24090	
3639	0	34954	39524	28764	24112	
3640	0	36768	40120	28452	24146	
3641	0	37408	38860	28197	24197	
3642	0	38120	38976	28016	24252	
3643	0	36960	38688	27798	24332	
3644	0	37516	39228	27516	24404	
3645	0	35772	43456	27346	24517	
3646	0	42072	32813	27199	24617	
3647	0	40436	37492	26960	24755	
3648	0	38940	38184	26816	24854	
3649	0	37652	38632	26641	24992	
3650	0	36105	39814	26420	25116	
3651	0	35666	39584	26269	25245	
3652	0	34618	38506	26144	25421	
3653	0	34358	38824	25912	25530	
3654	0	34084	38044	25792	25674	
3655	0	34126	37632	25608	25754	
3656	0	34164	36496	25544	25889	
3657	0	34232	36464	25348	26020	
3658	0	33981	36548	25258	26088	
3659	0	33388	36006	25050	26236	
3660	0	33184	35852	24940	26256	
3661	0	33096	35300	24773	26338	
3662	0	32638	35064	24672	26356	
3663	0	32596	34450	24536	26422	
3664	0	32684	34332	24376	26488	
3665	0	32186	33988	24220	26425	
3666	0	32296	34428	24012	26394	
3667	0	32144	34240	23880	26368	
3668	0	32088	33665	23744	26324	
3669	0	32352	33198	23610	26248	
3670	0	32565	33328	23413	26186	
3671	0	33085	33444	23266	26092	
3672	0	32612	33672	23100	25980	
3673	0	32745	33840	22928	25868	
3674	0	32328	33732	22762	25802	
3675	0	32508	34282	22536	25580	
3676	0	32706	33753	22420	25453	
3677	0	32888	33888	22213	25320	
3678	0	32964	34106	22044	25178	
3679	0	32894	33792	21900	24988	
3680	0	33326	34186	21648	24854	
3681	0	33868	33964	21530	24704	
3682	0	34216	33784	21371	24504	
3683	0	34528	33732	21160	24328	
3684	0	35028	33969	20996	24232	
3685	0	35140	33857	20836	23988	
3686	0	35376	33674	20677	23896	
3687	0	35376	33666	20485	23728	
3688	0	35249	33560	20332	23520	
3689	0	35232	33400	20166	23322	
3690	0	34504	33264	20008	23192	
3691	0	53625	36834	19844	23029	
3692	0	56288	32977	19724	22865	
3693	0	15504	36628	19565	22700	
3694	0	17196	38056	19418	22552	
3695	0	24032	42957	19295	22438	
3696	0	40196	46940	19276	22366	
3697	0	41040	40592	19067	22196	
3698	0	38713	34976	19025	22086	
3699	0	34273	32801	18997	21936	
3700	0	31937	34152	18849	21840	
3701	0	34296	34524	18850	21836	
3702	0	37108	35060	18768	21693	
3703	0	36788	37090	18766	21576	
3704	0	34754	37056	18681	21544	
3705	0	34473	36594	18729	21516	
3706	0	35210	36377	18712	21444	
3707	0	36208	36912	18754	21449	
3708	0	35412	36857	18808	21412	
3709	0	35309	36566	18844	21432	
3710	0	35181	36156	18882	21430	
3711	0	35648	36197	18996	21412	
3712	0	35548	36624	19109	21473	
3713	0	35512	36580	19188	21476	
3714	0	35520	36584	19303	21544	
3715	0	35593	36464	19485	21602	
3716	0	35464	36480	19648	21644	
3717	0	35480	36638	19832	21740	
3718	0	35581	36568	20046	21832	
3719	0	35532	36760	20260	21892	
3720	0	35269	36628	20416	22061	
3721	0	35377	36880	20690	22144	
3722	0	35270	36940	20851	22232	
3723	0	35130	36668	21124	22380	
3724	0	35344	36856	21412	22493	
3725	0	35076	36910	21605	22640	
3726	0	35108	36858	21883	22846	
3727	0	35116	37112	22228	23019	
3728	0	34976	36512	22468	23100	
3729	0	35168	36888	22748	23321	
3730	0	34976	37076	23012	23500	
3731	0	34716	36864	23326	23680	
3732	0	34964	37208	23616	23810	
3733	0	34696	37176	23820	24040	
3734	0	34838	37152	24150	24180	
3735	0	34788	37388	24449	24365	
3736	0	34524	37440	24704	24577	
3737	0	34692	37352	24972	24804	
3738	0	34672	37314	25244	24976	
3739	0	34833	37400	25504	25197	
3740	0	34592	37282	25737	25398	
3741	0	34565	37390	26044	25616	
3742	0	34556	37296	26249	25872	
3743	0	34616	37314	26516	26058	
3744	0	34632	37108	26756	26285	
3745	0	34516	37028	27069	26536	
3746	0	34516	37228	27256	26745	
3747	0	34644	37532	27528	26948	
3748	0	34573	37632	27812	27168	
3749	0	34640	37684	27964	27400	
3750	0	34572	37504	28216	27662	
3751	0	34672	37384	28452	27863	
3752	0	34652	37224	28696	28109	
3753	0	34908	36996	28936	28342	
3754	0	34738	37024	29153	28568	
3755	0	34672	37056	29376	28828	
3756	0	34552	37297	29601	29073	
3757	0	34721	37440	29842	29379	
3758	0	34624	37512	30058	29604	
3759	0	34632	37424	30312	29840	
3760	0	34686	37402	30546	30128	
3761	0	34608	37625	30784	30392	
3762	0	34922	37576	31020	30676	
3763	0	34860	37788	31257	30988	
3764	0	34937	37706	31520	31308	
3765	0	34412	38298	31760	31610	
3766	0	34432	38984	32008	31892	
3767	0	35284	39220	32276	32272	
3768	0	34820	39480	32540	32581	
3769	0	34777	39576	32800	32954	
3770	0	34648	39908	33068	33236	
3771	0	34424	40221	33344	33569	
3772	0	34400	40376	33608	33893	
3773	0	33736	40578	33884	34269	
3774	0	33228	40545	34168	34640	
3775	0	33012	40556	34450	35033	
3776	0	32448	39912	34732	35380	
3777	0	32776	41410	35028	35780	
3778	0	33796	39872	35338	36176	
3779	0	35589	39572	35616	36676	
3780	0	35924	40112	35892	37016	
3781	0	36372	38836	36220	37453	
3782	0	38480	39050	36489	37836	
3783	0	38364	38608	36794	38304	
3784	0	38432	38433	37096	38744	
3785	0	38688	39612	37410	39150	
3786	0	39056	36010	37716	39569	
3787	0	38960	38824	38020	40104	
3788	0	37456	39330	38322	40532	
3789	0	36592	39768	38616	40857	
3790	0	35848	39732	38912	41256	
3791	0	35442	38896	39224	41728	
3792	0	35566	37872	39508	42117	
3793	0	35784	38144	39856	42580	
3794	0	35660	37496	40076	42928	
3795	0	35136	36584	40352	43264	
3796	0	35592	36088	40648	43688	
3797	0	34936	36304	41000	44024	
3798	0	34436	35668	41180	44368	
3799	0	34178	35364	41432	44740	
3800	0	33832	35478	41720	45065	
3801	0	33544	35202	42026	45370	
3802	0	33188	34762	42192	45608	
3803	0	33201	34418	42428	45876	
3804	0	33092	34476	42760	46132	
3805	0	32976	34136	42884	46388	
3806	0	32645	34158	43094	46585	
3807	0	32650	34272	43304	46832	
3808	0	32389	33372	43592	46940	
3809	0	32660	33748	43716	47084	
3810	0	32636	33776	43964	47268	
3811	0	32668	33286	44056	47372	
3812	0	32580	33460	44244	47428	
3813	0	32592	33438	44444	47492	
3814	0	33024	33409	44592	47532	
3815	0	33284	33340	44689	47560	
3816	0	33593	33444	44804	47564	
3817	0	33672	33540	44948	47552	
3818	0	33728	33536	45120	47588	
3819	0	33928	33503	45172	47488	
3820	0	33896	33760	45340	47424	
3821	0	33648	33896	45444	47356	
3822	0	33672	33892	45504	47268	
3823	0	33634	33664	45609	47188	
3824	0	33520	33624	45696	47044	
3825	0	33516	33514	45712	46964	
3826	0	33561	33688	45785	46802	
3827	0	33658	33700	45904	46704	
3828	0	33729	33840	45917	46496	
3829	0	33488	34024	45964	46341	
3830	0	44209	37760	46024	46184	
3831	0	56040	33784	46100	46064	
3832	0	47460	51112	46130	45844	
3833	0	19844	30126	46156	45673	
3834	0	12152	38636	46160	45504	
3835	0	29872	43180	46240	45364	
3836	0	44640	45420	46272	45152	
3837	0	38344	40300	46240	45008	
3838	0	37096	37608	46272	44833	
3839	0	34296	36153	46304	44692	
3840	0	34494	34525	46300	44480	
3841	0	30362	33724	46380	44328	
3842	0	36964	32882	46329	44184	
3843	0	37888	35650	46304	44052	
3844	0	35364	36920	46384	43920	
3845	0	34596	37192	46384	43721	
3846	0	34660	36738	46384	43570	
3847	0	35833	36709	46304	43466	
3848	0	36268	36948	46324	43324	
3849	0	35436	36820	46292	43149	
3850	0	35284	36660	46280	43080	
3851	0	35492	36104	46209	42864	
3852	0	35632	36168	46201	42788	
3853	0	35532	36424	46146	42612	
3854	0	35452	36768	46120	42444	
3855	0	35556	36818	46116	42376	
3856	0	35489	36964	46040	42234	
3857	0	35568	36712	46036	42004	
3858	0	35440	36632	45900	41920	
3859	0	35466	36692	45840	41700	
3860	0	35360	36801	45744	41565	
3861	0	35160	36848	45676	41360	
3862	0	35576	37048	45578	41208	
3863	0	35154	36868	45504	41056	
3864	0	35440	36953	45352	40788	
3865	0	35289	36754	45297	40584	
3866	0	35317	36917	45089	40416	
3867	0	35246	36680	44932	40193	
3868	0	35145	36776	44820	39956	
3869	0	35060	36848	44664	39750	
3870	0	35036	36912	44452	39512	
3871	0	34936	37040	44312	39265	
3872	0	34872	36816	44136	38988	
3873	0	34880	37148	43868	38716	
3874	0	35052	37132	43716	38492	
3875	0	34988	37276	43456	38216	
3876	0	34752	37184	43176	37952	
3877	0	34580	37164	42940	37632	
3878	0	34733	37144	42680	37378	
3879	0	34826	37140	42488	37080	
3880	0	34824	37148	42136	36772	
3881	0	34708	37210	41838	36484	
3882	0	34760	37132	41592	36200	
3883	0	34845	37280	41328	35904	
3884	0	34736	37268	40968	35596	
3885	0	34764	37172	40616	35274	
3886	0	34624	37048	40264	34980	
3887	0	34824	37257	39928	34668	
3888	0	34848	37412	39596	34368	
3889	0	34760	37518	39282	34040	
3890	0	34824	37493	38917	33720	
3891	0	34968	37492	38536	33436	
3892	0	34665	37249	38220	33097	
3893	0	34852	37288	37804	32797	
3894	0	34844	37216	37420	32516	
3895	0	34961	37162	37050	32197	
3896	0	34944	37132	36660	31921	
3897	0	34888	37176	36304	31630	
3898	0	34704	37472	35932	31322	
3899	0	34964	37592	35544	31052	
3900	0	34880	37924	35161	30769	
3901	0	35060	38109	34788	30513	
3902	0	34876	37840	34408	30234	
3903	0	34386	38394	34080	30005	
3904	0	34984	38832	33698	29724	
3905	0	35496	39226	33312	29489	
3906	0	35556	39296	32968	29292	
3907	0	35240	39656	32605	29088	
3908	0	34496	39633	32248	28864	
3909	0	34068	40092	31880	28644	
3910	0	33560	40508	31556	28458	
3911	0	33548	40464	31232	28269	
3912	0	33097	39904	30876	28140	
3913	0	33224	40408	30544	27960	
3914	0	33746	40776	30192	27804	
3915	0	34936	39977	29876	27712	
3916	0	35392	39380	29624	27548	
3917	0	35676	39226	29320	27442	
3918	0	35920	38544	29042	27386	
3919	0	37700	38986	28762	27266	
3920	0	37130	38176	28500	27196	
3921	0	36928	38536	28189	27136	
3922	0	35948	40420	27970	27081	
3923	0	41229	33808	27776	27104	
3924	0	40128	38458	27541	27012	
3925	0	37672	39064	27308	27017	
3926	0	37472	39280	27088	27061	
3927	0	35716	39306	26932	27026	
3928	0	34936	38888	26701	27012	
3929	0	34920	38768	26552	27008	
3930	0	35616	37789	26417	27024	
3931	0	35840	37728	26220	27033	
3932	0	35924	37248	26090	27037	
3933	0	35154	36436	25936	27106	
3934	0	34848	36012	25796	27064	
3935	0	34244	35741	25649	27048	
3936	0	34096	36082	25441	27089	
3937	0	33668	35912	25348	27008	
3938	0	33412	35738	25196	27013	
3939	0	33528	35464	25044	26962	
3940	0	33112	35144	24928	26908	
3941	0	33073	34682	24801	26860	
3942	0	32986	34364	24684	26778	
3943	0	32820	34268	24504	26769	
3944	0	32677	34392	24425	26648	
3945	0	32392	34272	24292	26542	
3946	0	32361	33780	24146	26406	
3947	0	32580	33984	23960	26332	
3948	0	32516	33808	23845	26178	
3949	0	32704	33805	23646	26021	
3950	0	32620	33756	23544	25869	
3951	0	32820	33975	23360	25704	
3952	0	33100	34170	23240	25560	
3953	0	33090	33645	23040	25348	
3954	0	33232	33829	22920	25200	
3955	0	33345	34108	22768	25020	
3956	0	33432	34050	22599	24826	
3957	0	33480	34088	22428	24624	
3958	0	33696	34048	22176	24460	
3959	0	33816	34252	22046	24260	
3960	0	33820	34340	21840	24060	
3961	0	33964	34352	21726	23896	
3962	0	33948	34345	21552	23684	
3963	0	33800	34320	21420	23512	
3964	0	33912	34364	21174	23333	
3965	0	34124	34337	21049	23162	
3966	0	34296	34612	20922	22985	
3967	0	34488	34572	20786	22806	
3968	0	43556	37520	20563	22620	
3969	0	56036	26153	20525	22465	
3970	0	44872	45216	20308	22318	
3971	0	28748	29100	20195	22185	
3972	0	15184	38492	20020	22048	
3973	0	32444	44928	19928	21882	
3974	0	42621	43216	19790	21792	
3975	0	35524	38346	19744	21685	
3976	0	34284	33402	19648	21572	
3977	0	36208	34024	19568	21454	
3978	0	35082	35436	19498	21360	
3979	0	35016	35428	19440	21254	
3980	0	36800	35748	19324	21202	
3981	0	34872	36696	19324	21154	
3982	0	34888	36984	19257	21100	
3983	0	35220	36972	19228	21056	
3984	0	35329	36753	19212	20994	
3985	0	36024	36760	19232	20984	
3986	0	35552	36700	19216	20998	
3987	0	35248	36270	19178	20956	
3988	0	35354	36232	19280	21012	
3989	0	35540	36434	19242	21048	
3990	0	35636	36440	19379	21061	
3991	0	35444	36360	19408	21132	
3992	0	35540	36484	19428	21182	
3993	0	35512	36794	19593	21293	
3994	0	35466	36876	19635	21312	
3995	0	35650	36736	19804	21469	
3996	0	35504	36404	19884	21565	
3997	0	35380	36596	20096	21670	
3998	0	35536	36760	20220	21747	
3999	0	35290	36672	20394	21859	
4000	0	35448	36808	20500	21984	
4001	0	35289	36736	20674	22152	
4002	0	35208	36777	20880	22281	
4003	0	35240	36837	21097	22400	
4004	0	35162	36936	21213	22530	
4005	0	35224	36856	21421	22722	
4006	0	34828	36888	21674	22884	
4007	0	34976	36816	21888	23024	
4008	0	34952	37037	22012	23189	
4009	0	34992	36940	22268	23337	
4010	0	34792	36788	22500	23520	
4011	0	34916	37260	22696	23682	
4012	0	34780	37208	22930	23900	
4013	0	34853	37232	23141	24026	
4014	0	34684	37312	23284	24196	
4015	0	34786	37264	23512	24429	
4016	0	34618	37312	23722	24540	
4017	0	34636	37304	23989	24720	
4018	0	34536	37254	24164	24896	
4019	0	34648	37268	24352	25104	
4020	0	34570	37134	24581	25280	
4021	0	34745	37036	24744	25420	
4022	0	34704	37272	24964	25568	
4023	0	34634	37436	25163	25734	
4024	0	34672	37660	25382	25921	
4025	0	34529	37684	25545	26080	
4026	0	34609	37688	25730	26237	
4027	0	34540	37400	25864	26473	
4028	0	34752	37237	26072	26574	
4029	0	34776	37248	26296	26773	
4030	0	34838	37154	26472	26908	
4031	0	34872	37280	26653	27073	
4032	0	34912	37152	26836	27288	
4033	0	34736	37324	27000	27401	
4034	0	34816	37176	27176	27638	
4035	0	34972	37069	27321	27761	
4036	0	34986	37344	27524	27937	
4037	0	34976	37465	27704	28125	
4038	0	35018	37552	27872	28318	
4039	0	35258	37486	28048	28508	
4040	0	35084	37553	28230	28697	
4041	0	35002	37720	28404	28900	
4042	0	35250	37988	28568	29113	
4043	0	35176	38328	28772	29318	
4044	0	34968	38318	28960	29560	
4045	0	34697	38444	29124	29761	
4046	0	34984	38994	29352	30070	
4047	0	34904	39236	29522	30229	
4048	0	35216	39626	29728	30468	
4049	0	35546	40153	29896	30782	
4050	0	35136	40176	30096	30968	
4051	0	33556	40736	30344	31208	
4052	0	34144	40008	30576	31553	
4053	0	33632	40028	30776	31784	
4054	0	33620	39492	30968	31992	
4055	0	33832	38912	31204	32276	
4056	0	34126	39082	31440	32540	
4057	0	35216	39640	31644	32904	
4058	0	35756	39364	31885	33212	
4059	0	35577	38388	32120	33426	
4060	0	36304	37936	32368	33798	
4061	0	36001	38132	32600	34057	
4062	0	35240	38365	32840	34368	
4063	0	35556	38816	33100	34689	
4064	0	36216	39498	33386	35002	
4065	0	40292	33464	33654	35292	
4066	0	38944	38140	33920	35704	
4067	0	38609	37614	34180	36001	
4068	0	37776	36825	34436	36260	
4069	0	37024	37337	34720	36684	
4070	0	36016	38008	35000	36920	
4071	0	35334	37609	35266	37200	
4072	0	34976	37508	35564	37536	
4073	0	34520	36936	35824	37801	
4074	0	34004	36889	36113	38075	
4075	0	33788	36408	36484	38368	
4076	0	34006	36204	36688	38628	
4077	0	34200	35564	36960	38820	
4078	0	33928	35001	37224	39036	
4079	0	33760	34800	37485	39404	
4080	0	33146	35028	37808	39437	
4081	0	32536	34876	37984	39624	
4082	0	32440	34692	38328	39808	
4083	0	32920	34556	38456	39948	
4084	0	32702	34368	38776	40104	
4085	0	32497	34472	38938	40312	
4086	0	32396	34328	39136	40316	
4087	0	32496	34276	39405	40424	
4088	0	32552	34300	39532	40616	
4089	0	32834	34474	39717	40552	
4090	0	32744	34392	40016	40656	
4091	0	33169	34701	40068	40700	
4092	0	33452	34812	40241	40776	
4093	0	33698	35105	40352	40704	
4094	0	33980	35288	40528	40704	
4095	0	34164	35384	40762	40720	
4096	0	34305	35656	40812	40714	
4097	0	34480	35796	40988	40736	
4098	0	34704	36188	41089	40804	
4099	0	34792	36384	41064	40708	
4100	0	34980	36652	41132	40660	
4101	0	35044	36920	41256	40656	
4102	0	35096	37192	41304	40560	
4103	0	35124	37392	41386	40584	
4104	0	35194	37606	41561	40580	
4105	0	35372	38004	41576	40492	
4106	0	35620	38445	41552	40402	
4107	0	35924	38672	41672	40428	
4108	0	36332	38865	41656	40440	
4109	0	36897	38972	41732	40357	
4110	0	37296	39524	41740	40288	
4111	0	38232	39916	41748	40276	
4112	0	38816	39860	41849	40276	
4113	0	39445	40136	41812	40114	
4114	0	40492	40352	41862	40112	
4115	0	41244	39906	41786	40032	
4116	0	42004	39048	41792	40112	
4117	0	42464	38488	41892	39968	
4118	0	42532	37972	41897	40032	
4119	0	42004	37361	41881	39980	
4120	0	41256	36861	41865	39852	
4121	0	40836	48040	41752	39808	
4122	0	38144	36440	41867	39792	
4123	0	37204	37545	41692	39778	
4124	0	36329	41872	41768	39776	
4125	0	32052	46024	41640	39712	
4126	0	35828	40397	41700	39681	
4127	0	24974	33160	41656	39577	
4128	0	39704	43044	41476	39537	
4129	0	30100	41520	41504	39464	
4130	0	34828	39032	41336	39370	
4131	0	32512	37277	41316	39396	
4132	0	34580	37036	41216	39324	
4133	0	33527	38340	41256	39248	
4134	0	34138	37008	41056	39072	
4135	0	33756	37548	41008	39016	
4136	0	33840	37249	40984	38892	
4137	0	33800	37520	40768	38816	
4138	0	33600	37564	40664	38700	
4139	0	33432	37440	40586	38688	
4140	0	33352	37324	40524	38512	
4141	0	33264	37448	40416	38469	
4142	0	33420	37504	40328	38373	
4143	0	33712	37640	40240	38210	
4144	0	33876	37600	40080	38044	
4145	0	34012	37592	39968	37921	
4146	0	33982	37776	39928	37776	
4147	0	34032	37656	39844	37725	
4148	0	34040	37620	39708	37552	
4149	0	33928	37644	39708	37344	
4150	0	33872	37656	39552	37195	
4151	0	34112	37650	39400	37096	
4152	0	34208	37684	39296	36900	
4153	0	34204	37532	39168	36664	
4154	0	34036	37288	39048	36504	
4155	0	34240	37552	38920	36365	
4156	0	34037	37472	38800	36074	
4157	0	34070	37529	38684	35864	
4158	0	34060	37536	38656	35696	
4159	0	34113	37356	38440	35456	
4160	0	34164	37482	38314	35202	
4161	0	34245	37344	38176	34976	
4162	0	34240	37424	38044	34745	
4163	0	34177	37345	37904	34500	
4164	0	34326	37136	37780	34269	
4165	0	34488	37176	37644	34044	
4166	0	34185	37354	37600	33828	
4167	0	34405	37280	37384	33552	
4168	0	34300	37178	37212	33305	
4169	0	34340	37380	37156	33072	
4170	0	34377	37596	36936	32844	
4171	0	34344	37504	36797	32592	
4172	0	34409	37440	36704	32376	
4173	0	34418	37474	36512	32128	
4174	0	34340	37513	36364	31936	
4175	0	34348	37348	36228	31680	
4176	0	34393	37516	36108	31473	
4177	0	34452	37549	35944	31240	
4178	0	34577	37600	35784	31028	
4179	0	34032	37184	35636	30800	
4180	0	34269	37356	35536	30586	
4181	0	34124	37282	35324	30377	
4182	0	34401	37432	35168	30178	
4183	0	34544	37269	35024	29988	
4184	0	34549	37260	34920	29796	
4185	0	34498	37224	34752	29602	
4186	0	34468	37256	34602	29424	
4187	0	34369	37512	34396	29257	
4188	0	34308	37400	34276	29072	
4189	0	34400	37552	34088	28909	
4190	0	34496	37556	33888	28758	
4191	0	34440	37633	33732	28596	
4192	0	34568	37684	33588	28442	
4193	0	34340	37748	33410	28301	
4194	0	33808	37996	33270	28148	
4195	0	34460	38140	33082	28032	
4196	0	34580	38276	32948	27896	
4197	0	34752	38908	32772	27768	
4198	0	34516	38845	32605	27640	
4199	0	34940	39452	32440	27522	
4200	0	35432	40480	32276	27395	
4201	0	35496	41088	32133	27280	
4202	0	35706	41460	31952	27174	
4203	0	34956	42616	31783	27062	
4204	0	34298	43634	31598	26964	
4205	0	33184	44416	31396	26865	
4206	0	33850	45049	31248	26776	
4207	0	32108	44652	31104	26676	
4208	0	30993	43912	30904	26604	
4209	0	33261	43792	30740	26528	
4210	0	36104	42692	30562	26448	
4211	0	35936	40754	30420	26386	
4212	0	37540	40780	30254	26344	
4213	0	34832	39484	30096	26272	
4214	0	33012	36712	29922	26240	
4215	0	32088	35136	29761	26200	
4216	0	33426	35384	29600	26172	
4217	0	36712	37320	29456	26164	
4218	0	36496	35964	29292	26130	
4219	0	37746	34264	29140	26116	
4220	0	37176	34436	29004	26113	
4221	0	37053	36329	28864	26112	
4222	0	35826	36782	28720	26128	
4223	0	35616	36816	28596	26125	
4224	0	36200	36269	28424	26104	
4225	0	37008	35521	28298	26124	
4226	0	37380	35112	28178	26116	
4227	0	37524	34640	28037	26144	
4228	0	37568	34580	27912	26148	
4229	0	37990	34041	27784	26136	
4230	0	38292	34024	27664	26140	
4231	0	38177	34064	27529	26092	
4232	0	37912	34428	27403	26100	
4233	0	36832	35416	27264	26098	
4234	0	38332	34992	27144	26109	
4235	0	38273	35028	27016	26089	
4236	0	38368	35242	26940	26122	
4237	0	38477	35392	26780	26084	
4238	0	38616	35050	26720	26084	
4239	0	38868	35452	26594	26085	
4240	0	38706	34970	26498	26076	
4241	0	38796	34800	26412	26080	
4242	0	38912	34820	26318	26097	
4243	0	38868	34844	26184	26100	
4244	0	39000	34920	26118	26108	
4245	0	38952	34804	26044	26120	
4246	0	39292	34564	25960	26105	
4247	0	39160	34944	25853	26149	
4248	0	38736	35108	25786	26112	
4249	0	38060	35604	25678	26120	
4250	0	37803	35796	25637	26165	
4251	0	37396	35925	25558	26145	
4252	0	37140	35620	25509	26152	
4253	0	36938	35397	25444	26248	
4254	0	36520	35352	25332	26206	
4255	0	36434	35108	25267	26264	
4256	0	36416	34906	25228	26289	
4257	0	36704	34504	25185	26278	
4258	0	37272	34097	25112	26308	
4259	0	37448	33712	25056	26385	
4260	0	37472	33571	25008	26380	
4261	0	37048	33169	24950	26427	
4262	0	36056	32409	24872	26464	
4263	0	35156	31412	24834	26496	
4264	0	46936	32858	24770	26536	
4265	0	56129	45128	24645	26584	
4266	0	20788	46940	24612	26648	
4267	0	16548	32064	24612	26712	
4268	0	23612	48200	24484	26836	
4269	0	44389	40266	24414	26810	
4270	0	35905	33888	24453	26872	
4271	0	32261	33273	24408	26941	
4272	0	36484	31596	24371	27038	
4273	0	34064	35808	24265	27052	
4274	0	36148	36020	24248	27145	
4275	0	35952	38184	24200	27216	
4276	0	34300	37840	24162	27292	
4277	0	34770	37296	24192	27384	
4278	0	35368	37249	24188	27498	
4279	0	35516	37168	24153	27664	
4280	0	35320	37204	24128	27684	
4281	0	34920	36756	24190	27804	
4282	0	35288	36369	24189	27941	
4283	0	34900	36672	24284	28054	
4284	0	35080	36594	24304	28194	
4285	0	35164	36872	24323	28320	
4286	0	35140	36796	24461	28493	
4287	0	35080	36938	24574	28610	
4288	0	35340	36873	24680	28840	
4289	0	35204	36890	24786	28904	
4290	0	35248	36784	24924	29073	
4291	0	35097	36976	25042	29228	
4292	0	34956	36888	25161	29358	
4293	0	34788	36821	25352	29552	
4294	0	34988	36564	25536	29666	
4295	0	35048	36832	25712	29856	
4296	0	34954	37104	25897	29989	
4297	0	34872	37021	26076	30081	
4298	0	34857	37088	26272	30240	
4299	0	34845	37056	26432	30368	
4300	0	34784	36992	26654	30504	
4301	0	34768	36924	26818	30600	
4302	0	34808	37188	27084	30724	
4303	0	34640	37354	27293	30852	
4304	0	34532	37148	27500	31002	
4305	0	34704	37600	27668	31056	
4306	0	34572	37412	27936	31145	
4307	0	34388	37224	28104	31222	
4308	0	34694	37188	28340	31357	
4309	0	34674	37405	28572	31408	
4310	0	34540	37352	28784	31546	
4311	0	34568	37412	28964	31500	
4312	0	34524	37272	29210	31560	
4313	0	34601	37082	29384	31610	
4314	0	34612	37168	29592	31640	
4315	0	34604	37420	29817	31674	
4316	0	34529	37380	29979	31713	
4317	0	34520	37464	30209	31816	
4318	0	34768	37604	30396	31760	
4319	0	34646	37344	30601	31844	
4320	0	34732	37244	30788	31789	
4321	0	34829	37292	30980	31890	
4322	0	34892	37408	31170	31832	
4323	0	34794	37184	31340	31872	
4324	0	34925	37508	31532	31912	
4325	0	34824	37852	31704	32000	
4326	0	35004	38084	31905	31954	
4327	0	34825	38364	32076	32088	
4328	0	34720	38228	32269	32064	
4329	0	34538	39092	32453	32192	
4330	0	34774	39448	32641	32277	
4331	0	35268	40244	32824	32371	
4332	0	35512	40392	33017	32449	
4333	0	35281	40824	33210	32508	
4334	0	34172	40792	33412	32621	
4335	0	33580	41594	33592	32772	
4336	0	33805	41242	33793	32922	
4337	0	33684	40756	34000	33085	
4338	0	33522	40648	34192	33284	
4339	0	34379	40720	34408	33505	
4340	0	35424	40704	34624	33720	
4341	0	35301	40880	34832	33920	
4342	0	35860	40394	35028	34216	
4343	0	39048	39204	35276	34456	
4344	0	38684	38189	35504	34768	
4345	0	39524	41578	35692	35068	
4346	0	38764	37564	35905	35404	
4347	0	41305	33024	36176	35828	
4348	0	38828	39024	36384	36168	
4349	0	37344	40372	36629	36576	
4350	0	36732	40532	36836	36922	
4351	0	35624	39386	37064	37388	
4352	0	35300	38008	37392	37915	
4353	0	35259	37362	37588	38204	
4354	0	34908	36824	37764	38656	
4355	0	34456	36508	38012	39104	
4356	0	34704	36144	38348	39556	
4357	0	34144	35533	38528	40088	
4358	0	33621	35168	38804	40512	
4359	0	32972	34785	38944	40948	
4360	0	32528	34668	39252	41404	
4361	0	32442	34388	39396	41808	
4362	0	32236	34433	39656	42120	
4363	0	32344	34436	39944	42524	
4364	0	32137	34026	40093	42873	
4365	0	32156	34008	40322	43336	
4366	0	31992	33996	40532	43656	
4367	0	31873	33784	40896	43900	
4368	0	32235	33881	40964	44276	
4369	0	32300	33964	41176	44504	
4370	0	32420	33716	41417	44792	
4371	0	32586	33714	41744	45024	
4372	0	32641	33829	41816	45296	
4373	0	32850	33657	41985	45492	
4374	0	33044	33882	42188	45696	
4375	0	33210	33580	42378	45837	
4376	0	33156	33724	42625	45976	
4377	0	33488	33477	42737	46137	
4378	0	33400	33316	43012	46248	
4379	0	33524	33461	43092	46352	
4380	0	33761	33548	43268	46433	
4381	0	33920	33468	43444	46456	
4382	0	34354	33342	43616	46540	
4383	0	34728	33300	43752	46565	
4384	0	35132	33524	43968	46532	
4385	0	35152	33732	44044	46588	
4386	0	34949	33733	44204	46530	
4387	0	34876	33597	44352	46568	
4388	0	34368	33362	44508	46488	
4389	0	53532	34072	44644	46458	
4390	0	56276	37696	44760	46472	
4391	0	13713	34280	44904	46436	
4392	0	11166	44936	45029	46376	
4393	0	37232	46864	45168	46336	
4394	0	42666	43836	45293	46268	
4395	0	39208	34469	45448	46244	
4396	0	37272	30756	45616	46192	
4397	0	34520	32832	45688	46080	
4398	0	31288	36308	45810	46084	
4399	0	35804	37402	45977	46068	
4400	0	36552	37808	46100	46016	
4401	0	36108	36924	46214	45922	
4402	0	35130	36381	46265	45926	
4403	0	35400	36572	46376	45888	
4404	0	36036	36946	46486	45856	
4405	0	35468	36900	46589	45848	
4406	0	35026	36760	46672	45752	
4407	0	35352	36560	46768	45712	
4408	0	35421	36808	46864	45680	
4409	0	35632	36705	46960	45680	
4410	0	35302	36788	47049	45657	
4411	0	35544	36640	47168	45612	
4412	0	35478	36740	47194	45520	
4413	0	35688	36594	47248	45504	
4414	0	35236	36740	47328	45453	
4415	0	35296	36734	47424	45392	
4416	0	35172	36996	47440	45320	
4417	0	35401	36968	47481	45188	
4418	0	35208	37160	47513	45146	
4419	0	35376	36984	47600	44972	
4420	0	34961	37008	47552	44909	
4421	0	35044	36649	47591	44760	
4422	0	35076	36500	47588	44640	
4423	0	35176	36602	47546	44560	
4424	0	34716	36612	47524	44412	
4425	0	34952	37088	47452	44193	
4426	0	34785	37104	47417	44080	
4427	0	34698	37064	47404	43920	
4428	0	34784	37065	47252	43736	
4429	0	34825	37216	47200	43520	
4430	0	34776	37332	47032	43352	
4431	0	34820	37248	46888	43168	
4432	0	34592	37164	46812	42940	
4433	0	34560	37112	46580	42740	
4434	0	34604	37176	46376	42464	
4435	0	34572	37204	46176	42280	
4436	0	34624	37428	45984	41984	
4437	0	34528	37252	45768	41820	
4438	0	34528	37257	45476	41492	
4439	0	34729	37573	45200	41280	
4440	0	34784	37518	44912	41049	
4441	0	34644	37708	44704	40740	
4442	0	34720	37524	44304	40456	
4443	0	34932	37588	44016	40192	
4444	0	34660	37664	43668	39920	
4445	0	34533	37618	43316	39644	
4446	0	34640	37648	43072	39384	
4447	0	34504	37720	42708	39081	
4448	0	35136	37524	42244	38788	
4449	0	34904	37752	41880	38504	
4450	0	35088	37804	41628	38192	
4451	0	34873	38157	41138	37924	
4452	0	35361	38266	40744	37553	
4453	0	34988	38672	40360	37328	
4454	0	35376	38688	40068	36992	
4455	0	33960	39401	39634	36714	
4456	0	34706	40036	39344	36460	
4457	0	35380	40648	38872	36240	
4458	0	35256	40672	38592	35936	
4459	0	34144	41624	38165	35652	
4460	0	34418	42240	37826	35452	
4461	0	33624	41820	37472	35180	
4462	0	33280	41840	37156	34936	
4463	0	33248	41204	36808	34780	
4464	0	34277	40808	36508	34560	
4465	0	34818	41524	36193	34284	
4466	0	35557	39112	35868	34122	
4467	0	38560	40468	35589	33916	
4468	0	40192	39552	35305	33752	
4469	0	40484	39377	35080	33644	
4470	0	40680	41712	34796	33456	
4471	0	42452	31652	34556	33314	
4472	0	40197	36284	34332	33152	
4473	0	38436	39180	34093	33025	
4474	0	37548	39624	33872	32984	
4475	0	36264	39160	33696	32880	
4476	0	34725	38693	33493	32752	
4477	0	33856	38066	33325	32740	
4478	0	33380	37704	33124	32600	
4479	0	33212	36536	33000	32500	
4480	0	33108	36412	32800	32436	
4481	0	32496	35420	32708	32425	
4482	0	31988	34620	32497	32398	
4483	0	32048	34409	32354	32234	
4484	0	31696	34296	32296	32208	
4485	0	31884	34724	32130	32081	
4486	0	31837	34684	31973	31990	
4487	0	31036	34209	31824	31980	
4488	0	31453	34849	31672	31800	
4489	0	31341	34056	31552	31754	
4490	0	31468	34240	31388	31560	
4491	0	31492	33924	31212	31420	
4492	0	31510	33824	31064	31298	
4493	0	31428	33544	30888	31106	
4494	0	31550	33761	30716	30926	
4495	0	31614	33486	30580	30730	
4496	0	32064	33592	30394	30528	
4497	0	32385	33588	30160	30316	
4498	0	32512	33376	29953	30057	
4499	0	32816	33505	29752	29805	
4500	0	32960	33556	29528	29596	
4501	0	33376	33380	29276	29284	
4502	0	33868	33256	29016	28974	
4503	0	34532	33014	28774	28700	
4504	0	34904	32764	28513	28380	
4505	0	35576	33065	28194	28080	
4506	0	36000	33216	27940	27720	
4507	0	36102	33338	27648	27438	
4508	0	35232	33090	27354	27057	
4509	0	37616	34652	27020	26713	
4510	0	55628	30260	26760	26376	
4511	0	49004	52765	26296	26032	
4512	0	17960	31024	26164	25700	
4513	0	10700	41728	25800	25400	
4514	0	42148	45810	25484	25104	
4515	0	40108	37200	25217	24738	
4516	0	38704	30240	24994	24452	
4517	0	35868	32372	24697	24137	
4518	0	32834	36596	24376	23912	
4519	0	34412	36840	24144	23628	
4520	0	36944	37434	23904	23372	
4521	0	36984	36856	23630	23132	
4522	0	34880	36572	23404	22876	
4523	0	35056	36232	23180	22656	
4524	0	36100	36344	22977	22461	
4525	0	35780	36928	22794	22284	
4526	0	35220	36056	22580	22128	
4527	0	35004	36320	22497	22011	
4528	0	36125	36344	22361	21872	
4529	0	35710	36460	22164	21733	
4530	0	35412	36600	22128	21650	
4531	0	35658	36176	21988	21584	
4532	0	35680	36820	21940	21544	
4533	0	35588	36620	21885	21514	
4534	0	35516	36564	21875	21487	
4535	0	35432	36593	21818	21470	
4536	0	35532	36320	21824	21530	
4537	0	35636	36480	21868	21522	
4538	0	35376	36514	21866	21555	
4539	0	35362	36512	21908	21636	
4540	0	35376	36732	21982	21730	
4541	0	35322	36760	22012	21772	
4542	0	35520	37112	22080	21884	
4543	0	35308	36724	22228	22016	
4544	0	35057	36533	22306	22120	
4545	0	35068	36797	22442	22248	
4546	0	34976	36948	22562	22378	
4547	0	35016	36860	22676	22540	
4548	0	35256	37124	22788	22696	
4549	0	35276	36984	22984	22893	
4550	0	35185	37112	23130	23028	
4551	0	34584	37260	23286	23241	
4552	0	35010	37872	23361	23401	
4553	0	35040	37372	23586	23613	
4554	0	34738	37268	23780	23820	
4555	0	34912	36980	23872	23997	
4556	0	34964	36788	24116	24200	
4557	0	34916	36576	24290	24498	
4558	0	35065	36856	24441	24665	
4559	0	34897	36664	24550	24900	
4560	0	34786	36980	24771	25118	
4561	0	34537	36712	24940	25356	
4562	0	34681	36888	25120	25572	
4563	0	35044	36888	25294	25825	
4564	0	35032	36756	25444	26048	
4565	0	34912	36968	25592	26340	
4566	0	35082	37064	25754	26532	
4567	0	35028	36964	25892	26814	
4568	0	34992	37392	26068	27048	
4569	0	34742	37593	26237	27296	
4570	0	35060	37180	26432	27553	
4571	0	34940	37248	26572	27816	
4572	0	35056	37308	26728	28073	
4573	0	35002	37441	26878	28348	
4574	0	35136	37777	27038	28616	
4575	0	35512	37569	27212	28920	
4576	0	34556	37777	27389	29180	
4577	0	34530	38384	27488	29468	
4578	0	35520	39140	27712	29756	
4579	0	36444	39290	27874	30057	
4580	0	35821	39280	28050	30368	
4581	0	35284	39440	28237	30677	
4582	0	34440	40348	28400	30992	
4583	0	33420	40976	28540	31300	
4584	0	33668	40820	28769	31640	
4585	0	33632	39864	28961	31972	
4586	0	32980	39984	29200	32313	
4587	0	33714	40016	29409	32720	
4588	0	34277	39957	29596	33057	
4589	0	34972	40036	29808	33501	
4590	0	35758	39400	30048	33800	
4591	0	36984	39428	30266	34170	
4592	0	37992	38161	30500	34645	
4593	0	37914	38748	30748	34960	
4594	0	38996	39882	31008	35344	
4595	0	40288	40736	31256	35794	
4596	0	39712	37489	31528	36192	
4597	0	39420	39696	31836	36620	
4598	0	38332	39784	32112	36997	
4599	0	36994	40160	32421	37401	
4600	0	36008	39424	32713	37804	
4601	0	35552	39204	33020	38204	
4602	0	35476	37968	33336	38656	
4603	0	35320	38036	33616	39058	
4604	0	34816	37096	34034	39444	
4605	0	34604	36960	34312	39788	
4606	0	34321	36552	34653	40228	
4607	0	33676	36164	35008	40528	
4608	0	33253	35692	35392	40952	
4609	0	32898	35016	35770	41292	
4610	0	32156	34970	36144	41541	
4611	0	32449	35016	36482	41970	
4612	0	32520	34769	36756	42264	
4613	0	32420	34392	37056	42508	
4614	0	32285	34256	37380	42824	
4615	0	32392	34409	37810	43080	
4616	0	32380	34636	38020	43228	
4617	0	32300	34128	38331	43440	
4618	0	32432	34036	38712	43673	
4619	0	32534	33940	38936	43828	
4620	0	32548	34024	39200	44032	
4621	0	32325	34172	39476	44168	
4622	0	32206	34204	39760	44272	
4623	0	32413	34516	40009	44436	
4624	0	32548	34136	40256	44464	
4625	0	32992	34213	40605	44592	
4626	0	33308	34085	40742	44636	
4627	0	33432	34160	40956	44636	
4628	0	33376	34234	41196	44720	
4629	0	33612	34568	41406	44664	
4630	0	33616	34428	41633	44708	
4631	0	33860	34370	41794	44632	
4632	0	34148	34448	41972	44580	
4633	0	34348	34440	42196	44537	
4634	0	34508	34240	42309	44500	
4635	0	34572	34020	42596	44384	
4636	0	34664	33856	42625	44280	
4637	0	34739	33876	42880	44161	
4638	0	34896	33736	42924	44058	
4639	0	34901	33888	43041	43946	
4640	0	34754	34056	43168	43777	
4641	0	36229	33276	43296	43672	
4642	0	55652	37988	43376	43428	
4643	0	47516	51260	43492	43368	
4644	0	22448	32025	43696	43112	
4645	0	11248	36764	43712	42976	
4646	0	38316	43208	43821	42828	
4647	0	39116	39944	43906	42596	
4648	0	38313	36604	43968	42449	
4649	0	38844	32962	44032	42186	
4650	0	33200	33386	44080	42001	
4651	0	31528	35248	44160	41864	
4652	0	36564	36312	44209	41625	
4653	0	37544	37708	44252	41548	
4654	0	35420	37728	44336	41292	
4655	0	34552	36608	44368	41212	
4656	0	35114	35912	44412	40972	
4657	0	35900	36448	44448	40805	
4658	0	35682	36785	44489	40708	
4659	0	35456	36772	44564	40544	
4660	0	35680	36608	44568	40452	
4661	0	35769	36320	44588	40288	
4662	0	35477	36192	44596	40228	
4663	0	35394	36428	44660	40128	
4664	0	35512	36740	44580	39972	
4665	0	35484	36548	44576	39872	
4666	0	35122	37196	44544	39804	
4667	0	35444	36728	44548	39740	
4668	0	35604	36568	44520	39632	
4669	0	35376	36584	44488	39592	
4670	0	35272	36588	44400	39508	
4671	0	35336	36713	44304	39402	
4672	0	35392	36752	44293	39304	
4673	0	35292	36816	44108	39256	
4674	0	35244	36905	44084	39178	
4675	0	35072	37110	43920	39048	
4676	0	35228	37024	43724	38980	
4677	0	34924	36804	43552	38885	
4678	0	34954	37028	43368	38736	
4679	0	34928	36792	43172	38632	
4680	0	34932	36840	42952	38526	
4681	0	34872	37056	42809	38336	
4682	0	34824	37208	42568	38208	
4683	0	34752	37320	42304	38096	
4684	0	34792	37188	42048	37912	
4685	0	34589	37221	41609	37696	
4686	0	34784	37249	41300	37592	
4687	0	34728	37178	41026	37364	
4688	0	34720	37084	40640	37160	
4689	0	34657	37188	40360	36896	
4690	0	34572	37244	39912	36673	
4691	0	34688	37308	39652	36524	
4692	0	34592	37378	39180	36268	
4693	0	34504	37405	38840	35976	
4694	0	34496	37352	38308	35748	
4695	0	34496	37212	37960	35454	
4696	0	34473	36978	37420	35240	
4697	0	34544	37132	37034	34941	
4698	0	34538	37346	36528	34620	
4699	0	34578	37652	36076	34352	
4700	0	34520	37660	35577	34016	
4701	0	34492	37600	35152	33748	
4702	0	34432	37732	34644	33474	
4703	0	34660	37600	34152	33149	
4704	0	34469	37474	33704	32848	
4705	0	34564	37467	33174	32560	
4706	0	34516	37344	32728	32266	
4707	0	34788	37504	32208	32018	
4708	0	34460	37814	31748	31720	
4709	0	34404	38052	31250	31384	
4710	0	34632	38100	30785	31088	
4711	0	34792	37968	30276	30796	
4712	0	34560	38234	29824	30516	
4713	0	35154	38080	29356	30272	
4714	0	34345	38084	28868	30010	
4715	0	34116	38392	28460	29704	
4716	0	34449	39140	28024	29488	
4717	0	34864	39580	27556	29209	
4718	0	34688	39228	27170	28964	
4719	0	34616	39376	26689	28736	
4720	0	34044	39898	26385	28532	
4721	0	34280	40152	26016	28313	
4722	0	33660	40352	25667	28120	
4723	0	33736	40730	25284	27900	
4724	0	33240	40522	24949	27710	
4725	0	33344	40520	24642	27540	
4726	0	32796	39956	24408	27368	
4727	0	35256	39908	24148	27221	
4728	0	35504	40056	23816	27092	
4729	0	36417	40128	23660	26951	
4730	0	36852	38648	23376	26856	
4731	0	38168	39196	23184	26738	
4732	0	37212	38668	22988	26640	
4733	0	37584	38500	22752	26598	
4734	0	37965	39648	22589	26509	
4735	0	40168	37690	22490	26482	
4736	0	39945	35296	22384	26365	
4737	0	39037	39176	22158	26360	
4738	0	38096	38428	22108	26298	
4739	0	38032	39492	21952	26284	
4740	0	36424	38968	21848	26312	
4741	0	35816	38520	21685	26280	
4742	0	35236	38552	21623	26248	
4743	0	35164	37709	21536	26212	
4744	0	34385	36984	21472	26192	
4745	0	34512	36828	21389	26194	
4746	0	34330	36712	21259	26188	
4747	0	33756	36192	21165	26104	
4748	0	33320	35652	21125	26135	
4749	0	33349	35844	21069	26080	
4750	0	32946	35041	20976	25981	
4751	0	32680	34898	20884	25944	
4752	0	32560	34416	20824	25860	
4753	0	32712	34136	20752	25788	
4754	0	32528	34484	20642	25730	
4755	0	32747	34436	20624	25596	
4756	0	32357	34144	20556	25516	
4757	0	32316	33476	20452	25406	
4758	0	32402	33832	20368	25272	
4759	0	32386	33740	20318	25174	
4760	0	32552	33640	20208	24980	
4761	0	32780	33592	20136	24851	
4762	0	32906	33704	20054	24740	
4763	0	33156	33712	19924	24590	
4764	0	33216	33660	19850	24400	
4765	0	33180	33864	19768	24238	
4766	0	33250	33760	19660	24017	
4767	0	33593	33864	19530	23892	
4768	0	33584	33992	19456	23664	
4769	0	33592	34265	19269	23434	
4770	0	33692	34488	19228	23289	
4771	0	33886	34668	19050	23058	
4772	0	34076	34588	18994	22926	
4773	0	34288	34316	18860	22686	
4774	0	34641	34224	18769	22520	
4775	0	34944	34284	18666	22428	
4776	0	35064	34320	18585	22188	
4777	0	35300	34240	18472	22105	
4778	0	35544	34140	18384	21915	
4779	0	35186	34178	18236	21742	
4780	0	35044	34189	18148	21636	
4781	0	49672	36048	18100	21480	
4782	0	56180	24972	18012	21356	
4783	0	28216	42996	17858	21269	
4784	0	22580	35096	17802	21177	
4785	0	15006	41728	17738	21130	
4786	0	34301	46833	17686	21041	
4787	0	39732	41361	17647	20992	
4788	0	38417	37281	17584	20945	
4789	0	33600	32922	17590	20940	
4790	0	35328	33117	17510	20932	
4791	0	32780	34304	17528	20880	
4792	0	35777	35546	17534	20952	
4793	0	36736	37496	17508	21045	
4794	0	35392	37852	17530	21062	
4795	0	34692	37520	17604	21138	
4796	0	35018	36704	17632	21180	
4797	0	36032	36512	17656	21320	
4798	0	35385	36962	17778	21513	
4799	0	34932	37044	17853	21554	
4800	0	35164	36576	17972	21738	
4801	0	35316	36441	18057	21915	
4802	0	35580	36480	18224	22096	
4803	0	35456	36548	18320	22242	
4804	0	35428	36892	18471	22501	
4805	0	35308	36890	18660	22716	
4806	0	35336	36808	18880	22916	
4807	0	35412	36640	19045	23192	
4808	0	35168	36756	19300	23432	
4809	0	35280	37128	19500	23641	
4810	0	35252	36905	19780	23864	
4811	0	35352	36644	20012	24136	
4812	0	35096	36696	20344	24354	
4813	0	35452	36914	20580	24650	
4814	0	35084	36912	20838	24860	
4815	0	35220	37033	21132	25074	
4816	0	35264	37001	21506	25379	
4817	0	35196	36920	21766	25668	
4818	0	35112	36760	22146	25856	
4819	0	34958	36604	22396	26060	
4820	0	34986	36704	22722	26333	
4821	0	34996	36976	23106	26576	
4822	0	34980	37032	23436	26800	
4823	0	34768	37236	23770	27020	
4824	0	34816	37180	24074	27244	
4825	0	35029	36876	24427	27488	
4826	0	34704	37080	24770	27704	
4827	0	34728	37020	25085	27928	
4828	0	34729	37200	25405	28117	
4829	0	34752	37232	25746	28384	
4830	0	34845	37232	26070	28544	
4831	0	34572	37128	26416	28739	
4832	0	34840	37080	26737	28939	
4833	0	34725	37130	27056	29136	
4834	0	34492	37129	27368	29392	
4835	0	34552	37186	27673	29577	
4836	0	34460	37241	27973	29708	
4837	0	34532	37476	28240	29901	
4838	0	34624	37612	28555	30084	
4839	0	34556	37500	28840	30332	
4840	0	34532	37516	29120	30520	
4841	0	34633	37352	29436	30652	
4842	0	34544	37274	29701	30825	
4843	0	34436	37200	29964	31040	
4844	0	34688	37443	30232	31272	
4845	0	34620	37248	30489	31388	
4846	0	34544	37376	30742	31641	
4847	0	34520	37624	30994	31796	
4848	0	34524	37690	31228	32064	
4849	0	34669	37642	31473	32160	
4850	0	34524	37864	31696	32370	
4851	0	34628	37908	31933	32572	
4852	0	34602	37956	32146	32824	
4853	0	34438	37853	32356	32994	
4854	0	34924	38542	32586	33232	
4855	0	34946	38108	32801	33468	
4856	0	34100	38528	33008	33656	
4857	0	34540	39508	33228	33996	
4858	0	35084	40114	33420	34158	
4859	0	35076	40156	33625	34384	
4860	0	34520	40060	33832	34640	
4861	0	34241	40216	34024	34940	
4862	0	33243	40008	34216	35180	
4863	0	32961	40180	34432	35416	
4864	0	32248	40008	34636	35744	
4865	0	33505	40352	34836	35972	
4866	0	33721	39244	35013	36272	
4867	0	34849	39056	35244	36540	
4868	0	35960	39332	35396	36836	
4869	0	35873	38900	35600	37264	
4870	0	36264	38352	35844	37424	
4871	0	35664	38722	36000	37756	
4872	0	36684	37652	36260	38121	
4873	0	36384	38592	36416	38372	
4874	0	35416	39476	36624	38748	
4875	0	35864	38840	36856	38996	
4876	0	41650	31800	37076	39264	
4877	0	39789	37890	37353	39600	
4878	0	37844	38644	37556	39876	
4879	0	37197	37544	37684	40176	
4880	0	35640	38008	37917	40520	
4881	0	34688	39080	38090	40802	
4882	0	33976	38076	38348	41066	
4883	0	33761	37082	38524	41400	
4884	0	33878	37304	38717	41696	
4885	0	33784	36704	38900	41832	
4886	0	33958	36552	39128	42112	
4887	0	34000	36064	39334	42409	
4888	0	33632	35850	39565	42536	
4889	0	33542	35520	39666	42833	
4890	0	33337	35425	39900	42985	
4891	0	32776	35224	39988	43099	
4892	0	32596	34984	40168	43236	
4893	0	32467	34881	40456	43392	
4894	0	32328	34760	40608	43456	
4895	0	32252	35089	40608	43584	
4896	0	32132	34780	40840	43608	
4897	0	32180	34828	40888	43682	
4898	0	32233	34970	40984	43740	
4899	0	32325	34920	41244	43760	
4900	0	32536	35028	41336	43748	
4901	0	32548	34904	41272	43668	
4902	0	32889	34612	41480	43664	
4903	0	32940	34808	41576	43605	
4904	0	33188	34964	41600	43500	
4905	0	33430	35045	41544	43360	
4906	0	33780	35448	41600	43296	
4907	0	33932	35440	41632	43226	
4908	0	34020	35596	41664	43004	
4909	0	34240	36012	41776	42848	
4910	0	34596	36456	41793	42652	
4911	0	34545	36496	41724	42536	
4912	0	34628	36768	41720	42304	
4913	0	34610	37028	41728	42124	
4914	0	34752	37308	41736	41924	
4915	0	34844	37592	41704	41736	
4916	0	35104	37804	41696	41544	
4917	0	35236	38200	41696	41460	
4918	0	35626	38633	41760	41273	
4919	0	36096	39072	41720	40962	
4920	0	36876	39242	41600	40864	
4921	0	37852	39408	41544	40680	
4922	0	38612	39488	41624	40376	
4923	0	40040	39564	41476	40216	
4924	0	41048	39052	41484	40128	
4925	0	42380	38944	41369	39828	
4926	0	42504	38208	41432	39728	
4927	0	42416	37916	41272	39600	
4928	0	42128	37334	41266	39336	
4929	0	41360	52120	41185	39252	
4930	0	39328	34582	41090	39044	
4931	0	41788	40812	40988	38932	
4932	0	26654	48032	40940	38745	
4933	0	43072	27968	40928	38625	
4934	0	33200	40752	40733	38480	
4935	0	38628	43536	40688	38236	
4936	0	30379	40760	40656	38184	
4937	0	33848	39064	40580	37968	
4938	0	33668	36500	40456	37880	
4939	0	33616	39192	40305	37673	
4940	0	33288	37468	40160	37572	
4941	0	33812	36554	40012	37372	
4942	0	33704	37892	39872	37272	
4943	0	33936	37144	39878	37184	
4944	0	33496	37092	39634	37024	
4945	0	33778	37392	39512	36900	
4946	0	32932	37728	39392	36688	
4947	0	33410	37624	39212	36630	
4948	0	33688	37572	39080	36469	
4949	0	33852	37440	38944	36337	
4950	0	34154	37452	38872	36136	
4951	0	34232	37672	38688	36000	
4952	0	34104	37744	38512	35880	
4953	0	33898	37680	38372	35701	
4954	0	33890	37688	38208	35540	
4955	0	33896	37592	38112	35376	
4956	0	33922	37544	37908	35253	
4957	0	34120	37557	37792	35036	
4958	0	34085	37848	37577	34909	
4959	0	34182	37628	37417	34664	
4960	0	34112	37576	37292	34476	
4961	0	34084	37524	37068	34252	
4962	0	34112	37356	36960	34093	
4963	0	34010	37629	36736	33824	
4964	0	34052	37340	36564	33657	
4965	0	33940	37636	36296	33360	
4966	0	34048	37440	36104	33184	
4967	0	34108	37256	35888	32953	
4968	0	34044	37524	35694	32708	
4969	0	34194	37164	35468	32448	
4970	0	34224	37080	35332	32156	
4971	0	34148	37316	35122	31901	
4972	0	34208	37116	34845	31709	
4973	0	34212	37152	34684	31412	
4974	0	34344	37272	34474	31148	
4975	0	34312	37512	34200	30902	
4976	0	34540	37148	33985	30694	
4977	0	34429	37309	33753	30401	
4978	0	34276	37312	33538	30176	
4979	0	34328	37242	33344	29925	
4980	0	34368	37248	33112	29686	
4981	0	34396	37240	32936	29479	
4982	0	34492	37280	32673	29224	
4983	0	34533	37245	32500	29006	
4984	0	34456	37298	32244	28792	
4985	0	34420	37424	32033	28548	
4986	0	34592	37217	31816	28332	
4987	0	34304	37692	31608	28109	
4988	0	34504	37497	31396	27916	
4989	0	34499	37920	31176	27702	
4990	0	34620	37704	30964	27528	
4991	0	34464	37732	30745	27312	
4992	0	34204	37769	30528	27140	
4993	0	34086	37328	30328	26964	
4994	0	34432	38188	30092	26788	
4995	0	34504	37880	29881	26603	
4996	0	34341	38057	29697	26448	
4997	0	34528	38572	29484	26288	
4998	0	35032	38594	29249	26128	
4999	0	34692	39736	29049	25962	
5000	0	34962	39725	28788	25844	
5001	0	35140	39864	28592	25685	
5002	0	35337	40208	28368	25573	
5003	0	35296	40372	28208	25437	
5004	0	34936	40228	27988	25288	
5005	0	34352	40784	27740	25174	
5006	0	33978	40768	27568	25084	
5007	0	33676	41472	27341	24968	
5008	0	33485	41580	27178	24860	
5009	0	32265	41305	26944	24749	
5010	0	32440	40985	26768	24669	
5011	0	33280	40856	26568	24608	
5012	0	34456	40276	26333	24536	
5013	0	36531	39732	26148	24476	
5014	0	36724	38584	25932	24445	
5015	0	35668	38461	25760	24409	
5016	0	34152	37064	25596	24405	
5017	0	32240	36704	25392	24348	
5018	0	32226	35504	25225	24316	
5019	0	33112	36065	24970	24350	
5020	0	33832	34352	24817	24293	
5021	0	32840	39377	24672	24297	
5022	0	35860	33032	24468	24301	
5023	0	35693	31752	24340	24280	
5024	0	35560	34508	24156	24276	
5025	0	35216	35588	23998	24301	
5026	0	34496	35714	23816	24302	
5027	0	34632	35748	23645	24294	
5028	0	34646	35452	23480	24290	
5029	0	34540	35562	23328	24272	
5030	0	34656	35560	23184	24284	
5031	0	35264	35624	22980	24326	
5032	0	35616	35322	22880	24310	
5033	0	36176	35072	22752	24288	
5034	0	36506	34984	22561	24257	
5035	0	36536	35180	22472	24240	
5036	0	36720	35440	22312	24268	
5037	0	37004	35184	22170	24220	
5038	0	36880	35722	22096	24212	
5039	0	36832	36200	21964	24188	
5040	0	36920	36192	21852	24236	
5041	0	37276	36432	21769	24179	
5042	0	37196	36760	21634	24189	
5043	0	37168	37312	21560	24244	
5044	0	37148	37332	21474	24196	
5045	0	37244	37516	21413	24200	
5046	0	37428	37700	21304	24190	
5047	0	37672	38125	21213	24201	
5048	0	38076	38344	21224	24172	
5049	0	38176	38724	21116	24176	
5050	0	38684	38939	21072	24246	
5051	0	38930	38985	21012	24202	
5052	0	39720	39285	20942	24196	
5053	0	39864	39212	20941	24202	
5054	0	39988	39292	20865	24228	
5055	0	39552	39435	20868	24174	
5056	0	40146	39492	20852	24220	
5057	0	40453	39500	20768	24188	
5058	0	41112	39410	20762	24206	
5059	0	41104	38864	20764	24176	
5060	0	40954	38266	20724	24260	
5061	0	40576	37716	20737	24228	
5062	0	40098	37392	20714	24264	
5063	0	39100	36988	20696	24189	
5064	0	38122	37104	20634	24260	
5065	0	37448	36929	20624	24236	
5066	0	36888	37000	20598	24257	
5067	0	32189	45096	20648	24251	
5068	0	29014	43128	20584	24216	
5069	0	28724	41744	20581	24269	
5070	0	26301	39936	20596	24288	
5071	0	36462	27128	20662	24332	
5072	0	33840	41418	20562	24300	
5073	0	39748	41752	20565	24364	
5074	0	29865	41512	20576	24386	
5075	0	33060	37532	20569	24452	
5076	0	34144	37973	20576	24488	
5077	0	33389	38260	20557	24545	
5078	0	33808	36748	20629	24605	
5079	0	34093	37108	20624	24698	
5080	0	34128	37428	20610	24732	
5081	0	33484	37616	20592	24828	
5082	0	33221	37440	20692	24954	
5083	0	32988	37613	20708	25058	
5084	0	32832	37448	20730	25164	
5085	0	33176	37472	20760	25272	
5086	0	33708	37352	20860	25440	
5087	0	34196	37602	20899	25522	
5088	0	34224	37604	20957	25741	
5089	0	33692	37552	21133	25844	
5090	0	33576	37744	21266	26030	
5091	0	33426	37625	21366	26217	
5092	0	33484	37625	21532	26348	
5093	0	33866	37664	21676	26524	
5094	0	34044	37540	21836	26728	
5095	0	34044	37604	21980	26913	
5096	0	34144	37480	22148	27075	
5097	0	33948	37600	22344	27224	
5098	0	34066	37600	22582	27396	
5099	0	33772	37624	22760	27553	
5100	0	33989	37472	22988	27709	
5101	0	34029	37345	23177	27892	
5102	0	34024	37716	23363	28046	
5103	0	33997	37576	23576	28152	
5104	0	34090	37328	23844	28318	
5105	0	34084	37316	24080	28549	
5106	0	34300	37288	24327	28612	
5107	0	34304	37472	24576	28785	
5108	0	34224	37212	24845	28906	
5109	0	34080	37224	25070	29058	
5110	0	34090	37472	25288	29218	
5111	0	34176	37537	25584	29348	
5112	0	34100	37388	25844	29504	
5113	0	34176	37652	26105	29664	
5114	0	34132	37426	26384	29836	
5115	0	34096	37585	26640	29968	
5116	0	34216	37240	26914	30132	
5117	0	34088	37264	27126	30284	
5118	0	34092	37260	27448	30487	
5119	0	34124	37401	27672	30624	
5120	0	34200	37396	27914	30784	
5121	0	34144	37256	28221	31014	
5122	0	34300	37416	28480	31125	
5123	0	34226	37441	28736	31313	
5124	0	34325	37296	28981	31548	
5125	0	34216	37430	29224	31676	
5126	0	34240	37496	29488	31868	
5127	0	34368	37536	29732	32072	
5128	0	34264	37656	29976	32252	
5129	0	34252	37896	30233	32513	
5130	0	34533	37646	30468	32653	
5131	0	34520	37826	30712	32940	
5132	0	34190	38328	30952	33141	
5133	0	34600	39144	31184	33384	
5134	0	34409	38909	31429	33496	
5135	0	33480	38764	31658	33698	
5136	0	33836	40192	31872	33934	
5137	0	34393	40416	32133	34144	
5138	0	34712	40816	32373	34448	
5139	0	34285	40564	32609	34714	
5140	0	33826	40512	32837	34904	
5141	0	33404	40604	33081	35177	
5142	0	33360	40718	33304	35274	
5143	0	32760	40588	33541	35532	
5144	0	32829	40120	33776	35813	
5145	0	32976	40122	34008	36006	
5146	0	33800	40164	34244	36376	
5147	0	35214	40496	34488	36554	
5148	0	35973	41397	34740	36920	
5149	0	36298	40056	34984	37096	
5150	0	37096	40180	35264	37368	
5151	0	36782	40160	35485	37644	
5152	0	36800	39236	35744	37944	
5153	0	37888	39888	36076	38296	
5154	0	38770	37484	36301	38680	
5155	0	39845	37604	36594	38912	
5156	0	38765	38620	36906	39202	
5157	0	38776	39241	37161	39536	
5158	0	38329	38464	37501	39936	
5159	0	36673	38764	37758	40320	
5160	0	36017	38480	38060	40588	
5161	0	35272	36393	38489	40828	
5162	0	34622	36672	38796	41168	
5163	0	34352	36764	39000	41481	
5164	0	33976	36140	39364	41848	
5165	0	33916	35460	39596	42104	
5166	0	33404	34848	39968	42340	
5167	0	32722	34224	40228	42680	
5168	0	32484	33908	40520	42836	
5169	0	32500	34120	40761	43040	
5170	0	32428	34192	41048	43357	
5171	0	31753	33202	41324	43500	
5172	0	32034	33753	41632	43672	
5173	0	31865	33624	42040	43856	
5174	0	31732	33428	42172	44012	
5175	0	31872	33196	42408	44164	
5176	0	32092	33104	42736	44308	
5177	0	32352	32884	42904	44400	
5178	0	32357	32756	43128	44536	
5179	0	32664	32956	43424	44616	
5180	0	32860	33304	43564	44669	
5181	0	33020	33792	43797	44653	
5182	0	33624	33552	43992	44716	
5183	0	33561	33420	44212	44748	
5184	0	33888	33692	44448	44688	
5185	0	33865	33784	44592	44644	
5186	0	33941	33992	44752	44660	
5187	0	33798	34096	45012	44570	
5188	0	33921	34096	45100	44468	
5189	0	34220	33992	45348	44364	
5190	0	34660	34030	45433	44288	
5191	0	35056	33820	45592	44160	
5192	0	35536	33876	45808	44133	
5193	0	35610	34056	45896	43978	
5194	0	35732	34096	46093	43864	
5195	0	36156	34088	46201	43656	
5196	0	35872	34056	46284	43556	
5197	0	42593	38285	46446	43448	
5198	0	54948	36784	46568	43233	
5199	0	55228	54704	46706	43144	
5200	0	22216	26472	46856	42948	
5201	0	10492	39906	47001	42779	
5202	0	37973	41632	47058	42657	
5203	0	38968	35032	47164	42536	
5204	0	36752	32932	47316	42418	
5205	0	36677	33712	47392	42292	
5206	0	34928	36664	47500	42176	
5207	0	33284	38180	47648	42032	
5208	0	35656	37196	47820	41944	
5209	0	36528	36986	47936	41836	
5210	0	35437	36621	48040	41744	
5211	0	35002	36448	48104	41660	
5212	0	35545	36376	48216	41588	
5213	0	35394	36514	48368	41536	
5214	0	35338	36504	48492	41476	
5215	0	35292	36192	48576	41440	
5216	0	35248	36157	48708	41412	
5217	0	35577	36684	48832	41392	
5218	0	35288	36952	48936	41384	
5219	0	35052	36576	49144	41388	
5220	0	35500	36580	49193	41409	
5221	0	35268	36448	49364	41432	
5222	0	35284	36704	49492	41441	
5223	0	35300	36960	49697	41488	
5224	0	35093	36916	49793	41500	
5225	0	35256	37174	49856	41554	
5226	0	35058	37200	50040	41564	
5227	0	35144	37186	50121	41605	
5228	0	35172	36813	50276	41624	
5229	0	35104	36826	50432	41656	
5230	0	35108	36742	50588	41696	
5231	0	35048	36860	50610	41732	
5232	0	34949	36908	50800	41752	
5233	0	34971	37049	50928	41714	
5234	0	34954	36952	51008	41747	
5235	0	34788	36984	51088	41740	
5236	0	34881	37008	51173	41724	
5237	0	34848	37016	51236	41716	
5238	0	34776	37216	51384	41628	
5239	0	34866	37280	51396	41584	
5240	0	34698	37304	51488	41516	
5241	0	34780	37320	51620	41440	
5242	0	34529	37417	51608	41456	
5243	0	34628	37448	51680	41304	
5244	0	34544	37360	51720	41212	
5245	0	34612	37268	51728	41124	
5246	0	34512	37378	51760	41081	
5247	0	34456	37386	51824	40896	
5248	0	34548	37368	51792	40784	
5249	0	34476	37416	51788	40656	
5250	0	34578	37338	51858	40568	
5251	0	34508	37323	51796	40404	
5252	0	34418	37716	51748	40386	
5253	0	34418	37608	51732	40213	
5254	0	34344	37524	51648	40058	
5255	0	34325	37404	51673	39976	
5256	0	34476	37384	51652	39824	
5257	0	34600	37196	51528	39578	
5258	0	34436	37384	51480	39456	
5259	0	34606	37488	51400	39376	
5260	0	34516	37616	51280	39212	
5261	0	34552	37808	51272	39112	
5262	0	34500	37704	51120	39000	
5263	0	34499	37586	51032	38841	
5264	0	34672	37520	50944	38722	
5265	0	34656	37500	50856	38544	
5266	0	34713	37696	50696	38437	
5267	0	34680	38148	50612	38329	
5268	0	35053	37792	50540	38240	
5269	0	34132	37972	50352	38109	
5270	0	34480	38806	50276	38012	
5271	0	34816	39522	50157	37902	
5272	0	35094	39368	50032	37840	
5273	0	34632	39460	49888	37816	
5274	0	34560	39833	49684	37745	
5275	0	34144	40532	49616	37634	
5276	0	33500	40024	49432	37556	
5277	0	33776	41324	49256	37472	
5278	0	33384	40226	49156	37372	
5279	0	33636	39500	49020	37260	
5280	0	33230	39348	48872	37244	
5281	0	35160	40044	48712	37128	
5282	0	35869	40672	48512	37020	
5283	0	35820	40704	48334	36928	
5284	0	36802	40718	48212	36948	
5285	0	37248	40312	48050	36882	
5286	0	38352	39105	47904	36768	
5287	0	38809	39528	47700	36704	
5288	0	37762	41380	47576	36672	
5289	0	38994	38084	47388	36561	
5290	0	43116	34048	47294	36400	
5291	0	39664	40196	47060	36408	
5292	0	38400	39237	46912	36320	
5293	0	36824	39540	46700	36226	
5294	0	35624	40644	46610	36188	
5295	0	35110	40584	46432	36057	
5296	0	34812	40112	46177	35964	
5297	0	33970	38364	46032	35903	
5298	0	34000	38140	45892	35736	
5299	0	33580	37057	45656	35620	
5300	0	33508	36954	45472	35520	
5301	0	33004	36376	45268	35458	
5302	0	32952	35928	45068	35221	
5303	0	32688	35468	44880	35090	
5304	0	32296	35240	44650	35010	
5305	0	32248	34716	44497	34841	
5306	0	32084	34300	44269	34692	
5307	0	32284	34592	43972	34546	
5308	0	32260	33744	43818	34329	
5309	0	32312	33596	43505	34164	
5310	0	32496	34208	43328	33924	
5311	0	32192	33618	43088	33732	
5312	0	32336	33522	42772	33500	
5313	0	32437	33552	42464	33348	
5314	0	32500	33306	42192	33126	
5315	0	32496	33261	41844	32909	
5316	0	32608	33288	41561	32612	
5317	0	32720	33248	41396	32396	
5318	0	32788	33369	41048	32160	
5319	0	32868	33560	40712	31916	
5320	0	32936	33877	40321	31642	
5321	0	33202	33864	39976	31298	
5322	0	33232	33748	39716	31073	
5323	0	33276	33990	39324	30786	
5324	0	33312	34088	38977	30489	
5325	0	33556	34152	38640	30187	
5326	0	33922	33972	38276	29944	
5327	0	34268	34004	38024	29661	
5328	0	34828	34042	37564	29384	
5329	0	35304	34228	37188	29052	
5330	0	35372	34460	36944	28804	
5331	0	35140	34624	36456	28525	
5332	0	34292	34552	36090	28248	
5333	0	33108	34284	35732	27969	
5334	0	47020	38472	35404	27704	
5335	0	56128	25460	34998	27436	
5336	0	33924	43712	34640	27172	
5337	0	20272	37842	34277	26920	
5338	0	19987	41828	33928	26710	
5339	0	42032	40452	33560	26478	
5340	0	38316	35269	33242	26256	
5341	0	36606	32649	32848	26050	
5342	0	37360	32425	32482	25876	
5343	0	32045	36032	32142	25688	
5344	0	35557	36412	31802	25502	
5345	0	36610	37600	31465	25357	
5346	0	35952	37021	31120	25202	
5347	0	35314	36992	30784	25074	
5348	0	35492	36690	30452	24948	
5349	0	35790	36821	30128	24825	
5350	0	35632	36620	29797	24725	
5351	0	35464	36568	29480	24618	
5352	0	35513	36324	29160	24532	
5353	0	35568	36496	28872	24462	
5354	0	35684	36664	28556	24388	
5355	0	35624	36636	28232	24324	
5356	0	35576	36704	27946	24272	
5357	0	35656	36680	27654	24220	
5358	0	35560	36708	27404	24176	
5359	0	35336	37004	27056	24140	
5360	0	35645	36836	26821	24103	
5361	0	35258	37112	26512	24062	
5362	0	35330	36833	26289	24054	
5363	0	35328	36800	26032	23982	
5364	0	35264	36613	25778	23952	
5365	0	35311	36796	25537	23908	
5366	0	35152	36692	25304	23857	
5367	0	35164	36978	25053	23850	
5368	0	34996	36828	24754	23812	
5369	0	35220	37148	24594	23744	
5370	0	35068	37108	24294	23651	
5371	0	35065	37232	24133	23600	
5372	0	34940	37116	23912	23514	
5373	0	34844	37204	23660	23442	
5374	0	35032	36908	23448	23360	
5375	0	34848	37052	23217	23252	
5376	0	34736	37172	23009	23156	
5377	0	34792	37252	22820	23044	
5378	0	34520	37418	22548	22916	
5379	0	34644	37336	22389	22818	
5380	0	34668	37420	22152	22696	
5381	0	34554	37426	21950	22552	
5382	0	34640	37468	21708	22402	
5383	0	34562	37616	21458	22280	
5384	0	34520	37512	21308	22128	
5385	0	34529	37556	21092	21978	
5386	0	34464	37424	20832	21838	
5387	0	34496	37369	20600	21662	
5388	0	34520	37216	20443	21482	
5389	0	34418	37249	20190	21322	
5390	0	34456	37372	19992	21188	
5391	0	34536	37472	19721	21016	
5392	0	34666	37372	19514	20850	
5393	0	34452	37600	19310	20699	
5394	0	34594	37372	19124	20557	
5395	0	34448	37533	18862	20440	
5396	0	34545	37476	18674	20288	
5397	0	34580	37424	18506	20106	
5398	0	34686	37304	18232	20004	
5399	0	34725	37304	18104	19829	
5400	0	34684	37504	17854	19704	
5401	0	34761	37664	17728	19649	
5402	0	34620	37864	17530	19536	
5403	0	34570	38157	17312	19446	
5404	0	34820	38192	17177	19348	
5405	0	34552	38045	17020	19354	
5406	0	34440	38542	16836	19262	
5407	0	34900	39360	16738	19218	
5408	0	34960	39284	16544	19192	
5409	0	35056	39316	16420	19179	
5410	0	34600	39200	16284	19160	
5411	0	34304	39362	16213	19229	
5412	0	33996	39964	16132	19224	
5413	0	34080	40105	16093	19322	
5414	0	33817	39760	15992	19332	
5415	0	33192	40984	15942	19465	
5416	0	33792	40036	15906	19588	
5417	0	34436	39324	15866	19609	
5418	0	33872	39682	15857	19841	
5419	0	34674	40160	15802	19984	
5420	0	35408	39801	15862	20125	
5421	0	35992	39672	15858	20356	
5422	0	36868	38881	15916	20574	
5423	0	37820	38716	15980	20861	
5424	0	37216	39508	16024	21144	
5425	0	37837	40432	16112	21429	
5426	0	36436	42852	16210	21678	
5427	0	42720	32314	16300	22104	
5428	0	39824	38948	16460	22444	
5429	0	38248	39136	16561	22772	
5430	0	37044	39892	16726	23208	
5431	0	35796	40144	16901	23568	
5432	0	35648	39680	17038	23964	
5433	0	34988	37952	17188	24294	
5434	0	34880	38092	17389	24794	
5435	0	34952	37588	17606	25232	
5436	0	34994	37376	17855	25688	
5437	0	34320	36176	18027	26084	
5438	0	34300	36132	18280	26462	
5439	0	34244	35438	18472	26906	
5440	0	33712	35324	18713	27336	
5441	0	33046	35372	18967	27900	
5442	0	32998	35040	19216	28292	
5443	0	32800	34482	19456	28696	
5444	0	32824	34417	19606	29129	
5445	0	32520	34261	19896	29522	
5446	0	32376	34341	20157	29908	
5447	0	32316	34298	20404	30320	
5448	0	32205	33896	20633	30680	
5449	0	32340	33408	20832	31040	
5450	0	32744	33928	21053	31404	
5451	0	32752	33576	21285	31754	
5452	0	32808	33252	21486	32012	
5453	0	32892	33312	21700	32412	
5454	0	33013	33220	22000	32700	
5455	0	33148	33496	22146	33000	
5456	0	33112	33563	22362	33315	
5457	0	33337	33741	22576	33436	
5458	0	33016	33760	22836	33806	
5459	0	33412	33684	23108	33944	
5460	0	33440	33668	23269	34304	
5461	0	33808	33760	23467	34516	
5462	0	34116	33676	23684	34748	
5463	0	34308	33584	23896	34952	
5464	0	34704	33696	24078	35108	
5465	0	34821	33888	24242	35328	
5466	0	34996	34085	24440	35432	
5467	0	35296	34196	24688	35724	
5468	0	35297	34301	24889	35808	
5469	0	35232	34136	25104	35938	
5470	0	34832	33608	25312	36116	
5471	0	36704	32704	25512	36266	
5472	0	54216	29035	25749	36352	
5473	0	51464	49824	25858	36466	
5474	0	43700	43072	26080	36600	
5475	0	14184	37565	26336	36765	
5476	0	31280	48421	26510	36880	
5477	0	40072	39248	26728	36972	
5478	0	37028	33280	27048	37128	
5479	0	36964	30852	27284	37252	
5480	0	34438	32588	27510	37412	
5481	0	33858	36008	27728	37561	
5482	0	35193	37209	27972	37624	
5483	0	35933	37824	28200	37842	
5484	0	35928	37912	28480	37984	
5485	0	34660	37052	28730	38120	
5486	0	35176	36936	29013	38248	
5487	0	35592	36588	29273	38312	
5488	0	35680	36760	29532	38548	
5489	0	35172	36653	29812	38642	
5490	0	35164	36485	30096	38788	
5491	0	35460	36544	30380	39024	
5492	0	35536	36648	30669	39180	
5493	0	35512	36772	30953	39216	
5494	0	35398	36816	31272	39476	
5495	0	35456	36780	31572	39640	
5496	0	35484	36728	31852	39704	
5497	0	35280	36602	32154	39949	
5498	0	35261	37052	32460	40066	
5499	0	35208	37228	32760	40224	
5500	0	35148	37040	33101	40384	
5501	0	35172	36968	33396	40392	
5502	0	35101	36864	33714	40544	
5503	0	35068	36768	34008	40649	
5504	0	35018	36836	34296	40880	
5505	0	34920	36905	34612	40828	
5506	0	34852	37049	34964	41012	
5507	0	35008	37164	35272	41041	
5508	0	34996	37180	35545	41104	
5509	0	34556	37156	35773	41152	
5510	0	34744	37144	36116	41208	
5511	0	34744	37234	36420	41320	
5512	0	34672	37048	36600	41328	
5513	0	34756	37216	36908	41296	
5514	0	34624	37244	37112	41356	
5515	0	34432	37380	37348	41264	
5516	0	34560	37380	37644	41266	
5517	0	34484	37472	37896	41258	
5518	0	34564	37424	38033	41216	
5519	0	34370	37372	38232	41177	
5520	0	34360	37478	38428	41108	
5521	0	34313	37456	38616	41008	
5522	0	34348	37460	38796	41017	
5523	0	34338	37408	38956	40954	
5524	0	34320	37277	39108	40926	
5525	0	34264	37410	39328	40804	
5526	0	34170	37616	39392	40634	
5527	0	34308	37688	39520	40628	
5528	0	34336	37592	39656	40424	
5529	0	34324	37624	39826	40452	
5530	0	34273	37410	39868	40224	
5531	0	34296	37308	39968	40128	
5532	0	34316	37296	40026	40056	
5533	0	34352	37284	40120	39976	
5534	0	34296	37496	40186	39856	
5535	0	34432	37586	40384	39896	
5536	0	34436	37656	40352	39812	
5537	0	34536	37680	40520	39616	
5538	0	34326	37636	40444	39648	
5539	0	34256	37692	40576	39500	
5540	0	34340	37808	40548	39516	
5541	0	34357	38048	40720	39456	
5542	0	34572	38208	40644	39344	
5543	0	34528	38106	40828	39288	
5544	0	34120	38665	40729	39297	
5545	0	34504	39384	40876	39260	
5546	0	34536	39640	40796	39276	
5547	0	34082	39648	40968	39268	
5548	0	33980	38972	40868	39146	
5549	0	33881	39516	40888	39136	
5550	0	33644	39596	41032	39232	
5551	0	33210	39790	40944	39184	
5552	0	33352	39748	41024	39196	
5553	0	32677	40108	40968	39203	
5554	0	32612	40540	41032	39120	
5555	0	33185	39793	40993	39177	
5556	0	34906	38930	41024	39196	
5557	0	34772	39472	41061	39205	
5558	0	35248	38776	41116	39208	
5559	0	35784	39332	41014	39202	
5560	0	36104	39476	41004	39144	
5561	0	37382	39036	41008	39200	
5562	0	36608	39040	40984	39153	
5563	0	36923	39448	40976	39136	
5564	0	37492	41650	41005	39136	
5565	0	42032	35352	41052	39048	
5566	0	40672	38732	40940	39032	
5567	0	39385	38173	40896	39072	
5568	0	37880	38912	40986	38913	
5569	0	36568	40077	40892	38868	
5570	0	35576	39876	40788	38848	
5571	0	35173	39008	40720	38800	
5572	0	34988	38792	40656	38640	
5573	0	34116	38284	40600	38572	
5574	0	34356	37624	40528	38444	
5575	0	33912	37264	40464	38340	
5576	0	33421	36748	40412	38284	
5577	0	33568	36576	40246	38184	
5578	0	33120	35948	40136	37986	
5579	0	33032	35252	39996	37788	
5580	0	32920	34924	39848	37712	
5581	0	32737	34841	39680	37456	
5582	0	32828	34713	39584	37268	
5583	0	32816	34720	39328	37172	
5584	0	32888	34416	39228	36936	
5585	0	32836	34216	38944	36744	
5586	0	32989	34376	38740	36512	
5587	0	32876	33878	38540	36266	
5588	0	33152	33965	38309	35968	
5589	0	33452	33936	38080	35772	
5590	0	33296	34000	37842	35448	
5591	0	33461	34020	37569	35180	
5592	0	33548	33725	37308	34976	
5593	0	33640	33776	37056	34692	
5594	0	33792	33993	36780	34424	
5595	0	33693	33876	36504	34097	
5596	0	33816	34016	36217	33736	
5597	0	33807	34008	36016	33465	
5598	0	33792	34148	35650	33132	
5599	0	34012	34480	35320	32813	
5600	0	34144	34354	35105	32501	
5601	0	34332	34396	34688	32204	
5602	0	34625	34514	34460	31931	
5603	0	34780	34468	34117	31581	
5604	0	35009	34469	33740	31234	
5605	0	35124	34308	33424	30912	
5606	0	35196	34193	33124	30642	
5607	0	35304	34112	32790	30321	
5608	0	35304	34080	32436	30016	
5609	0	34600	34164	32144	29712	
5610	0	34072	33916	31808	29428	
5611	0	41060	33724	31452	29176	
5612	0	51684	29140	31137	28900	
5613	0	56225	48642	30764	28645	
5614	0	30796	39288	30496	28376	
5615	0	19949	37320	30190	28125	
5616	0	30560	46096	29760	27896	
5617	0	33796	42593	29552	27668	
5618	0	38356	39556	29237	27489	
5619	0	35292	36329	28984	27260	
5620	0	35752	33376	28701	27080	
5621	0	35364	32988	28428	26906	
5622	0	33368	33032	28156	26756	
5623	0	37376	35680	27898	26562	
5624	0	36052	36780	27624	26424	
5625	0	35000	37856	27392	26294	
5626	0	34284	37808	27161	26169	
5627	0	35328	37744	26858	26060	
5628	0	35868	37312	26672	25964	
5629	0	35873	37356	26444	25853	
5630	0	35190	36720	26292	25785	
5631	0	35040	36300	26052	25752	
5632	0	35304	36072	25916	25641	
5633	0	35520	36408	25717	25616	
5634	0	35284	36676	25505	25546	
5635	0	35444	36888	25406	25498	
5636	0	35496	36944	25177	25472	
5637	0	35532	36844	25044	25436	
5638	0	35644	36840	24913	25405	
5639	0	35272	36868	24816	25433	
5640	0	35200	36704	24668	25341	
5641	0	35284	36936	24552	25320	
5642	0	35380	36976	24404	25305	
5643	0	35292	36872	24297	25298	
5644	0	35176	36968	24148	25216	
5645	0	35100	36960	24109	25238	
5646	0	35052	36826	24020	25218	
5647	0	35112	36896	23836	25180	
5648	0	35008	37112	23736	25068	
5649	0	35008	36833	23649	25000	
5650	0	34969	36753	23604	24964	
5651	0	34873	36992	23510	24906	
5652	0	34750	37224	23400	24808	
5653	0	34912	37044	23373	24761	
5654	0	34792	37360	23327	24673	
5655	0	34838	37312	23253	24580	
5656	0	34656	37297	23106	24512	
5657	0	34528	37268	23064	24410	
5658	0	34540	37412	22994	24348	
5659	0	34536	37432	22944	24242	
5660	0	34612	37364	22840	24132	
5661	0	34533	37292	22815	24004	
5662	0	34536	37316	22773	23905	
5663	0	34529	37352	22714	23795	
5664	0	34432	37252	22650	23730	
5665	0	34464	37456	22566	23603	
5666	0	34428	37564	22530	23437	
5667	0	34416	37476	22466	23349	
5668	0	34384	37408	22356	23243	
5669	0	34428	37204	22266	23080	
5670	0	34373	37264	22280	23012	
5671	0	34549	37512	22235	22848	
5672	0	34584	37408	22142	22728	
5673	0	34520	37401	22132	22652	
5674	0	34664	37486	22044	22498	
5675	0	34106	37032	22016	22402	
5676	0	34610	37249	21940	22329	
5677	0	34745	37328	21872	22206	
5678	0	34525	37296	21912	22129	
5679	0	34580	37516	21872	22046	
5680	0	34468	37592	21844	21956	
5681	0	34488	37737	21813	21904	
5682	0	34796	37636	21788	21841	
5683	0	34796	38060	21696	21798	
5684	0	34829	38284	21745	21761	
5685	0	34826	37924	21708	21760	
5686	0	34320	38444	21748	21730	
5687	0	34702	39132	21696	21729	
5688	0	34784	39424	21704	21744	
5689	0	34752	39348	21780	21765	
5690	0	34352	39340	21824	21830	
5691	0	33781	39930	21804	21868	
5692	0	33730	40026	21878	21928	
5693	0	32980	39898	21890	22004	
5694	0	33140	40376	21984	22136	
5695	0	32732	40133	22040	22264	
5696	0	32548	39816	22162	22409	
5697	0	32912	39872	22168	22612	
5698	0	34672	39700	22301	22749	
5699	0	34224	39248	22432	22969	
5700	0	35344	40004	22544	23226	
5701	0	36346	40176	22610	23456	
5702	0	36516	39040	22728	23693	
5703	0	37640	39104	22946	24020	
5704	0	36056	38584	23008	24313	
5705	0	36360	38868	23240	24672	
5706	0	37424	39292	23392	24980	
5707	0	40920	38209	23540	25340	
5708	0	40092	37920	23656	25769	
5709	0	39424	37880	23892	26108	
5710	0	37860	38720	24048	26496	
5711	0	36300	39136	24245	26994	
5712	0	36256	39922	24464	27333	
5713	0	35244	38588	24588	27740	
5714	0	35592	38616	24828	28178	
5715	0	35684	37564	25025	28665	
5716	0	35388	37312	25264	29036	
5717	0	35544	37136	25380	29516	
5718	0	35424	36400	25605	29912	
5719	0	34401	36124	25868	30387	
5720	0	33876	35776	26056	30750	
5721	0	33560	35484	26285	31170	
5722	0	33368	35413	26440	31618	
5723	0	33057	34920	26648	32017	
5724	0	33086	34936	26848	32400	
5725	0	32450	34352	27078	32773	
5726	0	32584	34188	27274	33153	
5727	0	33176	34396	27464	33504	
5728	0	33220	33969	27646	33917	
5729	0	33392	33949	27848	34200	
5730	0	33440	34076	28052	34548	
5731	0	33228	34020	28246	34873	
5732	0	33308	34233	28416	35144	
5733	0	33353	33911	28594	35500	
5734	0	33597	33995	28776	35728	
5735	0	33788	33896	28952	36000	
5736	0	34128	34004	29136	36280	
5737	0	34365	34121	29310	36496	
5738	0	34576	34452	29485	36738	
5739	0	34874	34624	29673	36842	
5740	0	35068	34661	29828	37050	
5741	0	35236	34846	30002	37308	
5742	0	35480	34898	30184	37460	
5743	0	35736	34884	30344	37612	
5744	0	36028	35012	30536	37820	
5745	0	36624	35172	30717	37896	
5746	0	36850	35293	30866	38068	
5747	0	37088	35444	31044	38084	
5748	0	37364	35392	31208	38228	
5749	0	37432	35348	31392	38340	
5750	0	37194	35412	31556	38465	
5751	0	36932	35504	31745	38585	
5752	0	36396	35608	31952	38656	
5753	0	35616	35718	32120	38780	
5754	0	34844	35632	32257	38821	
5755	0	33981	35272	32440	38874	
5756	0	33313	34738	32672	38884	
5757	0	32865	34688	32818	39064	
5758	0	32425	35040	32969	39152	
5759	0	35888	33988	33200	39168	
5760	0	54372	50832	33298	39272	
5761	0	36370	52804	33492	39320	
5762	0	19856	44121	33696	39447	
5763	0	36360	39032	33900	39496	
5764	0	39696	35901	34076	39544	
5765	0	33988	33064	34264	39641	
5766	0	35596	33720	34520	39688	
5767	0	38006	35593	34692	39774	
5768	0	34364	35804	34894	39944	
5769	0	33566	35402	35156	39992	
5770	0	37040	37985	35352	40120	
5771	0	36288	38220	35576	40104	
5772	0	35082	36680	35888	40296	
5773	0	35701	35840	36138	40320	
5774	0	36072	36396	36317	40464	
5775	0	35714	36876	36594	40432	
5776	0	35562	36200	36945	40568	
5777	0	35154	36472	37204	40770	
5778	0	35532	36540	37513	40756	
5779	0	36024	36473	37700	40850	
5780	0	35728	36757	37992	41024	
5781	0	35656	36600	38308	41076	
5782	0	35744	36713	38617	41316	
5783	0	35729	36626	38928	41292	
5784	0	35640	36728	39281	41456	
5785	0	35744	36682	39644	41608	
5786	0	35656	36684	40000	41640	
5787	0	35653	36441	40229	41796	
5788	0	35332	36692	40586	41768	
5789	0	35404	36964	41000	41882	
5790	0	35480	36740	41240	41992	
5791	0	35448	36808	41556	41972	
5792	0	35372	36932	42028	42112	
5793	0	35312	36840	42230	42049	
5794	0	35168	36896	42608	42208	
5795	0	35152	36907	42880	42160	
5796	0	35010	36928	43296	42100	
5797	0	35144	36924	43524	42196	
5798	0	35180	36904	43912	42116	
5799	0	35068	36804	44180	42048	
5800	0	35088	36856	44441	42024	
5801	0	35088	36952	44800	41948	
5802	0	35084	36956	45024	41900	
5803	0	34944	37020	45296	41792	
5804	0	34860	37208	45552	41628	
5805	0	34912	37240	45860	41472	
5806	0	34860	37236	46112	41402	
5807	0	34864	37090	46344	41240	
5808	0	34972	36996	46580	41044	
5809	0	34940	36680	46725	40864	
5810	0	34916	37060	46948	40694	
5811	0	34828	37168	47144	40520	
5812	0	34952	37170	47408	40323	
5813	0	34964	36984	47540	40120	
5814	0	35028	37176	47668	39932	
5815	0	34954	37236	47920	39720	
5816	0	34960	37144	48048	39532	
5817	0	34864	37260	48112	39325	
5818	0	34812	37264	48289	39104	
5819	0	34852	37288	48372	38916	
5820	0	34932	37136	48468	38625	
5821	0	34913	37184	48648	38464	
5822	0	34853	37236	48736	38252	
5823	0	34824	37212	48736	38076	
5824	0	34790	37260	48800	37890	
5825	0	34840	37188	48872	37746	
5826	0	34900	37196	48904	37512	
5827	0	34793	37162	48952	37304	
5828	0	34692	37108	49060	37112	
5829	0	34729	37146	49060	37048	
5830	0	34636	37152	49024	36848	
5831	0	34706	37124	49016	36756	
5832	0	34657	37144	49004	36544	
5833	0	34776	37228	48960	36404	
5834	0	34804	37292	48937	36276	
5835	0	34837	37332	48980	36160	
5836	0	34760	37405	48876	36084	
5837	0	34644	37400	48872	35928	
5838	0	34794	37384	48780	35908	
5839	0	34645	37432	48672	35722	
5840	0	34753	37377	48624	35633	
5841	0	34704	37312	48496	35521	
5842	0	34716	37277	48352	35412	
5843	0	34725	37379	48228	35360	
5844	0	34604	37364	48124	35240	
5845	0	34748	37336	47960	35202	
5846	0	34624	37509	47864	35065	
5847	0	34580	37596	47700	35064	
5848	0	34820	37452	47448	34894	
5849	0	34724	37408	47316	34898	
5850	0	34560	37314	47064	34721	
