# OpenSignals Text File Format. Version 1
# {"00:07:80:F9:F3:52": {"position": 0, "device": "biosignalsplux", "device name": "00:07:80:F9:F3:52", "device connection": "BTH00:07:80:F9:F3:52", "sampling rate": 100, "resolution": [16, 16, 16, 16], "firmware version": 775, "comments": "", "keywords": "", "mode": 0, "sync interval": 2, "date": "2025-9-19", "time": "10:55:29.728", "channels": [1, 2, 3, 4], "sensor": ["XYZ", "XYZ", "RIP", "RIP"], "label": ["CH1", "CH2", "CH3", "CH4"], "column": ["nSeq", "DI", "CH1", "CH2", "CH3", "CH4"], "special": [{"SpO2": [80, 40, 5, 4, 3, 3]}, {"SpO2": [80, 40, 5, 4, 3, 3]}, {"SpO2": [80, 40, 5, 4, 3, 3]}, {"SpO2": [80, 40, 5, 4, 3, 3]}, {"SpO2": [80, 40, 5, 4, 3, 3]}, {"SpO2": [80, 40, 5, 4, 3, 3]}, {"SpO2": [80, 40, 5, 4, 3, 3]}, {"SpO2": [80, 40, 5, 4, 3, 3]}], "digital IO": [0, 1], "sleeve color": ["white", "white", "dark_blue", "light_blue"], "convertedValues": 0}}
# EndOfHeader
12600	0	34636	37244	32264	31808	
12601	0	34629	37208	32258	31864	
12602	0	34638	37168	32266	31836	
12603	0	34610	37184	32232	31832	
12604	0	34536	37186	32208	31905	
12605	0	34569	37176	32205	31936	
12606	0	34592	37244	32202	31980	
12607	0	34596	37189	32185	31913	
12608	0	34713	37205	32155	32000	
12609	0	34748	37204	32142	31978	
12610	0	34738	37248	32152	32018	
12611	0	34680	37324	32128	32075	
12612	0	34752	37256	32144	32084	
12613	0	34752	37242	32128	32084	
12614	0	34632	37180	32120	32156	
12615	0	34656	37132	32081	32170	
12616	0	34672	37092	32082	32132	
12617	0	34752	37081	32060	32180	
12618	0	34793	37129	32052	32220	
12619	0	34868	37120	32032	32205	
12620	0	34892	37176	32036	32228	
12621	0	34924	37212	32008	32254	
12622	0	34896	37200	32008	32269	
12623	0	34796	37229	31996	32364	
12624	0	34804	37192	31980	32328	
12625	0	34838	37093	31964	32440	
12626	0	34802	37032	31968	32404	
12627	0	34808	37056	31954	32400	
12628	0	34861	37024	31928	32424	
12629	0	34876	37008	31908	32520	
12630	0	34912	36996	31896	32473	
12631	0	34956	37048	31873	32584	
12632	0	34916	37130	31864	32601	
12633	0	34916	37102	31844	32538	
12634	0	34908	37032	31828	32562	
12635	0	34872	36944	31828	32580	
12636	0	34920	36956	31802	32652	
12637	0	35010	36992	31794	32686	
12638	0	35112	36924	31765	32640	
12639	0	35074	36889	31758	32656	
12640	0	35228	37024	31736	32672	
12641	0	35074	37516	31717	32756	
12642	0	35188	37596	31720	32698	
12643	0	35132	37425	31700	32709	
12644	0	35088	37320	31674	32765	
12645	0	35200	37216	31666	32764	
12646	0	35164	37093	31670	32740	
12647	0	35200	37120	31632	32740	
12648	0	35153	37072	31622	32776	
12649	0	35105	37036	31618	32832	
12650	0	35264	37040	31608	32805	
12651	0	35040	36940	31593	32816	
12652	0	35044	37015	31580	32832	
12653	0	35240	37206	31564	32796	
12654	0	35044	37165	31552	32796	
12655	0	35026	37057	31576	32816	
12656	0	35016	37024	31557	32848	
12657	0	35132	36984	31540	32872	
12658	0	34824	36881	31541	32874	
12659	0	35080	37096	31536	32904	
12660	0	35008	37048	31544	32916	
12661	0	35114	37074	31553	33020	
12662	0	35096	37040	31548	33042	
12663	0	34828	37180	31568	33012	
12664	0	34968	37248	31577	33108	
12665	0	35052	37360	31580	33076	
12666	0	34952	37166	31598	33112	
12667	0	34964	37152	31596	33213	
12668	0	35040	37272	31613	33188	
12669	0	35060	37256	31626	33208	
12670	0	35314	37320	31648	33244	
12671	0	35244	37380	31648	33360	
12672	0	35166	37344	31653	33304	
12673	0	35040	37298	31688	33346	
12674	0	35156	37232	31676	33376	
12675	0	35264	37594	31702	33364	
12676	0	35501	37386	31708	33438	
12677	0	35541	37525	31714	33372	
12678	0	35224	37489	31713	33472	
12679	0	35520	37738	31721	33448	
12680	0	35300	38016	31736	33440	
12681	0	35089	38332	31716	33448	
12682	0	35084	38716	31745	33380	
12683	0	34986	39081	31758	33296	
12684	0	34812	39481	31776	33316	
12685	0	34868	39872	31773	33232	
12686	0	35205	39952	31800	33180	
12687	0	35284	40260	31804	33148	
12688	0	35024	40560	31804	33164	
12689	0	35184	40985	31800	33108	
12690	0	35104	41300	31840	32998	
12691	0	35104	41104	31853	33028	
12692	0	34453	40916	31848	32861	
12693	0	35610	39792	31880	32900	
12694	0	36736	39832	31896	32740	
12695	0	35737	38928	31936	32696	
12696	0	36580	37468	31948	32636	
12697	0	37740	36936	31984	32588	
12698	0	38096	37548	32036	32632	
12699	0	37285	37125	32072	32562	
12700	0	37592	36060	32112	32584	
12701	0	37114	35728	32152	32514	
12702	0	36961	36016	32248	32444	
12703	0	38260	35354	32266	32432	
12704	0	36740	34880	32357	32402	
12705	0	35540	34944	32384	32416	
12706	0	31394	36056	32472	32508	
12707	0	33760	36676	32549	32440	
12708	0	32984	36768	32620	32425	
12709	0	32289	36208	32696	32449	
12710	0	32536	35384	32772	32496	
12711	0	32858	35572	32852	32586	
12712	0	33036	35528	32971	32624	
12713	0	32800	35668	33037	32668	
12714	0	32640	35520	33124	32624	
12715	0	32765	35626	33220	32754	
12716	0	32693	35513	33368	32760	
12717	0	32768	35260	33480	32860	
12718	0	32804	35320	33572	32916	
12719	0	33077	36056	33677	33060	
12720	0	33172	35248	33792	33108	
12721	0	33680	34984	33826	33160	
12722	0	33732	34992	33918	33256	
12723	0	33504	35387	34056	33424	
12724	0	33357	35561	34105	33517	
12725	0	33528	35037	34224	33584	
12726	0	33220	35436	34380	33800	
12727	0	33600	35188	34404	33810	
12728	0	33348	35433	34580	33924	
12729	0	33216	35560	34588	34128	
12730	0	33460	35570	34682	34176	
12731	0	33760	35432	34784	34338	
12732	0	33856	35464	34888	34496	
12733	0	34664	35817	34988	34528	
12734	0	34418	35592	35020	34656	
12735	0	34736	35612	35102	34802	
12736	0	35016	35340	35196	34928	
12737	0	35300	35392	35232	35005	
12738	0	35268	35400	35296	35141	
12739	0	35128	35484	35408	35226	
12740	0	35324	35309	35493	35424	
12741	0	34610	34752	35489	35508	
12742	0	33736	33661	35536	35528	
12743	0	51664	41576	35604	35676	
12744	0	56240	42624	35664	35722	
12745	0	22790	42996	35724	35940	
12746	0	20846	37768	35804	35920	
12747	0	32552	42401	35808	36010	
12748	0	35020	38930	35872	36144	
12749	0	37848	35302	35892	36280	
12750	0	36716	34108	35993	36288	
12751	0	36385	32348	35992	36416	
12752	0	34864	34296	36089	36509	
12753	0	34012	35904	36128	36704	
12754	0	34540	37060	36162	36693	
12755	0	35828	37072	36220	36765	
12756	0	36600	37386	36261	36908	
12757	0	35636	37304	36409	36972	
12758	0	35268	36740	36485	37176	
12759	0	35088	37042	36476	37188	
12760	0	35848	36344	36568	37434	
12761	0	35516	36304	36652	37420	
12762	0	35324	36456	36749	37501	
12763	0	35378	36564	36892	37620	
12764	0	35634	36620	37002	37720	
12765	0	35708	36828	37072	37884	
12766	0	35734	36717	37200	38048	
12767	0	35557	36832	37328	38124	
12768	0	35488	37080	37460	38224	
12769	0	35400	36656	37606	38292	
12770	0	35557	36706	37752	38324	
12771	0	35348	36828	37904	38464	
12772	0	35385	36480	38076	38476	
12773	0	35488	36992	38204	38548	
12774	0	35232	37042	38390	38709	
12775	0	35285	36940	38644	38772	
12776	0	35164	36832	38693	38728	
12777	0	35272	36912	38876	38748	
12778	0	35234	36916	39168	38772	
12779	0	35156	36736	39232	38904	
12780	0	35368	36856	39393	38876	
12781	0	35156	36972	39571	38816	
12782	0	35144	37024	39752	38825	
12783	0	35144	36960	39949	38828	
12784	0	34872	37001	40120	38876	
12785	0	35004	37232	40304	38884	
12786	0	34929	37221	40496	38880	
12787	0	34808	37506	40672	38784	
12788	0	34780	37204	40888	38787	
12789	0	34937	37237	41036	38789	
12790	0	34892	37106	41345	38796	
12791	0	34885	37216	41404	38708	
12792	0	34825	37168	41712	38684	
12793	0	34924	37114	41852	38737	
12794	0	34904	37108	41940	38708	
12795	0	34740	37008	42160	38673	
12796	0	34900	36912	42328	38680	
12797	0	34928	36842	42480	38584	
12798	0	34778	36834	42740	38636	
12799	0	34924	37012	42888	38624	
12800	0	35004	37300	43026	38586	
12801	0	34968	37537	43072	38608	
12802	0	34880	37704	43240	38600	
12803	0	34844	37520	43460	38572	
12804	0	35130	37432	43510	38594	
12805	0	35214	37224	43624	38612	
12806	0	35208	37140	43844	38660	
12807	0	35032	37153	43896	38729	
12808	0	35064	37592	44000	38724	
12809	0	35144	37824	44148	38821	
12810	0	35136	38009	44277	38842	
12811	0	35048	38240	44338	38949	
12812	0	35288	37948	44482	39000	
12813	0	34549	37961	44512	39121	
12814	0	34460	38792	44660	39220	
12815	0	35564	39488	44708	39326	
12816	0	35820	39800	44862	39400	
12817	0	35460	40248	44936	39570	
12818	0	34156	40540	44964	39660	
12819	0	34497	41161	45056	39840	
12820	0	34112	40334	45164	39996	
12821	0	33561	40446	45256	40120	
12822	0	33841	40048	45368	40300	
12823	0	33886	39756	45472	40458	
12824	0	34894	40064	45616	40672	
12825	0	34852	40096	45744	40856	
12826	0	35950	39168	45856	41076	
12827	0	38121	38962	45980	41320	
12828	0	38629	38828	46032	41524	
12829	0	38716	38496	46176	41729	
12830	0	37248	40004	46288	41950	
12831	0	41024	33672	46444	42232	
12832	0	40740	37360	46600	42456	
12833	0	38145	40340	46756	42650	
12834	0	37480	40160	46880	42964	
12835	0	35944	40036	47026	43152	
12836	0	34806	39005	47212	43444	
12837	0	34480	38605	47352	43676	
12838	0	34528	38020	47572	43912	
12839	0	34960	37388	47772	44132	
12840	0	34838	36844	47892	44308	
12841	0	34556	36284	48044	44536	
12842	0	33976	35832	48164	44768	
12843	0	33576	35720	48420	44924	
12844	0	33218	35852	48500	45088	
12845	0	32928	35576	48724	45276	
12846	0	32816	35164	48842	45404	
12847	0	32467	35376	48972	45592	
12848	0	32320	34760	49168	45648	
12849	0	32528	34872	49248	45800	
12850	0	32620	34201	49408	45868	
12851	0	32540	33896	49592	45892	
12852	0	32964	34472	49678	45940	
12853	0	32216	33634	49792	45984	
12854	0	32481	34017	49972	46010	
12855	0	32537	33880	50012	45998	
12856	0	32742	33574	50132	45936	
12857	0	33160	34016	50248	45916	
12858	0	32864	33760	50304	45836	
12859	0	33040	33556	50448	45705	
12860	0	33240	33896	50512	45632	
12861	0	33344	33888	50604	45460	
12862	0	33788	34058	50712	45336	
12863	0	33848	33989	50762	45196	
12864	0	34224	34400	50817	45000	
12865	0	34329	34324	50952	44852	
12866	0	34568	34400	50972	44648	
12867	0	34468	34352	51096	44444	
12868	0	34400	34928	51080	44232	
12869	0	33996	34856	51168	44000	
12870	0	33656	35232	51236	43793	
12871	0	33252	35468	51354	43568	
12872	0	33244	35672	51364	43336	
12873	0	33356	35888	51384	43093	
12874	0	33588	35720	51424	42873	
12875	0	34290	35601	51496	42616	
12876	0	34468	35480	51552	42376	
12877	0	34916	34877	51612	42144	
12878	0	34969	36160	51600	41924	
12879	0	40196	43568	51612	41682	
12880	0	55836	43104	51732	41529	
12881	0	28064	37300	51672	41226	
12882	0	20282	29888	51744	41016	
12883	0	38024	43436	51680	40768	
12884	0	38624	38112	51676	40681	
12885	0	32204	35520	51672	40400	
12886	0	34424	33984	51657	40204	
12887	0	36704	34345	51628	40024	
12888	0	36496	37560	51584	39956	
12889	0	35417	36577	51536	39720	
12890	0	35112	36468	51496	39561	
12891	0	35264	36740	51400	39406	
12892	0	36228	36888	51408	39348	
12893	0	35612	36600	51272	39098	
12894	0	35392	36744	51264	39049	
12895	0	35684	36709	51092	39000	
12896	0	35672	36404	51048	38928	
12897	0	35720	36033	50881	38740	
12898	0	35520	36356	50768	38716	
12899	0	35600	36514	50592	38560	
12900	0	35564	36389	50528	38465	
12901	0	35628	36389	50308	38412	
12902	0	35748	36717	50164	38317	
12903	0	35422	36828	50016	38216	
12904	0	35553	36820	49828	38072	
12905	0	35456	36710	49684	38084	
12906	0	35430	36512	49432	37956	
12907	0	35328	37002	49273	37860	
12908	0	35370	36832	49060	37762	
12909	0	35341	36772	48836	37516	
12910	0	35180	36888	48616	37416	
12911	0	35244	36608	48324	37336	
12912	0	35192	36672	48042	37126	
12913	0	35180	37060	47784	36980	
12914	0	35156	37108	47492	36832	
12915	0	35320	37089	47220	36576	
12916	0	35004	37024	46940	36328	
12917	0	35012	37034	46608	36176	
12918	0	34980	36832	46364	35993	
12919	0	34984	37096	46024	35692	
12920	0	34880	37114	45620	35444	
12921	0	34884	37128	45288	35188	
12922	0	34788	37136	45004	34977	
12923	0	34626	37188	44576	34680	
12924	0	34704	37256	44208	34505	
12925	0	34680	37284	43833	34156	
12926	0	34528	37296	43456	33937	
12927	0	34670	37140	43052	33565	
12928	0	34644	36984	42780	33360	
12929	0	34680	37120	42260	32993	
12930	0	34792	37588	41956	32729	
12931	0	34664	37856	41488	32456	
12932	0	34552	37932	41144	32104	
12933	0	34608	37828	40632	31826	
12934	0	34772	37444	40256	31552	
12935	0	34824	37137	39752	31296	
12936	0	34812	36986	39312	30992	
12937	0	34710	37012	38853	30717	
12938	0	34681	37269	38422	30416	
12939	0	34820	37564	37968	30140	
12940	0	34660	37710	37548	29852	
12941	0	34768	37988	37080	29586	
12942	0	34884	37690	36616	29324	
12943	0	34964	37504	36208	29094	
12944	0	35108	37244	35716	28858	
12945	0	34976	37432	35268	28603	
12946	0	35032	37584	34812	28381	
12947	0	35120	37654	34360	28160	
12948	0	34876	37860	33928	27954	
12949	0	34776	37977	33472	27745	
12950	0	34544	38456	33024	27560	
12951	0	35104	39496	32592	27376	
12952	0	35686	39580	32132	27216	
12953	0	35672	39628	31688	27037	
12954	0	34732	40433	31250	26888	
12955	0	34496	39808	30772	26749	
12956	0	33354	40377	30397	26612	
12957	0	34069	41624	29896	26504	
12958	0	33920	40104	29424	26389	
12959	0	33856	39837	29048	26264	
12960	0	34152	39888	28576	26181	
12961	0	34889	40064	28168	26106	
12962	0	35653	39557	27713	26044	
12963	0	35348	40021	27317	25988	
12964	0	37604	39049	26832	25954	
12965	0	38812	39292	26460	25925	
12966	0	37824	38778	26060	25952	
12967	0	38090	38768	25589	25898	
12968	0	39872	38600	25252	25924	
12969	0	39641	35757	24869	25925	
12970	0	39936	38338	24396	25956	
12971	0	38316	39540	24084	26000	
12972	0	37381	39688	23664	26053	
12973	0	36622	39264	23332	26144	
12974	0	36540	38940	22978	26184	
12975	0	36456	38420	22577	26240	
12976	0	35856	37944	22232	26276	
12977	0	35660	37828	21883	26328	
12978	0	34800	37168	21558	26410	
12979	0	34080	37088	21234	26452	
12980	0	33528	36936	20956	26458	
12981	0	32630	36328	20670	26507	
12982	0	32418	35904	20360	26458	
12983	0	32474	35568	20044	26512	
12984	0	32317	34560	19784	26504	
12985	0	32168	34744	19560	26448	
12986	0	31976	34128	19256	26420	
12987	0	32029	34472	19017	26357	
12988	0	32240	34068	18798	26240	
12989	0	32184	33794	18537	26158	
12990	0	32400	33836	18318	26036	
12991	0	32312	33312	18050	25842	
12992	0	32512	34370	17829	25684	
12993	0	31936	32616	17594	25602	
12994	0	32436	33048	17388	25325	
12995	0	32756	32944	17160	25165	
12996	0	32962	32808	16905	24982	
12997	0	33088	33256	16728	24656	
12998	0	32752	33152	16530	24458	
12999	0	32742	33936	16296	24256	
13000	0	33060	34464	16100	24020	
13001	0	33314	34186	15833	23678	
13002	0	33817	34589	15678	23465	
13003	0	34148	34888	15480	23188	
13004	0	34603	35072	15282	22941	
13005	0	35034	35456	15060	22616	
13006	0	35440	35350	14873	22344	
13007	0	36121	35320	14677	22056	
13008	0	36124	35056	14466	21748	
13009	0	36380	35093	14324	21428	
13010	0	36432	34616	14136	21185	
13011	0	36864	34460	13924	20976	
13012	0	37177	33952	13744	20630	
13013	0	37176	33408	13632	20472	
13014	0	36984	32532	13444	20201	
13015	0	36688	32064	13287	19996	
13016	0	55008	34992	13104	19680	
13017	0	56344	46693	13007	19472	
13018	0	17718	34804	12856	19220	
13019	0	11488	41240	12726	19064	
13020	0	35488	44112	12603	18888	
13021	0	40428	40376	12454	18674	
13022	0	38970	33706	12325	18457	
13023	0	36116	33024	12229	18372	
13024	0	35348	34326	12129	18257	
13025	0	34276	36028	12040	18133	
13026	0	36434	35776	11908	18012	
13027	0	35648	37052	11806	17832	
13028	0	35896	36884	11800	17780	
13029	0	35208	36740	11739	17748	
13030	0	35872	36748	11682	17650	
13031	0	35944	36986	11626	17621	
13032	0	35536	36876	11613	17600	
13033	0	35508	36492	11580	17529	
13034	0	35608	36144	11604	17515	
13035	0	35665	36352	11564	17554	
13036	0	35720	36776	11590	17626	
13037	0	35832	36652	11602	17665	
13038	0	35608	36536	11659	17657	
13039	0	35760	36608	11685	17776	
13040	0	35690	36696	11784	17840	
13041	0	35676	36777	11861	17956	
13042	0	35648	36948	11948	18081	
13043	0	35424	36844	12052	18185	
13044	0	35264	36681	12136	18308	
13045	0	35444	36829	12284	18488	
13046	0	35296	36516	12377	18582	
13047	0	35508	36896	12554	18770	
13048	0	35274	36888	12739	18867	
13049	0	35322	36828	12850	19061	
13050	0	35244	36596	13012	19340	
13051	0	35185	36584	13234	19485	
13052	0	35241	36804	13400	19688	
13053	0	35268	36928	13622	19896	
13054	0	35012	37032	13765	20130	
13055	0	34780	37032	14044	20322	
13056	0	35100	37376	14260	20528	
13057	0	34908	37316	14461	20748	
13058	0	34764	37181	14664	20946	
13059	0	34858	37133	14936	21152	
13060	0	34984	37016	15093	21314	
13061	0	34936	37032	15402	21581	
13062	0	34920	37224	15636	21784	
13063	0	34873	37044	15892	22034	
13064	0	34853	37088	16064	22244	
13065	0	34768	37177	16393	22424	
13066	0	34720	37217	16634	22650	
13067	0	34720	37228	16890	22880	
13068	0	34864	37264	17154	23084	
13069	0	34876	37336	17361	23290	
13070	0	34854	37404	17661	23496	
13071	0	34816	37600	17905	23746	
13072	0	34849	37554	18148	23925	
13073	0	34794	37592	18425	24142	
13074	0	34765	37400	18644	24376	
13075	0	34816	37328	18937	24532	
13076	0	35048	37308	19157	24836	
13077	0	35024	37384	19466	25012	
13078	0	34984	37332	19692	25240	
13079	0	35320	37080	19939	25484	
13080	0	35069	37248	20254	25744	
13081	0	34840	37548	20513	25948	
13082	0	35080	37596	20769	26224	
13083	0	34922	37880	21037	26494	
13084	0	35316	38736	21209	26720	
13085	0	35088	38340	21552	26990	
13086	0	34144	38472	21802	27301	
13087	0	34828	39188	22052	27529	
13088	0	35120	39240	22364	27877	
13089	0	35436	39316	22603	28204	
13090	0	34720	39792	22888	28480	
13091	0	34600	39618	23178	28804	
13092	0	33804	40418	23362	29204	
13093	0	34048	41052	23646	29545	
13094	0	34210	39876	23920	29908	
13095	0	34120	40436	24266	30264	
13096	0	34928	40200	24580	30648	
13097	0	36282	40596	24834	31132	
13098	0	36680	39976	25126	31468	
13099	0	37572	38984	25420	31922	
13100	0	39044	39072	25752	32324	
13101	0	37676	37948	26040	32793	
13102	0	37617	38976	26309	33284	
13103	0	40560	39632	26662	33736	
13104	0	40064	36760	27024	34202	
13105	0	39716	38808	27261	34708	
13106	0	38752	38980	27581	35189	
13107	0	37696	40276	27900	35752	
13108	0	36668	39048	28308	36218	
13109	0	36225	38272	28632	36764	
13110	0	35953	38253	28952	37184	
13111	0	35568	37624	29248	37613	
13112	0	34824	36868	29584	38192	
13113	0	33985	36428	29920	38612	
13114	0	33660	35552	30233	39076	
13115	0	33497	35888	30557	39540	
13116	0	32992	35522	30884	39965	
13117	0	32881	35168	31210	40296	
13118	0	32496	35348	31509	40708	
13119	0	32400	34813	31800	41088	
13120	0	32628	35216	32137	41416	
13121	0	32332	34460	32453	41772	
13122	0	32200	34569	32736	42057	
13123	0	32257	34762	32992	42428	
13124	0	31848	34709	33360	42680	
13125	0	31616	34152	33596	42884	
13126	0	31980	34704	33826	43104	
13127	0	31876	34744	34080	43280	
13128	0	31930	34490	34400	43488	
13129	0	32440	34128	34656	43608	
13130	0	32256	34770	34856	43680	
13131	0	32404	34240	35101	43776	
13132	0	32864	34082	35292	43872	
13133	0	32920	34144	35493	43941	
13134	0	33340	33500	35730	43929	
13135	0	33732	34251	35894	43968	
13136	0	34152	34001	36061	43905	
13137	0	34464	34649	36329	43928	
13138	0	34772	34800	36404	43840	
13139	0	34917	35092	36610	43752	
13140	0	35616	35029	36728	43720	
13141	0	36032	35064	36960	43572	
13142	0	36288	34908	36980	43444	
13143	0	36888	34848	37106	43320	
13144	0	37680	34209	37241	43236	
13145	0	37256	34664	37352	43016	
13146	0	37440	34212	37568	42877	
13147	0	37526	34178	37613	42808	
13148	0	37636	33680	37680	42601	
13149	0	37208	33614	37782	42446	
13150	0	36564	33313	37865	42220	
13151	0	35648	32872	37960	42020	
13152	0	38980	36992	38096	41940	
13153	0	54748	27409	38128	41672	
13154	0	40032	50892	38192	41508	
13155	0	16036	40324	38328	41482	
13156	0	25389	42364	38346	41328	
13157	0	39368	41772	38437	41072	
13158	0	41700	34576	38556	40928	
13159	0	36516	31218	38552	40796	
13160	0	35244	34053	38621	40672	
13161	0	33008	36468	38720	40634	
13162	0	34856	36792	38708	40349	
13163	0	37496	36651	38781	40244	
13164	0	35540	36172	38848	40120	
13165	0	35228	36736	38944	40008	
13166	0	35935	36828	38880	39890	
13167	0	35901	36740	38932	39804	
13168	0	35736	36600	38976	39764	
13169	0	35296	36224	38993	39657	
13170	0	35524	36210	39028	39530	
13171	0	35760	36240	39064	39449	
13172	0	35714	36385	39104	39444	
13173	0	35713	36554	39124	39217	
13174	0	35525	36744	39144	39114	
13175	0	35548	36496	39206	39004	
13176	0	35584	36897	39293	39018	
13177	0	35458	36648	39324	38885	
13178	0	35456	36690	39316	38756	
13179	0	35372	36566	39348	38548	
13180	0	35361	36844	39236	38528	
13181	0	35323	36685	39232	38328	
13182	0	35268	36780	39232	38128	
13183	0	35221	36848	39192	37976	
13184	0	35260	36668	39248	37936	
13185	0	35222	36912	39152	37650	
13186	0	35128	36952	39192	37532	
13187	0	35112	37208	39092	37332	
13188	0	34964	37054	39060	37206	
13189	0	34976	37104	38928	36948	
13190	0	34908	37164	38912	36704	
13191	0	34720	37254	38772	36517	
13192	0	34832	37144	38678	36316	
13193	0	34784	36860	38564	36136	
13194	0	34876	37121	38500	35836	
13195	0	34712	37146	38348	35645	
13196	0	34673	37308	38216	35380	
13197	0	34752	37280	38010	35112	
13198	0	34796	37124	37844	34922	
13199	0	34808	37152	37674	34616	
13200	0	34760	37309	37548	34356	
13201	0	34660	37472	37268	34108	
13202	0	34701	37553	37040	33824	
13203	0	34752	37569	36816	33530	
13204	0	34861	37461	36657	33268	
13205	0	34820	37228	36336	33032	
13206	0	34812	37170	36168	32768	
13207	0	34710	37248	35812	32456	
13208	0	34724	37320	35544	32236	
13209	0	34664	37224	35292	31904	
13210	0	34744	37056	35010	31648	
13211	0	34800	37552	34704	31392	
13212	0	34972	37602	34408	31148	
13213	0	34788	37804	34114	30876	
13214	0	34968	37644	33872	30650	
13215	0	34809	37280	33528	30393	
13216	0	34688	37276	33220	30192	
13217	0	34864	37252	32920	29960	
13218	0	34980	37226	32636	29744	
13219	0	34980	37294	32348	29542	
13220	0	34732	37656	32033	29392	
13221	0	35264	37553	31734	29172	
13222	0	35129	37656	31436	28992	
13223	0	35008	37864	31144	28816	
13224	0	35496	37952	30852	28705	
13225	0	34684	37728	30552	28557	
13226	0	34944	37888	30256	28385	
13227	0	34820	38372	29988	28264	
13228	0	35104	38173	29668	28176	
13229	0	35188	39016	29401	28020	
13230	0	34880	39080	29129	27913	
13231	0	35385	39377	28873	27828	
13232	0	34426	39836	28537	27734	
13233	0	34752	40833	28316	27652	
13234	0	33840	40496	28096	27586	
13235	0	33460	39700	27832	27529	
13236	0	33024	40108	27596	27482	
13237	0	33918	39620	27350	27432	
13238	0	34688	39356	27112	27396	
13239	0	36345	39736	26889	27412	
13240	0	36184	38884	26665	27332	
13241	0	37017	38652	26524	27338	
13242	0	38260	38628	26288	27340	
13243	0	37236	38364	26112	27392	
13244	0	36648	38592	25954	27419	
13245	0	37584	38685	25706	27376	
13246	0	40288	36352	25596	27451	
13247	0	39510	37216	25448	27523	
13248	0	39556	37914	25288	27481	
13249	0	38476	38352	25124	27538	
13250	0	37464	38760	25028	27578	
13251	0	36492	38794	24870	27640	
13252	0	36036	38816	24780	27722	
13253	0	35516	38500	24644	27721	
13254	0	35689	38208	24516	27841	
13255	0	35558	37765	24392	27785	
13256	0	35360	37181	24300	27828	
13257	0	35640	36544	24182	27904	
13258	0	35488	36388	24140	27876	
13259	0	34760	36448	24030	27948	
13260	0	33832	36508	23980	27856	
13261	0	33412	36224	23810	27834	
13262	0	33296	36028	23814	27816	
13263	0	32620	35289	23714	27771	
13264	0	32428	35160	23644	27720	
13265	0	32440	34816	23496	27696	
13266	0	32196	34308	23440	27547	
13267	0	31936	34048	23346	27476	
13268	0	31992	33921	23264	27381	
13269	0	32352	33608	23195	27254	
13270	0	32816	34740	23134	27112	
13271	0	31812	33848	23054	27016	
13272	0	31793	33928	22952	26844	
13273	0	31909	34077	22845	26692	
13274	0	32528	34489	22674	26472	
13275	0	32760	33893	22627	26332	
13276	0	33116	33818	22536	26100	
13277	0	33150	33945	22420	25893	
13278	0	33677	34032	22336	25744	
13279	0	33944	34352	22221	25472	
13280	0	34277	34040	22094	25252	
13281	0	34500	35024	21900	25040	
13282	0	35288	34504	21792	24834	
13283	0	35740	34972	21652	24608	
13284	0	36332	34664	21628	24396	
13285	0	36708	35196	21512	24232	
13286	0	37260	35308	21356	23941	
13287	0	37701	35050	21229	23724	
13288	0	38044	34688	21132	23528	
13289	0	37924	34418	21016	23346	
13290	0	37832	34332	20808	23140	
13291	0	37316	34208	20745	22952	
13292	0	36576	33841	20636	22768	
13293	0	35104	33464	20521	22584	
13294	0	32540	32956	20398	22411	
13295	0	52232	35136	20296	22272	
13296	0	56244	39052	20190	22138	
13297	0	17622	41076	20072	21996	
13298	0	9584	42712	19979	21885	
13299	0	38540	44244	19873	21762	
13300	0	42236	38224	19837	21645	
13301	0	39930	32988	19764	21573	
13302	0	34265	32544	19622	21474	
13303	0	35208	34248	19645	21409	
13304	0	34796	35944	19596	21368	
13305	0	36888	36860	19552	21356	
13306	0	36000	37712	19448	21325	
13307	0	35008	36784	19480	21281	
13308	0	35880	36340	19464	21284	
13309	0	36204	36609	19418	21292	
13310	0	35872	37029	19451	21344	
13311	0	35684	36672	19499	21312	
13312	0	35692	36264	19508	21396	
13313	0	35897	36432	19561	21508	
13314	0	35848	36496	19612	21512	
13315	0	35705	36520	19661	21568	
13316	0	35672	36608	19708	21666	
13317	0	35745	36536	19832	21824	
13318	0	36004	36788	19924	21956	
13319	0	35604	36584	19988	21992	
13320	0	35556	36824	20112	22184	
13321	0	35597	36705	20286	22288	
13322	0	35670	36516	20436	22435	
13323	0	35608	36680	20579	22560	
13324	0	35422	36770	20760	22717	
13325	0	35616	36724	20992	22882	
13326	0	35308	36628	21121	23044	
13327	0	35340	36632	21333	23244	
13328	0	35394	36669	21569	23449	
13329	0	35296	36852	21708	23622	
13330	0	35280	36872	22001	23848	
13331	0	35125	36936	22212	24064	
13332	0	35200	37016	22434	24269	
13333	0	34920	37040	22701	24500	
13334	0	35096	37048	22879	24728	
13335	0	35081	37064	23138	24954	
13336	0	35164	36928	23384	25212	
13337	0	35185	36984	23624	25414	
13338	0	35004	37076	23848	25688	
13339	0	34961	37192	24122	25884	
13340	0	34932	37281	24344	26129	
13341	0	35056	37312	24580	26352	
13342	0	35016	37273	24880	26612	
13343	0	34932	37312	25112	26859	
13344	0	34976	37396	25328	27076	
13345	0	34954	37412	25584	27357	
13346	0	34945	37272	25820	27549	
13347	0	34880	37227	26020	27820	
13348	0	35088	37030	26210	28024	
13349	0	34948	37434	26476	28253	
13350	0	35000	37368	26700	28484	
13351	0	35036	37716	26882	28712	
13352	0	34904	37712	27108	28952	
13353	0	34904	37848	27296	29182	
13354	0	34900	37708	27524	29424	
13355	0	35132	36940	27708	29634	
13356	0	35182	36774	27870	29952	
13357	0	35220	36968	28084	30112	
13358	0	35097	37389	28260	30344	
13359	0	35164	37480	28472	30572	
13360	0	35408	37188	28638	30820	
13361	0	35456	36810	28852	31067	
13362	0	35636	36436	29026	31316	
13363	0	35528	36768	29217	31625	
13364	0	35672	36968	29418	31813	
13365	0	35477	37352	29604	32116	
13366	0	35704	37905	29793	32344	
13367	0	35804	38269	29985	32704	
13368	0	35417	38666	30148	32893	
13369	0	35560	38516	30372	33152	
13370	0	34992	38912	30569	33448	
13371	0	35196	39800	30785	33752	
13372	0	36088	40390	30989	34084	
13373	0	35186	40444	31208	34360	
13374	0	34976	40386	31424	34656	
13375	0	34158	40308	31610	34961	
13376	0	33788	39488	31872	35336	
13377	0	33648	39452	32108	35641	
13378	0	33920	39004	32344	36096	
13379	0	35664	40018	32588	36344	
13380	0	36060	39416	32844	36782	
13381	0	36229	38452	33113	37144	
13382	0	37528	38232	33388	37412	
13383	0	38561	37772	33632	37920	
13384	0	36672	37744	33904	38248	
13385	0	36738	37768	34242	38626	
13386	0	37328	38160	34496	38952	
13387	0	39888	36024	34808	39420	
13388	0	41232	35164	35180	39748	
13389	0	40420	36104	35529	40056	
13390	0	39217	37176	35856	40513	
13391	0	37392	37244	36152	40778	
13392	0	36256	38540	36492	41136	
13393	0	35504	39272	36832	41552	
13394	0	34554	38892	37133	41820	
13395	0	33949	38352	37480	42141	
13396	0	33488	37834	37832	42400	
13397	0	33549	37801	38205	42726	
13398	0	33384	37896	38521	42985	
13399	0	33320	37640	38860	43225	
13400	0	33417	37452	39192	43504	
13401	0	33502	36912	39632	43724	
13402	0	33640	35972	39840	43854	
13403	0	33364	34976	40132	44010	
13404	0	33020	34776	40568	44198	
13405	0	31792	35352	40840	44284	
13406	0	31568	35544	41156	44400	
13407	0	31841	34544	41296	44468	
13408	0	31116	35180	41546	44548	
13409	0	31168	35044	41872	44584	
13410	0	31264	34972	42044	44600	
13411	0	31733	34620	42352	44648	
13412	0	32024	34516	42524	44644	
13413	0	32272	34889	42752	44568	
13414	0	32480	34716	42892	44472	
13415	0	32584	34904	43116	44444	
13416	0	32989	35380	43256	44296	
13417	0	33168	35664	43352	44180	
13418	0	33384	35929	43450	44080	
13419	0	33636	36421	43616	43916	
13420	0	33760	36290	43662	43804	
13421	0	34220	36992	43724	43666	
13422	0	34496	37548	43873	43413	
13423	0	34944	38029	43916	43226	
13424	0	35292	38420	43880	43008	
13425	0	35828	38948	43917	42825	
13426	0	36188	39289	43984	42696	
13427	0	36508	39844	43901	42372	
13428	0	37056	40292	43884	42180	
13429	0	37700	40800	43864	41976	
13430	0	38524	41124	43812	41852	
13431	0	39140	41548	43785	41636	
13432	0	39752	41848	43720	41384	
13433	0	40673	42060	43704	41164	
13434	0	41896	42064	43545	40960	
13435	0	43024	41316	43448	40721	
13436	0	44096	40121	43408	40524	
13437	0	44422	39146	43256	40356	
13438	0	43188	38200	43148	40164	
13439	0	42368	37388	43008	39916	
13440	0	41957	37080	42940	39776	
13441	0	41450	36820	42809	39576	
13442	0	38670	46740	42576	39396	
13443	0	39372	35180	42593	39249	
13444	0	21948	47936	42281	39013	
13445	0	27498	38757	42140	38893	
13446	0	35716	40712	41994	38672	
13447	0	38252	33552	41892	38496	
13448	0	40810	36372	41668	38330	
13449	0	33538	41840	41536	38240	
13450	0	34244	42748	41384	38112	
13451	0	35352	40201	41184	37952	
13452	0	36172	36532	41116	37792	
13453	0	32060	38200	40820	37588	
13454	0	35200	36985	40744	37424	
13455	0	33050	37048	40520	37349	
13456	0	33924	37898	40380	37164	
13457	0	33060	37612	40288	36992	
13458	0	33418	37465	40009	36848	
13459	0	33504	37402	39864	36704	
13460	0	33812	37753	39760	36580	
13461	0	33985	37784	39578	36448	
13462	0	34060	37480	39457	36360	
13463	0	33872	37142	39328	36140	
13464	0	33504	37796	39194	36000	
13465	0	33776	37528	39076	35924	
13466	0	33660	37800	39058	35744	
13467	0	33848	37936	38896	35632	
13468	0	33972	37704	38809	35464	
13469	0	34153	37102	38640	35336	
13470	0	34040	37648	38552	35118	
13471	0	34116	37388	38432	35024	
13472	0	33976	37536	38312	34800	
13473	0	33878	37588	38194	34644	
13474	0	34160	37396	38156	34468	
13475	0	34004	37513	37964	34328	
13476	0	34176	37364	37845	34136	
13477	0	34140	37324	37828	33896	
13478	0	34240	37252	37673	33762	
13479	0	34040	37404	37434	33550	
13480	0	34178	37293	37368	33296	
13481	0	34176	37224	37192	33134	
13482	0	34092	37328	37096	32928	
13483	0	34192	37340	36868	32704	
13484	0	34537	37573	36736	32504	
13485	0	34224	37096	36544	32267	
13486	0	34552	37728	36368	32075	
13487	0	34092	37082	36274	31840	
13488	0	34409	37102	36040	31640	
13489	0	34309	37432	35936	31442	
13490	0	34384	37224	35714	31216	
13491	0	34386	37428	35556	31016	
13492	0	34396	37404	35380	30841	
13493	0	34702	37652	35184	30624	
13494	0	34294	37344	35008	30436	
13495	0	34329	37100	34828	30260	
13496	0	34392	37592	34668	30060	
13497	0	34409	37340	34536	29884	
13498	0	34370	37353	34356	29728	
13499	0	34532	37472	34176	29532	
13500	0	34336	37525	33960	29392	
13501	0	34457	37604	33812	29216	
13502	0	34396	37456	33636	29059	
13503	0	34434	37712	33430	28920	
13504	0	34440	37775	33220	28760	
13505	0	34692	37860	33080	28640	
13506	0	34593	38096	32896	28504	
13507	0	34657	38120	32725	28360	
13508	0	34180	38445	32541	28228	
13509	0	34168	38548	32368	28118	
13510	0	34348	39428	32192	27984	
13511	0	34652	40280	32008	27880	
13512	0	35176	40596	31834	27764	
13513	0	34552	41005	31660	27636	
13514	0	34068	41280	31469	27529	
13515	0	34640	42240	31321	27432	
13516	0	34520	42988	31112	27332	
13517	0	33644	43780	30938	27224	
13518	0	33076	43818	30738	27115	
13519	0	33866	42773	30584	27010	
13520	0	34084	41824	30416	26924	
13521	0	37632	42244	30212	26828	
13522	0	38112	41529	30036	26722	
13523	0	36432	40328	29836	26652	
13524	0	33740	39224	29700	26568	
13525	0	31969	37948	29562	26490	
13526	0	31205	37408	29380	26420	
13527	0	32072	36372	29244	26368	
13528	0	34076	35801	29077	26316	
13529	0	33072	36924	28928	26274	
13530	0	34680	35218	28800	26232	
13531	0	34636	32544	28660	26200	
13532	0	34334	32328	28536	26138	
13533	0	34834	34373	28408	26098	
13534	0	34838	34668	28288	26104	
13535	0	34868	34276	28168	26053	
13536	0	34912	34649	28060	26016	
13537	0	35232	34880	27918	25992	
13538	0	35065	34706	27822	25968	
13539	0	35412	34596	27716	25924	
13540	0	35634	34604	27617	25884	
13541	0	34980	34608	27490	25849	
13542	0	34768	34876	27386	25808	
13543	0	34930	34960	27272	25750	
13544	0	35108	35016	27196	25739	
13545	0	35488	35208	27076	25632	
13546	0	35676	35441	26977	25576	
13547	0	35852	35752	26848	25496	
13548	0	36600	36160	26740	25441	
13549	0	36972	36876	26634	25364	
13550	0	37244	37240	26492	25285	
13551	0	37644	37493	26376	25200	
13552	0	37996	37616	26256	25150	
13553	0	38460	37921	26160	25064	
13554	0	38689	37936	26016	24936	
13555	0	38988	37972	25932	24858	
13556	0	39040	38080	25851	24789	
13557	0	38968	38116	25712	24708	
13558	0	38976	38392	25626	24624	
13559	0	39032	38640	25488	24544	
13560	0	39174	38812	25404	24456	
13561	0	39392	38704	25261	24435	
13562	0	39513	39225	25172	24336	
13563	0	39762	39276	25066	24280	
13564	0	39464	39381	24960	24209	
13565	0	39488	39444	24898	24154	
13566	0	39088	39481	24768	24109	
13567	0	38620	39564	24652	24082	
13568	0	38491	39661	24614	24041	
13569	0	38422	39564	24520	24036	
13570	0	38488	39334	24442	24037	
13571	0	38569	39072	24277	23996	
13572	0	38556	38944	24196	23990	
13573	0	38520	38752	24122	24002	
13574	0	37930	38284	24073	24041	
13575	0	37932	37760	24024	24052	
13576	0	38616	37584	23878	24052	
13577	0	39812	37089	23892	24090	
13578	0	40156	37788	23769	24160	
13579	0	39240	37824	23730	24208	
13580	0	38148	37492	23628	24260	
13581	0	37616	37184	23596	24348	
13582	0	33021	44722	23513	24460	
13583	0	27370	35028	23472	24498	
13584	0	22424	44372	23304	24608	
13585	0	34068	40832	23246	24750	
13586	0	36202	39600	23217	24882	
13587	0	36752	36876	23226	24968	
13588	0	36388	36970	23175	25120	
13589	0	37824	38952	23068	25247	
13590	0	34096	40930	23062	25369	
13591	0	33064	38112	23020	25532	
13592	0	35400	39284	22992	25672	
13593	0	33952	37148	22988	25844	
13594	0	33281	37008	22915	25988	
13595	0	32956	38260	22892	26168	
13596	0	33456	37106	22952	26348	
13597	0	33964	37300	22940	26556	
13598	0	34092	37304	22984	26764	
13599	0	34230	37292	23024	26854	
13600	0	33996	37592	23046	27048	
13601	0	33985	37496	23097	27244	
13602	0	34110	37513	23222	27457	
13603	0	33868	37652	23228	27605	
13604	0	33914	37568	23432	27778	
13605	0	33892	37500	23563	28008	
13606	0	33962	37536	23624	28104	
13607	0	33968	37516	23796	28282	
13608	0	34065	37460	24009	28482	
13609	0	34084	37561	24160	28650	
13610	0	34100	37589	24380	28777	
13611	0	34388	37508	24613	28856	
13612	0	34020	37500	24812	28972	
13613	0	34017	37396	25025	29116	
13614	0	33932	37434	25162	29240	
13615	0	33916	37420	25437	29284	
13616	0	34193	37438	25664	29379	
13617	0	34272	37444	25904	29444	
13618	0	34362	37288	26124	29532	
13619	0	34316	37440	26284	29624	
13620	0	34080	37308	26534	29612	
13621	0	34060	37540	26778	29662	
13622	0	34220	38024	26984	29689	
13623	0	34064	37464	27176	29801	
13624	0	34306	37792	27400	29804	
13625	0	34520	37744	27600	29748	
13626	0	34149	37516	27740	29810	
13627	0	34585	38156	27921	29760	
13628	0	34344	37356	28157	29806	
13629	0	34496	37336	28297	29748	
13630	0	34465	37332	28516	29788	
13631	0	34597	37456	28684	29744	
13632	0	34626	37428	28808	29760	
13633	0	34284	37584	28986	29725	
13634	0	34436	37200	29136	29708	
13635	0	34413	37740	29294	29704	
13636	0	34336	37580	29432	29714	
13637	0	34705	37644	29576	29696	
13638	0	34284	37556	29701	29697	
13639	0	34398	37244	29848	29752	
13640	0	34604	37033	29977	29690	
13641	0	34688	36774	30092	29737	
13642	0	34604	36800	30220	29708	
13643	0	34273	36984	30332	29704	
13644	0	34656	37008	30445	29792	
13645	0	34770	36788	30558	29732	
13646	0	35088	36416	30664	29812	
13647	0	35341	36448	30773	29768	
13648	0	35452	36676	30870	29781	
13649	0	35456	37132	30972	29862	
13650	0	35088	37664	31081	29840	
13651	0	35296	38028	31160	29868	
13652	0	35136	39000	31272	29939	
13653	0	35177	39492	31360	29896	
13654	0	35244	39952	31444	29952	
13655	0	34832	40112	31508	30004	
13656	0	35402	40924	31624	30040	
13657	0	34552	40816	31681	30036	
13658	0	34740	40856	31757	30116	
13659	0	34464	41240	31842	30116	
13660	0	33932	41280	31930	30185	
13661	0	33592	40984	32056	30217	
13662	0	33480	40544	32128	30296	
13663	0	33788	40184	32229	30358	
13664	0	34568	39706	32314	30460	
13665	0	35300	39744	32396	30568	
13666	0	35648	39692	32496	30628	
13667	0	35360	39416	32596	30749	
13668	0	37856	40057	32696	30893	
13669	0	36704	40148	32796	30992	
13670	0	34728	39640	32890	31128	
13671	0	33594	39264	32998	31316	
13672	0	31772	42880	33080	31432	
13673	0	39280	33993	33164	31652	
13674	0	38032	36356	33304	31787	
13675	0	41060	34225	33380	31937	
13676	0	38684	36652	33520	32152	
13677	0	38792	38040	33586	32340	
13678	0	37840	37680	33704	32466	
13679	0	37101	38560	33756	32688	
13680	0	35970	38320	33840	32906	
13681	0	35772	36876	33952	33058	
13682	0	35764	35760	34050	33248	
13683	0	35556	36016	34132	33472	
13684	0	36012	35448	34188	33561	
13685	0	36060	35720	34288	33781	
13686	0	35865	34860	34397	33892	
13687	0	36100	34648	34429	34156	
13688	0	35840	34129	34600	34249	
13689	0	35394	33754	34610	34392	
13690	0	35613	33985	34728	34528	
13691	0	35272	33546	34800	34776	
13692	0	35132	33834	34808	34921	
13693	0	34904	33352	34900	34981	
13694	0	34436	33088	35016	35129	
13695	0	34288	33564	35096	35260	
13696	0	34488	33705	35212	35364	
13697	0	34332	33488	35202	35485	
13698	0	34352	33449	35269	35712	
13699	0	34552	33189	35434	35836	
13700	0	34365	32496	35440	35958	
13701	0	34468	32800	35576	36093	
13702	0	34380	32632	35584	36193	
13703	0	33988	32850	35677	36204	
13704	0	34028	33025	35802	36440	
13705	0	34384	32700	35880	36516	
13706	0	34372	33076	35922	36640	
13707	0	34668	33156	35992	36676	
13708	0	34784	33540	36072	36920	
13709	0	35232	33932	36165	37033	
13710	0	35320	34208	36252	37057	
13711	0	35762	34178	36460	37216	
13712	0	36264	34108	36430	37324	
13713	0	36740	33764	36572	37572	
13714	0	36961	33708	36681	37625	
13715	0	36756	33704	36736	37820	
13716	0	36976	33542	36840	37924	
13717	0	36692	33526	37058	38028	
13718	0	35872	33652	37064	38176	
13719	0	34924	33664	37160	38368	
13720	0	45992	38636	37344	38544	
13721	0	56104	40828	37396	38800	
13722	0	34282	50572	37556	38824	
13723	0	17384	36744	37668	39004	
13724	0	19316	42449	37824	39195	
13725	0	40256	39436	37992	39440	
13726	0	38336	31060	38216	39700	
13727	0	37208	34184	38288	39860	
13728	0	34758	34048	38444	40105	
13729	0	34612	35936	38692	40160	
13730	0	34568	37189	38804	40413	
13731	0	35876	36474	39072	40666	
13732	0	36000	36944	39204	40992	
13733	0	36372	36729	39466	41064	
13734	0	35508	37330	39648	41412	
13735	0	35224	37102	39976	41564	
13736	0	35964	36782	40221	41880	
13737	0	35641	36562	40328	42148	
13738	0	35473	36388	40580	42329	
13739	0	35766	36280	40936	42656	
13740	0	35693	36664	41196	42780	
13741	0	35764	36860	41376	43120	
13742	0	35232	36450	41672	43272	
13743	0	35645	36929	41968	43512	
13744	0	35532	36832	42364	43744	
13745	0	35512	36786	42592	44048	
13746	0	35528	36994	42862	44196	
13747	0	35369	36912	43100	44484	
13748	0	35364	36896	43384	44652	
13749	0	35240	36884	43696	44828	
13750	0	35044	37137	44080	45000	
13751	0	35296	36752	44330	45168	
13752	0	35136	37180	44612	45332	
13753	0	35136	36912	44840	45480	
13754	0	35323	37181	45164	45616	
13755	0	34930	37021	45364	45756	
13756	0	34904	37001	45698	45828	
13757	0	34880	36944	45916	45932	
13758	0	34970	36852	46168	46028	
13759	0	34988	36945	46461	46100	
13760	0	34713	36968	46680	46084	
13761	0	34756	36984	46948	46112	
13762	0	34616	37146	47136	46180	
13763	0	34664	37172	47316	46112	
13764	0	34600	37302	47576	46120	
13765	0	34725	37384	47756	46112	
13766	0	34608	37588	48020	46080	
13767	0	34424	37406	48202	45984	
13768	0	34544	37376	48332	45888	
13769	0	34620	37265	48516	45812	
13770	0	34420	37381	48722	45728	
13771	0	34392	37557	48808	45657	
13772	0	34304	38105	48992	45518	
13773	0	34412	38324	49124	45405	
13774	0	34544	37880	49240	45276	
13775	0	34592	37432	49400	45144	
13776	0	34548	37136	49516	45006	
13777	0	34746	37156	49632	44832	
13778	0	34520	37065	49808	44744	
13779	0	34584	37066	49856	44561	
13780	0	34692	37212	49964	44428	
13781	0	34900	37008	50060	44301	
13782	0	34953	37256	50178	44188	
13783	0	35114	37204	50300	44080	
13784	0	34976	37368	50356	43950	
13785	0	35104	37360	50464	43816	
13786	0	35120	37472	50560	43752	
13787	0	34892	37757	50616	43664	
13788	0	34968	37708	50660	43572	
13789	0	35032	38009	50838	43484	
13790	0	34853	38244	50880	43468	
13791	0	34730	38408	50956	43428	
13792	0	34665	39008	51048	43396	
13793	0	34577	39808	51136	43392	
13794	0	35372	40328	51164	43400	
13795	0	35284	40396	51236	43404	
13796	0	34810	40828	51404	43428	
13797	0	34520	40700	51480	43484	
13798	0	32890	41760	51498	43536	
13799	0	32256	41265	51664	43592	
13800	0	33090	40872	51705	43678	
13801	0	34776	40968	51796	43754	
13802	0	36308	40876	51908	43840	
13803	0	37532	40960	52056	43932	
13804	0	37292	39856	52136	44021	
13805	0	37792	39696	52212	44104	
13806	0	37868	39492	52320	44200	
13807	0	36580	39588	52416	44296	
13808	0	37648	39694	52544	44394	
13809	0	40701	37092	52696	44496	
13810	0	39072	36358	52812	44596	
13811	0	39396	38274	52860	44704	
13812	0	39068	39137	53008	44800	
13813	0	38280	39144	53056	44896	
13814	0	36668	38648	53220	44980	
13815	0	35944	37812	53296	45061	
13816	0	34708	37612	53440	45124	
13817	0	34713	37408	53540	45188	
13818	0	34153	36488	53632	45236	
13819	0	33940	36000	53696	45280	
13820	0	33748	35659	53800	45316	
13821	0	33632	35004	53832	45312	
13822	0	33068	35076	53956	45308	
13823	0	32564	35368	54020	45288	
13824	0	32304	35632	54081	45248	
13825	0	32034	35420	54184	45186	
13826	0	31682	34960	54168	45100	
13827	0	31720	34628	54296	44988	
13828	0	31972	34436	54280	44853	
13829	0	32169	33516	54300	44722	
13830	0	32416	33277	54377	44596	
13831	0	32701	33440	54320	44396	
13832	0	32720	32240	54312	44200	
13833	0	32604	32512	54240	43932	
13834	0	32480	32732	54308	43688	
13835	0	32370	32385	54220	43448	
13836	0	32440	32486	54184	43136	
13837	0	32664	32648	54058	42880	
13838	0	32744	32568	54008	42636	
13839	0	32840	32980	53964	42337	
13840	0	33052	32740	53808	41992	
13841	0	33403	33180	53656	41664	
13842	0	34204	33650	53576	41322	
13843	0	34918	34392	53416	40944	
13844	0	35453	35156	53272	40580	
13845	0	36008	35645	53084	40196	
13846	0	36464	35860	52938	39860	
13847	0	36312	35801	52753	39616	
13848	0	35956	35608	52540	39256	
13849	0	35564	35504	52388	38896	
13850	0	35480	35553	52138	38576	
13851	0	35880	35352	51988	38260	
13852	0	36701	35004	51776	37952	
13853	0	37498	34216	51596	37648	
13854	0	37840	33168	51314	37368	
13855	0	37632	32632	51084	37088	
13856	0	48224	38224	50921	36822	
13857	0	56232	33601	50680	36554	
13858	0	23298	46736	50400	36320	
13859	0	20546	45024	50128	36098	
13860	0	26214	42488	49864	35808	
13861	0	37700	39228	49641	35636	
13862	0	39360	34264	49448	35460	
13863	0	39616	32618	49189	35280	
13864	0	34361	32674	48861	35140	
13865	0	34120	35881	48668	34964	
13866	0	34921	36589	48344	34792	
13867	0	36944	36696	48097	34656	
13868	0	35677	37768	47852	34564	
13869	0	35034	36824	47520	34428	
13870	0	35437	36776	47320	34314	
13871	0	35904	36960	46992	34248	
13872	0	35660	37052	46728	34116	
13873	0	35372	36396	46402	34064	
13874	0	35398	36125	46124	34004	
13875	0	35638	36848	45900	33876	
13876	0	35657	36708	45568	33717	
13877	0	35469	36646	45296	33704	
13878	0	35601	36956	45020	33596	
13879	0	35466	37012	44736	33490	
13880	0	35361	36880	44504	33452	
13881	0	35216	36988	44148	33276	
13882	0	35532	36656	43929	33142	
13883	0	35280	36692	43552	33088	
13884	0	35176	37104	43352	32936	
13885	0	35216	36985	43072	32840	
13886	0	35240	36952	42764	32672	
13887	0	35184	36914	42456	32512	
13888	0	35066	36992	42144	32364	
13889	0	34944	36796	41696	32256	
13890	0	35040	37228	41364	32018	
13891	0	34860	37000	41069	31913	
13892	0	34872	37128	40704	31668	
13893	0	34816	37024	40354	31504	
13894	0	34852	37260	40012	31260	
13895	0	34904	37121	39673	31034	
13896	0	34880	37121	39372	30856	
13897	0	34760	37392	38988	30587	
13898	0	34812	37360	38560	30409	
13899	0	34860	37356	38292	30172	
13900	0	34864	37252	37809	29918	
13901	0	34742	37165	37516	29676	
13902	0	34888	37282	37016	29405	
13903	0	34860	37138	36620	29161	
13904	0	34852	37021	36208	28876	
13905	0	34889	37280	35840	28620	
13906	0	34836	37752	35436	28329	
13907	0	34856	37906	34944	28096	
13908	0	34698	37912	34508	27806	
13909	0	34748	37872	34138	27530	
13910	0	34744	37492	33682	27253	
13911	0	34856	37164	33216	26978	
13912	0	35020	36653	32781	26730	
13913	0	35048	36440	32356	26440	
13914	0	34924	36916	31913	26194	
13915	0	34896	37234	31492	25933	
13916	0	34956	37292	31058	25680	
13917	0	34992	37444	30616	25428	
13918	0	34872	37056	30184	25186	
13919	0	35072	36946	29758	24953	
13920	0	35176	36664	29320	24720	
13921	0	35293	36825	28914	24505	
13922	0	35143	37112	28492	24288	
13923	0	35032	37408	28072	24094	
13924	0	34896	37338	27660	23892	
13925	0	34780	37748	27196	23706	
13926	0	34916	38722	26816	23537	
13927	0	35584	39348	26410	23382	
13928	0	35217	38952	26036	23212	
13929	0	35620	39104	25664	23075	
13930	0	35403	39428	25256	22940	
13931	0	34784	39746	24904	22822	
13932	0	34564	40256	24521	22704	
13933	0	33688	41364	24084	22600	
13934	0	33876	40684	23773	22512	
13935	0	33530	40544	23372	22420	
13936	0	33218	39956	23088	22392	
13937	0	34036	39608	22746	22318	
13938	0	34904	39380	22436	22241	
13939	0	36048	39026	22100	22200	
13940	0	36116	38256	21840	22149	
13941	0	36796	37282	21592	22192	
13942	0	37156	37776	21325	22152	
13943	0	36464	37644	20984	22170	
13944	0	35908	37686	20802	22112	
13945	0	37572	35928	20475	22139	
13946	0	37720	35152	20324	22154	
13947	0	37452	36472	20068	22197	
13948	0	36588	39376	19848	22212	
13949	0	36646	39826	19616	22324	
13950	0	35913	38776	19433	22297	
13951	0	35532	38380	19177	22370	
13952	0	35788	38026	19004	22416	
13953	0	36124	38152	18873	22454	
13954	0	36304	37914	18700	22490	
13955	0	36464	37604	18496	22498	
13956	0	36532	37148	18326	22545	
13957	0	35725	37305	18111	22601	
13958	0	35640	36544	17944	22584	
13959	0	35172	36321	17812	22581	
13960	0	34616	36289	17588	22649	
13961	0	34296	36284	17392	22674	
13962	0	34105	36305	17240	22668	
13963	0	33745	36056	17102	22625	
13964	0	33218	35674	16897	22603	
13965	0	33544	35416	16670	22594	
13966	0	33444	35288	16554	22462	
13967	0	33162	34512	16353	22467	
13968	0	32968	35004	16172	22404	
13969	0	32892	34674	15968	22324	
13970	0	32636	34356	15736	22230	
13971	0	32582	33780	15536	22162	
13972	0	32752	34188	15295	22032	
13973	0	32914	33816	15109	21985	
13974	0	32752	33592	14900	21809	
13975	0	32981	33992	14676	21696	
13976	0	32910	34004	14440	21552	
13977	0	33062	34056	14209	21540	
13978	0	33244	33512	13940	21370	
13979	0	33380	34048	13726	21220	
13980	0	33370	34076	13452	21146	
13981	0	33342	34372	13276	21056	
13982	0	33528	34796	13030	20878	
13983	0	33648	34872	12757	20789	
13984	0	34076	35049	12586	20672	
13985	0	34317	35156	12294	20468	
13986	0	34704	34993	12145	20456	
13987	0	34756	34812	11925	20329	
13988	0	34952	34656	11714	20124	
13989	0	35076	34344	11504	20075	
13990	0	35321	33900	11269	20000	
13991	0	35485	33816	11036	19922	
13992	0	44112	36596	10898	19780	
13993	0	55968	31488	10724	19592	
13994	0	47265	45884	10570	19664	
13995	0	20491	31973	10365	19558	
13996	0	15304	39884	10181	19444	
13997	0	32320	43728	10049	19411	
13998	0	42872	43050	9876	19394	
13999	0	39816	36937	9768	19346	
14000	0	36016	35152	9689	19300	
14001	0	36893	34365	9561	19298	
14002	0	30486	33594	9532	19273	
14003	0	35877	34640	9395	19208	
14004	0	38552	36308	9265	19262	
14005	0	35434	37144	9194	19273	
14006	0	34799	37108	9213	19308	
14007	0	35360	36300	9124	19328	
14008	0	35952	36609	9139	19382	
14009	0	35760	37064	9150	19290	
14010	0	35357	37104	9117	19498	
14011	0	35740	36812	9154	19632	
14012	0	35716	36529	9180	19697	
14013	0	35648	36604	9243	19715	
14014	0	35704	36502	9311	19938	
14015	0	35656	36552	9352	19988	
14016	0	35578	36850	9478	20205	
14017	0	35616	36476	9528	20256	
14018	0	35484	36688	9678	20532	
14019	0	35472	36722	9853	20613	
14020	0	35552	36832	9919	20768	
14021	0	35421	36868	10092	21000	
14022	0	35460	36740	10233	21133	
14023	0	35392	36794	10345	21462	
14024	0	35448	36757	10560	21642	
14025	0	35388	36640	10660	21864	
14026	0	35424	36792	10928	21906	
14027	0	35216	36912	11108	22261	
14028	0	34932	36896	11299	22453	
14029	0	35185	36540	11486	22654	
14030	0	35168	36692	11664	22658	
14031	0	35165	36808	11849	23000	
14032	0	35066	36784	12031	23182	
14033	0	35169	37160	12272	23318	
14034	0	34832	36984	12417	23582	
14035	0	34960	37394	12634	23576	
14036	0	34732	37145	12776	23882	
14037	0	34896	37136	12992	23889	
14038	0	34994	37116	13198	24162	
14039	0	34954	36932	13332	24314	
14040	0	34988	36620	13588	24354	
14041	0	34920	36700	13748	24468	
14042	0	35000	37080	13905	24587	
14043	0	34912	37597	14072	24706	
14044	0	34972	37708	14250	24800	
14045	0	34792	37872	14404	24928	
14046	0	34832	37784	14493	25016	
14047	0	34828	37572	14691	25091	
14048	0	34913	37296	14830	25164	
14049	0	34957	37044	14972	25276	
14050	0	35072	36932	15110	25228	
14051	0	35186	37048	15235	25412	
14052	0	35138	37004	15336	25512	
14053	0	34796	37184	15512	25518	
14054	0	34940	37221	15616	25592	
14055	0	35010	36828	15740	25684	
14056	0	35228	36764	15832	25740	
14057	0	35362	37097	16001	25836	
14058	0	35016	37152	16074	25890	
14059	0	35180	37524	16196	25919	
14060	0	35056	37716	16351	25974	
14061	0	35144	37857	16461	26077	
14062	0	35198	37912	16569	26200	
14063	0	35094	37780	16722	26214	
14064	0	34794	38272	16802	26363	
14065	0	35440	38960	17016	26464	
14066	0	35724	39280	17150	26476	
14067	0	35996	39516	17269	26642	
14068	0	35306	39146	17384	26729	
14069	0	34980	39424	17584	26914	
14070	0	34684	39656	17664	26976	
14071	0	33956	40256	17858	27084	
14072	0	33626	40609	18021	27160	
14073	0	33856	40532	18162	27364	
14074	0	34248	39706	18324	27456	
14075	0	34581	39512	18478	27616	
14076	0	35232	39413	18604	27781	
14077	0	34944	38880	18796	27888	
14078	0	36296	38568	18988	28133	
14079	0	38045	38824	19112	28316	
14080	0	38545	38098	19328	28476	
14081	0	37460	37456	19452	28640	
14082	0	36924	38292	19680	28901	
14083	0	37369	38848	19872	29128	
14084	0	39056	35820	20084	29320	
14085	0	37704	35264	20294	29604	
14086	0	37049	37536	20464	29844	
14087	0	37080	37708	20612	30082	
14088	0	36648	39416	20824	30340	
14089	0	36128	38633	21084	30612	
14090	0	35964	37864	21228	30792	
14091	0	36205	37884	21444	31176	
14092	0	36432	37576	21652	31426	
14093	0	35904	37316	21880	31724	
14094	0	35456	36928	22073	32008	
14095	0	35181	36316	22280	32320	
14096	0	34792	35705	22521	32588	
14097	0	34458	35437	22704	32900	
14098	0	33989	35404	22893	33188	
14099	0	32477	35628	23131	33470	
14100	0	32074	35742	23290	33824	
14101	0	32348	35348	23516	34064	
14102	0	32552	35468	23696	34385	
14103	0	32513	35280	23920	34668	
14104	0	32080	35224	24096	34962	
14105	0	32408	34981	24292	35220	
14106	0	31965	34992	24506	35528	
14107	0	32068	35133	24772	35781	
14108	0	32240	34344	24954	36058	
14109	0	32466	34822	25181	36316	
14110	0	32136	34260	25382	36610	
14111	0	32536	34780	25592	36908	
14112	0	32804	34226	25829	37116	
14113	0	33146	34048	26076	37328	
14114	0	33152	33869	26273	37577	
14115	0	33504	34368	26532	37844	
14116	0	33720	34146	26760	38020	
14117	0	33957	34592	27020	38148	
14118	0	33772	34472	27252	38420	
14119	0	33853	34648	27520	38708	
14120	0	33950	34684	27772	38938	
14121	0	34004	35080	28036	39088	
14122	0	33944	35313	28301	39269	
14123	0	34336	35368	28564	39488	
14124	0	34513	35241	28848	39572	
14125	0	34757	35176	29139	39844	
14126	0	35194	34845	29424	40028	
14127	0	35421	35620	29708	40132	
14128	0	35736	36288	30004	40392	
14129	0	36389	35453	30305	40548	
14130	0	37080	34766	30616	40660	
14131	0	37432	34365	30920	40944	
14132	0	37721	34036	31192	41100	
14133	0	37984	33876	31504	41316	
14134	0	38040	33732	31840	41440	
14135	0	37360	33260	32116	41584	
14136	0	46196	36768	32442	41881	
14137	0	55856	32800	32808	42080	
14138	0	23613	44582	33012	42192	
14139	0	19425	39696	33357	42336	
14140	0	24696	41480	33680	42600	
14141	0	43809	41788	33968	42784	
14142	0	37808	37122	34276	42964	
14143	0	37976	34552	34532	43072	
14144	0	32116	33776	34828	43260	
14145	0	34724	35240	35156	43500	
14146	0	35600	35612	35404	43588	
14147	0	36924	36877	35660	43816	
14148	0	35828	37564	35896	43922	
14149	0	35200	36901	36152	44104	
14150	0	35524	36393	36416	44264	
14151	0	36033	36580	36700	44416	
14152	0	35536	36549	36912	44568	
14153	0	35336	36440	37116	44704	
14154	0	35492	36329	37340	44864	
14155	0	35656	36544	37659	44992	
14156	0	35868	36436	37764	45113	
14157	0	35610	36838	37964	45232	
14158	0	35565	36650	38173	45380	
14159	0	35362	36704	38437	45480	
14160	0	35714	36632	38544	45546	
14161	0	35520	36746	38781	45632	
14162	0	35600	36636	38921	45736	
14163	0	35458	36668	39064	45788	
14164	0	35476	36834	39212	45840	
14165	0	35424	36601	39360	45816	
14166	0	35371	36792	39521	45860	
14167	0	35396	36792	39725	45849	
14168	0	35385	36568	39744	45852	
14169	0	35464	36804	39848	45752	
14170	0	35356	36812	39956	45698	
14171	0	35388	36892	40042	45609	
14172	0	35277	36816	40138	45476	
14173	0	35124	36676	40172	45392	
14174	0	35162	36768	40325	45248	
14175	0	35262	36908	40324	45012	
14176	0	35202	36972	40307	44836	
14177	0	34844	36728	40380	44608	
14178	0	35106	36936	40328	44376	
14179	0	34980	36720	40328	44136	
14180	0	34833	37020	40313	43865	
14181	0	34936	36992	40304	43568	
14182	0	35226	37456	40248	43265	
14183	0	34937	36936	40184	42968	
14184	0	34930	37020	40108	42608	
14185	0	35010	37089	40036	42344	
14186	0	34992	37084	39940	41968	
14187	0	34852	37157	39840	41704	
14188	0	35052	37180	39792	41312	
14189	0	34800	37132	39652	40836	
14190	0	34689	37277	39426	40545	
14191	0	34706	37536	39274	40212	
14192	0	34838	37518	39200	39796	
14193	0	34920	37516	38936	39304	
14194	0	34800	37268	38844	39020	
14195	0	34765	37160	38568	38528	
14196	0	34844	36912	38376	38132	
14197	0	34860	36840	38196	37844	
14198	0	34888	36956	38100	37432	
14199	0	34956	36872	37856	37086	
14200	0	35000	37288	37586	36716	
14201	0	34952	37380	37442	36273	
14202	0	34888	37584	37220	35873	
14203	0	34792	37536	36964	35540	
14204	0	34808	37697	36784	35176	
14205	0	34892	37525	36568	34784	
14206	0	34992	37596	36452	34460	
14207	0	34938	37664	36252	34122	
14208	0	35096	37676	35984	33798	
14209	0	35049	37844	35796	33513	
14210	0	35192	38169	35632	33221	
14211	0	34690	38560	35440	32868	
14212	0	35064	39101	35252	32585	
14213	0	35133	39610	35036	32368	
14214	0	35032	39549	34904	32064	
14215	0	35168	39744	34704	31800	
14216	0	34992	39626	34528	31632	
14217	0	34718	40160	34382	31392	
14218	0	34409	40560	34216	31148	
14219	0	33613	41116	34069	30945	
14220	0	34352	40913	33924	30756	
14221	0	33652	40099	33769	30612	
14222	0	33660	39944	33640	30474	
14223	0	34346	39288	33482	30328	
14224	0	35196	39620	33376	30168	
14225	0	35329	38740	33270	30065	
14226	0	36629	38116	33156	29988	
14227	0	38106	37245	33028	29890	
14228	0	38066	37928	32944	29817	
14229	0	37136	37696	32872	29768	
14230	0	35936	37784	32784	29726	
14231	0	39741	35566	32716	29736	
14232	0	38832	36132	32642	29680	
14233	0	38208	36141	32610	29701	
14234	0	37836	37488	32565	29678	
14235	0	37042	38672	32552	29688	
14236	0	36257	38524	32556	29720	
14237	0	35905	38424	32501	29745	
14238	0	35732	38448	32488	29760	
14239	0	35893	38436	32480	29776	
14240	0	36313	38016	32473	29825	
14241	0	36184	37244	32440	29828	
14242	0	36172	37100	32468	29846	
14243	0	36319	36686	32456	29904	
14244	0	35568	36324	32469	29920	
14245	0	34688	36297	32448	29892	
14246	0	34840	36144	32497	29893	
14247	0	34152	35824	32464	29896	
14248	0	33956	35920	32444	29892	
14249	0	33568	35300	32468	29861	
14250	0	33360	35276	32477	29808	
14251	0	32772	35100	32424	29793	
14252	0	32777	35626	32412	29702	
14253	0	32185	35348	32428	29621	
14254	0	32189	35272	32357	29575	
14255	0	31801	34904	32320	29501	
14256	0	31946	35201	32281	29380	
14257	0	31860	34473	32249	29276	
14258	0	31688	33856	32170	29168	
14259	0	31677	33497	32116	29032	
14260	0	32061	33544	32060	28944	
14261	0	32240	33616	32010	28794	
14262	0	32200	33724	31904	28685	
14263	0	32458	34008	31789	28545	
14264	0	32676	34077	31688	28392	
14265	0	33208	34572	31584	28282	
14266	0	33368	34945	31512	28128	
14267	0	33504	35277	31385	28020	
14268	0	33648	35780	31249	27869	
14269	0	33949	36204	31128	27772	
14270	0	34332	36612	31004	27632	
14271	0	34660	36820	30872	27522	
14272	0	34892	37056	30744	27396	
14273	0	35224	37324	30600	27281	
14274	0	35604	37484	30477	27206	
14275	0	35993	37624	30328	27117	
14276	0	36737	37721	30200	27016	
14277	0	37460	37496	30038	26938	
14278	0	38056	37000	29896	26861	
14279	0	38594	36356	29777	26808	
14280	0	38856	35896	29640	26756	
14281	0	38929	35392	29504	26698	
14282	0	39384	34840	29368	26664	
14283	0	39720	34224	29256	26664	
14284	0	39620	33746	29128	26636	
14285	0	39649	32676	28977	26585	
14286	0	39424	35466	28856	26608	
14287	0	43213	34608	28753	26582	
14288	0	55672	40552	28581	26609	
14289	0	41602	48916	28456	26619	
14290	0	18350	40222	28362	26658	
14291	0	28694	38712	28342	26676	
14292	0	40684	36848	28260	26682	
14293	0	35684	34056	28184	26728	
14294	0	30884	36082	28088	26748	
14295	0	37722	36554	28040	26866	
14296	0	37868	35616	27972	26920	
14297	0	33840	36976	27944	26992	
14298	0	35280	37524	27868	27030	
14299	0	35936	36848	27873	27104	
14300	0	35260	36936	27844	27196	
14301	0	35116	36585	27852	27297	
14302	0	35360	36572	27840	27400	
14303	0	35301	36788	27900	27553	
14304	0	35364	37072	27928	27632	
14305	0	35202	37152	27976	27756	
14306	0	35313	36961	28029	27858	
14307	0	35456	36780	28097	28056	
14308	0	35324	36824	28186	28176	
14309	0	35293	36824	28276	28272	
14310	0	35308	36844	28379	28392	
14311	0	35276	36797	28488	28526	
14312	0	35170	37176	28586	28648	
14313	0	35244	36840	28760	28848	
14314	0	35310	36938	28896	28916	
14315	0	35096	37053	29036	29045	
14316	0	35154	37056	29198	29224	
14317	0	35088	37100	29326	29360	
14318	0	35092	37056	29529	29432	
14319	0	34960	37180	29674	29549	
14320	0	34904	37064	29872	29712	
14321	0	34864	36992	30048	29838	
14322	0	34968	36897	30208	29936	
14323	0	34952	36893	30408	30009	
14324	0	34796	36933	30586	30121	
14325	0	34880	37196	30767	30188	
14326	0	34863	37140	30941	30289	
14327	0	34762	37256	31128	30428	
14328	0	34793	37134	31304	30505	
14329	0	34746	37218	31481	30664	
14330	0	34780	37100	31652	30700	
14331	0	34776	37228	31832	30868	
14332	0	34793	37276	31992	30890	
14333	0	34744	37332	32188	31042	
14334	0	34792	37288	32324	31078	
14335	0	34844	37304	32512	31186	
14336	0	34832	37316	32676	31342	
14337	0	34784	37280	32826	31420	
14338	0	34848	37209	32964	31452	
14339	0	34944	37176	33144	31540	
14340	0	34664	37128	33300	31616	
14341	0	34892	37296	33432	31708	
14342	0	34680	37296	33604	31840	
14343	0	34896	37250	33784	31876	
14344	0	34976	37232	33900	31948	
14345	0	34940	37227	34066	32090	
14346	0	34866	37212	34232	32173	
14347	0	34848	37162	34424	32232	
14348	0	34960	37168	34556	32317	
14349	0	34964	37104	34724	32370	
14350	0	34752	37113	34908	32476	
14351	0	34792	37200	35069	32568	
14352	0	34756	37192	35305	32638	
14353	0	34808	37272	35448	32785	
14354	0	34557	37337	35682	32833	
14355	0	34521	37708	35776	32960	
14356	0	34762	37848	36041	33053	
14357	0	34504	37516	36168	33236	
14358	0	34346	37280	36448	33360	
14359	0	34560	36984	36576	33445	
14360	0	34540	37364	36788	33592	
14361	0	34728	37568	36962	33724	
14362	0	34984	37464	37177	33856	
14363	0	34624	37520	37408	34027	
14364	0	34742	37648	37577	34221	
14365	0	34744	37740	37800	34356	
14366	0	34857	37696	37960	34552	
14367	0	34738	37948	38144	34738	
14368	0	35166	38072	38352	34884	
14369	0	34708	38305	38560	35104	
14370	0	34756	38936	38789	35280	
14371	0	35136	38816	38936	35464	
14372	0	35320	39628	39168	35664	
14373	0	35276	39930	39320	35868	
14374	0	35117	39797	39552	36101	
14375	0	35136	40624	39712	36300	
14376	0	34844	41090	39920	36460	
14377	0	35384	41484	40064	36732	
14378	0	34706	41664	40228	36960	
14379	0	33725	41764	40416	37104	
14380	0	34093	41600	40569	37380	
14381	0	33516	41152	40748	37545	
14382	0	33768	40520	40952	37776	
14383	0	35200	40504	41152	38060	
14384	0	35744	39477	41249	38288	
14385	0	36245	39200	41433	38565	
14386	0	36844	37856	41608	38737	
14387	0	36329	37997	41800	39044	
14388	0	34168	35861	41964	39216	
14389	0	33140	35188	42268	39564	
14390	0	32656	34956	42480	39764	
14391	0	32749	35328	42533	40025	
14392	0	34304	35368	42717	40288	
14393	0	34626	34872	43014	40529	
14394	0	33668	34884	43088	40776	
14395	0	34328	32376	43272	40916	
14396	0	34906	33772	43500	41156	
14397	0	34804	34790	43698	41464	
14398	0	34528	35384	43816	41688	
14399	0	35264	35648	43964	41802	
14400	0	33940	34892	44132	42029	
14401	0	33766	34856	44340	42252	
14402	0	33872	35136	44464	42404	
14403	0	34298	35228	44633	42586	
14404	0	34616	35004	44768	42828	
14405	0	34809	35144	44916	42940	
14406	0	35218	35489	45050	43128	
14407	0	35804	35593	45228	43236	
14408	0	36088	35600	45336	43413	
14409	0	36388	35924	45448	43572	
14410	0	36464	36240	45585	43740	
14411	0	36793	36348	45752	43844	
14412	0	36840	36632	45848	44008	
14413	0	37068	37228	45937	44096	
14414	0	37516	37553	45998	44268	
14415	0	38080	37620	46106	44393	
14416	0	38464	37780	46264	44444	
14417	0	38712	37848	46290	44580	
14418	0	38930	38116	46371	44720	
14419	0	38986	38264	46504	44832	
14420	0	39496	38704	46610	44896	
14421	0	39512	38784	46674	44972	
14422	0	39508	38836	46748	45090	
14423	0	39784	39020	46777	45172	
14424	0	40060	39372	46776	45272	
14425	0	40424	39222	46868	45356	
14426	0	40656	39192	46936	45408	
14427	0	40768	39056	46912	45469	
14428	0	40820	39800	46912	45488	
14429	0	40400	39297	47000	45556	
14430	0	40312	39225	46968	45658	
14431	0	39816	39242	46980	45728	
14432	0	38760	39176	46969	45752	
14433	0	38072	38984	46984	45816	
14434	0	37476	38624	46976	45844	
14435	0	37145	38274	46986	45888	
14436	0	37844	37780	46916	45905	
14437	0	38104	37492	46872	45924	
14438	0	38465	37008	46836	45956	
14439	0	38556	36920	46808	45920	
14440	0	37997	36604	46824	45976	
14441	0	37680	36716	46776	45960	
14442	0	37560	36904	46640	45976	
14443	0	37696	36824	46600	45968	
14444	0	37390	36692	46596	45936	
14445	0	37252	36296	46524	45892	
14446	0	32680	44886	46380	45826	
14447	0	24154	39754	46352	45788	
14448	0	24720	39368	46240	45792	
14449	0	31796	41497	46144	45696	
14450	0	37760	39272	46104	45656	
14451	0	38252	29004	46036	45640	
14452	0	33752	40041	45888	45576	
14453	0	37284	42292	45850	45480	
14454	0	32308	41268	45708	45364	
14455	0	35352	38464	45712	45252	
14456	0	34806	37396	45536	45221	
14457	0	33292	37944	45520	45040	
14458	0	34129	36673	45364	44976	
14459	0	33338	37268	45332	44853	
14460	0	33236	37704	45196	44753	
14461	0	33800	37896	45140	44548	
14462	0	33610	37064	45068	44416	
14463	0	33788	36326	44924	44328	
14464	0	33572	37420	44840	44176	
14465	0	33731	37474	44756	44012	
14466	0	34132	37785	44692	43842	
14467	0	34020	37624	44672	43680	
14468	0	34065	37594	44568	43532	
14469	0	33992	37648	44468	43372	
14470	0	33992	37704	44416	43204	
14471	0	33952	37721	44380	43088	
14472	0	33912	37828	44240	42840	
14473	0	34036	37596	44168	42656	
14474	0	34188	37608	44088	42452	
14475	0	34216	37628	43992	42304	
14476	0	34358	37472	43962	42080	
14477	0	34141	37500	43820	41864	
14478	0	34125	37468	43724	41672	
14479	0	34228	37432	43564	41432	
14480	0	34248	37377	43420	41152	
14481	0	34173	37492	43344	40892	
14482	0	34066	37548	43132	40725	
14483	0	34232	37312	42964	40460	
14484	0	34104	37353	42908	40108	
14485	0	34117	37264	42596	39912	
14486	0	34188	37440	42560	39608	
14487	0	34424	37261	42212	39312	
14488	0	34196	37353	42137	39088	
14489	0	34464	37420	41852	38812	
14490	0	34388	37232	41572	38473	
14491	0	34336	37466	41481	38180	
14492	0	34364	37128	41096	37916	
14493	0	34328	37356	40844	37544	
14494	0	34128	37633	40592	37308	
14495	0	34620	37692	40328	37008	
14496	0	34412	37297	40072	36676	
14497	0	34548	37496	39788	36365	
14498	0	34264	36936	39510	36042	
14499	0	34250	37004	39232	35708	
14500	0	34588	37504	38944	35416	
14501	0	34436	37328	38752	35059	
14502	0	34648	37324	38464	34757	
14503	0	34404	37096	38144	34448	
14504	0	34424	37224	37836	34128	
14505	0	34584	37581	37596	33800	
14506	0	34561	37216	37212	33537	
14507	0	34364	37278	36960	33172	
14508	0	34488	37380	36668	32868	
14509	0	34580	37661	36412	32576	
14510	0	34562	37617	36101	32286	
14511	0	34864	37883	35897	31932	
14512	0	34912	38326	35568	31634	
14513	0	34280	38552	35288	31328	
14514	0	34246	38752	35052	31044	
14515	0	33824	39080	34785	30697	
14516	0	34246	39204	34538	30404	
14517	0	34440	39316	34316	30112	
14518	0	34525	39604	34068	29820	
14519	0	34509	39868	33813	29537	
14520	0	34698	40220	33588	29260	
14521	0	34880	40488	33368	28984	
14522	0	34744	40740	33136	28708	
14523	0	34416	40793	32914	28444	
14524	0	33920	40444	32692	28188	
14525	0	33176	40568	32486	27940	
14526	0	33440	40393	32252	27682	
14527	0	33573	40248	32064	27460	
14528	0	35068	40028	31818	27240	
14529	0	36089	40528	31616	27021	
14530	0	36008	39964	31440	26824	
14531	0	35144	38844	31260	26641	
14532	0	34000	38885	31061	26465	
14533	0	33244	37824	30876	26306	
14534	0	32984	42005	30640	26152	
14535	0	38504	34464	30536	26013	
14536	0	38608	34436	30352	25885	
14537	0	40584	35700	30212	25776	
14538	0	38636	40600	30048	25668	
14539	0	38048	38448	29872	25572	
14540	0	35812	39684	29704	25478	
14541	0	35716	37112	29592	25398	
14542	0	37178	36644	29436	25318	
14543	0	35552	35932	29308	25244	
14544	0	36624	35924	29161	25178	
14545	0	36592	35137	29029	25120	
14546	0	35962	34793	28880	25057	
14547	0	35540	35209	28736	24993	
14548	0	34577	34420	28604	24938	
14549	0	34132	34562	28472	24866	
14550	0	33905	35589	28331	24793	
14551	0	33533	35024	28188	24721	
14552	0	33454	33980	28042	24658	
14553	0	33516	34400	27920	24568	
14554	0	33692	34220	27778	24491	
14555	0	34080	33960	27641	24396	
14556	0	33636	33777	27502	24308	
14557	0	33610	33801	27352	24212	
14558	0	33480	33864	27208	24108	
14559	0	33364	33753	27060	23980	
14560	0	33336	33585	26911	23881	
14561	0	33340	33460	26766	23736	
14562	0	33533	33497	26616	23628	
14563	0	33620	33778	26452	23488	
14564	0	33697	33073	26296	23328	
14565	0	33756	32912	26132	23174	
14566	0	33832	33369	26008	23024	
14567	0	34305	33493	25849	22876	
14568	0	34427	33584	25692	22708	
14569	0	34456	33576	25508	22556	
14570	0	34608	34100	25340	22400	
14571	0	34520	34229	25161	22236	
14572	0	34296	34376	24984	22064	
14573	0	33984	34516	24853	21908	
14574	0	33848	34736	24706	21748	
14575	0	33980	34472	24568	21593	
14576	0	34253	34528	24340	21446	
14577	0	34868	34254	24237	21296	
14578	0	35568	33952	24104	21164	
14579	0	36320	33609	23888	21020	
14580	0	36420	33612	23776	20902	
14581	0	36620	33314	23642	20780	
14582	0	36544	33146	23502	20682	
14583	0	46564	36162	23334	20576	
14584	0	56132	45748	23192	20488	
14585	0	32192	43532	23045	20408	
14586	0	22906	35980	22966	20345	
14587	0	17060	45076	22797	20281	
14588	0	38408	38256	22708	20228	
14589	0	37540	36713	22633	20204	
14590	0	38656	34436	22550	20174	
14591	0	35060	32572	22464	20164	
14592	0	34608	32416	22330	20173	
14593	0	34844	34076	22250	20201	
14594	0	35688	36420	22189	20222	
14595	0	36200	38137	22124	20277	
14596	0	35064	37856	22162	20334	
14597	0	35680	36972	22113	20398	
14598	0	35928	36900	22140	20494	
14599	0	36021	36908	22129	20612	
14600	0	35468	36964	22062	20708	
14601	0	35520	36744	22174	20848	
14602	0	35632	36208	22248	21002	
14603	0	35589	36200	22232	21180	
14604	0	35632	36281	22300	21376	
14605	0	35549	36532	22384	21581	
14606	0	35756	36530	22559	21802	
14607	0	35652	36688	22620	22004	
14608	0	35620	36512	22715	22234	
14609	0	35420	36250	22860	22476	
14610	0	35664	36976	23064	22776	
14611	0	35488	36644	23180	23009	
14612	0	35485	36780	23428	23288	
14613	0	35448	36640	23580	23554	
14614	0	35492	36808	23764	23836	
14615	0	35312	36948	23976	24148	
14616	0	35264	37156	24156	24424	
14617	0	35252	36994	24433	24800	
14618	0	35408	36656	24644	25069	
14619	0	35336	36716	24800	25352	
14620	0	35234	36708	25077	25668	
14621	0	35056	36996	25340	26000	
14622	0	34980	36968	25572	26320	
14623	0	35128	37072	25744	26604	
14624	0	35028	36928	26040	26916	
14625	0	35136	36992	26298	27244	
14626	0	35033	36632	26485	27553	
14627	0	35072	36944	26721	27944	
14628	0	34924	37424	26964	28189	
14629	0	34865	37192	27260	28544	
14630	0	34746	37305	27478	28861	
14631	0	34808	37293	27733	29174	
14632	0	35032	37228	27946	29424	
14633	0	34912	37156	28200	29718	
14634	0	34796	37186	28412	30024	
14635	0	34828	37360	28653	30316	
14636	0	34848	37312	28858	30640	
14637	0	34809	37304	29064	30888	
14638	0	34720	37248	29320	31196	
14639	0	34948	37153	29528	31528	
14640	0	34932	37280	29744	31778	
14641	0	34960	37264	29949	32048	
14642	0	34970	37216	30162	32240	
14643	0	34904	37356	30380	32480	
14644	0	34770	37410	30588	32748	
14645	0	34676	37512	30802	32992	
14646	0	34721	37404	31017	33237	
14647	0	35197	37240	31232	33476	
14648	0	35165	36868	31456	33756	
14649	0	35281	37024	31672	34040	
14650	0	35290	37156	31904	34284	
14651	0	34972	37440	32120	34468	
14652	0	34988	37797	32344	34666	
14653	0	35024	38025	32585	34904	
14654	0	35034	38032	32825	35094	
14655	0	35048	37565	33040	35408	
14656	0	34852	38160	33288	35584	
14657	0	35073	39016	33560	35776	
14658	0	35460	39480	33816	36064	
14659	0	35420	39256	34080	36309	
14660	0	35386	39672	34358	36548	
14661	0	35049	39675	34616	36733	
14662	0	34212	40388	34872	37025	
14663	0	34125	40428	35184	37225	
14664	0	33424	40972	35440	37500	
14665	0	33884	40024	35755	37736	
14666	0	33953	39813	36008	37984	
14667	0	34260	39476	36304	38308	
14668	0	35200	39656	36660	38600	
14669	0	34888	39680	36896	38804	
14670	0	35956	39576	37216	39144	
14671	0	37784	38668	37548	39376	
14672	0	38310	37646	37862	39640	
14673	0	37717	38896	38157	39901	
14674	0	37236	39208	38489	40317	
14675	0	38492	41184	38856	40592	
14676	0	39476	33384	39156	40912	
14677	0	39009	36352	39472	41073	
14678	0	38829	38088	39880	41508	
14679	0	37981	38992	40120	41832	
14680	0	37156	40214	40440	41986	
14681	0	36645	38356	40848	42300	
14682	0	36219	38344	41100	42708	
14683	0	36209	37334	41492	42920	
14684	0	36148	37112	41802	43196	
14685	0	35672	36512	42076	43468	
14686	0	35328	35906	42420	43760	
14687	0	34532	35596	42648	44064	
14688	0	34068	35708	43040	44292	
14689	0	33517	35696	43233	44492	
14690	0	33064	35552	43540	44736	
14691	0	32440	35644	43786	44976	
14692	0	32761	35342	44045	45209	
14693	0	32538	35364	44360	45352	
14694	0	32504	35418	44532	45536	
14695	0	32382	34776	44765	45668	
14696	0	32072	34112	44988	45818	
14697	0	32036	33980	45192	45980	
14698	0	31928	34105	45432	46088	
14699	0	31944	33752	45628	46140	
14700	0	32212	33524	45808	46200	
14701	0	32521	34040	45912	46216	
14702	0	32616	33796	46068	46292	
14703	0	32784	33764	46181	46252	
14704	0	32820	34264	46312	46314	
14705	0	33052	34088	46464	46304	
14706	0	33216	33968	46504	46188	
14707	0	33040	33964	46656	46128	
14708	0	33180	33800	46732	46124	
14709	0	33174	34000	46784	46016	
14710	0	33378	33978	46816	45890	
14711	0	33758	34305	46900	45841	
14712	0	33956	34384	46852	45688	
14713	0	34320	34352	46922	45596	
14714	0	34730	34164	46965	45404	
14715	0	35168	33997	46968	45248	
14716	0	35384	34241	46980	45170	
14717	0	35688	34049	46944	44992	
14718	0	36096	34272	46916	44864	
14719	0	35924	34261	46888	44692	
14720	0	35350	34084	46868	44512	
14721	0	35936	33144	46866	44360	
14722	0	55293	32708	46784	44252	
14723	0	45120	49030	46788	44092	
14724	0	26970	40124	46709	43888	
14725	0	16082	40384	46724	43732	
14726	0	33572	41020	46680	43608	
14727	0	40449	39490	46572	43444	
14728	0	39840	36588	46496	43320	
14729	0	38396	35396	46452	43217	
14730	0	33804	35876	46452	43140	
14731	0	31616	35248	46325	42968	
14732	0	35932	34958	46296	42838	
14733	0	38028	36048	46224	42716	
14734	0	36644	37004	46213	42617	
14735	0	34656	37257	46164	42584	
14736	0	34800	36520	46033	42464	
14737	0	35914	36272	46041	42401	
14738	0	36188	36228	45938	42224	
14739	0	35784	36404	45900	42148	
14740	0	35536	36177	45824	42128	
14741	0	35748	36476	45756	42012	
14742	0	35996	36176	45714	41888	
14743	0	35768	36428	45644	41864	
14744	0	35760	36848	45589	41717	
14745	0	35626	36668	45552	41644	
14746	0	35628	36464	45536	41612	
14747	0	35828	36500	45428	41432	
14748	0	35296	36481	45364	41368	
14749	0	35460	36568	45344	41284	
14750	0	35361	36689	45240	41124	
14751	0	35400	36436	45186	41028	
14752	0	35513	36772	45112	40916	
14753	0	35484	36752	45032	40838	
14754	0	35412	36609	44968	40633	
14755	0	35380	36776	44872	40496	
14756	0	35316	36976	44772	40392	
14757	0	35244	36900	44744	40220	
14758	0	35144	36920	44604	40092	
14759	0	35236	36928	44492	39898	
14760	0	35108	36798	44384	39780	
14761	0	35056	36993	44320	39540	
14762	0	35152	37140	44184	39429	
14763	0	34928	37280	43992	39224	
14764	0	35000	37042	43845	39040	
14765	0	34980	37157	43688	38824	
14766	0	34740	37216	43604	38609	
14767	0	34840	37280	43380	38465	
14768	0	34849	37208	43184	38209	
14769	0	34864	37300	43048	37992	
14770	0	34944	37340	42798	37821	
14771	0	34818	37234	42632	37584	
14772	0	34797	37416	42400	37368	
14773	0	34746	37524	42289	37140	
14774	0	34752	37412	41922	36876	
14775	0	34873	37396	41680	36673	
14776	0	34924	37408	41433	36450	
14777	0	34848	37425	41184	36160	
14778	0	34864	37432	40960	35928	
14779	0	34844	37328	40665	35710	
14780	0	34709	37209	40492	35444	
14781	0	34720	37120	40188	35228	
14782	0	34816	36880	39840	34944	
14783	0	35026	37000	39560	34732	
14784	0	34972	37066	39385	34484	
14785	0	35020	37100	38986	34216	
14786	0	35036	37288	38794	33980	
14787	0	34808	37244	38422	33753	
14788	0	34944	37260	38185	33532	
14789	0	35280	37081	37816	33282	
14790	0	35204	37292	37518	33076	
14791	0	35192	37377	37248	32840	
14792	0	35184	37835	37001	32670	
14793	0	35224	37408	36632	32428	
14794	0	34456	37621	36420	32234	
14795	0	34841	38044	36072	32032	
14796	0	35456	38962	35797	31856	
14797	0	35588	39172	35464	31664	
14798	0	35552	39018	35220	31476	
14799	0	35212	39204	34912	31316	
14800	0	34761	39472	34632	31144	
14801	0	34528	39660	34340	31009	
14802	0	34436	40160	34080	30854	
14803	0	34276	39608	33808	30692	
14804	0	33640	39520	33516	30552	
14805	0	33244	39600	33243	30420	
14806	0	34260	39064	32970	30308	
14807	0	34846	38552	32696	30176	
14808	0	35146	38700	32420	30080	
14809	0	35225	38609	32157	29964	
14810	0	36928	39290	31896	29914	
14811	0	36452	38044	31620	29762	
14812	0	37579	38504	31348	29728	
14813	0	36672	37748	31073	29656	
14814	0	36144	38372	30792	29528	
14815	0	35908	39072	30516	29458	
14816	0	38208	36736	30258	29448	
14817	0	38776	36122	29974	29342	
14818	0	38112	37536	29700	29281	
14819	0	37840	38816	29412	29249	
14820	0	36888	40042	29112	29180	
14821	0	36050	39362	28790	29216	
14822	0	35576	39168	28540	29089	
14823	0	35424	38280	28220	29097	
14824	0	35637	38240	27957	28980	
14825	0	35893	37592	27602	28968	
14826	0	35948	37204	27346	28880	
14827	0	35656	36657	26992	28844	
14828	0	35380	35977	26712	28732	
14829	0	35080	36005	26364	28732	
14830	0	34608	36109	26050	28590	
14831	0	34180	35720	25744	28500	
14832	0	33706	35932	25400	28412	
14833	0	33448	35833	25068	28324	
14834	0	33336	35504	24732	28200	
14835	0	33280	35700	24412	28088	
14836	0	32997	34916	24008	27961	
14837	0	32912	34512	23749	27797	
14838	0	32546	34568	23417	27652	
14839	0	32560	34181	23037	27497	
14840	0	32582	34168	22697	27315	
14841	0	32434	34256	22364	27152	
14842	0	32441	33824	22026	26985	
14843	0	32857	34122	21746	26787	
14844	0	32984	33824	21437	26594	
14845	0	33222	33936	21041	26392	
14846	0	33457	33746	20800	26153	
14847	0	33826	33580	20462	25948	
14848	0	33730	34032	20169	25696	
14849	0	33600	33844	19769	25476	
14850	0	34056	33820	19462	25268	
14851	0	34160	34326	19234	25004	
14852	0	34552	33974	18944	24802	
14853	0	34488	34836	18562	24480	
14854	0	34736	34906	18350	24352	
14855	0	34861	34981	18054	24064	
14856	0	35056	34840	17752	23866	
14857	0	35016	34580	17513	23586	
14858	0	35137	34337	17212	23338	
14859	0	35232	34040	16946	23108	
14860	0	35880	33956	16712	22880	
14861	0	36161	33838	16449	22648	
14862	0	36320	33516	16276	22437	
14863	0	36036	33052	16080	22236	
14864	0	48736	35037	15856	22034	
14865	0	56180	34024	15656	21873	
14866	0	21833	43336	15456	21581	
14867	0	22324	40090	15261	21488	
14868	0	18952	42880	15108	21228	
14869	0	37440	43468	14902	21174	
14870	0	40528	40848	14790	21048	
14871	0	40908	33620	14592	20882	
14872	0	34196	32824	14504	20781	
14873	0	32457	34636	14428	20676	
14874	0	33620	34308	14350	20587	
14875	0	37280	35560	14191	20452	
14876	0	37220	37297	14176	20392	
14877	0	35064	37088	14124	20364	
14878	0	34808	36704	14008	20414	
14879	0	35728	36572	14064	20337	
14880	0	36096	36424	14041	20360	
14881	0	35609	36584	14043	20352	
14882	0	35466	36457	14068	20366	
14883	0	35564	36360	14120	20400	
14884	0	35661	36481	14173	20467	
14885	0	35868	36488	14212	20565	
14886	0	35590	36524	14328	20587	
14887	0	35616	36836	14462	20664	
14888	0	35568	36666	14524	20760	
14889	0	35540	36776	14728	20904	
14890	0	35525	36696	14878	20960	
14891	0	35413	36728	15024	21172	
14892	0	35256	36808	15184	21336	
14893	0	35585	36776	15452	21421	
14894	0	35320	36696	15672	21536	
14895	0	35360	36716	15845	21696	
14896	0	35316	36844	16109	21904	
14897	0	35328	36992	16341	22002	
14898	0	35090	36816	16644	22200	
14899	0	35420	36988	16918	22442	
14900	0	35104	36792	17114	22630	
14901	0	35124	36884	17432	22864	
14902	0	35097	36888	17706	22946	
14903	0	34940	37052	17976	23207	
14904	0	34780	36832	18308	23424	
14905	0	34980	37058	18580	23648	
14906	0	35040	37068	18848	23834	
14907	0	34904	36860	19170	24000	
14908	0	34878	37140	19450	24264	
14909	0	34836	37313	19765	24437	
14910	0	34808	37344	20050	24628	
14911	0	34908	37116	20361	24877	
14912	0	34836	37240	20650	25138	
14913	0	34836	37244	21000	25269	
14914	0	34764	37240	21298	25489	
14915	0	34920	36972	21520	25717	
14916	0	34852	36996	21835	26024	
14917	0	34704	37264	22158	26197	
14918	0	34692	37502	22458	26400	
14919	0	34416	37756	22790	26632	
14920	0	34548	37732	23016	26824	
14921	0	34636	37760	23353	27010	
14922	0	34570	37480	23681	27252	
14923	0	34848	37344	23896	27470	
14924	0	34714	37017	24280	27696	
14925	0	34756	37092	24560	27920	
14926	0	34780	37152	24808	28140	
14927	0	34628	37572	25180	28352	
14928	0	34936	37692	25412	28592	
14929	0	34948	37698	25801	28808	
14930	0	34916	37664	26113	29040	
14931	0	34780	37344	26400	29280	
14932	0	34625	37568	26742	29580	
14933	0	34968	37525	27028	29828	
14934	0	34964	37456	27420	30073	
14935	0	34944	37608	27728	30321	
14936	0	34920	37872	28069	30506	
14937	0	35168	37464	28440	30780	
14938	0	34536	37696	28782	31036	
14939	0	34606	38697	29117	31364	
14940	0	35000	38824	29474	31610	
14941	0	35394	39044	29816	31908	
14942	0	34892	38964	30176	32153	
14943	0	34756	39428	30504	32452	
14944	0	35061	39464	30908	32740	
14945	0	34692	39672	31248	33077	
14946	0	34356	40104	31610	33362	
14947	0	33912	39924	32008	33668	
14948	0	33884	39820	32388	34040	
14949	0	33524	40008	32754	34376	
14950	0	33904	39933	33129	34624	
14951	0	35004	39440	33501	34956	
14952	0	34672	39312	33858	35356	
14953	0	34344	39380	34244	35648	
14954	0	34116	39484	34626	36000	
14955	0	36120	38649	35052	36380	
14956	0	37220	38532	35394	36716	
14957	0	37048	38412	35832	37048	
14958	0	36092	38780	36184	37336	
14959	0	35349	40368	36600	37684	
14960	0	39728	35416	36932	38021	
14961	0	39128	34866	37328	38368	
14962	0	38192	37076	37696	38576	
14963	0	38480	38282	38072	38881	
14964	0	37249	38880	38440	39233	
14965	0	36122	39049	38905	39632	
14966	0	35888	38388	39172	39876	
14967	0	35796	37905	39536	40120	
14968	0	35632	37700	39920	40464	
14969	0	35656	37604	40233	40720	
14970	0	35234	37276	40664	41077	
14971	0	34728	36994	41017	41329	
14972	0	34528	36560	41232	41640	
14973	0	34488	35900	41512	41920	
14974	0	33974	36305	41817	42073	
14975	0	33744	36044	42080	42296	
14976	0	33000	35601	42352	42660	
14977	0	32996	35964	42636	42776	
14978	0	32744	35588	42860	43052	
14979	0	33084	35320	43164	43164	
14980	0	32996	34804	43344	43364	
14981	0	33060	34436	43508	43516	
14982	0	32792	34248	43720	43532	
14983	0	32857	34033	43908	43677	
14984	0	32760	34226	44168	43760	
14985	0	32950	34048	44324	43744	
14986	0	33126	34152	44410	43816	
14987	0	33200	33925	44560	43792	
14988	0	33500	33844	44700	43736	
14989	0	33418	34049	44820	43661	
14990	0	33380	33676	44992	43645	
14991	0	33589	33714	45112	43480	
14992	0	33712	33916	45172	43408	
14993	0	33850	33928	45240	43296	
14994	0	34024	34208	45332	43112	
14995	0	34296	34177	45480	42869	
14996	0	34234	34085	45478	42700	
14997	0	34456	34276	45544	42528	
14998	0	34324	34456	45596	42240	
14999	0	34280	34884	45648	42044	
15000	0	34132	34992	45672	41780	
15001	0	34296	35280	45728	41512	
15002	0	34508	35200	45784	41276	
15003	0	34612	34912	45753	41028	
15004	0	34992	34668	45828	40725	
15005	0	35352	34366	45760	40458	
15006	0	35849	34040	45806	40244	
15007	0	36332	33784	45760	39992	
15008	0	36604	33560	45728	39712	
15009	0	36822	33368	45705	39489	
15010	0	36973	33396	45672	39232	
15011	0	36442	33640	45686	38992	
15012	0	50780	36480	45580	38764	
15013	0	56256	38986	45544	38544	
15014	0	26421	43312	45497	38336	
15015	0	24228	40962	45408	38116	
15016	0	18464	44616	45392	37936	
15017	0	36448	43720	45320	37760	
15018	0	42312	39880	45188	37568	
15019	0	37580	37093	45157	37386	
15020	0	37128	33440	45020	37220	
15021	0	34896	32530	44984	37106	
15022	0	31290	33384	44916	36929	
15023	0	36164	35064	44764	36828	
15024	0	38168	36674	44682	36672	
15025	0	36144	37488	44589	36569	
15026	0	34284	37524	44512	36450	
15027	0	34569	36224	44450	36365	
15028	0	36596	36672	44392	36280	
15029	0	36380	36692	44228	36204	
15030	0	35492	36272	44156	36116	
15031	0	35412	36065	44064	36065	
15032	0	35440	36100	44001	36008	
15033	0	35712	36184	43916	35968	
15034	0	35660	36468	43865	35881	
15035	0	35608	36637	43786	35845	
15036	0	35588	36376	43700	35812	
15037	0	35780	36632	43744	35778	
15038	0	35445	36624	43664	35716	
15039	0	35424	36708	43601	35664	
15040	0	35298	36644	43472	35603	
15041	0	35401	36724	43412	35556	
15042	0	35354	36700	43412	35488	
15043	0	35252	37115	43304	35400	
15044	0	35136	37113	43208	35322	
15045	0	35202	37048	43229	35254	
15046	0	35154	36920	43056	35180	
15047	0	35112	36816	43076	35065	
15048	0	35004	36922	42984	34958	
15049	0	34932	36852	42853	34856	
15050	0	35105	37216	42772	34688	
15051	0	35049	37028	42724	34538	
15052	0	34948	36800	42612	34441	
15053	0	34788	37208	42368	34256	
15054	0	34592	36964	42228	34112	
15055	0	34784	37557	42120	33941	
15056	0	34749	37554	41960	33728	
15057	0	34788	37221	41756	33532	
15058	0	34684	37216	41664	33320	
15059	0	34752	37272	41456	33060	
15060	0	34880	37232	41296	32864	
15061	0	34884	37184	41108	32626	
15062	0	35024	37184	40792	32401	
15063	0	34768	37262	40576	32126	
15064	0	34912	37384	40332	31885	
15065	0	34932	37360	40152	31632	
15066	0	34845	37532	39844	31344	
15067	0	34825	37596	39588	31042	
15068	0	34858	37504	39368	30768	
15069	0	34917	37264	39024	30484	
15070	0	34882	37104	38752	30188	
15071	0	35008	36963	38513	29832	
15072	0	35024	36580	38169	29580	
15073	0	35000	36580	37848	29280	
15074	0	35420	36356	37648	28989	
15075	0	34952	37204	37244	28632	
15076	0	34717	37770	36946	28353	
15077	0	34796	38165	36681	28109	
15078	0	34660	37980	36328	27802	
15079	0	34873	37502	36024	27540	
15080	0	34826	37336	35729	27261	
15081	0	35089	36785	35408	26973	
15082	0	35080	36460	35088	26752	
15083	0	35122	36296	34868	26506	
15084	0	35361	36148	34578	26285	
15085	0	34984	37025	34260	26032	
15086	0	35264	37930	33920	25837	
15087	0	35344	38524	33620	25634	
15088	0	35132	38432	33330	25434	
15089	0	34898	37837	33042	25248	
15090	0	35104	37108	32757	25066	
15091	0	35304	36904	32473	24896	
15092	0	35264	37549	32189	24741	
15093	0	35409	37856	31905	24593	
15094	0	35394	38040	31629	24433	
15095	0	35130	38282	31344	24301	
15096	0	35520	38748	31044	24160	
15097	0	35236	39193	30764	24065	
15098	0	35140	39688	30424	23956	
15099	0	34920	39584	30165	23853	
15100	0	35033	40004	29865	23776	
15101	0	34572	40104	29500	23680	
15102	0	33948	40228	29231	23632	
15103	0	34020	40552	28941	23562	
15104	0	33394	40089	28592	23537	
15105	0	34277	39512	28276	23502	
15106	0	34646	39017	27928	23488	
15107	0	34130	38732	27642	23488	
15108	0	34384	38504	27266	23501	
15109	0	34592	38382	26978	23524	
15110	0	35832	38000	26624	23556	
15111	0	36356	37420	26259	23606	
15112	0	35984	37488	25924	23666	
15113	0	35092	39032	25648	23760	
15114	0	34200	38764	25256	23816	
15115	0	34214	37457	24904	23900	
15116	0	38288	34738	24674	24024	
15117	0	38320	34690	24324	24098	
15118	0	38185	35800	23997	24220	
15119	0	38524	36464	23681	24372	
15120	0	38264	37316	23364	24432	
15121	0	37342	38452	23012	24605	
15122	0	36738	38692	22720	24669	
15123	0	36688	38164	22414	24836	
15124	0	36365	37440	22052	24920	
15125	0	36364	37861	21788	25059	
15126	0	36096	37004	21500	25156	
15127	0	35954	37056	21157	25260	
15128	0	36129	36442	20925	25346	
15129	0	36200	36256	20621	25401	
15130	0	36336	36224	20368	25533	
15131	0	36604	36456	20085	25570	
15132	0	35936	36736	19803	25588	
15133	0	34608	36808	19542	25706	
15134	0	33584	36208	19224	25762	
15135	0	32304	36108	19028	25724	
15136	0	32569	36008	18794	25804	
15137	0	32160	35984	18549	25818	
15138	0	32028	35685	18255	25796	
15139	0	32106	35096	18057	25742	
15140	0	32041	35412	17820	25746	
15141	0	31285	34112	17563	25726	
15142	0	31792	34972	17382	25648	
15143	0	30315	34344	17132	25661	
15144	0	30656	34616	16897	25542	
15145	0	31306	34756	16745	25494	
15146	0	31700	34808	16522	25430	
15147	0	31680	34570	16264	25368	
15148	0	31712	35688	16147	25272	
15149	0	31860	35152	15938	25206	
15150	0	32292	35194	15760	25112	
15151	0	32568	35040	15580	25032	
15152	0	33180	35000	15433	24985	
15153	0	33586	35200	15260	24920	
15154	0	33928	35576	15090	24822	
15155	0	34230	35520	14960	24820	
15156	0	34877	35756	14818	24796	
15157	0	35532	35601	14645	24780	
15158	0	36037	35401	14510	24738	
15159	0	36705	35216	14413	24712	
15160	0	37744	35108	14268	24680	
15161	0	38344	34598	14188	24674	
15162	0	39028	34125	14100	24573	
15163	0	39060	33742	13950	24654	
15164	0	38939	33376	13859	24682	
15165	0	45112	33284	13840	24692	
15166	0	50756	41424	13696	24642	
15167	0	56200	45508	13653	24736	
15168	0	27948	37418	13620	24813	
15169	0	13932	35448	13513	24804	
15170	0	21650	46604	13514	24836	
15171	0	39808	37524	13424	24940	
15172	0	38556	33457	13414	25016	
15173	0	36960	32880	13320	25056	
15174	0	33910	35712	13356	25176	
15175	0	35652	37676	13348	25282	
15176	0	36665	36936	13324	25290	
15177	0	35144	36653	13284	25476	
15178	0	35892	36240	13328	25594	
15179	0	35272	36342	13342	25681	
15180	0	35928	36428	13398	25753	
15181	0	35528	36672	13408	25952	
15182	0	35464	36448	13412	26080	
15183	0	35752	36456	13488	26212	
15184	0	35761	36772	13526	26361	
15185	0	35780	36450	13616	26532	
15186	0	35741	36572	13696	26676	
15187	0	35540	36456	13805	26800	
15188	0	35672	36793	13884	26904	
15189	0	35456	36928	14052	27018	
15190	0	35936	36644	14191	27251	
15191	0	35600	37008	14336	27409	
15192	0	35432	36704	14501	27538	
15193	0	35480	36724	14670	27702	
15194	0	35237	36730	14824	27842	
15195	0	35322	37224	15002	27980	
15196	0	35248	37025	15228	28084	
15197	0	35232	36776	15432	28236	
15198	0	35197	36948	15675	28272	
15199	0	35110	36944	15899	28462	
15200	0	35012	36968	16107	28536	
15201	0	34964	36964	16340	28685	
15202	0	35008	36876	16524	28756	
15203	0	34908	36872	16798	28859	
15204	0	34880	36912	16996	28892	
15205	0	35120	37173	17258	28945	
15206	0	34912	36952	17462	29012	
15207	0	34936	36916	17722	29012	
15208	0	34876	36908	17942	29068	
15209	0	34893	37168	18096	29092	
15210	0	34788	37168	18368	29080	
15211	0	34880	37216	18508	29088	
15212	0	34868	37328	18806	29064	
15213	0	34932	37444	18956	29080	
15214	0	34848	37580	19176	29000	
15215	0	34889	37465	19392	28988	
15216	0	35010	37344	19578	28930	
15217	0	35240	37328	19680	28908	
15218	0	35124	37116	19904	28788	
15219	0	35080	37116	20067	28733	
15220	0	34976	37288	20182	28649	
15221	0	35073	37248	20390	28552	
15222	0	35128	37124	20530	28500	
15223	0	35042	37040	20654	28440	
15224	0	35200	36908	20819	28300	
15225	0	35216	36800	20956	28236	
15226	0	35168	36806	21096	28222	
15227	0	35113	36760	21260	28157	
15228	0	35124	36810	21384	28092	
15229	0	35048	37146	21498	28036	
15230	0	35170	36876	21636	27968	
15231	0	35088	37344	21858	27950	
15232	0	35141	37066	21980	27915	
15233	0	35200	36920	22156	27901	
15234	0	35256	36896	22304	27892	
15235	0	35112	36932	22440	27904	
15236	0	35097	36956	22620	27900	
15237	0	35104	36968	22746	27912	
15238	0	35120	36866	22950	27953	
15239	0	34952	37440	23097	28017	
15240	0	35112	37152	23248	28049	
15241	0	34964	37277	23410	28132	
15242	0	34992	37184	23549	28194	
15243	0	34956	37281	23804	28380	
15244	0	35052	37409	23972	28400	
15245	0	35065	37633	24164	28530	
15246	0	35249	37709	24336	28654	
15247	0	35400	37677	24530	28780	
15248	0	35516	37928	24704	28918	
15249	0	35260	38241	24898	29104	
15250	0	35244	38640	25024	29284	
15251	0	35056	39000	25254	29400	
15252	0	34444	38752	25451	29604	
15253	0	35152	39140	25670	29770	
15254	0	34730	39852	25832	29960	
15255	0	34536	40882	26012	30156	
15256	0	35720	39872	26223	30368	
15257	0	35520	40888	26480	30582	
15258	0	35594	40920	26685	30850	
15259	0	34904	40760	26840	31009	
15260	0	34393	40812	27024	31234	
15261	0	34041	40962	27280	31460	
15262	0	34632	40656	27489	31744	
15263	0	34628	39984	27700	31916	
15264	0	35946	39168	27944	32228	
15265	0	37216	38348	28196	32428	
15266	0	37141	37841	28385	32644	
15267	0	36630	37216	28633	32928	
15268	0	35202	37074	28920	33172	
15269	0	34004	36056	29160	33532	
15270	0	33228	35802	29408	33708	
15271	0	33662	35698	29682	33969	
15272	0	33961	34418	29933	34220	
15273	0	33313	35628	30208	34504	
15274	0	35361	31424	30456	34780	
15275	0	34617	33770	30736	35008	
15276	0	33720	35432	31048	35340	
15277	0	33800	35476	31298	35520	
15278	0	33840	35644	31570	35856	
15279	0	33828	35632	31870	36064	
15280	0	33940	35257	32148	36290	
15281	0	34100	35176	32416	36460	
15282	0	34016	34752	32698	36740	
15283	0	34092	34616	33006	36956	
15284	0	34140	34772	33268	37072	
15285	0	34176	34852	33597	37244	
15286	0	34129	35368	33828	37446	
15287	0	34208	35248	34148	37641	
15288	0	34437	35448	34384	37888	
15289	0	34433	35932	34660	37944	
15290	0	34644	36016	34940	38122	
15291	0	35028	36372	35283	38252	
15292	0	35392	36762	35488	38384	
15293	0	35816	37128	35780	38625	
15294	0	36213	37637	36020	38752	
15295	0	36584	38161	36325	38832	
15296	0	36868	38480	36608	38916	
15297	0	37296	38900	36812	39074	
15298	0	37820	39249	37145	39264	
15299	0	38482	39344	37340	39350	
15300	0	39280	39380	37638	39424	
15301	0	39978	39289	37824	39632	
15302	0	40528	39368	38072	39684	
15303	0	40988	39417	38404	39844	
15304	0	41416	39384	38580	39976	
15305	0	41624	39188	38873	40064	
15306	0	41656	38964	39042	40104	
15307	0	41368	38648	39388	40168	
15308	0	41017	38352	39532	40376	
15309	0	40680	38309	39748	40376	
15310	0	40300	38120	39952	40492	
15311	0	39801	37856	40164	40625	
15312	0	39352	37770	40349	40788	
15313	0	38885	37920	40624	40800	
15314	0	37833	37396	40784	40896	
15315	0	37292	37340	40948	41036	
15316	0	36244	37364	41128	41220	
15317	0	35436	37366	41264	41186	
15318	0	36025	37336	41432	41328	
15319	0	36014	37368	41640	41398	
15320	0	36384	37440	41812	41572	
15321	0	36228	37344	41968	41680	
15322	0	35988	37056	42000	41770	
15323	0	35845	36768	42168	41722	
15324	0	36178	36728	42260	41936	
15325	0	36700	36520	42393	41996	
15326	0	36916	36624	42400	41992	
15327	0	37370	36386	42460	42026	
15328	0	37268	36266	42672	42194	
15329	0	37872	36180	42641	42128	
15330	0	38208	36136	42684	42269	
15331	0	38336	36136	42736	42240	
15332	0	38514	36904	42880	42368	
15333	0	37036	39008	42820	42420	
15334	0	26332	43809	42888	42456	
15335	0	24198	42946	42940	42452	
15336	0	34152	42728	42880	42369	
15337	0	34789	33472	42928	42492	
15338	0	35040	30144	43016	42465	
15339	0	47552	36500	42996	42424	
15340	0	28372	50488	42868	42340	
15341	0	37600	39360	42852	42412	
15342	0	29258	35353	42865	42298	
15343	0	31856	41028	42857	42281	
15344	0	33106	34136	42869	42224	
15345	0	34448	37816	42834	42289	
15346	0	33490	37652	42688	42132	
15347	0	34109	37328	42756	42072	
15348	0	34108	37644	42620	42120	
15349	0	33972	37024	42560	42072	
15350	0	34916	36908	42538	41984	
15351	0	34569	37024	42560	41884	
15352	0	34548	37290	42448	41836	
15353	0	34232	37312	42412	41668	
15354	0	34600	37565	42460	41676	
15355	0	34808	37525	42328	41440	
15356	0	34740	37345	42389	41400	
15357	0	34832	37520	42248	41228	
15358	0	34605	37328	42208	41180	
15359	0	34720	37076	42224	41052	
15360	0	34802	37304	42120	40876	
15361	0	34706	37142	42196	40825	
15362	0	34636	37428	42116	40724	
15363	0	34633	36956	42056	40588	
15364	0	34400	37010	41873	40320	
15365	0	34496	37348	41760	40225	
15366	0	34596	37280	41676	40152	
15367	0	34672	37212	41572	39905	
15368	0	34653	36709	41596	39709	
15369	0	34656	37144	41404	39544	
15370	0	34742	36740	41208	39392	
15371	0	34608	37284	41056	39272	
15372	0	34824	36768	40912	39036	
15373	0	35116	36704	40752	38857	
15374	0	34868	37546	40664	38776	
15375	0	34804	37196	40508	38594	
15376	0	34896	36320	40236	38337	
15377	0	35040	37404	40009	38192	
15378	0	35112	37344	39816	37960	
15379	0	34888	37004	39617	37866	
15380	0	34980	37410	39490	37646	
15381	0	35004	37320	39176	37392	
15382	0	34908	37032	38913	37216	
15383	0	35016	37028	38780	37104	
15384	0	34924	36888	38472	36930	
15385	0	34977	37124	38164	36716	
15386	0	34996	36681	37912	36556	
15387	0	34948	36852	37644	36368	
15388	0	34800	36921	37368	36097	
15389	0	34865	36860	37112	35964	
15390	0	35060	36905	36906	35820	
15391	0	35157	36766	36612	35649	
15392	0	35061	36603	36376	35420	
15393	0	34984	36568	36053	35240	
15394	0	35008	36840	35754	35080	
15395	0	34914	36880	35504	34936	
15396	0	34880	36922	35252	34780	
15397	0	35217	36896	34939	34656	
15398	0	35072	37088	34625	34525	
15399	0	35189	37228	34379	34336	
15400	0	35284	37362	34124	34112	
15401	0	35185	37540	33866	33984	
15402	0	35348	37812	33594	33816	
15403	0	35297	38164	33300	33692	
15404	0	35348	38617	33048	33544	
15405	0	35500	39516	32792	33492	
15406	0	35576	40156	32541	33353	
15407	0	35028	39880	32280	33204	
15408	0	35058	40201	32054	32993	
15409	0	34680	40458	31788	32872	
15410	0	34304	40664	31568	32760	
15411	0	34077	40720	31304	32680	
15412	0	34146	40832	31088	32572	
15413	0	34080	40041	30888	32450	
15414	0	34198	39588	30681	32288	
15415	0	34124	39416	30438	32194	
15416	0	34793	38820	30228	32076	
15417	0	35464	38932	30049	32076	
15418	0	36784	38898	29866	31928	
15419	0	36994	39080	29700	31855	
15420	0	35293	38620	29533	31881	
15421	0	34687	38694	29368	31842	
15422	0	31756	40212	29206	31764	
15423	0	37008	34082	29085	31712	
15424	0	36817	33789	28960	31700	
15425	0	37184	36472	28842	31700	
15426	0	36576	38248	28728	31713	
15427	0	36322	39285	28609	31724	
15428	0	36916	37990	28535	31796	
15429	0	35028	36697	28488	31792	
15430	0	34772	36732	28414	31878	
15431	0	35225	37008	28328	31920	
15432	0	36804	36441	28312	31941	
15433	0	37496	36640	28278	31994	
15434	0	37864	35828	28248	32072	
15435	0	37820	35424	28227	32124	
15436	0	37280	35484	28217	32213	
15437	0	37092	35284	28212	32308	
15438	0	36267	35573	28205	32336	
15439	0	36163	35372	28221	32420	
15440	0	35891	35161	28263	32512	
15441	0	36096	35328	28280	32644	
15442	0	35693	35384	28304	32696	
15443	0	35960	35228	28342	32764	
15444	0	35724	35322	28397	32865	
15445	0	35432	34912	28435	32932	
15446	0	35292	34880	28502	33050	
15447	0	35184	35064	28552	33081	
15448	0	35196	34488	28610	33160	
15449	0	35113	34008	28676	33312	
15450	0	34962	33856	28746	33360	
15451	0	35036	34024	28800	33410	
15452	0	34988	33472	28880	33482	
15453	0	35052	33533	28936	33557	
15454	0	35172	33008	29010	33728	
15455	0	35312	32952	29073	33734	
15456	0	35190	33060	29155	33784	
15457	0	35088	32965	29232	33848	
15458	0	34936	33232	29280	33940	
15459	0	34924	33152	29348	33968	
15460	0	34839	33572	29420	34113	
15461	0	34764	33520	29540	34096	
15462	0	34770	33760	29572	34162	
15463	0	34833	33868	29676	34321	
15464	0	34928	34160	29728	34276	
15465	0	34984	34216	29848	34337	
15466	0	35024	34124	29899	34432	
15467	0	34852	34272	30012	34520	
15468	0	34680	34337	30108	34556	
15469	0	34544	34376	30177	34626	
15470	0	34400	34344	30277	34685	
15471	0	34344	34304	30376	34772	
15472	0	34400	34348	30480	34892	
15473	0	34315	34456	30560	34973	
15474	0	34312	34496	30680	35024	
15475	0	34053	34496	30780	35076	
15476	0	33681	34478	30942	35128	
15477	0	45332	37840	31026	35224	
15478	0	56092	34096	31172	35304	
15479	0	31668	46576	31265	35396	
15480	0	21190	37584	31404	35476	
15481	0	24330	38972	31538	35564	
15482	0	22200	40970	31684	35672	
15483	0	42132	39552	31810	35808	
15484	0	36644	39008	31952	35872	
15485	0	37364	37412	32100	36040	
15486	0	36384	36896	32261	36069	
15487	0	36576	34584	32448	36132	
15488	0	30221	33676	32552	36252	
15489	0	34504	31928	32736	36346	
15490	0	34932	32776	32971	36460	
15491	0	37524	35848	33072	36569	
15492	0	36862	36885	33296	36680	
15493	0	35244	37780	33436	36789	
15494	0	34744	37665	33668	37012	
15495	0	35714	37144	33826	37088	
15496	0	36336	36784	34028	37220	
15497	0	36128	36548	34240	37276	
15498	0	35512	36168	34484	37476	
15499	0	35585	36016	34676	37516	
15500	0	35440	36308	34961	37724	
15501	0	35416	36688	35128	37906	
15502	0	36010	36720	35369	37932	
15503	0	35708	36640	35688	38176	
15504	0	35696	36416	35872	38364	
15505	0	35863	36568	36136	38370	
15506	0	35612	36384	36400	38596	
15507	0	35712	36340	36733	38648	
15508	0	35606	36576	37032	38748	
15509	0	35432	36676	37292	39026	
15510	0	35600	36493	37506	39018	
15511	0	35490	36476	37780	39084	
15512	0	35540	36841	38080	39280	
15513	0	35360	36800	38352	39384	
15514	0	35372	36864	38632	39398	
15515	0	35256	36692	38909	39544	
15516	0	35361	36640	39200	39612	
15517	0	35364	36674	39512	39580	
15518	0	35296	36929	39744	39657	
15519	0	35140	37026	40136	39692	
15520	0	35152	37084	40268	39752	
15521	0	35141	37228	40536	39714	
15522	0	35097	37092	40768	39776	
15523	0	34962	37152	41032	39706	
15524	0	35096	37124	41264	39736	
15525	0	35041	37009	41496	39612	
15526	0	34956	37108	41708	39680	
15527	0	34956	36961	41916	39564	
15528	0	34984	37140	42212	39544	
15529	0	35042	37132	42313	39388	
15530	0	34977	37108	42492	39360	
15531	0	35040	37168	42760	39220	
15532	0	35016	37234	42824	39196	
15533	0	34926	37434	43056	39016	
15534	0	34752	37460	43104	38968	
15535	0	34868	37532	43232	38828	
15536	0	34952	37432	43356	38673	
15537	0	34905	37460	43514	38528	
15538	0	34956	37304	43556	38392	
15539	0	34860	37136	43645	38288	
15540	0	35128	36880	43768	38128	
15541	0	34880	36764	43857	37984	
15542	0	35016	36924	43932	37856	
15543	0	34993	36948	43896	37698	
15544	0	35292	36705	43916	37553	
15545	0	35016	36960	44009	37404	
15546	0	35284	36812	44032	37256	
15547	0	35163	36762	44000	37116	
15548	0	35210	36876	43956	36968	
15549	0	35336	36892	43989	36832	
15550	0	35069	37584	43914	36684	
15551	0	35194	37050	43928	36548	
15552	0	34832	37488	43825	36424	
15553	0	35368	38356	43776	36280	
15554	0	35449	38501	43704	36164	
15555	0	35329	38280	43668	36032	
15556	0	35276	38044	43636	35900	
15557	0	35392	37780	43504	35744	
15558	0	35244	38336	43448	35620	
15559	0	35364	38416	43312	35504	
15560	0	35408	39048	43148	35392	
15561	0	35196	39716	43036	35264	
15562	0	35704	39656	42944	35152	
15563	0	35240	39860	42816	35040	
15564	0	34216	40528	42674	34960	
15565	0	34000	40586	42584	34844	
15566	0	34226	40985	42520	34716	
15567	0	34452	40370	42297	34632	
15568	0	34477	39528	42176	34532	
15569	0	34829	39690	42032	34448	
15570	0	34096	39456	42036	34349	
15571	0	34344	39064	41900	34248	
15572	0	35660	39490	41628	34160	
15573	0	38136	39780	41592	34104	
15574	0	37888	38348	41360	34008	
15575	0	37781	38344	41202	33909	
15576	0	36458	41936	41144	33824	
15577	0	40968	33668	41032	33756	
15578	0	39816	33648	40776	33696	
15579	0	37604	38056	40728	33628	
15580	0	36253	39997	40456	33512	
15581	0	35840	39941	40360	33432	
15582	0	35128	38508	40220	33364	
15583	0	35232	38164	39988	33250	
15584	0	35246	38044	39812	33177	
15585	0	35794	37652	39696	33066	
15586	0	35340	37128	39580	32988	
15587	0	35200	37080	39301	32876	
15588	0	34804	36368	39120	32756	
15589	0	34148	36772	38932	32652	
15590	0	33500	35980	38752	32532	
15591	0	32690	35792	38548	32404	
15592	0	32713	35976	38392	32250	
15593	0	32397	35804	38164	32122	
15594	0	32082	35248	38020	31978	
15595	0	32302	34948	37684	31826	
15596	0	32368	35120	37540	31660	
15597	0	32096	34505	37209	31492	
15598	0	31908	34984	36961	31314	
15599	0	31524	33738	36704	31132	
15600	0	32336	34202	36496	30936	
15601	0	32092	33696	36168	30726	
15602	0	32340	33534	35920	30520	
15603	0	32342	33632	35644	30297	
15604	0	32420	33473	35320	30066	
15605	0	32699	33065	34997	29844	
15606	0	32644	33296	34698	29605	
15607	0	33156	33952	34444	29371	
15608	0	33162	34020	34122	29136	
15609	0	33572	34452	33697	28880	
15610	0	33840	34218	33393	28637	
15611	0	34028	33860	33100	28408	
15612	0	34280	33976	32706	28164	
15613	0	34662	33804	32404	27920	
15614	0	34836	34284	31996	27676	
15615	0	35096	34536	31652	27428	
15616	0	35200	34441	31353	27204	
15617	0	35400	34332	30976	26972	
15618	0	35572	34226	30620	26744	
15619	0	35812	34156	30294	26530	
15620	0	36001	34080	29958	26310	
15621	0	36280	34026	29669	26096	
15622	0	36024	34138	29328	25897	
15623	0	38344	33968	29030	25704	
15624	0	55672	36320	28708	25526	
15625	0	46328	51498	28284	25360	
15626	0	22560	37125	28103	25186	
15627	0	15603	39832	27820	25028	
15628	0	31528	43304	27532	24838	
15629	0	43468	39556	27276	24689	
15630	0	37376	37508	27008	24553	
15631	0	41432	32392	26834	24425	
15632	0	31032	34172	26592	24300	
15633	0	31793	34246	26369	24206	
15634	0	36037	34728	26168	24078	
15635	0	37868	36652	25912	23976	
15636	0	36156	37681	25724	23890	
15637	0	34272	37221	25548	23840	
15638	0	34941	36356	25426	23744	
15639	0	35920	36580	25225	23724	
15640	0	35942	36649	25117	23654	
15641	0	35488	36650	24928	23612	
15642	0	35344	36400	24808	23598	
15643	0	35600	36084	24664	23588	
15644	0	35632	36260	24617	23568	
15645	0	35588	36428	24509	23576	
15646	0	35524	36644	24448	23621	
15647	0	35496	36404	24314	23604	
15648	0	35600	36748	24294	23666	
15649	0	35480	36868	24232	23688	
15650	0	35244	36906	24104	23709	
15651	0	35336	36792	24121	23728	
15652	0	35264	36976	24098	23765	
15653	0	35260	37064	24041	23800	
15654	0	35284	36824	24044	23880	
15655	0	35260	36948	23996	23890	
15656	0	34977	36717	23928	23917	
15657	0	35044	37012	23962	23926	
15658	0	34960	37064	23910	23976	
15659	0	35012	37004	23926	23989	
15660	0	35016	36800	23960	24020	
15661	0	34864	37040	23880	24058	
15662	0	34881	36716	23872	24051	
15663	0	34536	37088	23908	24062	
15664	0	34916	37124	23920	24036	
15665	0	34692	37388	23906	24032	
15666	0	34756	37308	23836	24058	
15667	0	34668	37380	23884	23988	
15668	0	34580	37288	23790	23972	
15669	0	34600	37317	23844	23964	
15670	0	34613	37150	23800	23912	
15671	0	34740	36900	23728	23812	
15672	0	34652	36992	23700	23772	
15673	0	34396	37416	23690	23692	
15674	0	34396	37924	23672	23630	
15675	0	34516	38084	23657	23564	
15676	0	34668	38180	23558	23464	
15677	0	34601	37976	23553	23384	
15678	0	34468	37700	23432	23269	
15679	0	34512	37664	23376	23168	
15680	0	34533	37500	23328	23122	
15681	0	34504	37170	23232	22980	
15682	0	34633	37044	23205	22873	
15683	0	34465	36764	23168	22764	
15684	0	34748	37252	23066	22696	
15685	0	34696	37728	23032	22554	
15686	0	34728	37720	22940	22448	
15687	0	34646	37580	22816	22356	
15688	0	34536	37432	22804	22260	
15689	0	34524	37488	22737	22166	
15690	0	34548	37544	22624	22092	
15691	0	34292	37556	22626	22065	
15692	0	34600	37792	22600	21960	
15693	0	36514	37432	22532	21928	
15694	0	34372	37064	22450	21888	
15695	0	35316	37640	22409	21860	
15696	0	34241	38004	22465	21849	
15697	0	34372	39044	22400	21816	
15698	0	34940	39320	22413	21809	
15699	0	34680	39460	22417	21852	
15700	0	35008	39192	22434	21868	
15701	0	34504	39232	22392	21889	
15702	0	34412	39952	22414	21956	
15703	0	34909	39976	22464	22032	
15704	0	34376	40186	22579	22073	
15705	0	34065	40322	22549	22162	
15706	0	33682	40136	22660	22262	
15707	0	33380	40376	22740	22339	
15708	0	33513	40353	22854	22482	
15709	0	34488	39241	22952	22616	
15710	0	35176	39106	23030	22804	
15711	0	35648	39632	23184	22936	
15712	0	35664	38745	23328	23120	
15713	0	36042	38824	23396	23313	
15714	0	38256	39560	23585	23521	
15715	0	37752	38816	23780	23728	
15716	0	37784	38672	23942	23970	
15717	0	37692	38608	24088	24212	
15718	0	40156	35876	24316	24457	
15719	0	39676	35568	24500	24752	
15720	0	37704	38068	24624	25025	
15721	0	36844	40472	24829	25328	
15722	0	35776	39008	25092	25641	
15723	0	34984	38400	25314	25952	
15724	0	34736	38126	25570	26348	
15725	0	34872	37720	25768	26672	
15726	0	34721	37017	26024	27004	
15727	0	34756	36576	26244	27296	
15728	0	34572	36504	26468	27713	
15729	0	34360	36384	26670	28024	
15730	0	33908	35580	26940	28340	
15731	0	33853	35424	27192	28688	
15732	0	33816	34904	27396	29020	
15733	0	33396	34964	27646	29412	
15734	0	33020	34592	27873	29681	
15735	0	32738	34381	28092	30009	
15736	0	32960	34348	28306	30360	
15737	0	32904	34360	28524	30636	
15738	0	32836	33867	28732	30934	
15739	0	33060	33558	28936	31244	
15740	0	33008	33972	29124	31568	
15741	0	32992	33184	29304	31760	
15742	0	32956	33312	29478	32012	
15743	0	33060	33916	29672	32284	
15744	0	33564	33322	29824	32500	
15745	0	33568	33068	29976	32720	
15746	0	33432	33524	30128	32904	
15747	0	33545	33941	30305	33173	
15748	0	33784	34352	30428	33308	
15749	0	33720	34241	30554	33532	
15750	0	33416	35019	30710	33664	
15751	0	33384	34892	30802	33832	
15752	0	33323	34896	30945	33980	
15753	0	33368	35250	31049	34068	
15754	0	33577	35496	31160	34234	
15755	0	33796	35456	31254	34333	
15756	0	34124	36608	31346	34560	
15757	0	34720	35512	31432	34560	
15758	0	35280	35924	31544	34780	
15759	0	35192	35664	31640	34845	
15760	0	35272	35760	31768	34968	
15761	0	35552	35416	31860	35056	
15762	0	35669	35000	31932	35180	
15763	0	35872	34452	32042	35188	
15764	0	36000	34180	32120	35285	
15765	0	35956	34120	32257	35373	
15766	0	35752	34180	32321	35477	
15767	0	41648	37628	32438	35596	
15768	0	55916	36752	32548	35753	
15769	0	35596	43512	32660	35837	
15770	0	24004	35421	32788	35920	
15771	0	21032	41424	32918	36072	
15772	0	31592	42204	33032	36192	
15773	0	39649	40480	33184	36280	
15774	0	36688	36908	33308	36332	
15775	0	36120	35532	33500	36444	
15776	0	37116	35088	33634	36628	
15777	0	33121	35020	33773	36672	
15778	0	34088	35136	33920	36794	
15779	0	35906	35376	34104	36920	
15780	0	36036	36296	34264	37130	
15781	0	35725	37164	34440	37281	
15782	0	35392	37580	34644	37304	
15783	0	35044	36784	34833	37464	
15784	0	34744	36933	35041	37648	
15785	0	35488	36481	35272	37664	
15786	0	36024	36336	35464	37872	
15787	0	35296	36480	35644	37944	
15788	0	35302	36444	35940	38104	
15789	0	35476	36864	36096	38216	
15790	0	35710	36656	36309	38468	
15791	0	35388	37084	36624	38473	
15792	0	35464	36992	36778	38576	
15793	0	35520	36792	37016	38824	
15794	0	35476	36892	37322	38848	
15795	0	35265	36908	37512	38956	
15796	0	35258	36540	37745	39146	
15797	0	35228	36768	38088	39172	
15798	0	35266	36672	38240	39300	
15799	0	35428	36764	38496	39410	
15800	0	35244	36736	38753	39620	
15801	0	35216	36704	39074	39632	
15802	0	35096	36692	39252	39808	
15803	0	35100	36640	39556	39784	
15804	0	35104	36852	39776	39884	
15805	0	34996	36728	39948	39952	
15806	0	35140	37004	40186	40020	
15807	0	35024	37080	40448	40088	
15808	0	34949	37112	40617	40168	
15809	0	34984	37006	40876	40292	
15810	0	34913	37113	41060	40392	
15811	0	34810	37232	41280	40416	
15812	0	34996	36985	41488	40452	
15813	0	34861	37364	41825	40480	
15814	0	34770	37250	41904	40580	
15815	0	34836	37456	42100	40653	
15816	0	34802	37378	42324	40586	
15817	0	34762	37465	42464	40716	
15818	0	34832	37464	42752	40716	
15819	0	34729	37492	42836	40744	
15820	0	34880	37388	42992	40828	
15821	0	34868	37184	43164	40781	
15822	0	34853	36988	43352	40794	
15823	0	34848	37004	43480	40882	
15824	0	34812	37234	43588	40882	
15825	0	34880	37512	43712	40892	
15826	0	34760	37676	43852	40892	
15827	0	34656	37708	43993	40880	
15828	0	34852	37472	44170	40952	
15829	0	34874	37292	44208	40968	
15830	0	34944	37080	44336	40952	
15831	0	34848	36812	44447	41060	
15832	0	34808	36754	44552	41032	
15833	0	34808	36736	44680	41064	
15834	0	35000	36888	44808	41080	
15835	0	35084	37152	44916	41184	
15836	0	35004	37436	44956	41152	
15837	0	34873	37568	45032	41264	
15838	0	34864	37412	45160	41314	
15839	0	34845	37512	45268	41368	
15840	0	35594	37169	45348	41374	
15841	0	34956	37089	45440	41432	
15842	0	34892	37304	45440	41472	
15843	0	35264	37320	45530	41596	
15844	0	34844	37536	45664	41584	
15845	0	34928	38160	45744	41684	
15846	0	34988	38324	45712	41812	
15847	0	35370	38192	45776	41825	
15848	0	35116	38208	45840	41864	
15849	0	35101	38304	45893	41952	
15850	0	34776	38600	45960	42016	
15851	0	35112	39040	46012	42084	
15852	0	34672	39649	46044	42224	
15853	0	34732	39436	46017	42276	
15854	0	34760	39476	46072	42360	
15855	0	33918	39400	46072	42418	
15856	0	33636	39272	46040	42416	
15857	0	33752	39008	46040	42522	
15858	0	33852	39036	46108	42496	
15859	0	34200	38984	46040	42596	
15860	0	34404	39064	46008	42636	
15861	0	34822	38840	45980	42680	
15862	0	34928	38112	45980	42700	
15863	0	35276	39072	45962	42688	
15864	0	36836	39044	45884	42792	
15865	0	36684	38056	45840	42808	
15866	0	36800	38752	45828	42740	
15867	0	36384	38925	45725	42816	
15868	0	36396	39354	45708	42769	
15869	0	36856	37588	45648	42809	
15870	0	39864	35452	45552	42740	
15871	0	38864	36184	45468	42736	
15872	0	38108	37705	45396	42680	
15873	0	37560	38840	45312	42588	
15874	0	36320	40328	45212	42492	
15875	0	35808	39397	45104	42409	
15876	0	35040	38752	45016	42354	
15877	0	35213	38312	44896	42272	
15878	0	35346	38064	44772	42128	
15879	0	35268	37352	44656	41912	
15880	0	35168	36984	44584	41832	
15881	0	34938	36628	44432	41697	
15882	0	34408	36420	44276	41512	
15883	0	33945	36576	44108	41248	
15884	0	33624	35896	43962	41133	
15885	0	33424	36272	43720	40882	
15886	0	33004	35792	43564	40684	
15887	0	32880	35926	43345	40490	
15888	0	32632	35114	43180	40212	
15889	0	32484	35128	42984	39900	
15890	0	32592	34692	42784	39656	
15891	0	32532	34752	42562	39404	
15892	0	32540	34528	42348	39132	
15893	0	32564	34552	42256	38888	
15894	0	32520	34752	41876	38636	
15895	0	32488	34280	41648	38337	
15896	0	32600	34324	41388	38064	
15897	0	32544	34208	41272	37782	
15898	0	32730	34232	40964	37476	
15899	0	32744	33824	40672	37121	
15900	0	32928	34160	40356	36840	
15901	0	33104	34092	40120	36578	
15902	0	33212	34174	39792	36204	
15903	0	33464	34952	39560	35936	
15904	0	33660	34556	39292	35596	
15905	0	34112	34370	38948	35304	
15906	0	34508	34348	38648	35060	
15907	0	34592	34368	38400	34764	
15908	0	34848	34364	38112	34454	
15909	0	35196	34408	37734	34108	
15910	0	35284	34809	37450	33824	
15911	0	35453	34548	37204	33528	
15912	0	35796	34764	36914	33260	
15913	0	35716	34585	36528	33040	
15914	0	35832	34480	36188	32704	
15915	0	36017	34557	35892	32428	
15916	0	36121	34546	35612	32168	
15917	0	35940	34544	35248	31904	
15918	0	46444	39064	34936	31648	
15919	0	56108	37056	34616	31424	
15920	0	27352	40504	34336	31156	
15921	0	23024	34940	34049	30964	
15922	0	23002	41332	33740	30688	
15923	0	31856	39768	33428	30466	
15924	0	41705	40520	33149	30240	
15925	0	36744	38392	32842	30056	
15926	0	38166	36520	32572	29796	
15927	0	35972	34960	32284	29604	
15928	0	31492	35804	32016	29433	
15929	0	34492	34792	31732	29210	
15930	0	37620	34416	31500	29016	
15931	0	37084	36097	31228	28837	
15932	0	35178	36752	30972	28713	
15933	0	34368	37396	30726	28550	
15934	0	35776	37056	30501	28368	
15935	0	36332	36672	30280	28216	
15936	0	35740	36280	30068	28124	
15937	0	35608	36292	29870	27984	
15938	0	35384	36216	29676	27849	
15939	0	35628	36376	29494	27752	
15940	0	35704	36316	29328	27592	
15941	0	35700	36404	29152	27514	
15942	0	35726	36652	28996	27420	
15943	0	35536	36572	28852	27300	
15944	0	35748	36936	28740	27240	
15945	0	35544	36536	28608	27105	
15946	0	35512	36800	28508	27020	
15947	0	35556	36440	28392	26964	
15948	0	35465	36540	28284	26852	
15949	0	35552	36848	28177	26782	
15950	0	35464	36729	28090	26689	
15951	0	35312	36800	27997	26557	
15952	0	35282	36688	27917	26457	
15953	0	35204	36602	27826	26369	
15954	0	35368	36464	27720	26268	
15955	0	35264	36816	27672	26158	
15956	0	35268	36848	27536	26048	
15957	0	35260	36960	27504	25926	
15958	0	35188	36960	27416	25857	
15959	0	35124	36996	27312	25700	
15960	0	34936	36820	27240	25582	
15961	0	35072	36996	27140	25449	
15962	0	34977	36976	27010	25312	
15963	0	35032	37032	26976	25181	
15964	0	35037	36984	26881	25078	
15965	0	34948	37048	26782	24909	
15966	0	34905	37092	26676	24794	
15967	0	34781	37292	26572	24612	
15968	0	35072	37359	26400	24456	
15969	0	35012	37284	26316	24344	
15970	0	34996	37016	26169	24152	
15971	0	34960	36944	26120	24016	
15972	0	35072	36928	25981	23852	
15973	0	34970	36864	25841	23684	
15974	0	35040	36929	25752	23516	
15975	0	35032	37072	25604	23361	
15976	0	34960	37196	25440	23196	
15977	0	34860	37276	25365	23066	
15978	0	34968	37256	25220	22892	
15979	0	34912	37144	25105	22754	
15980	0	34901	37045	24892	22594	
15981	0	35084	37021	24832	22459	
15982	0	35164	36857	24714	22328	
15983	0	35120	36896	24552	22204	
15984	0	34913	37044	24420	22072	
15985	0	34888	37092	24309	21956	
15986	0	35068	37250	24181	21868	
15987	0	34976	37320	24081	21757	
15988	0	35202	37396	23881	21662	
15989	0	35100	37532	23816	21571	
15990	0	35152	37948	23722	21512	
15991	0	35400	37926	23574	21442	
15992	0	34752	38096	23482	21406	
15993	0	34924	38832	23330	21337	
15994	0	35208	39322	23208	21305	
15995	0	35708	39354	23197	21272	
15996	0	35650	39344	23064	21268	
15997	0	35356	39452	22940	21250	
15998	0	34634	39653	22918	21272	
15999	0	34492	40128	22824	21292	
16000	0	34000	39752	22772	21340	
16001	0	33980	39852	22708	21390	
16002	0	34144	40004	22620	21426	
16003	0	34220	39628	22618	21480	
16004	0	34561	39360	22524	21570	
16005	0	34754	39552	22532	21668	
16006	0	35618	38796	22436	21798	
16007	0	36072	38304	22460	21930	
16008	0	36008	38362	22453	22109	
16009	0	35912	37812	22416	22252	
16010	0	36616	37884	22418	22427	
16011	0	36672	38408	22448	22612	
16012	0	38586	35504	22521	22817	
16013	0	39164	36509	22566	23048	
16014	0	37637	39244	22582	23261	
16015	0	37426	39984	22668	23552	
16016	0	36412	39808	22682	23750	
16017	0	36121	38804	22798	24000	
16018	0	36450	38672	22910	24245	
16019	0	36848	37916	23008	24520	
16020	0	37156	37634	23098	24810	
16021	0	36821	37152	23188	25085	
16022	0	36273	36992	23336	25333	
16023	0	35466	36233	23436	25576	
16024	0	34824	36442	23588	25852	
16025	0	34344	36636	23717	26165	
16026	0	33632	36300	23836	26340	
16027	0	33600	36192	23988	26592	
16028	0	32860	35613	24130	26884	
16029	0	32634	35288	24280	27068	
16030	0	32018	34920	24416	27286	
16031	0	31796	34749	24634	27523	
16032	0	31849	34636	24785	27736	
16033	0	31596	34552	24940	27948	
16034	0	31392	34709	25092	28148	
16035	0	31408	34965	25270	28340	
16036	0	31432	34836	25432	28525	
16037	0	31896	34768	25556	28772	
16038	0	31974	34433	25704	28952	
16039	0	32106	34540	25904	29048	
16040	0	32388	34256	26052	29221	
16041	0	32644	34496	26213	29440	
16042	0	33024	34512	26325	29512	
16043	0	33725	34472	26500	29689	
16044	0	34068	34536	26632	29804	
16045	0	34488	34584	26785	29952	
16046	0	34784	34899	26952	30114	
16047	0	35164	35150	27088	30208	
16048	0	35552	34992	27224	30369	
16049	0	35737	34916	27360	30456	
16050	0	36156	34728	27490	30581	
16051	0	36634	34441	27608	30696	
16052	0	36844	34024	27753	30850	
16053	0	37424	33476	27888	30919	
16054	0	37454	33248	28010	31088	
16055	0	37704	32868	28138	31160	
16056	0	37736	32684	28260	31280	
16057	0	37830	32504	28397	31489	
16058	0	49296	33098	28537	31522	
16059	0	56228	40801	28580	31633	
16060	0	53428	45161	28666	31798	
16061	0	21913	33028	28944	31916	
16062	0	19672	35908	29072	32024	
16063	0	34140	42128	29204	32168	
16064	0	36552	38778	29397	32362	
16065	0	38880	36178	29560	32441	
16066	0	32244	34356	29717	32608	
16067	0	38196	35293	29884	32752	
16068	0	33796	35652	30076	32916	
16069	0	35594	36429	30248	33090	
16070	0	35876	37636	30444	33286	
16071	0	34857	37264	30628	33436	
16072	0	34596	36640	30828	33688	
16073	0	35792	36560	31028	33776	
16074	0	35368	36660	31284	33988	
16075	0	35376	37021	31476	34164	
16076	0	35216	37136	31688	34369	
16077	0	35324	36960	31932	34606	
16078	0	35384	36850	32180	34808	
16079	0	35520	36544	32420	34944	
16080	0	35321	36704	32644	35140	
16081	0	35368	36600	32928	35328	
16082	0	35368	36936	33166	35564	
16083	0	35608	37108	33444	35744	
16084	0	35662	36776	33736	35992	
16085	0	35016	36796	34016	36064	
16086	0	35396	36808	34289	36272	
16087	0	35194	36608	34568	36517	
16088	0	35074	36868	34872	36629	
16089	0	34880	36928	35176	36792	
16090	0	35180	36904	35472	36892	
16091	0	35016	37009	35824	37028	
16092	0	35116	36928	36036	37164	
16093	0	34944	36928	36348	37392	
16094	0	34972	36541	36712	37393	
16095	0	34980	36864	36969	37568	
16096	0	35002	36900	37240	37660	
16097	0	34832	36912	37580	37785	
16098	0	34960	37036	37826	37809	
16099	0	34860	36826	38113	37880	
16100	0	35016	37384	38376	37884	
16101	0	34756	37120	38600	37981	
16102	0	34872	37264	38802	38000	
16103	0	34740	37025	39032	37980	
16104	0	34848	37116	39312	37993	
16105	0	34844	37100	39488	37968	
16106	0	34842	37076	39725	38048	
16107	0	34788	37208	39976	37984	
16108	0	34752	37220	40186	38008	
16109	0	34865	37224	40292	37972	
16110	0	34900	37021	40488	37984	
16111	0	34861	37156	40648	37890	
16112	0	35080	37284	40912	37904	
16113	0	34829	37368	41049	37892	
16114	0	34856	37584	41138	37848	
16115	0	34648	37300	41296	37776	
16116	0	34872	37240	41504	37804	
16117	0	34916	37112	41552	37742	
16118	0	34854	37074	41680	37736	
16119	0	34906	37088	41797	37696	
16120	0	34760	37312	41928	37626	
16121	0	34852	37392	42032	37612	
16122	0	34742	37468	42124	37588	
16123	0	34648	37324	42224	37544	
16124	0	34752	37368	42428	37584	
16125	0	34810	37204	42372	37512	
16126	0	34674	37208	42469	37512	
16127	0	34796	37280	42652	37553	
16128	0	34802	37472	42605	37500	
16129	0	34913	37640	42644	37536	
16130	0	34704	37956	42697	37520	
16131	0	34696	37760	42864	37512	
16132	0	34900	37824	42788	37544	
16133	0	34665	37712	42832	37524	
16134	0	34570	37760	42864	37536	
16135	0	34761	37740	42956	37592	
16136	0	34516	38016	42884	37564	
16137	0	35016	38478	42880	37570	
16138	0	34981	38656	42888	37616	
16139	0	35372	38764	42880	37592	
16140	0	34921	39500	42944	37589	
16141	0	35272	39588	42836	37604	
16142	0	35440	41032	42794	37600	
16143	0	35782	41145	42852	37648	
16144	0	35172	41732	42704	37641	
16145	0	34232	41877	42740	37596	
16146	0	33956	42160	42593	37632	
16147	0	33820	42284	42514	37577	
16148	0	32765	41445	42440	37562	
16149	0	33301	41416	42353	37564	
16150	0	34270	40700	42308	37524	
16151	0	34908	40813	42168	37532	
16152	0	35781	39408	42112	37468	
16153	0	36528	38881	41976	37468	
16154	0	36298	37584	41904	37356	
16155	0	34099	36456	41757	37362	
16156	0	32588	35504	41752	37272	
16157	0	32084	35025	41508	37212	
16158	0	32788	35788	41376	37214	
16159	0	35194	35834	41248	37076	
16160	0	33800	35396	41100	37072	
16161	0	37120	31738	40940	36952	
16162	0	35204	34116	40820	36897	
16163	0	34116	35533	40640	36740	
16164	0	33588	35984	40544	36620	
16165	0	34256	35620	40268	36532	
16166	0	33440	35312	40156	36444	
16167	0	33778	35584	39884	36313	
16168	0	34432	35288	39672	36176	
16169	0	35042	34824	39588	35977	
16170	0	35541	34662	39232	35837	
16171	0	36100	34675	39176	35666	
16172	0	36320	34800	38836	35505	
16173	0	36530	34992	38536	35328	
16174	0	36516	35468	38360	35204	
16175	0	36658	35524	38040	34993	
16176	0	36668	35736	37892	34872	
16177	0	36600	36138	37600	34700	
16178	0	36628	36388	37268	34448	
16179	0	36618	36888	37008	34321	
16180	0	36672	36920	36744	34104	
16181	0	37200	37088	36482	33945	
16182	0	37505	37364	36218	33788	
16183	0	37684	37672	36036	33616	
16184	0	37988	38092	35708	33454	
16185	0	38192	38460	35468	33304	
16186	0	38448	38713	35168	33116	
16187	0	38860	39036	34904	32981	
16188	0	39112	39306	34649	32816	
16189	0	39588	39664	34401	32705	
16190	0	40068	39990	34153	32608	
16191	0	40848	40152	33888	32485	
16192	0	41253	40444	33628	32266	
16193	0	41824	40108	33368	32152	
16194	0	41272	39904	33104	32044	
16195	0	41308	39928	32850	31924	
16196	0	41400	39072	32578	31778	
16197	0	41256	38376	32308	31720	
16198	0	41538	38177	32054	31568	
16199	0	41284	37392	31777	31469	
16200	0	40892	37064	31516	31370	
16201	0	39640	36865	31260	31289	
16202	0	39076	41124	30946	31193	
16203	0	38480	36576	30720	31104	
16204	0	38192	37405	30464	31032	
16205	0	34756	41532	30182	30968	
16206	0	31928	40884	29904	30873	
16207	0	29089	39432	29619	30852	
16208	0	37092	24048	29438	30736	
16209	0	42708	37320	29160	30674	
16210	0	33705	41938	28859	30668	
16211	0	28514	42984	28632	30580	
16212	0	37228	38009	28344	30496	
16213	0	31720	37272	28126	30462	
16214	0	32660	40956	27837	30486	
16215	0	33072	36788	27700	30368	
16216	0	34372	37296	27448	30328	
16217	0	34172	37042	27216	30293	
16218	0	33532	36840	26977	30324	
16219	0	32772	37689	26768	30233	
16220	0	33082	37458	26604	30210	
16221	0	34032	37652	26441	30192	
16222	0	34112	37304	26269	30180	
16223	0	34400	37186	26092	30168	
16224	0	34312	37562	25949	30176	
16225	0	33924	37525	25780	30228	
16226	0	33968	37480	25661	30152	
16227	0	34032	37568	25464	30210	
16228	0	34130	37628	25432	30157	
16229	0	34200	37628	25305	30148	
16230	0	34132	37904	25201	30141	
16231	0	34260	37736	25076	30124	
16232	0	34464	37653	25053	30066	
16233	0	34160	37789	24930	30049	
16234	0	34540	37340	24900	30016	
16235	0	34368	36952	24861	30001	
16236	0	34884	36720	24784	29908	
16237	0	35356	36410	24717	29856	
16238	0	34760	36940	24716	29796	
16239	0	34268	37356	24618	29748	
16240	0	34426	37380	24656	29725	
16241	0	34640	37248	24625	29600	
16242	0	34692	37089	24582	29520	
16243	0	34592	36860	24570	29432	
16244	0	34980	36840	24568	29324	
16245	0	34838	36770	24524	29272	
16246	0	34768	36964	24532	29152	
16247	0	34744	37354	24496	29096	
16248	0	34757	37698	24493	28980	
16249	0	34672	37612	24469	28889	
16250	0	34605	37488	24489	28834	
16251	0	34861	37174	24412	28708	
16252	0	34792	36960	24422	28600	
16253	0	34779	36948	24394	28502	
16254	0	34853	36928	24456	28432	
16255	0	34860	37460	24396	28356	
16256	0	34585	37232	24448	28256	
16257	0	34808	37328	24444	28162	
16258	0	34636	37105	24414	28088	
16259	0	34844	37268	24468	28091	
16260	0	34880	37272	24476	27996	
16261	0	34516	37112	24405	27856	
16262	0	34956	37344	24484	27813	
16263	0	34776	37361	24464	27756	
16264	0	34829	37404	24445	27676	
16265	0	34701	37414	24418	27677	
16266	0	34812	37560	24420	27645	
16267	0	34396	36572	24482	27592	
16268	0	34960	36516	24476	27520	
16269	0	34560	36456	24342	27493	
16270	0	34912	36512	24525	27410	
16271	0	35060	36528	24532	27405	
16272	0	35033	36676	24532	27372	
16273	0	34824	36428	24564	27361	
16274	0	35068	35920	24588	27350	
16275	0	35212	36754	24592	27384	
16276	0	34877	37152	24548	27328	
16277	0	34900	37420	24574	27353	
16278	0	34888	37472	24636	27340	
16279	0	35136	37160	24724	27360	
16280	0	35404	36844	24706	27440	
16281	0	35249	36344	24736	27400	
16282	0	35405	36876	24792	27424	
16283	0	35364	36700	24898	27468	
16284	0	35040	37772	24976	27528	
16285	0	35300	37936	25006	27541	
16286	0	35464	38688	25114	27638	
16287	0	35224	39310	25153	27633	
16288	0	35000	39656	25214	27696	
16289	0	34960	40016	25361	27770	
16290	0	35036	40068	25452	27840	
16291	0	35380	40392	25568	27890	
16292	0	35617	40520	25734	27986	
16293	0	35420	41248	25836	28130	
16294	0	35352	41160	26068	28141	
16295	0	35044	41240	26209	28280	
16296	0	34752	41461	26369	28416	
16297	0	34137	41088	26596	28480	
16298	0	33766	40365	26736	28612	
16299	0	33656	39553	26965	28738	
16300	0	34284	39205	27224	28958	
16301	0	34724	39440	27436	29080	
16302	0	35124	39804	27700	29228	
16303	0	36432	39308	27962	29425	
16304	0	35644	40113	28182	29640	
16305	0	36569	39608	28440	29792	
16306	0	33976	39472	28786	29998	
16307	0	33004	39988	29042	30216	
16308	0	39656	35360	29376	30524	
16309	0	39120	35052	29664	30690	
16310	0	39574	38580	29972	30916	
16311	0	38660	38800	30248	31204	
16312	0	37288	39496	30572	31397	
16313	0	37162	38216	30888	31700	
16314	0	37153	37972	31197	31880	
16315	0	37068	36704	31524	32210	
16316	0	37429	36116	31834	32456	
16317	0	37930	36080	32124	32612	
16318	0	37824	35477	32416	32856	
16319	0	37353	34932	32688	33096	
16320	0	36768	34332	33020	33338	
16321	0	36232	33900	33336	33596	
16322	0	35884	33952	33552	33789	
16323	0	35452	33704	33812	33989	
16324	0	35081	33568	34104	34113	
16325	0	34917	33452	34316	34308	
16326	0	34698	33504	34618	34593	
16327	0	34772	33480	34784	34674	
16328	0	34882	33680	35064	34956	
16329	0	34784	33424	35194	35044	
16330	0	34762	33488	35460	35200	
16331	0	34736	33505	35580	35304	
16332	0	34896	33728	35730	35484	
16333	0	35216	33588	35888	35576	
16334	0	35424	33496	36068	35780	
16335	0	35600	33176	36148	35792	
16336	0	35754	32953	36296	35940	
16337	0	35968	33004	36404	36100	
16338	0	35952	33220	36428	36127	
16339	0	35928	33224	36497	36216	
16340	0	35872	33108	36561	36264	
16341	0	35772	32928	36596	36396	
16342	0	35932	32640	36640	36426	
16343	0	36016	32448	36658	36434	
16344	0	36172	32484	36728	36386	
16345	0	36416	32946	36688	36444	
16346	0	36496	33000	36700	36408	
16347	0	36644	33112	36689	36548	
16348	0	36636	33105	36676	36552	
16349	0	36824	33168	36644	36428	
16350	0	36457	33644	36728	36464	
16351	0	36584	33116	36628	36424	
16352	0	40033	35870	36554	36412	
16353	0	55768	33176	36644	36432	
16354	0	34448	47388	36552	36400	
16355	0	23150	37756	36500	36388	
16356	0	15408	38160	36436	36420	
16357	0	34224	42248	36424	36484	
16358	0	43601	41800	36368	36440	
16359	0	38824	37572	36349	36377	
16360	0	37234	37184	36401	36460	
16361	0	34004	37978	36376	36409	
16362	0	32708	36424	36332	36484	
16363	0	34836	34736	36432	36553	
16364	0	38216	33604	36360	36480	
16365	0	36912	34865	36492	36620	
16366	0	35218	36016	36521	36650	
16367	0	34848	36404	36544	36762	
16368	0	34944	36768	36552	36704	
16369	0	35980	36398	36652	36800	
16370	0	36160	36536	36684	36960	
16371	0	35860	36704	36797	36952	
16372	0	35692	36530	36900	37036	
16373	0	35744	36108	37065	37184	
16374	0	35504	36112	37120	37250	
16375	0	35508	36276	37256	37280	
16376	0	35512	36868	37396	37440	
16377	0	35536	36948	37560	37464	
16378	0	35688	36836	37736	37652	
16379	0	35572	36832	37921	37746	
16380	0	35512	36744	38147	37880	
16381	0	35520	36708	38202	37936	
16382	0	35437	36796	38396	37964	
16383	0	35528	36673	38584	38136	
16384	0	35345	36460	38852	38098	
16385	0	35544	36858	38960	38292	
16386	0	35188	36988	39272	38256	
16387	0	35168	36824	39456	38368	
16388	0	35352	36960	39636	38457	
16389	0	35178	36928	39768	38520	
16390	0	35085	36968	40000	38556	
16391	0	34937	37202	40172	38708	
16392	0	34884	37124	40392	38708	
16393	0	34944	37280	40609	38828	
16394	0	34984	37184	40796	38848	
16395	0	34972	37276	41004	38844	
16396	0	34948	37016	41204	38932	
16397	0	34892	37242	41408	38928	
16398	0	34836	37000	41612	39000	
16399	0	34976	37280	41928	39008	
16400	0	34685	37156	42004	39064	
16401	0	34720	37680	42201	39076	
16402	0	34286	37901	42384	39188	
16403	0	34365	37320	42688	39180	
16404	0	34761	37124	42860	39232	
16405	0	35156	37061	42936	39204	
16406	0	34880	37450	43152	39298	
16407	0	34836	37393	43236	39304	
16408	0	34696	37452	43428	39346	
16409	0	34457	37644	43537	39312	
16410	0	34992	37724	43756	39336	
16411	0	34706	37662	43873	39408	
16412	0	34968	37752	43956	39420	
16413	0	34784	37954	44089	39448	
16414	0	34880	37800	44224	39484	
16415	0	34688	37665	44336	39512	
16416	0	34800	37941	44432	39576	
16417	0	35072	37856	44605	39664	
16418	0	34993	37916	44656	39698	
16419	0	35306	38074	44820	39753	
16420	0	34937	38400	44916	39844	
16421	0	34984	38384	44980	39920	
16422	0	34752	38056	45080	40000	
16423	0	34836	38733	45236	40092	
16424	0	35452	39320	45320	40160	
16425	0	35680	39781	45416	40252	
16426	0	35464	39931	45512	40404	
16427	0	35464	40392	45624	40496	
16428	0	34267	40750	45793	40632	
16429	0	33900	41040	45840	40704	
16430	0	33404	41836	45946	40864	
16431	0	33104	41369	46100	40996	
16432	0	33909	40726	46240	41100	
16433	0	34698	40336	46368	41272	
16434	0	35202	40164	46496	41416	
16435	0	36828	39461	46612	41568	
16436	0	38904	39340	46810	41728	
16437	0	40300	39484	46952	41864	
16438	0	38400	38584	47096	42048	
16439	0	39648	41876	47189	42257	
16440	0	43348	35645	47360	42432	
16441	0	40736	36402	47568	42584	
16442	0	38712	39852	47700	42744	
16443	0	38444	38958	47864	42952	
16444	0	36140	39044	48092	43165	
16445	0	35272	39032	48204	43280	
16446	0	34398	37992	48360	43500	
16447	0	34017	37440	48569	43618	
16448	0	34186	37496	48778	43828	
16449	0	33280	36316	48889	43968	
16450	0	33400	36140	49104	44089	
16451	0	32824	35256	49280	44260	
16452	0	32800	35404	49440	44348	
16453	0	32272	35336	49620	44496	
16454	0	32256	34604	49824	44601	
16455	0	32173	34688	49936	44632	
16456	0	32168	34008	50064	44712	
16457	0	32145	33788	50268	44800	
16458	0	32162	34180	50424	44820	
16459	0	31773	34349	50548	44876	
16460	0	31632	33603	50592	44856	
16461	0	31940	33448	50680	44832	
16462	0	32313	33336	50800	44824	
16463	0	32429	33252	50904	44768	
16464	0	32425	32864	50988	44732	
16465	0	32677	33566	51016	44646	
16466	0	32450	33528	51120	44553	
16467	0	32608	33644	51160	44428	
16468	0	32788	33864	51108	44280	
16469	0	33124	33697	51096	44144	
16470	0	33372	34012	51140	43961	
16471	0	33960	33650	51092	43800	
16472	0	34416	33874	51036	43578	
16473	0	34768	33916	51004	43392	
16474	0	34762	34489	50992	43144	
16475	0	35224	33969	50924	42917	
16476	0	35488	34540	50744	42664	
16477	0	35768	33744	50684	42418	
16478	0	36244	33608	50524	42168	
16479	0	36880	33652	50436	41900	
16480	0	36309	33504	50265	41658	
16481	0	35626	33211	50124	41354	
16482	0	34448	32441	50010	41124	
16483	0	49688	32948	49792	40840	
16484	0	56188	34962	49649	40540	
16485	0	23068	44029	49412	40269	
16486	0	10239	44200	49256	40080	
16487	0	29408	43640	49120	39762	
16488	0	39096	45588	48848	39517	
16489	0	42108	36708	48692	39320	
16490	0	40032	34696	48536	39040	
16491	0	32372	35010	48332	38844	
16492	0	30820	32750	48060	38564	
16493	0	37298	34564	47864	38364	
16494	0	37980	37192	47676	38208	
16495	0	36004	38208	47512	38008	
16496	0	34136	37004	47268	37778	
16497	0	35760	36048	47088	37536	
16498	0	36220	36689	46928	37337	
16499	0	35588	36608	46720	37152	
16500	0	35504	36872	46445	36992	
16501	0	35676	36444	46252	36840	
16502	0	35921	36513	46092	36673	
16503	0	35704	36308	45828	36532	
16504	0	35616	36400	45636	36288	
16505	0	35676	36724	45408	36148	
16506	0	35732	36736	45248	36008	
16507	0	35740	36732	44992	35848	
16508	0	35533	36488	44784	35600	
16509	0	35504	36852	44544	35440	
16510	0	35422	36956	44317	35272	
16511	0	35472	37044	44106	35064	
16512	0	35594	37024	43876	34893	
16513	0	35240	36910	43628	34680	
16514	0	35160	36888	43400	34440	
16515	0	35284	36672	43150	34296	
16516	0	35216	36712	42898	34044	
16517	0	35218	36656	42756	33821	
16518	0	35208	36600	42372	33548	
16519	0	35268	36792	42092	33352	
16520	0	35140	36997	41810	33132	
16521	0	35128	37192	41548	32824	
16522	0	35032	37116	41369	32608	
16523	0	35010	37012	41056	32344	
16524	0	35044	36896	40680	32077	
16525	0	35056	36972	40456	31804	
16526	0	35160	37068	40017	31546	
16527	0	35220	37028	39700	31312	
16528	0	35184	37188	39453	31012	
16529	0	35008	37306	39056	30693	
16530	0	34896	37332	38664	30448	
16531	0	35016	37288	38288	30144	
16532	0	34916	37288	37928	29888	
16533	0	34976	37417	37604	29580	
16534	0	35161	36949	37240	29290	
16535	0	35281	36972	36825	28985	
16536	0	35153	36892	36384	28694	
16537	0	35128	37050	35992	28408	
16538	0	35104	37253	35601	28117	
16539	0	35028	37216	35192	27804	
16540	0	34940	37372	34796	27532	
16541	0	35213	37184	34368	27266	
16542	0	35600	36980	33948	26992	
16543	0	35316	37116	33524	26724	
16544	0	35313	37316	33112	26464	
16545	0	35228	37448	32729	26200	
16546	0	35156	37497	32298	25968	
16547	0	35432	37738	31876	25714	
16548	0	34824	38360	31464	25520	
16549	0	35228	39152	31066	25294	
16550	0	35912	39877	30662	25080	
16551	0	36069	39696	30202	24898	
16552	0	35664	39888	29840	24729	
16553	0	34784	40400	29462	24565	
16554	0	34296	41432	29056	24413	
16555	0	34034	41244	28632	24272	
16556	0	34332	40696	28305	24146	
16557	0	34428	40352	27888	24028	
16558	0	34792	39949	27544	23936	
16559	0	35248	39498	27236	23845	
16560	0	35742	39568	26916	23772	
16561	0	36426	39009	26633	23724	
16562	0	37864	38464	26248	23688	
16563	0	37276	39125	26012	23652	
16564	0	38701	39820	25704	23648	
16565	0	37248	40368	25397	23656	
16566	0	38880	35152	25176	23652	
16567	0	38544	35556	24958	23692	
16568	0	37532	37973	24722	23737	
16569	0	36712	39304	24497	23844	
16570	0	36388	39820	24289	23874	
16571	0	35824	38266	24064	23936	
16572	0	35672	38561	23852	24033	
16573	0	35728	37968	23733	24114	
16574	0	35328	37208	23547	24205	
16575	0	35453	36564	23397	24306	
16576	0	35200	36348	23258	24368	
16577	0	34601	36080	23128	24481	
16578	0	33874	35596	22994	24568	
16579	0	33296	35965	22868	24677	
16580	0	32724	36048	22747	24712	
16581	0	32572	35476	22658	24792	
16582	0	32594	35237	22526	24856	
16583	0	32436	35032	22424	24904	
16584	0	32401	35134	22282	24974	
16585	0	32196	35036	22189	24980	
16586	0	31732	34916	22048	24956	
16587	0	32068	34564	21912	24993	
16588	0	32176	33892	21816	24960	
16589	0	32425	33988	21666	24912	
16590	0	32386	34072	21546	24883	
16591	0	32652	33544	21380	24802	
16592	0	32856	34112	21249	24752	
16593	0	32888	33864	21068	24652	
16594	0	33041	33544	20838	24572	
16595	0	33313	33704	20757	24484	
16596	0	33412	33476	20552	24402	
16597	0	33464	33384	20325	24212	
16598	0	33568	33744	20196	24139	
16599	0	33452	33808	20018	23988	
16600	0	33760	34269	19801	23840	
16601	0	33960	34188	19587	23718	
16602	0	34464	34496	19382	23540	
16603	0	34908	34404	19200	23416	
16604	0	35116	34512	18958	23228	
16605	0	35680	34365	18750	23132	
16606	0	35872	34628	18533	22900	
16607	0	36600	34016	18340	22770	
16608	0	37113	34068	18083	22572	
16609	0	37508	33728	17872	22430	
16610	0	37700	33316	17741	22234	
16611	0	41500	34160	17516	22072	
16612	0	55656	31009	17252	21928	
16613	0	54632	47752	17088	21770	
16614	0	25216	34172	16906	21674	
16615	0	20324	38572	16740	21536	
16616	0	25176	42760	16563	21360	
16617	0	41152	42152	16354	21269	
16618	0	40492	38932	16216	21152	
16619	0	38956	34153	16052	21028	
16620	0	31888	33495	15965	20940	
16621	0	32406	34212	15782	20816	
16622	0	36108	34729	15672	20770	
16623	0	38004	36508	15565	20748	
16624	0	35865	37594	15475	20630	
16625	0	34200	37132	15335	20590	
16626	0	35260	36288	15278	20562	
16627	0	36153	36320	15186	20524	
16628	0	35825	36800	15160	20508	
16629	0	35236	36580	15109	20512	
16630	0	35604	36448	15072	20560	
16631	0	35621	36412	15045	20576	
16632	0	35756	36384	15048	20534	
16633	0	35660	36364	15025	20556	
16634	0	35716	36512	15072	20674	
16635	0	35712	36704	15106	20778	
16636	0	35784	36572	15131	20850	
16637	0	35384	36364	15163	20948	
16638	0	35584	36960	15268	21090	
16639	0	35352	36560	15364	21181	
16640	0	35388	36758	15417	21333	
16641	0	35316	36792	15563	21533	
16642	0	35384	37064	15635	21605	
16643	0	35308	37038	15730	21862	
16644	0	35308	37000	15891	22005	
16645	0	35176	37052	16034	22173	
16646	0	35224	37056	16208	22397	
16647	0	35138	36736	16356	22682	
16648	0	35092	36865	16492	22864	
16649	0	34856	36944	16642	23093	
16650	0	35056	36912	16810	23362	
16651	0	35120	37400	17022	23530	
16652	0	34876	37354	17228	23768	
16653	0	34985	37012	17421	24036	
16654	0	34848	37212	17548	24249	
16655	0	34664	37092	17793	24504	
16656	0	34793	37032	17960	24768	
16657	0	34892	37424	18152	24972	
16658	0	34732	37426	18329	25172	
16659	0	34864	37472	18532	25453	
16660	0	34712	37416	18672	25681	
16661	0	34504	37476	18875	25974	
16662	0	34696	37376	18993	26160	
16663	0	34772	37348	19216	26357	
16664	0	34716	37268	19436	26608	
16665	0	34717	37140	19603	26748	
16666	0	34692	37024	19756	26976	
16667	0	34817	37072	19939	27264	
16668	0	34872	37416	20101	27462	
16669	0	34698	37600	20214	27661	
16670	0	34757	37654	20424	27872	
16671	0	34824	37264	20501	28084	
16672	0	34804	37196	20708	28344	
16673	0	35020	37006	20886	28508	
16674	0	34660	37256	21077	28738	
16675	0	34856	37160	21168	28920	
16676	0	35044	37112	21400	29144	
16677	0	34961	37194	21506	29360	
16678	0	34973	37464	21740	29592	
16679	0	35204	37451	21857	29800	
16680	0	34836	37872	22061	30065	
16681	0	35256	38304	22180	30297	
16682	0	35257	38700	22411	30560	
16683	0	34984	38584	22625	30784	
16684	0	34472	38564	22830	31076	
16685	0	35147	39856	23012	31316	
16686	0	35392	40416	23208	31614	
16687	0	35312	40388	23362	31901	
16688	0	34522	40568	23637	32157	
16689	0	33918	40740	23836	32456	
16690	0	33780	41056	24008	32777	
16691	0	33001	41138	24272	33094	
16692	0	33244	41080	24496	33378	
16693	0	33709	39800	24738	33736	
16694	0	35404	39924	24968	34101	
16695	0	36456	39812	25234	34454	
16696	0	36653	38700	25490	34788	
16697	0	38084	38368	25772	35205	
16698	0	38708	38330	26009	35528	
16699	0	37464	38261	26234	35944	
16700	0	36792	40444	26568	36344	
16701	0	40696	36121	26821	36786	
16702	0	39940	34512	27128	37192	
16703	0	38044	38240	27378	37564	
16704	0	37452	39228	27616	37904	
16705	0	36460	37953	27925	38308	
16706	0	35445	38988	28248	38700	
16707	0	34788	38789	28538	39168	
16708	0	34888	38224	28852	39536	
16709	0	34882	37728	29144	39835	
16710	0	35088	37212	29434	40172	
16711	0	35168	36536	29728	40604	
16712	0	35032	36332	30024	40948	
16713	0	34812	35748	30304	41268	
16714	0	34680	35844	30596	41649	
16715	0	34268	35761	30874	41928	
16716	0	33680	35332	31140	42213	
16717	0	33952	35436	31464	42424	
16718	0	33396	35508	31720	42732	
16719	0	33556	34669	32036	42952	
16720	0	33624	34536	32246	43118	
16721	0	33473	34335	32536	43252	
16722	0	33696	34096	32816	43464	
16723	0	33568	34228	33048	43585	
16724	0	33360	34208	33296	43732	
16725	0	33169	33613	33640	43848	
16726	0	33416	33519	33874	43938	
16727	0	33134	33541	34092	43968	
16728	0	33146	33394	34364	44040	
16729	0	33346	33244	34516	44025	
16730	0	33573	33348	34748	44056	
16731	0	33646	33224	34976	44073	
16732	0	33788	33440	35288	44032	
16733	0	33872	33632	35398	43965	
16734	0	33924	33608	35653	43920	
16735	0	33881	33848	35876	43908	
16736	0	34004	34093	36024	43848	
16737	0	34088	34536	36288	43732	
16738	0	34237	35156	36480	43616	
16739	0	34536	34780	36688	43514	
16740	0	35010	34860	36809	43488	
16741	0	35044	34628	37106	43300	
16742	0	35292	34826	37180	43248	
16743	0	35576	34676	37364	43192	
16744	0	35905	34968	37620	42988	
16745	0	36024	34552	37744	42890	
16746	0	36276	34352	38026	42880	
16747	0	36290	34216	38240	42708	
16748	0	36128	34220	38304	42660	
16749	0	35996	34056	38492	42484	
16750	0	35500	33856	38664	42412	
16751	0	48304	39584	38832	42268	
16752	0	56164	36612	39026	42282	
16753	0	32965	41948	39200	42256	
16754	0	22552	37652	39445	42069	
16755	0	23056	42316	39513	42000	
16756	0	28845	41756	39692	42068	
16757	0	41572	39880	39852	41912	
16758	0	35968	36024	40096	41964	
16759	0	38137	33460	40204	41828	
16760	0	33176	33552	40396	41792	
16761	0	33730	33848	40496	41696	
16762	0	36844	35560	40588	41724	
16763	0	36204	37744	40709	41804	
16764	0	35433	37569	40832	41632	
16765	0	34304	36936	41049	41600	
16766	0	35508	36512	41048	41580	
16767	0	36544	36710	41152	41648	
16768	0	35817	36828	41236	41548	
16769	0	35449	36965	41324	41597	
16770	0	35428	36829	41504	41596	
16771	0	35640	36360	41584	41584	
16772	0	35504	36544	41538	41444	
16773	0	35276	36652	41724	41497	
16774	0	35460	37156	41692	41362	
16775	0	35392	36737	41668	41370	
16776	0	35517	36660	41760	41156	
16777	0	35364	36668	41836	41088	
16778	0	35445	36896	41776	41024	
16779	0	35296	36720	41692	40932	
16780	0	35392	36820	41660	40771	
16781	0	35212	36824	41641	40708	
16782	0	35152	36896	41656	40472	
16783	0	35176	36732	41520	40324	
16784	0	35004	36848	41444	40152	
16785	0	35092	36560	41356	39848	
16786	0	35038	36520	41348	39620	
16787	0	35016	36852	41216	39456	
16788	0	34868	37020	40984	39228	
16789	0	34888	37088	40928	38864	
16790	0	34872	37040	40802	38688	
16791	0	34624	37128	40480	38324	
16792	0	34824	37353	40292	38036	
16793	0	34768	37062	40088	37710	
16794	0	34846	37450	39992	37348	
16795	0	34717	37336	39626	37038	
16796	0	34753	37201	39388	36636	
16797	0	34612	37008	39116	36276	
16798	0	34592	37021	38936	35941	
16799	0	34989	37160	38600	35608	
16800	0	34080	37608	38344	35148	
16801	0	34484	38144	37981	34795	
16802	0	34120	38304	37660	34360	
16803	0	34624	38096	37320	33962	
16804	0	34529	37780	37012	33596	
16805	0	34681	37832	36749	33156	
16806	0	34585	37596	36386	32724	
16807	0	34880	37348	35996	32316	
16808	0	34636	37560	35636	31945	
16809	0	34640	37945	35284	31501	
16810	0	34576	37914	34928	31096	
16811	0	34444	37820	34589	30728	
16812	0	34832	37736	34241	30328	
16813	0	34776	37560	33878	29920	
16814	0	34893	37688	33528	29558	
16815	0	34736	37992	33146	29178	
16816	0	34832	38061	32848	28816	
16817	0	34432	38316	32472	28496	
16818	0	35040	38508	32148	28152	
16819	0	34832	39124	31816	27852	
16820	0	34948	38828	31492	27552	
16821	0	33988	39022	31184	27246	
16822	0	34104	39812	30874	26984	
16823	0	34936	40681	30536	26738	
16824	0	34730	40588	30288	26494	
16825	0	34150	40416	30028	26274	
16826	0	33524	40828	29788	26079	
16827	0	33166	40792	29537	25883	
16828	0	33316	41452	29270	25705	
16829	0	33976	40168	29080	25560	
16830	0	33937	39900	28850	25426	
16831	0	34716	40130	28642	25300	
16832	0	35282	39656	28420	25188	
16833	0	36872	40044	28274	25100	
16834	0	37244	39696	28132	25029	
16835	0	36092	38897	28004	24989	
16836	0	36380	39417	27866	24960	
16837	0	39012	38829	27714	24940	
16838	0	42120	32980	27680	24946	
16839	0	40416	37824	27545	24996	
16840	0	38084	39457	27506	25029	
16841	0	37508	40544	27437	25042	
16842	0	36705	38600	27340	25108	
16843	0	35712	38464	27348	25168	
16844	0	35240	38152	27320	25248	
16845	0	35104	38360	27268	25324	
16846	0	35361	38284	27257	25424	
16847	0	35308	37632	27250	25504	
16848	0	34688	36856	27213	25610	
16849	0	34426	36664	27240	25720	
16850	0	34113	36408	27248	25752	
16851	0	33558	36048	27236	25824	
16852	0	32584	35980	27220	25880	
16853	0	31942	35513	27205	25964	
16854	0	31921	35658	27229	25969	
16855	0	31625	34888	27210	25992	
16856	0	32128	35656	27194	25993	
16857	0	31868	34522	27156	25992	
16858	0	32152	33664	27145	25964	
16859	0	32328	33732	27104	25920	
16860	0	32208	33664	27049	25876	
16861	0	32072	34016	26994	25792	
16862	0	32100	33681	26925	25688	
16863	0	32416	34180	26833	25629	
16864	0	32524	33848	26745	25513	
16865	0	32876	33836	26628	25346	
16866	0	33001	33704	26536	25200	
16867	0	33424	33808	26380	25056	
16868	0	33472	33745	26256	24910	
16869	0	33612	34628	26132	24756	
16870	0	33908	34520	25974	24596	
16871	0	34269	35040	25808	24438	
16872	0	34688	35322	25585	24210	
16873	0	35060	35500	25460	24044	
16874	0	35413	35669	25265	23874	
16875	0	35848	35785	25098	23665	
16876	0	36004	35668	24894	23489	
16877	0	36264	35378	24680	23313	
16878	0	36680	35036	24514	23168	
16879	0	37104	34764	24290	23002	
16880	0	37564	34552	24066	22809	
16881	0	37780	34373	23913	22644	
16882	0	38092	34262	23709	22544	
16883	0	37680	33936	23486	22368	
16884	0	38266	33685	23370	22232	
16885	0	38132	33272	23128	22112	
16886	0	37328	32708	22993	22029	
16887	0	33534	34116	22828	21889	
16888	0	54812	41592	22608	21792	
16889	0	56336	49252	22380	21702	
16890	0	19080	43050	22266	21661	
16891	0	11185	32961	22213	21556	
16892	0	34668	38864	22045	21508	
16893	0	42524	28680	21980	21473	
16894	0	35392	36369	21769	21420	
16895	0	34784	36633	21678	21400	
16896	0	34736	37080	21568	21386	
16897	0	35832	36768	21541	21412	
16898	0	36184	37584	21498	21394	
16899	0	34677	36905	21453	21416	
16900	0	35776	36588	21420	21449	
16901	0	35420	36653	21404	21488	
16902	0	34938	36888	21340	21540	
16903	0	35536	36560	21392	21612	
16904	0	35437	36530	21412	21680	
16905	0	35458	36780	21416	21740	
16906	0	35394	36861	21503	21874	
16907	0	35400	36834	21616	22008	
16908	0	35444	36658	21749	22082	
16909	0	35161	36402	21789	22224	
16910	0	35212	36642	21994	22368	
16911	0	35381	36720	22100	22512	
16912	0	35260	36769	22348	22654	
16913	0	35284	36964	22485	22816	
16914	0	35230	36861	22760	23040	
16915	0	35176	36837	22954	23228	
16916	0	35192	36772	23192	23340	
16917	0	34984	36868	23460	23528	
16918	0	35198	36761	23714	23740	
16919	0	35192	36905	23944	23936	
16920	0	35040	36944	24180	24125	
16921	0	35076	37024	24472	24301	
16922	0	34980	36944	24781	24552	
16923	0	34928	36994	24990	24696	
16924	0	34848	36960	25326	24896	
16925	0	34888	37008	25600	25133	
16926	0	34985	36888	25820	25285	
16927	0	34948	37220	26125	25483	
16928	0	34872	37276	26404	25664	
16929	0	34948	37432	26652	25850	
16930	0	34836	37050	26936	26048	
16931	0	34844	37196	27149	26228	
16932	0	34920	37349	27401	26432	
16933	0	34788	37244	27660	26624	
16934	0	34816	37316	27896	26780	
16935	0	34924	37240	28117	26952	
16936	0	34804	37252	28312	27125	
16937	0	34836	37145	28541	27304	
16938	0	34936	37186	28748	27469	
16939	0	34920	37160	28924	27640	
16940	0	34938	37200	29132	27812	
16941	0	34944	37292	29332	27961	
16942	0	34926	37252	29520	28121	
16943	0	34917	37216	29688	28328	
16944	0	34984	37253	29865	28444	
16945	0	35032	37232	30044	28604	
16946	0	34900	37186	30214	28760	
16947	0	34909	37160	30393	28972	
16948	0	34776	37000	30548	29084	
16949	0	34917	37249	30717	29240	
16950	0	35025	37836	30881	29408	
16951	0	35060	37648	31058	29634	
16952	0	34826	37324	31236	29744	
16953	0	34689	37160	31404	29924	
16954	0	34770	37184	31576	30112	
16955	0	34854	37236	31752	30272	
16956	0	34932	37408	31925	30505	
16957	0	35016	37316	32108	30657	
16958	0	34952	37418	32292	30848	
16959	0	34924	37612	32472	31048	
16960	0	34930	37696	32680	31248	
16961	0	35205	37696	32865	31468	
16962	0	35360	37996	33032	31672	
16963	0	35436	38600	33241	31876	
16964	0	35040	39048	33416	32116	
16965	0	35188	39589	33612	32406	
16966	0	35260	39468	33804	32624	
16967	0	34980	39680	33992	32776	
16968	0	34852	39868	34189	33024	
16969	0	35488	40280	34374	33336	
16970	0	35512	40406	34566	33528	
16971	0	35757	40489	34768	33742	
16972	0	35280	40840	34940	33952	
16973	0	34378	40761	35160	34177	
16974	0	33992	40540	35309	34468	
16975	0	35072	40468	35529	34668	
16976	0	35144	40244	35708	35012	
16977	0	35168	39448	35884	35220	
16978	0	36176	39198	36110	35516	
16979	0	36250	38445	36312	35788	
16980	0	36276	38834	36452	35933	
16981	0	35026	38056	36680	36308	
16982	0	33884	37333	36912	36504	
16983	0	33160	35336	37192	36820	
16984	0	33800	35644	37328	37100	
16985	0	33892	35916	37492	37328	
16986	0	34408	36140	37733	37586	
16987	0	33236	34484	38004	37872	
16988	0	35660	33384	38132	38096	
16989	0	33932	35040	38397	38356	
16990	0	33094	36669	38568	38488	
16991	0	32936	36274	38780	38809	
16992	0	33010	35776	38980	38962	
16993	0	33192	35436	39188	39120	
16994	0	33396	35104	39476	39388	
16995	0	33896	34836	39648	39496	
16996	0	34194	34601	39820	39657	
16997	0	34416	34572	40012	39880	
16998	0	34864	34694	40176	40004	
16999	0	35448	34896	40504	40212	
17000	0	35732	34977	40604	40292	
17001	0	36114	35192	40794	40452	
17002	0	36324	35592	40980	40562	
17003	0	36340	35848	41264	40580	
17004	0	36608	36097	41366	40668	
17005	0	36970	36304	41528	40833	
17006	0	37242	36836	41732	40932	
17007	0	37369	37352	41952	41048	
17008	0	37752	37700	42152	41129	
17009	0	38283	37616	42240	41200	
17010	0	38604	37648	42384	41264	
17011	0	38728	37880	42552	41336	
17012	0	39392	38098	42802	41280	
17013	0	39648	38204	42857	41473	
17014	0	40129	38356	43073	41472	
17015	0	40408	38656	43192	41464	
17016	0	40852	38540	43312	41604	
17017	0	40956	38828	43452	41600	
17018	0	41104	38472	43612	41672	
17019	0	40786	38712	43752	41792	
17020	0	40561	38740	43860	41780	
17021	0	40168	38820	44028	41804	
17022	0	39680	38768	44136	41828	
17023	0	39052	38746	44228	41916	
17024	0	38412	38840	44360	41900	
17025	0	37764	38728	44524	42020	
17026	0	38212	38708	44584	41976	
17027	0	38320	38372	44700	42034	
17028	0	38380	37984	44832	42128	
17029	0	38865	37684	44944	42114	
17030	0	38520	37076	44976	42133	
17031	0	38672	36648	45076	42226	
17032	0	38889	36304	45192	42194	
17033	0	39233	35876	45221	42192	
17034	0	39116	35588	45372	42292	
17035	0	39328	35722	45420	42314	
17036	0	39740	35694	45428	42248	
17037	0	40301	35646	45480	42280	
17038	0	40216	35684	45536	42304	
17039	0	39890	35828	45588	42312	
17040	0	36104	49532	45602	42372	
17041	0	24596	42052	45688	42376	
17042	0	20416	43580	45721	42376	
17043	0	29442	42772	45752	42328	
17044	0	39969	31237	45764	42376	
17045	0	40592	34504	45732	42300	
17046	0	32906	39872	45692	42328	
17047	0	30760	44624	45684	42273	
17048	0	35754	35800	45756	42256	
17049	0	33394	38352	45660	42232	
17050	0	32804	38508	45628	42228	
17051	0	34228	36618	45612	42196	
17052	0	33856	37152	45584	42080	
17053	0	33952	37290	45552	42045	
17054	0	33754	37472	45520	42048	
17055	0	33681	37171	45436	41944	
17056	0	33944	37733	45344	41832	
17057	0	33952	37564	45277	41752	
17058	0	33940	37674	45284	41660	
17059	0	34224	37506	45205	41620	
17060	0	34201	37453	45116	41547	
17061	0	34312	37340	45068	41376	
17062	0	34144	37410	44930	41281	
17063	0	34166	37524	44896	41129	
17064	0	34092	37580	44760	41024	
17065	0	34060	37626	44744	40904	
17066	0	34180	37616	44584	40708	
17067	0	34220	37540	44476	40536	
17068	0	34324	37516	44420	40352	
17069	0	34309	37556	44280	40174	
17070	0	34284	37288	44100	39988	
17071	0	34292	37290	43960	39824	
17072	0	34236	37332	43796	39636	
17073	0	34224	37472	43628	39412	
17074	0	34248	37440	43536	39152	
17075	0	34220	37644	43356	38936	
17076	0	34228	37476	43081	38648	
17077	0	34376	37372	42876	38452	
17078	0	34364	37297	42776	38194	
17079	0	34269	37516	42464	37872	
17080	0	34352	37228	42345	37616	
17081	0	34432	37357	42042	37344	
17082	0	34316	37434	41772	37096	
17083	0	34388	37525	41584	36784	
17084	0	34516	37216	41240	36480	
17085	0	34132	37692	41044	36216	
17086	0	34592	37529	40706	35901	
17087	0	34312	37624	40548	35626	
17088	0	34545	37448	40164	35354	
17089	0	34317	37476	39886	35034	
17090	0	34360	37484	39708	34758	
17091	0	34348	37249	39316	34448	
17092	0	34449	37880	39124	34164	
17093	0	34130	37146	38772	33858	
17094	0	34436	37338	38514	33594	
17095	0	34398	37472	38164	33308	
17096	0	34405	37372	37913	33026	
17097	0	34450	37410	37532	32748	
17098	0	34436	37156	37224	32506	
17099	0	34428	37264	36928	32221	
17100	0	34516	37364	36696	31974	
17101	0	34396	37698	36312	31717	
17102	0	34520	37644	36004	31481	
17103	0	34548	37796	35724	31248	
17104	0	34624	38012	35364	31041	
17105	0	34688	38132	35120	30797	
17106	0	34776	38624	34788	30592	
17107	0	34768	38792	34464	30401	
17108	0	34084	38696	34177	30228	
17109	0	34544	39228	33872	30008	
17110	0	34425	39700	33577	29864	
17111	0	34800	40192	33296	29672	
17112	0	34552	40276	32996	29517	
17113	0	34688	40328	32700	29349	
17114	0	34192	40868	32424	29200	
17115	0	33792	41080	32096	29058	
17116	0	33641	40936	31818	28932	
17117	0	33476	40856	31504	28794	
17118	0	33208	40376	31248	28692	
17119	0	33464	40152	30964	28576	
17120	0	34204	39838	30680	28480	
17121	0	34436	40356	30384	28416	
17122	0	34474	39888	30101	28316	
17123	0	35172	39416	29901	28301	
17124	0	37298	39796	29579	28212	
17125	0	36432	39788	29316	28192	
17126	0	34142	38784	29033	28164	
17127	0	33448	37928	28764	28141	
17128	0	36412	36168	28572	28192	
17129	0	38220	35368	28309	28210	
17130	0	39492	33688	28090	28176	
17131	0	40144	38144	27812	28216	
17132	0	38650	39088	27556	28248	
17133	0	38177	39352	27416	28294	
17134	0	37672	37294	27196	28342	
17135	0	37044	36916	26946	28388	
17136	0	36296	36058	26788	28452	
17137	0	36864	36436	26546	28526	
17138	0	36884	35728	26384	28540	
17139	0	36704	35626	26181	28605	
17140	0	36812	35296	25992	28645	
17141	0	36340	34969	25788	28700	
17142	0	35980	35089	25542	28716	
17143	0	35329	34696	25375	28744	
17144	0	34816	34497	25169	28768	
17145	0	34553	34696	25020	28794	
17146	0	34392	34769	24840	28784	
17147	0	34288	34456	24589	28784	
17148	0	34242	34184	24466	28777	
17149	0	33776	33988	24221	28820	
17150	0	33948	33761	24033	28721	
17151	0	33676	33590	23894	28660	
17152	0	33862	33268	23656	28622	
17153	0	33876	33226	23456	28600	
17154	0	34204	33004	23288	28520	
17155	0	34172	32928	23100	28397	
17156	0	34260	32760	22916	28332	
17157	0	34376	32629	22696	28249	
17158	0	34413	32626	22515	28154	
17159	0	34384	32684	22321	28029	
17160	0	34600	32866	22104	27910	
17161	0	34738	32968	21920	27816	
17162	0	34884	33084	21667	27654	
17163	0	35184	33428	21436	27608	
17164	0	35340	33368	21276	27437	
17165	0	35472	33473	21108	27292	
17166	0	35602	33761	20876	27192	
17167	0	35428	34092	20639	27000	
17168	0	35248	34152	20540	26912	
17169	0	35324	34221	20315	26789	
17170	0	35364	34205	20149	26678	
17171	0	35829	34236	19972	26548	
17172	0	36121	34072	19792	26438	
17173	0	36448	34258	19664	26339	
17174	0	36584	34256	19406	26216	
17175	0	36736	34177	19340	26196	
17176	0	36169	33849	19200	26021	
17177	0	49452	39362	19024	25981	
17178	0	56241	33208	18892	25868	
17179	0	28472	42200	18721	25856	
17180	0	24120	44705	18646	25789	
17181	0	22112	42372	18564	25732	
17182	0	32649	43628	18422	25744	
17183	0	39336	39136	18412	25760	
17184	0	37624	31832	18369	25708	
17185	0	37937	31128	18317	25728	
17186	0	34336	33625	18284	25784	
17187	0	34600	34916	18158	25800	
17188	0	36016	36820	18196	25828	
17189	0	36866	37972	18154	25938	
17190	0	35256	37476	18153	26009	
17191	0	35356	36689	18215	26116	
17192	0	35924	36250	18222	26256	
17193	0	35948	36337	18249	26286	
17194	0	35612	36440	18378	26537	
17195	0	35580	36400	18371	26678	
17196	0	35676	36520	18478	26912	
17197	0	35776	36448	18578	27112	
17198	0	35680	36388	18764	27320	
17199	0	35668	36404	18889	27490	
17200	0	35808	36428	19003	27794	
17201	0	35804	36528	19132	28016	
17202	0	35508	36624	19403	28265	
17203	0	35536	36761	19586	28564	
17204	0	35369	36728	19717	28812	
17205	0	35497	36861	20020	29112	
17206	0	35572	36716	20218	29356	
17207	0	35380	36572	20494	29612	
17208	0	35538	36772	20680	29973	
17209	0	35264	36808	20933	30208	
17210	0	35284	36842	21272	30496	
17211	0	35305	36677	21564	30773	
17212	0	35284	36936	21828	31054	
17213	0	35228	36640	22096	31296	
17214	0	35164	36620	22382	31568	
17215	0	35220	36704	22736	31773	
17216	0	35050	37092	22984	32057	
17217	0	35048	37025	23357	32276	
17218	0	35008	37064	23599	32513	
17219	0	34968	37056	23957	32704	
17220	0	34820	37226	24218	32948	
17221	0	34856	37088	24608	33120	
17222	0	34892	36964	24844	33348	
17223	0	35066	37348	25224	33514	
17224	0	34944	37348	25484	33664	
17225	0	34728	37561	25820	33796	
17226	0	34836	37393	26098	33949	
17227	0	34660	37274	26405	34122	
17228	0	34745	37146	26660	34260	
17229	0	34780	37186	26956	34376	
17230	0	34944	37384	27248	34500	
17231	0	35032	37577	27522	34612	
17232	0	34932	37720	27778	34724	
17233	0	34768	37716	28004	34844	
17234	0	34608	37468	28304	34976	
17235	0	34660	37476	28536	35034	
17236	0	34954	37060	28793	35169	
17237	0	34880	36994	29048	35274	
17238	0	35056	36787	29285	35322	
17239	0	35068	36992	29532	35415	
17240	0	34945	37184	29760	35496	
17241	0	35045	37234	30000	35680	
17242	0	34748	37636	30213	35778	
17243	0	34784	37384	30456	35869	
17244	0	35028	37114	30678	36032	
17245	0	35176	37104	30892	36128	
17246	0	35012	37168	31114	36280	
17247	0	35056	37484	31346	36444	
17248	0	35025	37805	31564	36553	
17249	0	34976	37782	31780	36712	
17250	0	34668	38176	32004	36888	
17251	0	35040	38740	32226	37068	
17252	0	35420	39276	32449	37216	
17253	0	35528	39428	32676	37373	
17254	0	35209	39676	32908	37688	
17255	0	34664	39549	33133	37860	
17256	0	33970	40293	33360	38080	
17257	0	33952	40288	33592	38304	
17258	0	33538	40288	33812	38506	
17259	0	33044	40728	34056	38600	
17260	0	33724	39890	34273	38961	
17261	0	34292	39286	34504	39112	
17262	0	34692	40006	34784	39344	
17263	0	35404	39518	35008	39585	
17264	0	35680	39216	35243	39936	
17265	0	37436	39688	35528	40165	
17266	0	37764	38568	35808	40324	
17267	0	36912	39069	36064	40668	
17268	0	37500	40528	36274	40896	
17269	0	40080	36472	36640	41152	
17270	0	39592	37780	36865	41449	
17271	0	38398	39417	37097	41772	
17272	0	38225	39720	37388	42084	
17273	0	36888	39552	37732	42418	
17274	0	35800	39720	37986	42645	
17275	0	35185	39148	38216	42928	
17276	0	35540	38541	38520	43208	
17277	0	35756	37708	38880	43508	
17278	0	35632	37396	39116	43753	
17279	0	35088	37460	39456	44012	
17280	0	35024	36325	39754	44248	
17281	0	34040	36456	39956	44476	
17282	0	34272	36141	40244	44696	
17283	0	33410	36464	40500	44912	
17284	0	33496	35548	40852	45132	
17285	0	33469	35680	41072	45320	
17286	0	33057	35336	41304	45434	
17287	0	32786	35122	41580	45596	
17288	0	32636	35008	41816	45704	
17289	0	32413	34508	42168	45824	
17290	0	32288	34336	42368	45948	
17291	0	32248	33957	42520	45980	
17292	0	32396	33520	42780	46032	
17293	0	32434	33521	42956	46084	
17294	0	32552	33330	43152	46080	
17295	0	32602	32948	43328	46049	
17296	0	32472	33200	43528	46016	
17297	0	32768	33192	43712	45953	
17298	0	33056	33241	43852	45928	
17299	0	33132	33310	44028	45824	
17300	0	33105	33418	44160	45720	
17301	0	32984	33693	44190	45568	
17302	0	33213	34606	44377	45436	
17303	0	33460	34008	44412	45296	
17304	0	33732	34612	44480	45104	
17305	0	33881	34189	44564	44888	
17306	0	33942	34448	44624	44744	
17307	0	34148	34480	44744	44532	
17308	0	34640	34488	44746	44276	
17309	0	35314	34368	44824	44128	
17310	0	36036	34309	44824	43885	
17311	0	36368	34176	44904	43648	
17312	0	36984	33852	44953	43376	
17313	0	36836	33520	44897	43106	
17314	0	35676	33024	44912	42964	
17315	0	48264	38036	44920	42640	
17316	0	56128	32130	45004	42400	
17317	0	34112	49792	44936	42172	
17318	0	20156	40924	45012	42024	
17319	0	17680	44720	44952	41792	
17320	0	39824	41236	45048	41560	
17321	0	40741	32330	44996	41244	
17322	0	37096	30376	44988	41084	
17323	0	35116	32953	45050	40880	
17324	0	33304	35984	45002	40656	
17325	0	36040	37052	44996	40409	
17326	0	36450	37529	45050	40228	
17327	0	36184	37216	45008	40020	
17328	0	35084	36936	45080	39812	
17329	0	35580	36768	45068	39636	
17330	0	36012	36901	45008	39424	
17331	0	35632	36500	45028	39256	
17332	0	35434	36120	44992	39076	
17333	0	35680	36124	44992	38916	
17334	0	35736	36564	44964	38720	
17335	0	35753	36644	44948	38560	
17336	0	35680	36552	44930	38378	
17337	0	35820	36656	44972	38194	
17338	0	35648	36792	44858	38028	
17339	0	35508	36624	44864	37841	
17340	0	35600	36796	44776	37672	
17341	0	35441	36665	44688	37474	
17342	0	35356	36628	44633	37298	
17343	0	35388	36720	44580	37088	
17344	0	35232	36648	44480	36900	
17345	0	35210	36884	44324	36708	
17346	0	35188	36732	44249	36516	
17347	0	35322	36630	44057	36296	
17348	0	35128	36888	43897	36072	
17349	0	35100	36872	43828	35856	
17350	0	35092	36680	43568	35640	
17351	0	35088	36810	43364	35421	
17352	0	35000	36976	43180	35188	
17353	0	35049	36945	42929	34936	
17354	0	34932	37172	42776	34676	
17355	0	34689	37168	42568	34464	
17356	0	34797	37170	42280	34162	
17357	0	34744	37184	41924	33917	
17358	0	34776	37344	41652	33636	
17359	0	34770	36994	41437	33370	
17360	0	34668	36976	41032	33108	
17361	0	34772	37074	40716	32844	
17362	0	34740	37220	40484	32534	
17363	0	34849	37524	40068	32248	
17364	0	34776	37560	39780	31972	
17365	0	34762	37604	39336	31656	
17366	0	34730	37612	39080	31376	
17367	0	34628	37558	38620	31026	
17368	0	34624	37368	38284	30728	
17369	0	34464	37332	37824	30428	
17370	0	34802	37256	37448	30124	
17371	0	34824	37516	37028	29852	
17372	0	34204	37788	36620	29528	
17373	0	34424	37920	36204	29200	
17374	0	34808	38060	35812	28920	
17375	0	34712	37697	35460	28616	
17376	0	34584	37268	35072	28298	
17377	0	34688	37128	34692	28030	
17378	0	35185	37044	34244	27736	
17379	0	34352	36976	33856	27464	
17380	0	34757	37352	33472	27184	
17381	0	34684	37248	33108	26920	
17382	0	34948	37612	32761	26678	
17383	0	34852	37616	32400	26432	
17384	0	34713	37860	32024	26187	
17385	0	34848	37701	31688	25963	
17386	0	34828	37885	31339	25736	
17387	0	34962	37872	31004	25530	
17388	0	34954	37757	30680	25326	
17389	0	34844	38160	30346	25141	
17390	0	35184	38796	30060	24948	
17391	0	35256	39092	29762	24778	
17392	0	35144	39278	29476	24612	
17393	0	34360	39556	29186	24460	
17394	0	34580	39978	28898	24315	
17395	0	34456	40024	28628	24164	
17396	0	33908	40340	28352	24034	
17397	0	33748	40704	28088	23914	
17398	0	33704	40136	27872	23804	
17399	0	33218	39950	27692	23705	
17400	0	33144	40032	27462	23616	
17401	0	33984	39208	27273	23536	
17402	0	34272	38908	27072	23458	
17403	0	35577	38956	26860	23404	
17404	0	36408	39048	26748	23344	
17405	0	36944	39100	26500	23291	
17406	0	37076	38144	26356	23268	
17407	0	37584	38528	26244	23253	
17408	0	37548	38528	26112	23241	
17409	0	37424	38636	25948	23248	
17410	0	39484	38448	25872	23268	
17411	0	39976	37104	25785	23284	
17412	0	39490	37140	25682	23316	
17413	0	38376	37276	25592	23360	
17414	0	37073	38696	25514	23392	
17415	0	36376	38612	25362	23474	
17416	0	35252	38628	25360	23517	
17417	0	34624	38316	25240	23546	
17418	0	34228	37728	25254	23618	
17419	0	34024	37072	25131	23688	
17420	0	34588	37020	25136	23716	
17421	0	34488	35840	25132	23800	
17422	0	34677	36000	25064	23840	
17423	0	34402	35440	25024	23900	
17424	0	34136	35444	24980	23912	
17425	0	34109	34884	24914	23944	
17426	0	33516	34648	24947	24001	
17427	0	33420	34794	24894	24021	
17428	0	33162	34300	24808	24060	
17429	0	33192	34560	24752	24044	
17430	0	33376	34084	24706	24045	
17431	0	33304	34360	24652	24036	
17432	0	33030	33720	24650	24016	
17433	0	33248	33704	24584	24000	
17434	0	33208	33672	24516	23960	
17435	0	32985	33829	24430	23948	
17436	0	33014	33976	24302	23872	
17437	0	32560	33781	24240	23844	
17438	0	32728	34057	24192	23760	
17439	0	32729	33569	24088	23684	
17440	0	32900	34112	24013	23636	
17441	0	32831	34080	23888	23504	
17442	0	33088	34193	23808	23432	
17443	0	33436	34369	23628	23346	
17444	0	34276	34248	23552	23276	
17445	0	34545	34313	23484	23148	
17446	0	34840	34804	23368	23040	
17447	0	35184	34553	23240	23004	
17448	0	35532	35000	23128	22885	
17449	0	35932	35256	22986	22816	
17450	0	36128	35332	22860	22724	
17451	0	36196	35212	22713	22608	
17452	0	36100	34984	22572	22536	
17453	0	36156	34856	22508	22398	
17454	0	36248	34752	22374	22324	
17455	0	36432	34452	22280	22270	
17456	0	36576	34021	22153	22217	
17457	0	36616	33616	22068	22126	
17458	0	36480	33436	21944	22076	
17459	0	45185	36376	21850	22024	
17460	0	55596	32349	21772	22016	
17461	0	33616	43865	21580	21938	
17462	0	29112	40440	21572	21936	
17463	0	23085	43600	21436	21872	
17464	0	37020	41192	21402	21922	
17465	0	38184	38936	21348	21852	
17466	0	36100	36274	21344	21885	
17467	0	36084	34692	21208	21882	
17468	0	35212	34476	21248	21962	
17469	0	34797	34340	21248	21964	
17470	0	35632	34818	21204	21986	
17471	0	35452	35088	21194	22050	
17472	0	35536	37012	21244	22168	
17473	0	35850	37536	21264	22196	
17474	0	35416	37556	21232	22272	
17475	0	35660	37040	21332	22384	
17476	0	35620	36684	21370	22485	
17477	0	35700	36744	21456	22616	
17478	0	35452	36608	21573	22788	
17479	0	35460	36572	21648	22924	
17480	0	35536	36508	21801	23128	
17481	0	35768	36288	21905	23264	
17482	0	35609	36544	22068	23432	
17483	0	35576	36608	22267	23644	
17484	0	35640	36785	22432	23849	
17485	0	35616	36832	22616	24073	
17486	0	35480	36892	22776	24286	
17487	0	35413	36748	22980	24576	
17488	0	35768	36896	23184	24741	
17489	0	35648	36968	23433	25052	
17490	0	35562	36672	23628	25252	
17491	0	35552	36618	23820	25472	
17492	0	35648	36880	24113	25733	
17493	0	35485	36580	24337	25978	
17494	0	35568	36824	24597	26226	
17495	0	35428	36565	24856	26498	
17496	0	35420	36681	25108	26759	
17497	0	35297	36784	25329	27012	
17498	0	35460	36764	25604	27328	
17499	0	35264	36904	25856	27540	
17500	0	35268	37092	26116	27792	
17501	0	35333	37144	26376	28066	
17502	0	35280	36960	26626	28316	
17503	0	35004	37020	26850	28592	
17504	0	34912	36952	27128	28848	
17505	0	35032	36861	27338	29131	
17506	0	34868	36780	27596	29357	
17507	0	34860	37132	27861	29612	
17508	0	34898	36912	28112	29916	
17509	0	34928	37006	28328	30130	
17510	0	34986	37044	28600	30372	
17511	0	34804	36932	28852	30668	
17512	0	34880	36897	29068	30861	
17513	0	34929	36896	29309	31152	
17514	0	34964	36765	29536	31316	
17515	0	34704	36772	29746	31636	
17516	0	34952	37036	29972	31769	
17517	0	35024	37228	30200	32016	
17518	0	34970	37556	30405	32192	
17519	0	35020	37340	30615	32402	
17520	0	34922	37400	30824	32633	
17521	0	35128	37301	31038	32808	
17522	0	34856	37546	31244	33006	
17523	0	35304	37576	31432	33198	
17524	0	34720	37705	31648	33464	
17525	0	35228	37652	31832	33592	
17526	0	35472	37644	32042	33772	
17527	0	35308	37840	32249	33940	
17528	0	35288	38252	32440	34137	
17529	0	35564	38112	32652	34337	
17530	0	34785	38512	32888	34532	
17531	0	34742	39249	33092	34800	
17532	0	35448	39568	33300	34920	
17533	0	35745	39346	33548	35180	
17534	0	35332	39328	33750	35296	
17535	0	35037	39834	34008	35553	
17536	0	34380	40136	34248	35782	
17537	0	33888	40290	34480	36074	
17538	0	33716	40172	34744	36200	
17539	0	33860	40585	34977	36492	
17540	0	34781	39905	35244	36768	
17541	0	34846	39344	35509	36952	
17542	0	35497	39768	35808	37268	
17543	0	36116	39269	36060	37488	
17544	0	36516	38772	36354	37710	
17545	0	37848	37916	36644	38048	
17546	0	37266	37076	36876	38328	
17547	0	37468	38848	37144	38608	
17548	0	36096	40828	37468	38924	
17549	0	41787	31104	37714	39112	
17550	0	39444	35665	38112	39496	
17551	0	37860	37296	38356	39824	
17552	0	36852	39417	38552	40092	
17553	0	36434	38896	38824	40360	
17554	0	35520	38588	39146	40668	
17555	0	34986	38640	39360	40936	
17556	0	35008	37868	39716	41168	
17557	0	35448	37512	39896	41392	
17558	0	35714	36896	40144	41666	
17559	0	36249	36544	40468	41964	
17560	0	35906	35976	40672	42200	
17561	0	35324	35928	40888	42460	
17562	0	34816	35648	41154	42702	
17563	0	34092	35544	41340	42884	
17564	0	33584	35636	41644	43100	
17565	0	33176	35657	41892	43328	
17566	0	32722	34892	41988	43480	
17567	0	32924	34872	42256	43632	
17568	0	32660	34928	42384	43776	
17569	0	32449	34424	42624	43972	
17570	0	32326	34988	42744	44088	
17571	0	31892	34208	43012	44180	
17572	0	32169	34621	43072	44300	
17573	0	32168	34097	43232	44320	
17574	0	32316	34124	43360	44394	
17575	0	32432	34696	43488	44436	
17576	0	32548	34358	43616	44520	
17577	0	32872	34688	43728	44548	
17578	0	33104	34478	43872	44552	
17579	0	33756	34840	43920	44496	
17580	0	34376	34637	44006	44468	
17581	0	34755	34267	44074	44480	
17582	0	35048	34016	44168	44404	
17583	0	35008	34376	44240	44352	
17584	0	34892	34436	44276	44272	
17585	0	34634	34112	44288	44228	
17586	0	34362	34156	44268	44152	
17587	0	34036	33856	44288	44017	
17588	0	33713	33845	44340	43880	
17589	0	33692	33376	44336	43769	
17590	0	34152	33516	44264	43652	
17591	0	34460	33752	44317	43512	
17592	0	34478	33796	44200	43336	
17593	0	34476	33608	44237	43240	
17594	0	34118	33010	44172	43132	
17595	0	53873	36073	44050	42896	
17596	0	56300	46480	44000	42729	
17597	0	30128	38336	43948	42620	
17598	0	18364	36796	43896	42504	
17599	0	14821	46752	43788	42236	
17600	0	41552	39858	43800	42176	
17601	0	37152	37972	43676	42004	
17602	0	38856	33976	43612	41796	
17603	0	35076	32912	43616	41614	
17604	0	33882	33312	43457	41441	
17605	0	34924	34249	43396	41288	
17606	0	35872	35364	43320	41188	
17607	0	36544	37386	43290	41072	
17608	0	35296	37569	43144	40924	
17609	0	35412	37096	43040	40770	
17610	0	35794	36300	43074	40596	
17611	0	36104	36644	43008	40384	
17612	0	35741	36745	42842	40216	
17613	0	35794	36672	42849	40156	
17614	0	35504	36200	42656	40000	
17615	0	35598	35948	42641	39760	
17616	0	35820	36140	42560	39652	
17617	0	35628	36352	42424	39458	
17618	0	35768	36545	42324	39328	
17619	0	35768	36825	42286	39192	
17620	0	35760	36800	42228	39024	
17621	0	35744	36714	42072	38796	
17622	0	35456	36444	42032	38624	
17623	0	35716	36712	41920	38424	
17624	0	35616	36560	41922	38268	
17625	0	35328	36586	41688	38074	
17626	0	35548	36612	41592	37824	
17627	0	35532	36584	41596	37616	
17628	0	35492	36608	41362	37401	
17629	0	35630	36608	41236	37116	
17630	0	35384	36601	41121	36900	
17631	0	35504	36624	40984	36676	
17632	0	35352	36724	40848	36436	
17633	0	35392	36577	40805	36148	
17634	0	35232	36796	40626	35916	
17635	0	35292	36692	40434	35640	
17636	0	35344	36872	40352	35352	
17637	0	35068	36884	40184	35094	
17638	0	35208	36856	39916	34806	
17639	0	35216	36984	39848	34528	
17640	0	35044	37098	39528	34233	
17641	0	35041	37176	39412	33942	
17642	0	34969	37160	39244	33640	
17643	0	34936	37276	38933	33362	
17644	0	34937	37480	38734	33076	
17645	0	34932	37284	38493	32780	
17646	0	34956	37288	38312	32488	
17647	0	34962	37144	38020	32196	
17648	0	34992	37184	37872	31892	
17649	0	35008	37193	37596	31602	
17650	0	34977	37524	37340	31308	
17651	0	35120	37640	36973	31024	
17652	0	34988	37624	36700	30736	
17653	0	34996	37692	36444	30440	
17654	0	34932	37378	36144	30172	
17655	0	34872	37196	35824	29906	
17656	0	35072	36892	35540	29641	
17657	0	35312	36304	35248	29372	
17658	0	35592	36465	34897	29112	
17659	0	35244	36698	34568	28872	
17660	0	35230	37056	34296	28632	
17661	0	35349	37408	33940	28388	
17662	0	35240	36856	33632	28165	
17663	0	35284	37304	33313	27950	
17664	0	35382	37636	33038	27753	
17665	0	35532	37776	32704	27548	
17666	0	35232	38052	32400	27357	
17667	0	35488	37480	32110	27179	
17668	0	35282	38413	31808	27009	
17669	0	35776	38921	31496	26844	
17670	0	35908	39192	31220	26690	
17671	0	35572	39024	30938	26552	
17672	0	35476	39320	30653	26428	
17673	0	35320	39356	30362	26304	
17674	0	34736	40188	30058	26197	
17675	0	34400	40644	29846	26101	
17676	0	34464	40333	29592	26018	
17677	0	33420	40744	29376	25952	
17678	0	34468	39960	29089	25899	
17679	0	34137	39657	28852	25864	
17680	0	35000	39588	28717	25844	
17681	0	35378	39884	28472	25828	
17682	0	35922	39138	28296	25836	
17683	0	36192	38984	28072	25838	
17684	0	37512	38360	27957	25916	
17685	0	37452	39016	27738	25949	
17686	0	36720	38280	27632	26006	
17687	0	37294	38570	27460	26070	
17688	0	41544	37096	27338	26132	
17689	0	40368	36340	27280	26228	
17690	0	40164	37384	27132	26312	
17691	0	39244	39253	26968	26472	
17692	0	37716	39268	26908	26525	
17693	0	37060	38704	26844	26649	
17694	0	37068	38586	26705	26817	
17695	0	37370	37696	26690	26864	
17696	0	36984	37312	26592	27008	
17697	0	36100	37048	26547	27092	
17698	0	35422	36880	26424	27180	
17699	0	34192	35836	26388	27272	
17700	0	34104	36160	26372	27362	
17701	0	33212	35964	26296	27428	
17702	0	33086	35268	26218	27550	
17703	0	32456	35172	26190	27540	
17704	0	31328	34992	26136	27618	
17705	0	31458	34628	26057	27584	
17706	0	31041	34304	26008	27601	
17707	0	31456	34680	25900	27596	
17708	0	31336	34236	25861	27573	
17709	0	31521	33984	25789	27608	
17710	0	31776	34192	25716	27536	
17711	0	32184	33996	25617	27448	
17712	0	32313	33964	25532	27384	
17713	0	32796	33960	25440	27348	
17714	0	33244	33977	25342	27206	
17715	0	33464	34100	25232	27110	
17716	0	34088	34010	25113	26984	
17717	0	34152	34356	24940	26885	
17718	0	34568	34500	24800	26736	
17719	0	35092	34556	24684	26602	
17720	0	35360	34648	24556	26472	
17721	0	35523	34777	24424	26337	
17722	0	35856	34800	24292	26208	
17723	0	36309	34984	24140	26064	
17724	0	36624	35305	23972	25892	
17725	0	36588	35288	23832	25744	
17726	0	36544	35420	23605	25570	
17727	0	36644	35336	23498	25479	
17728	0	36536	35040	23354	25264	
17729	0	36488	34744	23172	25168	
17730	0	36396	34560	22956	24948	
17731	0	35868	34272	22856	24785	
17732	0	35776	33840	22698	24638	
17733	0	35632	33312	22480	24524	
17734	0	35040	32864	22406	24440	
17735	0	42136	33085	22256	24264	
17736	0	55418	44592	22048	24185	
17737	0	44944	47864	21931	24029	
17738	0	13400	40381	21804	23928	
17739	0	35596	37284	21698	23802	
17740	0	39344	37160	21502	23754	
17741	0	32956	32612	21428	23697	
17742	0	36792	36065	21348	23602	
17743	0	36252	36272	21273	23576	
17744	0	36726	33749	21161	23540	
17745	0	34042	37020	21120	23522	
17746	0	38137	37756	21049	23504	
17747	0	35152	36217	20976	23489	
17748	0	35228	35952	20961	23536	
17749	0	35854	36528	20936	23560	
17750	0	36110	36368	20948	23677	
17751	0	35889	35905	20884	23744	
17752	0	35065	36401	20976	23748	
17753	0	35732	36672	20968	23936	
17754	0	35884	36645	21072	23978	
17755	0	35984	36226	21146	24178	
17756	0	35860	36378	21207	24276	
17757	0	35568	36384	21253	24474	
17758	0	35780	36280	21464	24680	
17759	0	35778	36800	21621	24838	
17760	0	35740	36582	21778	25024	
17761	0	35582	36633	21932	25225	
17762	0	35532	36848	22146	25456	
17763	0	35329	37025	22313	25673	
17764	0	36152	36401	22573	25914	
17765	0	35129	37112	22784	26156	
17766	0	35408	36800	23019	26408	
17767	0	35336	36644	23258	26634	
17768	0	35356	36817	23514	26866	
17769	0	35244	36730	23780	27122	
17770	0	35272	36708	24074	27352	
17771	0	35276	37112	24313	27592	
17772	0	35184	36980	24608	27808	
17773	0	35080	36939	24801	28028	
17774	0	35192	36920	25108	28256	
17775	0	35082	37068	25384	28482	
17776	0	35032	37000	25664	28720	
17777	0	35001	37272	25954	28874	
17778	0	35052	37064	26192	29120	
17779	0	35044	37164	26402	29268	
17780	0	34912	37092	26721	29499	
17781	0	34960	37064	26913	29632	
17782	0	35044	37224	27164	29784	
17783	0	34996	37242	27444	29957	
17784	0	34976	37316	27664	30108	
17785	0	34894	37780	27897	30272	
17786	0	34932	37280	28120	30409	
17787	0	34948	37304	28329	30600	
17788	0	34912	37128	28497	30696	
17789	0	34897	37096	28744	30862	
17790	0	35036	36964	28900	30981	
17791	0	34954	37106	29112	31117	
17792	0	34844	37148	29300	31263	
17793	0	34840	37210	29470	31377	
17794	0	34956	37042	29676	31546	
17795	0	34912	37024	29836	31684	
17796	0	35000	36937	30032	31808	
17797	0	34912	36882	30200	31984	
17798	0	34853	36857	30381	32080	
17799	0	34780	36964	30558	32257	
17800	0	34836	37248	30728	32378	
