# OpenSignals Text File Format. Version 1
# {"00:07:80:F9:F3:52": {"position": 0, "device": "biosignalsplux", "device name": "00:07:80:F9:F3:52", "device connection": "BTH00:07:80:F9:F3:52", "sampling rate": 100, "resolution": [16, 16, 16, 16], "firmware version": 775, "comments": "", "keywords": "", "mode": 0, "sync interval": 2, "date": "2025-9-19", "time": "10:55:29.728", "channels": [1, 2, 3, 4], "sensor": ["XYZ", "XYZ", "RIP", "RIP"], "label": ["CH1", "CH2", "CH3", "CH4"], "column": ["nSeq", "DI", "CH1", "CH2", "CH3", "CH4"], "special": [{"SpO2": [80, 40, 5, 4, 3, 3]}, {"SpO2": [80, 40, 5, 4, 3, 3]}, {"SpO2": [80, 40, 5, 4, 3, 3]}, {"SpO2": [80, 40, 5, 4, 3, 3]}, {"SpO2": [80, 40, 5, 4, 3, 3]}, {"SpO2": [80, 40, 5, 4, 3, 3]}, {"SpO2": [80, 40, 5, 4, 3, 3]}, {"SpO2": [80, 40, 5, 4, 3, 3]}], "digital IO": [0, 1], "sleeve color": ["white", "white", "dark_blue", "light_blue"], "convertedValues": 0}}
# EndOfHeader
6700	0	29776	33426	38944	39436	
6701	0	30244	33732	39292	39608	
6702	0	30724	33897	39768	39770	
6703	0	31204	34112	39992	40008	
6704	0	32160	34069	40380	40269	
6705	0	32544	34184	40776	40408	
6706	0	33232	34457	41126	40676	
6707	0	33368	34756	41484	40868	
6708	0	33504	35040	42024	41128	
6709	0	33808	35548	42384	41352	
6710	0	34132	35083	42656	41588	
6711	0	34912	35428	43088	41776	
6712	0	35544	35320	43428	41936	
6713	0	36092	35272	43744	42204	
6714	0	36537	36152	44084	42356	
6715	0	36402	35996	44457	42425	
6716	0	36698	36400	44761	42636	
6717	0	36828	36800	45072	42736	
6718	0	37044	37448	45372	42749	
6719	0	37321	37584	45704	42824	
6720	0	37448	38188	46036	42984	
6721	0	37257	37524	46248	43008	
6722	0	37568	38190	46580	43021	
6723	0	37324	38036	46788	43016	
6724	0	37476	38720	47008	42988	
6725	0	37492	38820	47264	42996	
6726	0	37553	38564	47516	42992	
6727	0	37432	38277	47760	42928	
6728	0	37108	38090	47909	42900	
6729	0	36784	38228	48112	42832	
6730	0	36832	38140	48308	42740	
6731	0	36440	37856	48504	42612	
6732	0	36340	38210	48680	42548	
6733	0	35396	38096	48824	42412	
6734	0	34904	37764	48960	42309	
6735	0	34776	37058	49124	42178	
6736	0	35144	36315	49308	42041	
6737	0	35672	35593	49368	41904	
6738	0	36106	35584	49529	41749	
6739	0	36228	35888	49704	41604	
6740	0	36057	36268	49712	41436	
6741	0	35596	36648	49888	41275	
6742	0	34738	36908	49988	41140	
6743	0	34001	37100	50024	40980	
6744	0	33256	36936	50084	40784	
6745	0	34620	22705	50160	40588	
6746	0	32336	40485	50232	40464	
6747	0	36466	37080	50280	40208	
6748	0	37800	40722	50325	40089	
6749	0	38304	41033	50352	39856	
6750	0	29880	48340	50428	39741	
6751	0	24320	34488	50489	39576	
6752	0	47760	40380	50425	39328	
6753	0	30952	46384	50428	39204	
6754	0	26088	47608	50496	39072	
6755	0	30200	48768	50508	38836	
6756	0	34345	39936	50564	38677	
6757	0	36440	34762	50508	38640	
6758	0	38617	35628	50560	38480	
6759	0	36368	35728	50468	38336	
6760	0	35861	34281	50560	38176	
6761	0	34869	35772	50520	37984	
6762	0	33956	36524	50548	37916	
6763	0	34688	36184	50569	37818	
6764	0	35752	35968	50573	37744	
6765	0	36156	37072	50572	37644	
6766	0	35882	37520	50560	37600	
6767	0	35296	37444	50644	37548	
6768	0	34592	37616	50685	37512	
6769	0	34912	37104	50788	37496	
6770	0	35044	37072	50844	37484	
6771	0	35069	36880	50906	37476	
6772	0	34732	36656	50972	37553	
6773	0	34740	36393	51100	37524	
6774	0	34538	36429	51240	37528	
6775	0	34600	36356	51360	37556	
6776	0	34817	36492	51396	37564	
6777	0	35208	36808	51545	37604	
6778	0	35240	37376	51688	37661	
6779	0	34684	37412	51728	37712	
6780	0	34896	37452	51872	37712	
6781	0	34889	37400	52024	37728	
6782	0	34808	37424	52060	37820	
6783	0	34896	37902	52116	37824	
6784	0	34798	37516	52288	37820	
6785	0	34920	37192	52388	37828	
6786	0	35072	37029	52356	37816	
6787	0	35121	36928	52488	37789	
6788	0	34784	37424	52448	37784	
6789	0	35016	37284	52504	37740	
6790	0	34981	37496	52504	37708	
6791	0	35004	37258	52504	37604	
6792	0	35316	36960	52500	37544	
6793	0	35236	36624	52484	37481	
6794	0	35430	36732	52440	37368	
6795	0	35154	36784	52432	37288	
6796	0	34808	36840	52424	37154	
6797	0	35104	36829	52340	37060	
6798	0	35524	36892	52184	36980	
6799	0	35516	37216	52136	36792	
6800	0	36088	37292	52024	36681	
6801	0	35441	37160	51896	36596	
6802	0	35812	36988	51792	36384	
6803	0	35616	36505	51716	36272	
6804	0	35332	35789	51508	36176	
6805	0	35300	35713	51413	36016	
6806	0	35724	35744	51184	35804	
6807	0	35360	35892	51032	35684	
6808	0	35788	36312	50812	35512	
6809	0	36065	36737	50600	35420	
6810	0	36564	37412	50448	35256	
6811	0	36612	37576	50204	35096	
6812	0	36064	36888	49988	34972	
6813	0	36288	36328	49824	34806	
6814	0	35736	36052	49512	34556	
6815	0	35656	35508	49265	34482	
6816	0	36108	35668	49033	34324	
6817	0	36288	36492	48764	34160	
6818	0	36256	37116	48528	33976	
6819	0	36364	37404	48320	33824	
6820	0	36900	38032	47997	33712	
6821	0	37096	39236	47728	33548	
6822	0	36424	41320	47456	33432	
6823	0	37008	43546	47176	33297	
6824	0	37624	44373	46908	33088	
6825	0	38786	45536	46668	33028	
6826	0	39236	45276	46372	32772	
6827	0	39194	45044	46061	32716	
6828	0	38036	43688	45760	32600	
6829	0	36042	41588	45528	32488	
6830	0	34800	38844	45208	32392	
6831	0	35840	37240	44956	32280	
6832	0	34736	35360	44684	32160	
6833	0	32396	34458	44344	32072	
6834	0	32377	31248	44089	32020	
6835	0	31042	29536	43776	31916	
6836	0	30298	28738	43564	31836	
6837	0	31276	30350	43232	31796	
6838	0	30538	29634	42957	31780	
6839	0	29949	30317	42660	31752	
6840	0	31090	31424	42528	31704	
6841	0	31018	32152	42120	31780	
6842	0	30616	32620	41892	31736	
6843	0	31170	33465	41632	31704	
6844	0	31202	33804	41338	31800	
6845	0	31568	34248	41080	31808	
6846	0	32089	34112	40857	31820	
6847	0	32784	34672	40593	31948	
6848	0	32496	34924	40368	31992	
6849	0	33520	34992	40112	32056	
6850	0	34320	35176	39892	32123	
6851	0	35256	35154	39648	32184	
6852	0	35704	35376	39413	32228	
6853	0	36268	35842	39188	32308	
6854	0	36556	36209	39032	32393	
6855	0	36381	36488	38658	32432	
6856	0	36129	37355	38412	32488	
6857	0	36448	37608	38168	32524	
6858	0	37248	37816	37896	32564	
6859	0	38084	38488	37616	32576	
6860	0	39072	38688	37364	32584	
6861	0	39376	38248	37056	32610	
6862	0	39524	38882	36764	32610	
6863	0	39488	38609	36485	32560	
6864	0	39617	38368	36181	32496	
6865	0	39204	37760	35904	32484	
6866	0	39036	37865	35649	32406	
6867	0	38924	37772	35256	32313	
6868	0	38360	37674	35008	32248	
6869	0	38164	37434	34642	32090	
6870	0	37216	37044	34320	32032	
6871	0	36796	37177	34000	31832	
6872	0	35844	37012	33640	31712	
6873	0	35282	37032	33313	31560	
6874	0	34928	36928	32996	31476	
6875	0	34857	36585	32648	31266	
6876	0	34736	35784	32317	31164	
6877	0	35708	36088	31980	30936	
6878	0	35454	35689	31680	30780	
6879	0	35314	35753	31304	30605	
6880	0	34794	36308	30980	30429	
6881	0	34304	36624	30648	30280	
6882	0	33944	36948	30308	30066	
6883	0	46554	36360	29968	29914	
6884	0	32144	32276	29669	29748	
6885	0	38184	38640	29262	29505	
6886	0	34388	36336	28949	29392	
6887	0	38288	47392	28553	29140	
6888	0	26437	38892	28252	28956	
6889	0	30030	42316	27904	28776	
6890	0	31384	43424	27597	28657	
6891	0	40620	35248	27281	28492	
6892	0	42944	47568	26866	28308	
6893	0	25790	45129	26561	28068	
6894	0	31604	47473	26205	27898	
6895	0	34366	41696	25924	27768	
6896	0	36132	34753	25572	27636	
6897	0	36548	35544	25264	27428	
6898	0	37780	34468	24952	27308	
6899	0	35768	35489	24632	27144	
6900	0	34458	36320	24227	27016	
6901	0	34496	36816	23968	26893	
6902	0	35484	36844	23640	26836	
6903	0	35586	37004	23366	26684	
6904	0	35476	37061	23036	26593	
6905	0	35101	36872	22800	26534	
6906	0	35504	36812	22484	26474	
6907	0	35096	36994	22226	26406	
6908	0	34952	36960	21980	26364	
6909	0	34896	36956	21704	26320	
6910	0	34770	36928	21481	26293	
6911	0	34784	36872	21284	26305	
6912	0	34824	37012	21077	26316	
6913	0	34833	37192	20914	26284	
6914	0	34649	37264	20682	26345	
6915	0	34804	37268	20472	26384	
6916	0	34792	37200	20269	26404	
6917	0	34845	37172	20114	26448	
6918	0	34913	37160	19988	26476	
6919	0	34962	37281	19752	26540	
6920	0	34970	37408	19530	26604	
6921	0	34920	37593	19389	26585	
6922	0	34946	37657	19140	26588	
6923	0	34892	37542	19005	26656	
6924	0	35093	37360	18733	26672	
6925	0	35328	37640	18610	26640	
6926	0	35004	37580	18348	26598	
6927	0	35288	37624	18167	26644	
6928	0	35176	37324	17920	26616	
6929	0	35348	36984	17716	26500	
6930	0	35080	36544	17453	26548	
6931	0	34960	36144	17232	26528	
6932	0	34964	35804	16968	26468	
6933	0	34904	35524	16746	26376	
6934	0	35684	36233	16508	26308	
6935	0	35152	37408	16224	26168	
6936	0	35812	37330	16005	26148	
6937	0	35601	37112	15775	26120	
6938	0	36064	36241	15500	26028	
6939	0	35792	36312	15280	25950	
6940	0	34864	35884	14964	25780	
6941	0	35464	35172	14797	25694	
6942	0	35416	35312	14548	25564	
6943	0	35349	35516	14314	25500	
6944	0	36216	36668	14104	25428	
6945	0	36690	38036	13860	25324	
6946	0	36544	37820	13633	25224	
6947	0	36080	36632	13416	25112	
6948	0	35776	35690	13213	24916	
6949	0	35556	35624	12987	24832	
6950	0	35996	36160	12780	24729	
6951	0	36336	36704	12596	24601	
6952	0	36508	37281	12421	24418	
6953	0	36802	37744	12197	24228	
6954	0	36960	38456	12064	24209	
6955	0	36448	38924	11870	24020	
6956	0	37112	40572	11708	23976	
6957	0	36685	43660	11548	23832	
6958	0	37612	45352	11398	23692	
6959	0	37540	45660	11234	23608	
6960	0	36768	44992	11045	23520	
6961	0	36690	43680	10981	23420	
6962	0	35368	41272	10828	23176	
6963	0	34844	38836	10618	23120	
6964	0	35004	37146	10571	23050	
6965	0	34288	35372	10412	23096	
6966	0	34857	33428	10362	23032	
6967	0	34218	34340	10258	22938	
6968	0	31781	32689	10208	22978	
6969	0	32444	30520	10084	22764	
6970	0	32624	30472	10069	23008	
6971	0	32776	30704	10022	22950	
6972	0	31300	30420	10002	23098	
6973	0	31701	30464	10009	23214	
6974	0	31685	31530	9970	23337	
6975	0	31940	32289	10087	23462	
6976	0	32032	32968	10096	23653	
6977	0	32000	33642	10172	23860	
6978	0	32248	34594	10235	24072	
6979	0	32610	34601	10350	24353	
6980	0	33012	34732	10446	24621	
6981	0	33513	34868	10604	24926	
6982	0	33402	34928	10741	25246	
6983	0	34025	35152	10913	25646	
6984	0	34638	35316	11082	25832	
6985	0	35160	35248	11292	26337	
6986	0	35505	35560	11464	26730	
6987	0	35824	35872	11690	27106	
6988	0	35868	36206	11909	27508	
6989	0	35576	36716	12101	27884	
6990	0	35256	37120	12396	28322	
6991	0	34761	37396	12634	28584	
6992	0	35136	37990	12885	29144	
6993	0	35701	38144	13122	29537	
6994	0	36268	38346	13376	29890	
6995	0	37456	39356	13586	30284	
6996	0	38092	38952	13872	30666	
6997	0	38348	38842	14113	31012	
6998	0	38444	38672	14388	31329	
6999	0	38744	38576	14632	31688	
7000	0	38745	37792	14832	31996	
7001	0	38384	37848	15166	32338	
7002	0	37904	37824	15381	32636	
7003	0	37052	37988	15644	32912	
7004	0	35769	38040	15956	33180	
7005	0	35488	37933	16159	33420	
7006	0	35024	37856	16420	33668	
7007	0	35396	37049	16738	33884	
7008	0	35764	36504	17022	34186	
7009	0	36632	36080	17248	34380	
7010	0	36785	35364	17564	34638	
7011	0	36688	35146	17831	34652	
7012	0	36377	35380	18147	35043	
7013	0	36108	35769	18437	35170	
7014	0	35612	36060	18744	35388	
7015	0	36024	36868	19016	35508	
7016	0	35120	36068	19338	35680	
7017	0	35456	36280	19618	35861	
7018	0	35021	36034	19868	35968	
7019	0	34688	36033	20258	36140	
7020	0	33808	35869	20560	36284	
7021	0	36944	20670	21020	36356	
7022	0	36000	42916	21211	36468	
7023	0	45208	25102	21568	36580	
7024	0	29954	48848	21752	36516	
7025	0	35508	42232	22102	36811	
7026	0	25850	41780	22424	36888	
7027	0	32420	39808	22730	36956	
7028	0	33656	38620	23105	37030	
7029	0	34092	41940	23344	37124	
7030	0	42232	39056	23705	37120	
7031	0	37616	45520	24004	37200	
7032	0	23610	48944	24288	37260	
7033	0	33300	44504	24632	37341	
7034	0	37010	36700	25014	37405	
7035	0	36792	35212	25333	37488	
7036	0	36656	35278	25650	37508	
7037	0	35908	35369	25917	37652	
7038	0	35136	34964	26242	37650	
7039	0	34936	35392	26600	37728	
7040	0	35492	35720	26945	37804	
7041	0	35480	36240	27266	37898	
7042	0	35817	36724	27576	38012	
7043	0	35664	36980	27956	38154	
7044	0	35900	37424	28276	38244	
7045	0	35496	37313	28681	38354	
7046	0	35476	37156	29025	38448	
7047	0	35092	37044	29400	38644	
7048	0	34984	36800	29824	38784	
7049	0	34984	36616	30220	38948	
7050	0	35012	36465	30636	39089	
7051	0	34788	36328	31045	39232	
7052	0	34808	36256	31464	39456	
7053	0	34833	36361	31910	39666	
7054	0	35122	36872	32330	39816	
7055	0	35162	37448	32760	40000	
7056	0	35016	37693	33200	40216	
7057	0	35076	37648	33656	40352	
7058	0	35096	37428	34080	40400	
7059	0	35036	37228	34528	40700	
7060	0	35094	37088	34972	40800	
7061	0	35120	37226	35400	41000	
7062	0	35084	37284	35880	40962	
7063	0	35200	37020	36336	41113	
7064	0	35122	36884	36692	41184	
7065	0	35120	36840	37140	41360	
7066	0	35060	36736	37496	41476	
7067	0	35236	37056	37961	41485	
7068	0	35640	36921	38328	41444	
7069	0	35624	36874	38608	41456	
7070	0	35177	36793	39072	41430	
7071	0	35572	36509	39354	41448	
7072	0	35504	36154	39597	41450	
7073	0	35376	35945	39912	41424	
7074	0	35436	36124	40208	41452	
7075	0	35822	36956	40544	41394	
7076	0	35492	37832	40856	41212	
7077	0	36085	37892	41032	41244	
7078	0	35756	37220	41288	41065	
7079	0	35801	36730	41600	40984	
7080	0	35373	36329	41786	40937	
7081	0	35352	35257	42012	40876	
7082	0	34992	34802	42232	40744	
7083	0	34804	34572	42492	40676	
7084	0	35688	35376	42672	40468	
7085	0	35784	37297	42944	40386	
7086	0	36236	37677	43124	40320	
7087	0	36692	37720	43204	40152	
7088	0	36492	37200	43365	39984	
7089	0	36156	36580	43604	39884	
7090	0	36048	36548	43656	39732	
7091	0	36372	37058	43882	39649	
7092	0	36384	37666	43938	39544	
7093	0	36426	37940	44054	39353	
7094	0	37148	38456	44160	39224	
7095	0	36512	41068	44244	39088	
7096	0	36424	43488	44328	38972	
7097	0	37060	45752	44416	38840	
7098	0	37080	46356	44436	38656	
7099	0	37133	45692	44496	38552	
7100	0	37226	43924	44592	38372	
7101	0	35412	41689	44600	38232	
7102	0	34924	39232	44569	38080	
7103	0	35548	37417	44632	37921	
7104	0	34250	35796	44618	37768	
7105	0	34707	33712	44576	37624	
7106	0	33354	33552	44532	37476	
7107	0	31644	31244	44540	37332	
7108	0	32603	30264	44468	37186	
7109	0	33276	30410	44416	37064	
7110	0	31845	31241	44376	36924	
7111	0	29748	30065	44368	36810	
7112	0	31464	30817	44249	36733	
7113	0	31585	31272	44268	36613	
7114	0	31792	31976	44160	36536	
7115	0	32378	32620	44192	36472	
7116	0	32371	33344	44104	36440	
7117	0	32336	33981	44098	36396	
7118	0	32425	34232	44096	36402	
7119	0	32704	34496	44004	36356	
7120	0	33432	34704	44032	36370	
7121	0	33560	35132	43960	36400	
7122	0	34396	35288	43978	36417	
7123	0	34960	35610	43880	36448	
7124	0	35264	35981	43944	36466	
7125	0	35412	36176	43892	36521	
7126	0	35736	36472	43864	36552	
7127	0	35984	36792	43776	36592	
7128	0	35892	37272	43712	36642	
7129	0	35850	37672	43640	36696	
7130	0	36121	37525	43564	36718	
7131	0	37000	37984	43460	36740	
7132	0	37632	37761	43452	36749	
7133	0	37952	37984	43340	36762	
7134	0	38770	38640	43136	36768	
7135	0	38972	38609	42964	36752	
7136	0	39192	38540	42812	36708	
7137	0	39040	38700	42633	36676	
7138	0	39121	38548	42449	36609	
7139	0	38736	38556	42296	36529	
7140	0	38564	38512	42004	36472	
7141	0	37880	38500	41797	36389	
7142	0	37508	38265	41624	36284	
7143	0	36688	37688	41288	36144	
7144	0	36296	36800	41020	36017	
7145	0	35904	36177	40752	35900	
7146	0	35584	35962	40536	35773	
7147	0	34960	35817	40233	35608	
7148	0	34476	35952	39972	35444	
7149	0	34456	36328	39580	35313	
7150	0	34360	36296	39264	35096	
7151	0	34264	35941	38976	34960	
7152	0	34700	36129	38620	34755	
7153	0	34904	35924	38290	34604	
7154	0	34968	35656	37960	34409	
7155	0	34774	35712	37636	34236	
7156	0	34554	35972	37348	34037	
7157	0	34205	36064	36968	33857	
7158	0	44448	39372	36648	33709	
7159	0	30776	40080	36280	33565	
7160	0	35580	39104	35946	33313	
7161	0	37884	33242	35645	33140	
7162	0	35384	51068	35268	32956	
7163	0	30208	41232	34945	32744	
7164	0	34192	40696	34618	32584	
7165	0	31184	39032	34252	32384	
7166	0	35256	40741	33929	32177	
7167	0	33962	39024	33604	32041	
7168	0	30400	39584	33236	31829	
7169	0	42008	46416	32916	31668	
7170	0	30852	46916	32556	31497	
7171	0	34704	39948	32212	31360	
7172	0	36368	35116	31888	31200	
7173	0	36964	34680	31553	31020	
7174	0	36120	35137	31176	30826	
7175	0	35408	36233	30848	30644	
7176	0	35100	36168	30534	30508	
7177	0	35376	36640	30212	30360	
7178	0	35600	36488	29900	30308	
7179	0	35520	36637	29602	30108	
7180	0	35580	36844	29312	30064	
7181	0	35580	36888	29033	29884	
7182	0	35420	37036	28792	29798	
7183	0	35348	37276	28560	29692	
7184	0	35256	37084	28300	29682	
7185	0	35152	36832	28092	29537	
7186	0	35113	36692	27921	29465	
7187	0	35105	36560	27709	29410	
7188	0	35288	36506	27549	29400	
7189	0	35160	36928	27380	29312	
7190	0	35064	37116	27184	29353	
7191	0	34893	37234	27090	29300	
7192	0	35037	37208	26950	29181	
7193	0	34841	37284	26816	29144	
7194	0	34896	37340	26632	29152	
7195	0	34932	37432	26528	29118	
7196	0	35076	37354	26412	29088	
7197	0	34888	37220	26270	28980	
7198	0	34869	37192	26120	28938	
7199	0	34976	37242	26000	28856	
7200	0	35124	37320	25812	28828	
7201	0	35068	37188	25680	28720	
7202	0	35092	37300	25593	28708	
7203	0	34812	36716	25410	28538	
7204	0	35336	36960	25244	28506	
7205	0	35244	37296	25028	28328	
7206	0	35032	37332	24882	28247	
7207	0	35112	37290	24642	28108	
7208	0	35436	37084	24528	27962	
7209	0	35132	36830	24336	27836	
7210	0	35242	36400	24096	27704	
7211	0	35472	36045	23896	27540	
7212	0	35628	35936	23700	27401	
7213	0	35392	36000	23460	27248	
7214	0	35416	35996	23201	27149	
7215	0	36080	36210	23004	26924	
7216	0	35537	36492	22757	26796	
7217	0	35680	36528	22587	26641	
7218	0	35564	36576	22369	26472	
7219	0	35486	36500	22108	26336	
7220	0	35744	36356	21900	26205	
7221	0	35580	35812	21704	26061	
7222	0	35528	35412	21404	25900	
7223	0	36140	35904	21212	25808	
7224	0	35988	36485	21048	25604	
7225	0	36024	36560	20802	25477	
7226	0	36080	36644	20636	25369	
7227	0	36440	36944	20336	25260	
7228	0	36293	37080	20177	25064	
7229	0	36748	37144	20022	24996	
7230	0	36994	37448	19765	24876	
7231	0	36362	38092	19624	24828	
7232	0	36944	38928	19392	24669	
7233	0	36876	40796	19258	24592	
7234	0	36880	42984	19036	24423	
7235	0	37876	44768	18896	24384	
7236	0	37604	45744	18780	24302	
7237	0	38080	46140	18604	24184	
7238	0	37440	45280	18448	24161	
7239	0	36256	43432	18285	24144	
7240	0	34872	40748	18138	24064	
7241	0	35137	38068	18013	23990	
7242	0	34945	36572	17880	24012	
7243	0	35144	34885	17758	23936	
7244	0	33592	32290	17689	23956	
7245	0	32624	29195	17571	23904	
7246	0	31914	28481	17485	23918	
7247	0	33129	29492	17372	23872	
7248	0	30274	31276	17276	23920	
7249	0	29060	30769	17220	23908	
7250	0	29868	31324	17154	23944	
7251	0	30745	32024	17042	24060	
7252	0	30366	33072	16979	24184	
7253	0	30588	33484	16978	24258	
7254	0	31329	33562	17057	24442	
7255	0	31676	33812	17001	24558	
7256	0	32389	33980	17122	24780	
7257	0	32924	34201	17168	24986	
7258	0	33612	34452	17241	25201	
7259	0	34008	34753	17331	25468	
7260	0	34912	35000	17412	25692	
7261	0	35130	35093	17596	26084	
7262	0	35484	35336	17762	26408	
7263	0	35868	35485	17932	26716	
7264	0	35793	35878	18058	27064	
7265	0	35616	36200	18338	27488	
7266	0	35760	36828	18512	27820	
7267	0	35624	37332	18744	28168	
7268	0	35466	37177	19065	28632	
7269	0	35112	37386	19292	29040	
7270	0	35256	38176	19574	29422	
7271	0	35650	38332	19812	29810	
7272	0	36448	38676	20139	30208	
7273	0	37004	38744	20368	30578	
7274	0	37412	38116	20706	30968	
7275	0	37868	38048	21026	31328	
7276	0	38064	38044	21304	31680	
7277	0	38089	38100	21588	32040	
7278	0	38424	37897	21864	32324	
7279	0	38441	37968	22146	32588	
7280	0	38768	38012	22532	32952	
7281	0	38120	38280	22813	33170	
7282	0	37493	38456	23064	33498	
7283	0	37016	38843	23403	33755	
7284	0	36604	38748	23700	33997	
7285	0	35872	38776	23984	34200	
7286	0	35728	38760	24352	34400	
7287	0	35244	38628	24614	34552	
7288	0	35433	37992	24960	34772	
7289	0	35762	37236	25225	34946	
7290	0	36352	36292	25504	35108	
7291	0	36994	35864	25824	35242	
7292	0	36344	35360	26121	35376	
7293	0	37236	36092	26412	35520	
7294	0	36252	37176	26760	35624	
7295	0	35276	37545	27064	35769	
7296	0	34928	37244	27336	35808	
7297	0	34060	36468	27650	35936	
7298	0	34168	35861	27976	36080	
7299	0	34416	32472	28296	36128	
7300	0	35400	23312	28617	36265	
7301	0	33448	44320	28874	36404	
7302	0	35428	35968	29204	36472	
7303	0	30666	37632	29505	36552	
7304	0	34040	49233	29748	36677	
7305	0	28514	38664	30124	36760	
7306	0	33346	39568	30400	36904	
7307	0	37706	38984	30724	36928	
7308	0	36452	44124	31012	37084	
7309	0	35632	45544	31304	37188	
7310	0	28920	46441	31648	37304	
7311	0	34556	42356	31984	37420	
7312	0	35592	36168	32232	37544	
7313	0	36520	35269	32541	37672	
7314	0	37068	35522	32832	37792	
7315	0	36336	36280	33132	37972	
7316	0	35640	36744	33484	38130	
7317	0	35312	36544	33768	38181	
7318	0	35425	37066	34016	38305	
7319	0	35489	37252	34317	38448	
7320	0	35402	36768	34692	38592	
7321	0	35644	36292	35004	38792	
7322	0	35600	36364	35229	38900	
7323	0	35368	36544	35604	39064	
7324	0	35188	36644	35906	39217	
7325	0	35229	36752	36236	39401	
7326	0	35304	36628	36560	39556	
7327	0	35388	36364	36888	39856	
7328	0	35264	36490	37332	39868	
7329	0	35404	36532	37665	40106	
7330	0	35057	36680	38004	40360	
7331	0	35216	36785	38344	40496	
7332	0	35112	36860	38696	40664	
7333	0	35276	36652	39005	40692	
7334	0	34840	37049	39336	40932	
7335	0	34884	37100	39704	40912	
7336	0	35150	37120	40012	41008	
7337	0	34920	37452	40408	41240	
7338	0	35060	37528	40652	41200	
7339	0	35178	37556	41026	41384	
7340	0	35220	37649	41248	41436	
7341	0	35028	37448	41536	41348	
7342	0	35242	37580	41908	41461	
7343	0	35244	37330	42189	41376	
7344	0	35258	37104	42344	41501	
7345	0	35420	37224	42508	41462	
7346	0	35210	36748	42712	41320	
7347	0	35404	36840	42984	41296	
7348	0	35464	37092	43129	41217	
7349	0	35432	36924	43256	41220	
7350	0	35284	37000	43504	41104	
7351	0	35322	37009	43546	40992	
7352	0	35158	36984	43689	40880	
7353	0	35156	37008	43840	40828	
7354	0	35250	36820	43920	40741	
7355	0	35286	36976	44100	40578	
7356	0	35588	37012	44184	40520	
7357	0	35304	36944	44232	40408	
7358	0	35316	36776	44318	40224	
7359	0	35385	36952	44468	40112	
7360	0	35316	36978	44468	40065	
7361	0	35092	36904	44600	39934	
7362	0	35140	37141	44620	39856	
7363	0	35436	37264	44740	39709	
7364	0	35548	37153	44732	39625	
7365	0	35616	37363	44777	39496	
7366	0	35496	37400	44836	39400	
7367	0	35736	37620	44928	39280	
7368	0	35492	37744	44976	39196	
7369	0	35354	37912	44976	39072	
7370	0	35252	38712	45032	38968	
7371	0	35224	39301	45088	38882	
7372	0	35780	39616	45060	38784	
7373	0	36000	39672	45100	38684	
7374	0	35548	39672	45098	38601	
7375	0	35072	40068	45165	38496	
7376	0	35076	39848	45184	38400	
7377	0	35164	39904	45104	38298	
7378	0	35032	40224	45152	38184	
7379	0	34618	39884	45140	38112	
7380	0	35050	40104	45120	37988	
7381	0	36028	39948	45116	37904	
7382	0	37489	39660	45040	37796	
7383	0	37596	39240	45096	37712	
7384	0	38292	38376	44996	37624	
7385	0	37813	37484	45004	37512	
7386	0	37448	36672	45002	37420	
7387	0	36840	36680	44900	37364	
7388	0	35821	36440	44880	37241	
7389	0	35160	35492	44864	37164	
7390	0	35026	35365	44776	37065	
7391	0	34960	34428	44728	36997	
7392	0	35016	34152	44728	36884	
7393	0	34368	34016	44601	36788	
7394	0	34640	33940	44588	36716	
7395	0	34016	32938	44500	36600	
7396	0	32876	33904	44376	36480	
7397	0	31696	34261	44252	36404	
7398	0	30796	34944	44136	36268	
7399	0	31156	34721	44008	36140	
7400	0	31278	34800	43884	36000	
7401	0	31530	34689	43736	35873	
7402	0	31368	35108	43608	35706	
7403	0	31713	35288	43480	35608	
7404	0	32178	35212	43264	35408	
7405	0	32640	35312	43024	35249	
7406	0	32892	35544	42836	35122	
7407	0	32948	36012	42624	34977	
7408	0	33088	36372	42496	34808	
7409	0	33272	36776	42214	34608	
7410	0	33776	37168	42072	34464	
7411	0	34202	37508	41784	34316	
7412	0	34741	37856	41473	34160	
7413	0	35252	38053	41292	33976	
7414	0	35738	38361	41020	33840	
7415	0	36076	38665	40700	33640	
7416	0	36260	38913	40392	33488	
7417	0	36224	39160	40136	33336	
7418	0	36320	39512	39844	33164	
7419	0	36576	39632	39568	32996	
7420	0	36536	39532	39352	32854	
7421	0	36616	39712	39026	32676	
7422	0	36340	39734	38776	32524	
7423	0	35949	39856	38404	32364	
7424	0	35114	40008	38124	32194	
7425	0	34304	39969	37812	32028	
7426	0	33824	40264	37552	31868	
7427	0	32909	40704	37225	31704	
7428	0	31908	40752	36988	31552	
7429	0	30578	40272	36682	31380	
7430	0	29912	39737	36328	31208	
7431	0	29408	39292	36033	31052	
7432	0	29729	38848	35712	30896	
7433	0	30660	38432	35416	30716	
7434	0	33768	37181	35117	30580	
7435	0	33808	37060	34852	30394	
7436	0	32338	37632	34528	30237	
7437	0	30588	44413	34220	30080	
7438	0	31781	42490	33914	29940	
7439	0	38816	37404	33584	29757	
7440	0	40028	40322	33307	29604	
7441	0	29572	39484	32996	29482	
7442	0	33708	39378	32684	29316	
7443	0	35402	41896	32388	29176	
7444	0	33549	40156	32052	29020	
7445	0	34546	37840	31764	28896	
7446	0	35414	36800	31464	28768	
7447	0	35094	36748	31140	28600	
7448	0	35676	36121	30809	28458	
7449	0	35296	36784	30522	28336	
7450	0	35324	36964	30222	28192	
7451	0	35001	37040	29942	28068	
7452	0	35000	37221	29648	27933	
7453	0	34840	37400	29341	27812	
7454	0	34932	37348	29077	27712	
7455	0	34800	37208	28826	27552	
7456	0	35017	37024	28576	27457	
7457	0	35216	36800	28296	27298	
7458	0	35340	36764	28061	27220	
7459	0	35293	37093	27831	27048	
7460	0	34812	37148	27620	26920	
7461	0	34798	37404	27342	26796	
7462	0	34780	37280	27146	26672	
7463	0	34936	37180	26956	26561	
7464	0	34984	37242	26733	26424	
7465	0	35040	37224	26521	26332	
7466	0	35002	37148	26353	26146	
7467	0	34960	37184	26172	26024	
7468	0	34857	37168	25920	25880	
7469	0	34684	37040	25817	25766	
7470	0	34868	37088	25622	25600	
7471	0	35132	37140	25386	25520	
7472	0	35024	37120	25260	25321	
7473	0	35001	36836	25097	25184	
7474	0	35112	37120	24876	25108	
7475	0	34986	37112	24776	24936	
7476	0	35068	36652	24625	24780	
7477	0	35040	37216	24463	24612	
7478	0	34882	37804	24304	24488	
7479	0	35024	37228	24168	24402	
7480	0	34904	36978	23972	24268	
7481	0	34912	37272	23921	24074	
7482	0	35084	36697	23784	23958	
7483	0	34980	37377	23628	23832	
7484	0	34972	37434	23490	23720	
7485	0	34972	37052	23400	23569	
7486	0	35020	36888	23266	23460	
7487	0	35076	36836	23186	23388	
7488	0	35148	37385	23084	23233	
7489	0	35102	37196	22940	23112	
7490	0	34992	37211	22820	23020	
7491	0	35068	36794	22783	22955	
7492	0	35045	37184	22700	22837	
7493	0	34989	36800	22624	22745	
7494	0	34968	37322	22568	22697	
7495	0	35082	37220	22489	22594	
7496	0	35032	37008	22436	22561	
7497	0	35120	36806	22384	22466	
7498	0	35036	37064	22369	22398	
7499	0	34905	37152	22299	22370	
7500	0	34944	37625	22243	22309	
7501	0	35200	37716	22221	22320	
7502	0	35314	37980	22221	22265	
7503	0	35400	37848	22169	22222	
7504	0	35560	38312	22146	22224	
7505	0	35564	38684	22188	22216	
7506	0	35228	39704	22094	22196	
7507	0	36226	40244	22082	22240	
7508	0	35520	41740	22096	22198	
7509	0	36488	42540	22156	22209	
7510	0	36257	43004	22065	22204	
7511	0	35889	43316	22088	22240	
7512	0	35228	44024	22102	22252	
7513	0	34644	43864	22075	22320	
7514	0	34584	43040	22110	22354	
7515	0	34977	42064	22197	22368	
7516	0	35324	40972	22196	22384	
7517	0	35584	38737	22194	22470	
7518	0	35430	36896	22177	22484	
7519	0	37552	35656	22266	22592	
7520	0	36264	34272	22320	22592	
7521	0	35032	33096	22342	22708	
7522	0	34744	31720	22427	22762	
7523	0	34528	32320	22493	22868	
7524	0	33814	32406	22552	22984	
7525	0	32484	32588	22626	23104	
7526	0	33888	31584	22716	23204	
7527	0	33100	32033	22780	23404	
7528	0	30877	33596	22945	23492	
7529	0	30668	34032	23048	23636	
7530	0	30842	34349	23165	23852	
7531	0	31248	34136	23320	23952	
7532	0	31334	34232	23471	24124	
7533	0	31428	34004	23609	24353	
7534	0	31721	34122	23749	24492	
7535	0	31960	34128	23964	24680	
7536	0	32360	34412	24140	24869	
7537	0	32713	34816	24336	25056	
7538	0	33155	35216	24548	25244	
7539	0	33660	35600	24718	25444	
7540	0	33954	36052	24936	25660	
7541	0	34376	36372	25164	25897	
7542	0	34720	36868	25392	26120	
7543	0	34840	37288	25600	26264	
7544	0	34516	37792	25848	26476	
7545	0	34792	38256	26060	26670	
7546	0	34977	38736	26260	26888	
7547	0	35488	39018	26530	27094	
7548	0	36193	38832	26796	27308	
7549	0	36592	38561	26986	27510	
7550	0	36984	37941	27252	27728	
7551	0	36800	38104	27562	27884	
7552	0	36481	38120	27800	28082	
7553	0	36264	37852	28072	28308	
7554	0	35844	37672	28312	28480	
7555	0	35520	37512	28540	28658	
7556	0	35217	37544	28824	28936	
7557	0	34488	37480	29084	29098	
7558	0	33961	37484	29324	29336	
7559	0	33872	37084	29584	29468	
7560	0	33924	37324	29821	29641	
7561	0	34300	37298	30088	29908	
7562	0	34492	36924	30341	30044	
7563	0	35010	36684	30592	30244	
7564	0	34704	36437	30836	30444	
7565	0	34328	36428	31080	30632	
7566	0	34504	36592	31356	30850	
7567	0	34497	36312	31600	31032	
7568	0	34636	36112	31840	31260	
7569	0	34776	36144	32092	31469	
7570	0	34830	36374	32304	31680	
7571	0	34174	36548	32540	31876	
7572	0	33636	36842	32772	32060	
7573	0	33404	36980	33048	32325	
7574	0	33041	37744	33256	32488	
7575	0	33041	37256	33520	32762	
7576	0	33828	37052	33752	32912	
7577	0	34314	35904	33940	33156	
7578	0	38132	27352	34182	33352	
7579	0	34084	37032	34397	33461	
7580	0	35608	41418	34640	33765	
7581	0	40196	39164	34852	33956	
7582	0	36816	42013	35073	34124	
7583	0	27934	47188	35344	34320	
7584	0	29932	32844	35488	34520	
7585	0	41396	55784	35728	34752	
7586	0	25832	56172	35900	34852	
7587	0	30736	43668	36120	35073	
7588	0	33492	33125	36420	35264	
7589	0	36784	35202	36508	35448	
7590	0	36336	31292	36731	35696	
7591	0	37993	35340	36916	35848	
7592	0	35394	35696	37128	36100	
7593	0	33637	36908	37328	36345	
7594	0	35272	36869	37610	36480	
7595	0	35496	37292	37844	36796	
7596	0	35272	37553	38016	36944	
7597	0	35332	37220	38273	37140	
7598	0	35172	36936	38580	37412	
7599	0	35201	36756	38728	37682	
7600	0	35237	37072	39096	37820	
7601	0	34912	36932	39304	38080	
7602	0	35010	36768	39686	38386	
7603	0	34920	36792	39920	38616	
7604	0	34908	36716	40172	38845	
7605	0	34824	36844	40616	38977	
7606	0	34968	36834	40984	39201	
7607	0	34954	37020	41224	39473	
7608	0	34908	37140	41558	39768	
7609	0	34720	37232	41906	39864	
7610	0	34904	37137	42408	40088	
7611	0	35036	37168	42649	40352	
7612	0	34944	37281	43080	40484	
7613	0	34866	37484	43456	40728	
7614	0	34904	37444	43836	40830	
7615	0	34770	37392	44144	41056	
7616	0	34860	37209	44552	41136	
7617	0	35060	37038	44896	41308	
7618	0	34992	37184	45200	41360	
7619	0	34933	37396	45528	41504	
7620	0	34916	37624	45944	41600	
7621	0	34656	37744	46208	41600	
7622	0	35024	37592	46556	41672	
7623	0	35222	37544	46828	41704	
7624	0	35276	37401	47140	41708	
7625	0	35512	37328	47408	41720	
7626	0	35642	37044	47712	41736	
7627	0	35600	36832	47976	41716	
7628	0	35280	36448	48209	41657	
7629	0	35504	36236	48444	41628	
7630	0	35130	36192	48680	41572	
7631	0	34532	36048	48948	41501	
7632	0	35272	36000	49098	41424	
7633	0	36056	36372	49376	41328	
7634	0	35848	37388	49500	41240	
7635	0	36760	37520	49720	41169	
7636	0	35828	36792	49912	41036	
7637	0	35660	36460	50064	40952	
7638	0	35276	35968	50244	40833	
7639	0	35544	35478	50396	40698	
7640	0	35537	35408	50500	40580	
7641	0	35470	35401	50696	40472	
7642	0	35584	35018	50784	40320	
7643	0	35940	35329	50892	40232	
7644	0	36561	36800	51008	40080	
7645	0	36596	37936	51040	39944	
7646	0	37372	38448	51148	39866	
7647	0	37684	38928	51276	39716	
7648	0	36464	40058	51304	39552	
7649	0	35434	41508	51320	39484	
7650	0	36410	42394	51348	39336	
7651	0	36968	43556	51400	39260	
7652	0	37644	45349	51412	39044	
7653	0	38484	45256	51380	38962	
7654	0	38268	44804	51440	38806	
7655	0	37130	43312	51376	38734	
7656	0	35216	40720	51328	38561	
7657	0	34696	38384	51308	38452	
7658	0	34688	36452	51237	38308	
7659	0	35932	35136	51224	38201	
7660	0	33856	34405	51105	38044	
7661	0	33060	31885	51032	37962	
7662	0	31056	28075	50932	37845	
7663	0	31197	28866	50848	37744	
7664	0	33092	29868	50816	37728	
7665	0	28834	29608	50720	37568	
7666	0	29073	30448	50616	37508	
7667	0	30618	31552	50540	37393	
7668	0	30390	32741	50336	37366	
7669	0	30536	33426	50256	37378	
7670	0	31284	34224	50220	37329	
7671	0	31881	34328	50040	37256	
7672	0	32357	34456	49956	37252	
7673	0	32644	34561	49808	37252	
7674	0	33301	34616	49732	37297	
7675	0	33744	34860	49673	37256	
7676	0	34478	35154	49488	37340	
7677	0	34977	35304	49408	37272	
7678	0	35288	35452	49225	37341	
7679	0	35788	35712	49112	37298	
7680	0	36192	35384	48944	37260	
7681	0	36468	35800	48784	37416	
7682	0	36640	36548	48652	37368	
7683	0	36860	36676	48444	37408	
7684	0	36720	37276	48324	37344	
7685	0	36480	36908	48104	37292	
7686	0	37356	37816	47820	37309	
7687	0	37442	38196	47652	37297	
7688	0	38244	38484	47377	37226	
7689	0	38644	38872	47184	37168	
7690	0	39298	39256	46928	37064	
7691	0	39256	38484	46648	37050	
7692	0	39292	38130	46280	36920	
7693	0	39448	37680	46064	36792	
7694	0	39488	37428	45681	36664	
7695	0	38276	37008	45384	36516	
7696	0	38808	37620	45012	36400	
7697	0	38116	37608	44676	36248	
7698	0	37294	37298	44332	36084	
7699	0	36300	37130	43962	35928	
7700	0	35756	36748	43684	35736	
7701	0	36176	36676	43208	35552	
7702	0	36048	36296	42842	35384	
7703	0	35728	35868	42482	35160	
7704	0	35457	35985	42020	34953	
7705	0	35163	36290	41620	34765	
7706	0	34960	36800	41242	34552	
7707	0	35084	36972	40793	34352	
7708	0	35072	37104	40432	34120	
7709	0	34762	36645	39981	33924	
7710	0	34588	36676	39626	33697	
7711	0	34294	36644	39184	33472	
7712	0	40041	32200	38841	33270	
7713	0	32320	28476	38346	33056	
7714	0	34560	44660	37914	32832	
7715	0	38144	32144	37545	32610	
7716	0	34228	48656	37076	32424	
7717	0	29745	42544	36644	32184	
7718	0	24862	42636	36249	31984	
7719	0	30417	42932	35820	31778	
7720	0	39064	37908	35440	31571	
7721	0	42328	47548	34944	31414	
7722	0	23996	46744	34592	31224	
7723	0	32292	43904	34174	31068	
7724	0	36352	37164	33756	30832	
7725	0	36660	34784	33380	30692	
7726	0	36528	34517	32954	30560	
7727	0	36192	35772	32512	30377	
7728	0	35304	36548	32156	30248	
7729	0	34796	36464	31753	30116	
7730	0	35584	36938	31380	29974	
7731	0	35748	37264	31000	29888	
7732	0	35592	37104	30642	29710	
7733	0	35528	36858	30284	29612	
7734	0	35424	36936	29946	29520	
7735	0	35320	36836	29608	29440	
7736	0	35440	36936	29285	29377	
7737	0	35196	36904	28964	29384	
7738	0	35152	36892	28674	29304	
7739	0	35093	36776	28360	29304	
7740	0	35100	36792	28108	29274	
7741	0	35044	36897	27840	29212	
7742	0	35068	36944	27586	29176	
7743	0	35012	37128	27340	29172	
7744	0	34941	37149	27088	29168	
7745	0	34888	37220	26809	29234	
7746	0	34936	37152	26642	29229	
7747	0	34900	37044	26434	29256	
7748	0	34844	37081	26213	29203	
7749	0	35017	37024	26021	29240	
7750	0	35112	37148	25808	29221	
7751	0	35164	37276	25582	29200	
7752	0	35232	37328	25400	29190	
7753	0	35128	37310	25198	29170	
7754	0	35108	37524	24972	29180	
7755	0	35208	37261	24744	29105	
7756	0	35386	37053	24499	29064	
7757	0	35128	36970	24316	29012	
7758	0	35256	36740	24122	28960	
7759	0	35236	36864	23816	28877	
7760	0	35362	36976	23588	28816	
7761	0	35493	37200	23432	28706	
7762	0	35388	37221	23184	28632	
7763	0	35328	36632	22980	28544	
7764	0	35776	36036	22723	28400	
7765	0	34645	35976	22436	28298	
7766	0	35256	35324	22286	28204	
7767	0	35536	35708	22028	28057	
7768	0	36257	36789	21752	27904	
7769	0	35705	37537	21526	27787	
7770	0	35606	37360	21294	27700	
7771	0	36184	36592	21080	27572	
7772	0	35958	35837	20890	27465	
7773	0	35669	35880	20626	27328	
7774	0	35929	36108	20412	27205	
7775	0	36064	36252	20180	27096	
7776	0	36448	36732	19986	26972	
7777	0	36196	37145	19726	26868	
7778	0	36218	37280	19544	26764	
7779	0	36544	37724	19340	26677	
7780	0	36364	38020	19122	26584	
7781	0	36740	38386	18934	26440	
7782	0	36692	40136	18658	26390	
7783	0	36876	43028	18528	26324	
7784	0	37688	45320	18280	26146	
7785	0	37536	46100	18142	26136	
7786	0	37952	45764	17971	26107	
7787	0	37064	44272	17771	26048	
7788	0	35370	42104	17628	25941	
7789	0	35342	39964	17474	25968	
7790	0	34260	37584	17264	25910	
7791	0	34712	34564	17166	25904	
7792	0	34584	34376	17024	25865	
7793	0	31760	32584	16822	25848	
7794	0	31060	30500	16788	25890	
7795	0	32408	30514	16598	25952	
7796	0	33524	30472	16577	26068	
7797	0	29202	30320	16496	26177	
7798	0	29220	30692	16409	26180	
7799	0	31210	31030	16388	26325	
7800	0	31532	31740	16299	26473	
7801	0	32246	32179	16256	26585	
7802	0	31744	33100	16313	26950	
7803	0	32345	33860	16278	27196	
7804	0	32592	34040	16320	27389	
7805	0	33072	34304	16388	27736	
7806	0	33884	34256	16483	27930	
7807	0	34124	34972	16605	28400	
7808	0	34505	34944	16663	28736	
7809	0	35229	35186	16853	28941	
7810	0	35672	35580	17025	29488	
7811	0	35936	35977	17149	29732	
7812	0	36244	36260	17328	30116	
7813	0	36330	36600	17522	30716	
7814	0	36368	36928	17776	31064	
7815	0	35804	37228	17964	31524	
7816	0	36240	38040	18204	31860	
7817	0	36418	37552	18422	32178	
7818	0	36748	38072	18672	32760	
7819	0	37520	38649	18916	33160	
7820	0	38032	38976	19188	33544	
7821	0	38480	38386	19377	33898	
7822	0	38674	38898	19662	34064	
7823	0	39272	38928	19922	34560	
7824	0	39216	38356	20138	34896	
7825	0	38724	37952	20384	35224	
7826	0	38868	37794	20665	35480	
7827	0	38108	37420	20870	35712	
7828	0	37682	37324	21169	35938	
7829	0	36812	36846	21412	36188	
7830	0	36368	36896	21672	36432	
7831	0	36280	36556	21874	36560	
7832	0	36312	36876	22146	36752	
7833	0	35860	36184	22356	36960	
7834	0	36312	35838	22654	37096	
7835	0	36408	35488	22892	37192	
7836	0	35840	35138	23137	37320	
7837	0	34956	35130	23356	37428	
7838	0	34080	35620	23533	37532	
7839	0	33766	35726	23816	37628	
7840	0	33660	36400	24032	37700	
7841	0	33798	36532	24282	37790	
7842	0	34000	36468	24524	37764	
7843	0	44832	32184	24784	37885	
7844	0	32704	38124	24997	37880	
7845	0	41440	35580	25265	37964	
7846	0	35656	47632	25484	38004	
7847	0	31404	44724	25618	38016	
7848	0	27093	42528	25928	38004	
7849	0	29558	39284	26189	37932	
7850	0	40697	38352	26419	38020	
7851	0	36860	39968	26620	38028	
7852	0	42192	52584	26817	37997	
7853	0	24200	49962	27092	37960	
7854	0	35294	39972	27308	37956	
7855	0	38036	33789	27585	37888	
7856	0	38061	33420	27816	37968	
7857	0	36440	35304	28028	37921	
7858	0	35313	36116	28274	37884	
7859	0	34856	35344	28505	37913	
7860	0	35504	35340	28744	37960	
7861	0	35756	36641	29000	38004	
7862	0	36068	37252	29248	38056	
7863	0	35976	37468	29497	38088	
7864	0	35512	37133	29765	38144	
7865	0	36184	36996	30074	38128	
7866	0	35894	36732	30368	38284	
7867	0	35676	36728	30676	38317	
7868	0	35440	36548	31000	38400	
7869	0	35284	36448	31316	38594	
7870	0	35060	36410	31652	38632	
7871	0	35060	36344	32012	38808	
7872	0	35114	36482	32376	38932	
7873	0	35093	36872	32734	39104	
7874	0	35400	37092	33138	39230	
7875	0	35416	37340	33506	39348	
7876	0	35216	37224	33952	39661	
7877	0	35196	37152	34368	39800	
7878	0	34896	37088	34776	39972	
7879	0	34776	36992	35097	40084	
7880	0	35076	36776	35600	40276	
7881	0	35138	36688	35920	40460	
7882	0	35434	36664	36309	40485	
7883	0	35445	36721	36744	40644	
7884	0	35332	36992	37089	40793	
7885	0	35264	37166	37436	40920	
7886	0	35376	37196	37902	41040	
7887	0	35688	37088	38228	41184	
7888	0	35920	37012	38544	41300	
7889	0	35856	36832	38916	41392	
7890	0	35712	36472	39210	41400	
7891	0	35594	36484	39493	41488	
7892	0	34936	36145	39818	41464	
7893	0	35116	36012	40092	41488	
7894	0	36145	35645	40212	41600	
7895	0	36276	35770	40464	41522	
7896	0	35976	36040	40696	41437	
7897	0	35748	36164	40908	41508	
7898	0	35170	35808	41264	41456	
7899	0	35292	35290	41344	41396	
7900	0	34977	35168	41676	41400	
7901	0	35226	35804	41752	41360	
7902	0	35988	36720	41900	41408	
7903	0	36885	37600	42198	41384	
7904	0	37116	38312	42224	41224	
7905	0	36368	37556	42376	41284	
7906	0	36528	36492	42528	41116	
7907	0	36402	36304	42792	41072	
7908	0	36065	37040	42818	41012	
7909	0	36230	37812	42976	41048	
7910	0	36768	38525	43064	41008	
7911	0	37101	41681	43161	40845	
7912	0	37820	44048	43284	40868	
7913	0	37965	46080	43364	40704	
7914	0	37842	46864	43468	40654	
7915	0	37344	46002	43512	40536	
7916	0	36216	44649	43640	40504	
7917	0	34500	41900	43640	40436	
7918	0	34529	39212	43752	40360	
7919	0	34288	36340	43832	40192	
7920	0	35080	34280	43808	40096	
7921	0	34812	34140	43832	40064	
7922	0	33456	32616	43866	39908	
7923	0	30704	31356	43888	39876	
7924	0	31254	30592	43897	39770	
7925	0	32610	30290	44004	39692	
7926	0	32016	30040	43968	39637	
7927	0	29976	30164	44008	39528	
7928	0	31056	29845	44000	39466	
7929	0	31693	30544	44088	39484	
7930	0	32570	31309	44132	39428	
7931	0	31800	32309	44172	39456	
7932	0	32040	33121	44136	39476	
7933	0	32156	33850	44253	39473	
7934	0	33472	34136	44296	39552	
7935	0	33110	34704	44316	39578	
7936	0	33224	35094	44422	39688	
7937	0	33912	35400	44460	39746	
7938	0	34256	35624	44520	39836	
7939	0	34701	35925	44512	40004	
7940	0	35294	36138	44596	40104	
7941	0	35432	36341	44597	40132	
7942	0	35392	36824	44624	40280	
7943	0	35406	36900	44640	40346	
7944	0	35636	37428	44648	40408	
7945	0	35633	37396	44656	40488	
7946	0	35532	37740	44680	40580	
7947	0	35669	37853	44612	40652	
7948	0	36200	37868	44620	40688	
7949	0	36716	37888	44484	40676	
7950	0	37792	38492	44364	40681	
7951	0	38568	38720	44256	40756	
7952	0	39072	38412	44130	40712	
7953	0	39686	38510	43968	40636	
7954	0	39992	38128	43764	40616	
7955	0	39472	37788	43540	40480	
7956	0	39504	37700	43396	40352	
7957	0	38410	37696	43160	40216	
7958	0	36612	37624	42828	40112	
7959	0	36268	37904	42560	40004	
7960	0	35680	37700	42192	39744	
7961	0	35712	37553	41952	39616	
7962	0	35608	37224	41576	39353	
7963	0	35292	36688	41256	39106	
7964	0	35593	36440	40824	38980	
7965	0	35340	35948	40473	38748	
7966	0	35132	35369	40148	38476	
7967	0	34920	35445	39721	38145	
7968	0	34652	35590	39456	37992	
7969	0	34660	36192	38972	37665	
7970	0	34488	36460	38540	37448	
7971	0	34312	36660	38130	37120	
7972	0	34365	36584	37704	36824	
7973	0	34299	36112	37276	36648	
7974	0	34228	35682	36840	36344	
7975	0	39002	31788	36416	35964	
7976	0	36646	24888	36024	35692	
7977	0	37260	40572	35552	35473	
7978	0	30176	40160	35080	35136	
7979	0	36644	46540	34694	34892	
7980	0	28680	37128	34209	34612	
7981	0	29325	40232	33744	34336	
7982	0	30212	38332	33282	34056	
7983	0	50140	40396	32840	33793	
7984	0	19804	54976	32314	33428	
7985	0	30772	55912	31849	33256	
7986	0	34400	41364	31456	32882	
7987	0	35188	30268	30966	32718	
7988	0	36776	35016	30496	32372	
7989	0	39784	32937	30072	32130	
7990	0	35073	32576	29564	31880	
7991	0	33504	35376	29121	31644	
7992	0	35178	35696	28668	31416	
7993	0	36000	36068	28248	31190	
7994	0	35976	37648	27764	31048	
7995	0	35776	38172	27402	30861	
7996	0	35625	37088	26950	30634	
7997	0	36072	36696	26632	30509	
7998	0	35664	36644	26289	30356	
7999	0	35456	36834	25932	30192	
8000	0	35436	36854	25597	30028	
8001	0	35196	36770	25350	29932	
8002	0	35040	36664	25080	29834	
8003	0	34912	36640	24803	29744	
8004	0	35272	36900	24562	29704	
8005	0	35304	36840	24344	29641	
8006	0	34954	37110	24170	29544	
8007	0	34968	37144	23964	29509	
8008	0	34964	37162	23765	29460	
8009	0	35112	37146	23662	29464	
8010	0	35164	36961	23496	29392	
8011	0	34844	36908	23296	29406	
8012	0	35132	37120	23179	29336	
8013	0	34704	37072	23081	29257	
8014	0	35172	36652	22998	29214	
8015	0	35124	36828	22902	29176	
8016	0	35258	36854	22696	29065	
8017	0	35044	37280	22665	29024	
8018	0	35336	37504	22484	28894	
8019	0	35476	37281	22422	28776	
8020	0	35520	37480	22269	28668	
8021	0	35433	37404	22176	28578	
8022	0	35438	37076	22069	28376	
8023	0	35620	36704	21961	28192	
8024	0	35533	36304	21793	28050	
8025	0	35156	35544	21700	27868	
8026	0	35668	35258	21576	27705	
8027	0	35217	35800	21344	27476	
8028	0	36398	37152	21284	27260	
8029	0	36090	37602	21151	27033	
8030	0	35702	37872	20997	26828	
8031	0	35676	37652	20864	26604	
8032	0	35792	36988	20718	26358	
8033	0	35640	36229	20526	26160	
8034	0	35260	35572	20402	25942	
8035	0	34720	34140	20326	25660	
8036	0	34896	32864	20120	25466	
8037	0	35772	32600	20020	25257	
8038	0	36296	35420	19917	24976	
8039	0	37138	39556	19728	24793	
8040	0	36280	40804	19582	24570	
8041	0	37216	39588	19518	24368	
8042	0	37704	39072	19352	24176	
8043	0	36376	39196	19240	24041	
8044	0	36372	39376	19161	23816	
8045	0	36290	40065	19033	23588	
8046	0	37392	40778	18916	23378	
8047	0	37634	42112	18894	23213	
8048	0	37866	43296	18809	23074	
8049	0	36836	44326	18616	22835	
8050	0	36413	44180	18592	22712	
8051	0	35912	43181	18468	22626	
8052	0	34824	41016	18360	22400	
8053	0	34644	38260	18337	22236	
8054	0	35153	36706	18246	22123	
8055	0	35784	35297	18184	21908	
8056	0	33264	34232	18116	21796	
8057	0	32984	31996	18052	21666	
8058	0	31584	28436	18017	21542	
8059	0	32936	28492	17944	21536	
8060	0	33488	29656	17865	21400	
8061	0	30938	31314	17775	21300	
8062	0	29804	30701	17832	21284	
8063	0	31264	31632	17816	21280	
8064	0	31480	32410	17784	21282	
8065	0	31180	33265	17798	21288	
8066	0	31588	33736	17760	21370	
8067	0	32161	34070	17882	21450	
8068	0	32525	34408	17956	21570	
8069	0	32952	34680	18024	21740	
8070	0	33440	34876	18088	21896	
8071	0	34080	35072	18248	22201	
8072	0	34540	35336	18385	22410	
8073	0	35128	35296	18508	22674	
8074	0	35429	35296	18692	23020	
8075	0	35816	35324	18901	23330	
8076	0	36332	35853	19117	23650	
8077	0	36724	36108	19383	23989	
8078	0	36888	36284	19609	24374	
8079	0	37192	36065	19860	24796	
8080	0	37129	36602	20048	25170	
8081	0	37060	36970	20354	25580	
8082	0	36700	36792	20598	26033	
8083	0	37064	37216	20849	26344	
8084	0	37384	37514	21132	26761	
8085	0	37822	37600	21409	27158	
8086	0	38596	37868	21684	27528	
8087	0	38749	37644	21962	27897	
8088	0	39008	38216	22202	28274	
8089	0	38944	37983	22466	28585	
8090	0	38850	38180	22712	28956	
8091	0	38301	37924	22955	29286	
8092	0	37820	37972	23240	29586	
8093	0	37472	37876	23476	29876	
8094	0	36880	37833	23724	30172	
8095	0	36072	37148	23908	30472	
8096	0	36328	37692	24140	30720	
8097	0	36008	37361	24434	30976	
8098	0	35372	37120	24660	31172	
8099	0	35092	37268	24892	31433	
8100	0	34832	36680	25040	31628	
8101	0	34992	36460	25345	31888	
8102	0	35652	35944	25560	32048	
8103	0	35892	35778	25808	32234	
8104	0	36276	35680	26048	32400	
8105	0	36286	36132	26273	32580	
8106	0	36084	36402	26514	32716	
8107	0	35376	36456	26677	32874	
8108	0	34893	36696	26972	33026	
8109	0	34309	37073	27220	33192	
8110	0	33792	36864	27457	33353	
8111	0	33468	36456	27680	33436	
8112	0	32809	36492	27936	33570	
8113	0	37736	36276	28171	33666	
8114	0	33292	30610	28428	33792	
8115	0	34000	44566	28591	33964	
8116	0	36728	31184	28900	34030	
8117	0	34656	43644	29136	34084	
8118	0	38116	37984	29400	34202	
8119	0	29124	43156	29568	34328	
8120	0	29204	39672	29877	34354	
8121	0	43600	34208	30144	34504	
8122	0	44468	44992	30334	34580	
8123	0	33072	47532	30552	34681	
8124	0	26717	51984	30782	34653	
8125	0	34068	47652	31074	34760	
8126	0	35472	35312	31307	34788	
8127	0	35617	34036	31516	34900	
8128	0	38276	33156	31756	35044	
8129	0	37396	33406	31980	35008	
8130	0	35528	35124	32209	35064	
8131	0	34453	35949	32483	35136	
8132	0	35580	35924	32720	35225	
8133	0	36208	35840	32924	35420	
8134	0	35874	36732	33152	35472	
8135	0	35904	37253	33400	35512	
8136	0	35652	37496	33696	35580	
8137	0	35608	37232	33928	35710	
8138	0	35454	36961	34208	35828	
8139	0	35497	36586	34548	35968	
8140	0	35652	36448	34798	36116	
8141	0	35408	36304	35184	36288	
8142	0	35516	36340	35520	36393	
8143	0	35364	36520	35748	36682	
8144	0	35152	36776	36132	36784	
8145	0	35156	36728	36536	36976	
8146	0	35072	36738	36792	37104	
8147	0	35308	36544	37204	37229	
8148	0	35496	36636	37584	37501	
8149	0	35496	37152	37864	37576	
8150	0	35428	37660	38228	37789	
8151	0	35012	37808	38648	37956	
8152	0	35466	37524	39024	38064	
8153	0	35469	37101	39345	38200	
8154	0	35408	36800	39632	38332	
8155	0	35479	36744	39940	38490	
8156	0	35520	36732	40340	38596	
8157	0	35436	36488	40696	38760	
8158	0	35208	36520	40860	38726	
8159	0	35576	36516	41120	38884	
8160	0	35841	37144	41380	38852	
8161	0	35381	37416	41744	38904	
8162	0	35906	37181	41872	39004	
8163	0	35768	36848	42132	38948	
8164	0	35808	36308	42312	38960	
8165	0	35748	35995	42518	38976	
8166	0	35620	36032	42716	39000	
8167	0	35605	35960	42884	38928	
8168	0	35204	35816	43058	38892	
8169	0	35232	35624	43248	38826	
8170	0	36004	35677	43476	38832	
8171	0	36468	36700	43620	38726	
8172	0	36420	37320	43720	38684	
8173	0	36040	37200	43816	38588	
8174	0	35822	36273	43962	38508	
8175	0	35856	35634	44088	38433	
8176	0	35880	35260	44144	38346	
8177	0	35856	35808	44228	38274	
8178	0	36196	36129	44386	38180	
8179	0	36176	36193	44461	38073	
8180	0	36604	36464	44512	37984	
8181	0	36952	37280	44652	37904	
8182	0	36808	37564	44712	37792	
8183	0	37352	37920	44808	37696	
8184	0	36616	39076	44800	37604	
8185	0	36416	39836	44864	37493	
8186	0	37089	40668	45000	37404	
8187	0	37840	41968	45032	37276	
8188	0	38148	43536	45032	37184	
8189	0	38616	44765	45096	37112	
8190	0	38932	45544	45130	36976	
8191	0	37776	44696	45212	36880	
8192	0	36842	43040	45184	36752	
8193	0	36816	40008	45234	36684	
8194	0	36492	37425	45248	36560	
8195	0	36802	35536	45194	36405	
8196	0	36938	33890	45236	36280	
8197	0	35908	32501	45232	36212	
8198	0	33730	31201	45152	36040	
8199	0	33348	29036	45106	35992	
8200	0	33157	29500	45088	35836	
8201	0	32368	29744	45032	35784	
8202	0	30377	31264	44992	35744	
8203	0	30052	31596	44988	35740	
8204	0	30580	32529	44968	35688	
8205	0	31132	32993	44870	35672	
8206	0	31161	33056	44872	35693	
8207	0	32180	32928	44784	35732	
8208	0	32508	32876	44745	35817	
8209	0	32664	33184	44693	35872	
8210	0	33368	33269	44632	35936	
8211	0	33464	34042	44592	36024	
8212	0	33516	35044	44572	36177	
8213	0	33261	35768	44480	36289	
8214	0	33478	36652	44458	36448	
8215	0	33226	37168	44340	36596	
8216	0	32926	37708	44296	36764	
8217	0	32704	38185	44256	36924	
8218	0	32697	38576	44068	37056	
8219	0	32816	38905	44016	37192	
8220	0	32692	39244	43810	37308	
8221	0	32721	39360	43672	37434	
8222	0	33156	39169	43481	37521	
8223	0	33277	39832	43296	37592	
8224	0	32902	39440	43108	37661	
8225	0	33156	40128	42864	37670	
8226	0	33444	40392	42696	37680	
8227	0	33768	40761	42508	37712	
8228	0	34124	40908	42122	37660	
8229	0	34656	41328	41820	37624	
8230	0	35232	41680	41596	37496	
8231	0	35160	41356	41316	37400	
8232	0	35724	42308	40868	37260	
8233	0	36146	42134	40601	37101	
8234	0	36132	41712	40236	36928	
8235	0	36204	41224	39820	36805	
8236	0	35908	40586	39520	36576	
8237	0	35556	39976	39104	36309	
8238	0	35504	39552	38732	36096	
8239	0	35492	38700	38344	35940	
8240	0	35608	38482	38016	35620	
8241	0	35298	38064	37569	35430	
8242	0	34944	37364	37178	35084	
8243	0	34880	36844	36794	34889	
8244	0	35240	36508	36460	34529	
8245	0	35730	36560	36104	34258	
8246	0	36256	36740	35634	33992	
8247	0	36304	36594	35336	33762	
8248	0	40776	38240	34888	33448	
8249	0	36114	34892	34528	33162	
8250	0	36072	41664	34149	32892	
8251	0	34136	40780	33776	32596	
8252	0	31706	39034	33412	32308	
8253	0	33817	36732	33012	32032	
8254	0	40112	31076	32662	31682	
8255	0	41644	38428	32304	31456	
8256	0	36818	43164	31916	31090	
8257	0	32861	39296	31584	30816	
8258	0	35924	37140	31234	30552	
8259	0	34868	37889	30896	30217	
8260	0	35297	37156	30540	29997	
8261	0	34536	36616	30204	29644	
8262	0	34853	37100	29864	29438	
8263	0	34876	36984	29553	29136	
8264	0	34825	37032	29229	28852	
8265	0	34656	36920	28900	28632	
8266	0	34744	37178	28622	28427	
8267	0	34392	37260	28336	28137	
8268	0	34497	37448	28060	27944	
8269	0	34566	37316	27768	27698	
8270	0	34740	37336	27489	27524	
8271	0	34716	37170	27252	27288	
8272	0	34644	37117	27001	27180	
8273	0	34746	37240	26828	26920	
8274	0	34664	37177	26588	26742	
8275	0	34664	37340	26428	26608	
8276	0	34688	37380	26164	26374	
8277	0	34712	37516	26034	26201	
8278	0	34729	37346	25896	26044	
8279	0	34797	37320	25700	25896	
8280	0	34800	37240	25552	25660	
8281	0	34800	37205	25408	25484	
8282	0	34817	37320	25262	25288	
8283	0	34924	37300	25149	25146	
8284	0	34658	37432	25050	24905	
8285	0	34848	37144	24950	24716	
8286	0	34732	37016	24844	24544	
8287	0	34877	37192	24764	24292	
8288	0	34884	37056	24632	24085	
8289	0	34852	37088	24546	23868	
8290	0	34738	36716	24474	23656	
8291	0	35096	37904	24429	23480	
8292	0	34700	36656	24360	23224	
8293	0	34964	37236	24280	23044	
8294	0	34489	36665	24256	22812	
8295	0	34936	37466	24205	22614	
8296	0	34928	37112	24124	22396	
8297	0	34904	37100	24105	22211	
8298	0	35076	37368	24040	22030	
8299	0	34632	36672	23952	21816	
8300	0	34944	37344	24004	21637	
8301	0	35068	37024	23904	21448	
8302	0	34884	37456	23912	21268	
8303	0	35008	37185	23886	21102	
8304	0	34881	37332	23912	20932	
8305	0	34976	37228	23841	20774	
8306	0	35104	37000	23836	20618	
8307	0	35068	36992	23820	20477	
8308	0	35168	36908	23828	20333	
8309	0	34922	37241	23774	20192	
8310	0	35225	37378	23797	20068	
8311	0	35020	37442	23772	19952	
8312	0	35180	37288	23748	19842	
8313	0	35114	37210	23744	19741	
8314	0	35372	37012	23732	19644	
8315	0	35328	36972	23708	19554	
8316	0	35280	36936	23663	19482	
8317	0	35360	37078	23632	19418	
8318	0	35576	36952	23650	19357	
8319	0	35544	37072	23640	19312	
8320	0	35600	37028	23581	19280	
8321	0	35560	37048	23564	19252	
8322	0	35424	37056	23568	19231	
8323	0	35469	37140	23520	19248	
8324	0	35516	36940	23514	19242	
8325	0	35384	36988	23446	19272	
8326	0	35696	36778	23456	19288	
8327	0	35606	36736	23394	19328	
8328	0	35640	36300	23432	19374	
8329	0	35556	37414	23404	19432	
8330	0	35552	37076	23381	19502	
8331	0	35808	37208	23333	19577	
8332	0	35984	37264	23352	19662	
8333	0	36092	37516	23308	19761	
8334	0	35988	37472	23284	19868	
8335	0	35905	37770	23280	19978	
8336	0	35864	37981	23274	20116	
8337	0	35560	38016	23244	20256	
8338	0	35756	38808	23304	20396	
8339	0	36376	39008	23236	20551	
8340	0	36298	39168	23288	20708	
8341	0	35746	39370	23296	20876	
8342	0	35258	39920	23360	21041	
8343	0	35264	40136	23388	21245	
8344	0	34420	40396	23394	21426	
8345	0	33876	40472	23418	21629	
8346	0	33832	40340	23524	21842	
8347	0	34712	40408	23552	22083	
8348	0	35325	39985	23638	22300	
8349	0	36500	39068	23694	22552	
8350	0	37604	37844	23749	22833	
8351	0	37808	38008	23920	23116	
8352	0	38368	37802	23936	23402	
8353	0	36496	37736	24097	23712	
8354	0	34800	37268	24245	24004	
8355	0	35224	36212	24428	24331	
8356	0	34904	36372	24524	24693	
8357	0	34532	35204	24721	25022	
8358	0	35962	35448	24898	25412	
8359	0	35832	34772	25116	25744	
8360	0	36400	29770	25336	26112	
8361	0	34433	34408	25520	26480	
8362	0	32258	33852	25728	26900	
8363	0	31008	34348	25934	27229	
8364	0	30289	34152	26140	27620	
8365	0	30752	34188	26378	27956	
8366	0	30836	34365	26593	28400	
8367	0	31026	34360	26808	28754	
8368	0	30592	34800	27034	29053	
8369	0	31458	35056	27249	29393	
8370	0	31646	35272	27492	29816	
8371	0	31598	35524	27712	30068	
8372	0	31758	35658	27940	30400	
8373	0	32148	35796	28144	30722	
8374	0	32312	35960	28389	31033	
8375	0	32681	35988	28605	31356	
8376	0	33249	35872	28813	31676	
8377	0	33805	36246	29029	32028	
8378	0	34400	36584	29242	32368	
8379	0	34833	36810	29468	32600	
8380	0	35060	36896	29668	32852	
8381	0	35712	37296	29884	33148	
8382	0	35985	37500	30100	33477	
8383	0	36230	37661	30309	33712	
8384	0	35804	37061	30505	34032	
8385	0	35817	37912	30700	34324	
8386	0	35762	37892	30904	34516	
8387	0	35768	37948	31085	34872	
8388	0	35880	38060	31292	35116	
8389	0	36128	37928	31468	35420	
8390	0	36320	38378	31660	35572	
8391	0	36320	37940	31841	35808	
8392	0	36252	37552	32026	36146	
8393	0	35880	37216	32208	36368	
8394	0	35385	36426	32408	36580	
8395	0	34875	36128	32592	36722	
8396	0	34657	36000	32736	36905	
8397	0	34736	36104	32938	37133	
8398	0	34812	35888	33133	37308	
8399	0	36104	35868	33297	37512	
8400	0	36300	35560	33465	37704	
8401	0	36376	35485	33644	37964	
8402	0	36660	35424	33832	37998	
8403	0	36168	35676	34074	38296	
8404	0	35488	36098	34196	38361	
8405	0	35204	36540	34364	38560	
8406	0	34756	36592	34548	38676	
8407	0	34584	36539	34784	38760	
8408	0	34488	36736	34960	38812	
8409	0	34104	36740	35120	38908	
8410	0	33180	36849	35346	39020	
8411	0	39076	30260	35605	39126	
8412	0	30252	41664	35737	39084	
8413	0	44594	32932	35912	39236	
8414	0	34096	45056	36140	39317	
8415	0	35860	42440	36288	39196	
8416	0	29252	41976	36472	39308	
8417	0	28488	46466	36672	39237	
8418	0	28810	38038	36856	39205	
8419	0	52124	38986	37088	39280	
8420	0	35618	44716	37241	39320	
8421	0	19444	46048	37440	39200	
8422	0	31024	50104	37677	39278	
8423	0	37905	40660	37840	39208	
8424	0	37525	36032	38068	39132	
8425	0	36480	34808	38268	39150	
8426	0	36296	35123	38344	39012	
8427	0	35072	35268	38556	39092	
8428	0	34977	35168	38744	39009	
8429	0	35560	35724	38948	38992	
8430	0	35986	36488	39185	39104	
8431	0	35494	37036	39368	39069	
8432	0	35360	37484	39716	39048	
8433	0	35406	37440	39932	39112	
8434	0	35792	37037	40172	39208	
8435	0	35488	36976	40344	39292	
8436	0	35232	36840	40644	39380	
8437	0	35032	36716	40912	39469	
8438	0	35156	36392	41216	39596	
8439	0	35002	36328	41532	39812	
8440	0	34912	36400	41873	39908	
8441	0	34892	36400	42216	40064	
8442	0	35044	36652	42652	40265	
8443	0	34984	36832	43028	40489	
8444	0	35125	36976	43354	40684	
8445	0	35152	37156	43736	40912	
8446	0	34992	37226	44052	41024	
8447	0	35044	37320	44420	41248	
8448	0	34904	37332	44816	41464	
8449	0	34876	37274	45196	41681	
8450	0	34936	37372	45636	41820	
8451	0	34968	37427	46024	42048	
8452	0	34960	37408	46360	42184	
8453	0	34988	37284	46800	42316	
8454	0	35017	37260	47128	42480	
8455	0	34945	37228	47516	42608	
8456	0	34954	37277	47872	42708	
8457	0	35036	37313	48212	42804	
8458	0	35034	37336	48560	42888	
8459	0	35041	37342	48917	42952	
8460	0	35040	37288	49240	42968	
8461	0	35018	37226	49569	42992	
8462	0	34984	37201	49948	43044	
8463	0	35206	37157	50176	43033	
8464	0	35084	37068	50480	43024	
8465	0	35120	37284	50872	42985	
8466	0	35296	36788	51073	42944	
8467	0	35036	36944	51440	42894	
8468	0	35272	36737	51712	42820	
8469	0	35337	36537	51924	42732	
8470	0	35394	36512	52292	42636	
8471	0	35200	36588	52492	42580	
8472	0	35376	36616	52756	42428	
8473	0	35716	36840	53016	42396	
8474	0	35056	37329	53234	42204	
8475	0	35434	37352	53536	42072	
8476	0	36050	36068	53736	42000	
8477	0	35680	35660	53968	41772	
8478	0	35928	35653	54148	41648	
8479	0	35648	35901	54360	41576	
8480	0	35748	36172	54544	41304	
8481	0	36080	36225	54756	41168	
8482	0	36032	36572	54912	40992	
8483	0	36208	37304	55072	40912	
8484	0	36388	37188	55196	40624	
8485	0	36365	36901	55364	40460	
8486	0	36016	36609	55460	40272	
8487	0	35992	36864	55584	40065	
8488	0	36572	37746	55716	39789	
8489	0	36968	38908	55712	39633	
8490	0	36590	40236	55804	39352	
8491	0	36440	42648	55824	39270	
8492	0	37748	44424	55840	39024	
8493	0	37738	46354	55892	38788	
8494	0	37888	46644	55876	38612	
8495	0	37544	45708	55880	38296	
8496	0	36200	43724	55873	38128	
8497	0	35084	41564	55872	37905	
8498	0	35073	37964	55776	37556	
8499	0	35730	36236	55736	37384	
8500	0	34384	34856	55620	37108	
8501	0	33840	32536	55488	36866	
8502	0	33956	33132	55440	36704	
8503	0	31496	31788	55308	36416	
8504	0	31566	29444	55256	36116	
8505	0	31568	28924	55072	35774	
8506	0	32100	29656	54954	35628	
8507	0	31072	30422	54828	35436	
8508	0	31248	29560	54756	35264	
8509	0	31397	30732	54624	35064	
8510	0	31464	31520	54528	34781	
8511	0	31334	32452	54362	34680	
8512	0	31495	33360	54240	34624	
8513	0	31829	34020	54116	34308	
8514	0	32314	34214	53988	34192	
8515	0	32520	34404	53880	34178	
8516	0	33468	34468	53748	34217	
8517	0	34160	34884	53672	34064	
8518	0	34146	35052	53532	34034	
8519	0	34672	35020	53460	34036	
8520	0	35266	35161	53248	33880	
8521	0	34560	35756	53148	34028	
8522	0	34332	36896	53064	33992	
8523	0	33825	38124	52904	33929	
8524	0	33520	38716	52712	33920	
8525	0	33193	39704	52601	33944	
8526	0	33104	39772	52360	33980	
8527	0	33624	39024	52224	33824	
8528	0	35344	39160	51969	33948	
8529	0	36944	38258	51768	33744	
8530	0	38594	39052	51560	33857	
8531	0	39516	39228	51320	33780	
8532	0	38992	39024	51044	33728	
8533	0	38476	39144	50732	33596	
8534	0	37844	39372	50480	33517	
8535	0	37672	39384	50064	33416	
8536	0	36396	38625	49792	33309	
8537	0	37592	39452	49472	33152	
8538	0	37241	38795	49057	33016	
8539	0	37476	38248	48692	32784	
8540	0	37384	37156	48292	32534	
8541	0	37140	36220	47952	32484	
8542	0	36892	35504	47536	32272	
8543	0	37088	35076	47076	32022	
8544	0	36960	34764	46656	31752	
8545	0	36464	35201	46192	31492	
8546	0	36040	35642	45784	31350	
8547	0	35148	36606	45332	31100	
8548	0	34172	37061	44888	30802	
8549	0	33580	36844	44485	30568	
8550	0	33412	36668	43968	30332	
8551	0	33508	36188	43552	30077	
8552	0	33872	35740	42984	29808	
8553	0	34553	35748	42560	29537	
8554	0	34673	35812	42160	29252	
8555	0	39440	34276	41668	29040	
8556	0	37000	29134	41092	28754	
8557	0	33988	41788	40556	28512	
8558	0	41624	30812	40008	28235	
8559	0	35976	49640	39556	27980	
8560	0	33896	37761	39016	27742	
8561	0	28540	44160	38520	27489	
8562	0	28816	42612	38004	27194	
8563	0	39300	38612	37540	26962	
8564	0	42034	40644	37004	26770	
8565	0	34150	43332	36528	26506	
8566	0	25458	40442	36056	26296	
8567	0	31986	47336	35520	26076	
8568	0	36584	41242	35065	25816	
8569	0	37996	36313	34556	25640	
8570	0	36328	35817	34130	25432	
8571	0	36026	35020	33628	25185	
8572	0	35696	35664	33132	25021	
8573	0	34992	35986	32682	24822	
8574	0	35253	36048	32243	24628	
8575	0	35857	36160	31800	24440	
8576	0	35672	36552	31384	24268	
8577	0	35664	36928	30968	24097	
8578	0	35604	37224	30570	23953	
8579	0	35697	37008	30176	23804	
8580	0	35488	37096	29816	23660	
8581	0	35200	36888	29478	23524	
8582	0	35112	36792	29129	23421	
8583	0	35033	36612	28784	23320	
8584	0	35088	36328	28496	23232	
8585	0	35148	36265	28197	23148	
8586	0	35084	36466	27904	23073	
8587	0	35097	36736	27637	22974	
8588	0	34988	36869	27376	22946	
8589	0	34944	37052	27141	22900	
8590	0	35144	37160	26852	22845	
8591	0	35109	37212	26598	22809	
8592	0	34976	37152	26409	22756	
8593	0	34936	37134	26222	22712	
8594	0	34928	37153	25960	22666	
8595	0	35044	37288	25793	22608	
8596	0	34989	37356	25492	22564	
8597	0	35024	37380	25264	22496	
8598	0	35244	37228	25041	22440	
8599	0	35074	37216	24848	22362	
8600	0	35176	37130	24608	22273	
8601	0	35205	37153	24396	22170	
8602	0	35128	37100	24130	22064	
8603	0	35260	37020	23852	21968	
8604	0	35074	37517	23693	21852	
8605	0	35110	37914	23371	21730	
8606	0	35416	37796	23140	21602	
8607	0	35496	37348	22884	21472	
8608	0	35520	37053	22596	21332	
8609	0	35284	36920	22320	21177	
8610	0	35244	36636	22142	21040	
8611	0	35304	36364	21848	20920	
8612	0	34880	36048	21614	20794	
8613	0	35096	36128	21302	20632	
8614	0	35812	36808	21061	20514	
8615	0	35184	37553	20777	20352	
8616	0	35448	37572	20570	20216	
8617	0	36180	36856	20290	20088	
8618	0	35714	36116	20048	19967	
8619	0	35900	35965	19798	19870	
8620	0	35493	35900	19560	19736	
8621	0	35804	35896	19310	19608	
8622	0	35704	35997	19122	19489	
8623	0	34904	35941	18880	19396	
8624	0	35753	35964	18593	19305	
8625	0	36697	36824	18443	19236	
8626	0	36476	37566	18181	19104	
8627	0	36696	37408	18001	19008	
8628	0	36372	36936	17788	18964	
8629	0	36426	37040	17530	18918	
8630	0	36456	37860	17394	18824	
8631	0	36402	38504	17190	18722	
8632	0	36537	39368	16946	18656	
8633	0	35723	41160	16802	18644	
8634	0	35452	42620	16615	18561	
8635	0	37424	43594	16444	18540	
8636	0	37196	44857	16224	18468	
8637	0	38084	45228	16109	18458	
8638	0	36984	44620	15898	18440	
8639	0	36036	43193	15663	18421	
8640	0	35140	41269	15618	18408	
8641	0	34465	38828	15462	18384	
8642	0	35174	36794	15290	18448	
8643	0	35576	35040	15192	18497	
8644	0	33969	33569	15052	18512	
8645	0	32660	32336	14904	18593	
8646	0	32180	31594	14866	18657	
8647	0	31602	29816	14803	18720	
8648	0	32179	29377	14728	18800	
8649	0	32832	29848	14617	18946	
8650	0	32126	30958	14563	19125	
8651	0	30225	29704	14572	19286	
8652	0	31576	31205	14564	19507	
8653	0	31544	31640	14580	19736	
8654	0	31840	32176	14572	20036	
8655	0	31577	32912	14664	20329	
8656	0	32104	33716	14704	20648	
8657	0	32300	34013	14833	21010	
8658	0	32588	34489	14946	21252	
8659	0	32832	34620	15101	21689	
8660	0	33929	34624	15220	22050	
8661	0	34120	35188	15403	22448	
8662	0	34584	35144	15604	22977	
8663	0	34808	35408	15764	23322	
8664	0	35432	35902	16013	23812	
8665	0	35480	36208	16180	24176	
8666	0	35460	37004	16454	24688	
8667	0	35025	37516	16676	25168	
8668	0	34784	38368	16929	25600	
8669	0	34880	39016	17181	25944	
8670	0	34776	39372	17444	26388	
8671	0	35146	39644	17620	26882	
8672	0	36690	39792	17892	27228	
8673	0	38380	40098	18150	27736	
8674	0	39517	39588	18403	28050	
8675	0	40236	39476	18628	28553	
8676	0	40616	39100	18832	28956	
8677	0	40128	38520	19106	29288	
8678	0	39548	38240	19350	29661	
8679	0	39244	37802	19536	30012	
8680	0	38178	37954	19740	30328	
8681	0	37224	38116	19997	30656	
8682	0	36132	37914	20188	30960	
8683	0	35778	38092	20416	31266	
8684	0	35202	37300	20606	31544	
8685	0	35152	37008	20806	31828	
8686	0	35260	36680	21085	31969	
8687	0	35252	36316	21288	32370	
8688	0	34812	35933	21500	32597	
8689	0	34548	35968	21700	32716	
8690	0	34492	36228	21837	33100	
8691	0	34348	36320	22105	33312	
8692	0	35252	36429	22268	33504	
8693	0	34944	35856	22460	33705	
8694	0	35424	35924	22722	33928	
8695	0	35228	35288	22896	34076	
8696	0	35208	35536	23116	34329	
8697	0	34640	35812	23264	34356	
8698	0	34364	36324	23524	34676	
8699	0	33996	36504	23718	34808	
8700	0	34968	32552	23943	34960	
8701	0	38760	23272	24215	35201	
8702	0	37288	39760	24349	35252	
8703	0	36008	38112	24576	35417	
8704	0	37908	49072	24704	35576	
8705	0	32740	37584	24928	35716	
8706	0	31105	40992	25154	35824	
8707	0	31041	40330	25380	35952	
8708	0	36936	37024	25580	35952	
8709	0	41400	42040	25772	36188	
8710	0	35240	45512	25965	36246	
8711	0	21600	46892	26124	36384	
8712	0	32964	50890	26344	36480	
8713	0	36997	37860	26628	36580	
8714	0	37908	33686	26882	36682	
8715	0	36742	34472	27085	36760	
8716	0	36412	34064	27325	36836	
8717	0	35194	34016	27564	36892	
8718	0	34668	35620	27792	37016	
8719	0	35312	36010	28038	37180	
8720	0	36200	36497	28328	37281	
8721	0	35884	37368	28605	37368	
8722	0	35750	37626	28920	37453	
8723	0	35556	37208	29256	37625	
8724	0	35716	36684	29597	37678	
8725	0	35644	36680	29944	37818	
8726	0	35240	36704	30328	38014	
8727	0	35028	36440	30724	38152	
8728	0	35056	36424	31134	38302	
8729	0	35112	36481	31568	38388	
8730	0	35122	36600	32020	38684	
8731	0	35137	36521	32458	38909	
8732	0	35220	37144	32974	39028	
8733	0	35020	37244	33476	39232	
8734	0	35032	37453	33941	39476	
8735	0	35152	37400	34432	39739	
8736	0	35156	37177	35020	39900	
8737	0	35044	37124	35457	40104	
8738	0	35036	37156	35988	40376	
8739	0	35010	37124	36496	40532	
8740	0	35040	37200	37097	40792	
8741	0	35180	37336	37596	41026	
8742	0	35160	37292	38074	41220	
8743	0	35148	37161	38436	41312	
8744	0	35016	37480	38898	41600	
8745	0	34885	37940	39352	41680	
8746	0	35344	37304	39844	41856	
8747	0	35392	36992	40144	42176	
8748	0	35218	36832	40660	42282	
8749	0	35372	36637	41024	42428	
8750	0	35204	36324	41265	42468	
8751	0	35116	35816	41632	42646	
8752	0	34938	35504	42064	42832	
8753	0	35760	36108	42248	42908	
8754	0	35892	37768	42634	43016	
8755	0	35676	38021	42836	43062	
8756	0	35737	37176	43096	43244	
8757	0	35900	36726	43352	43274	
8758	0	35726	36562	43596	43424	
8759	0	35204	35880	43820	43528	
8760	0	35376	35200	44044	43600	
8761	0	35809	35370	44256	43641	
8762	0	35420	36056	44456	43724	
8763	0	35861	37088	44672	43724	
8764	0	36412	37560	44868	43812	
8765	0	36656	37192	44992	43896	
8766	0	36692	36906	45196	43908	
8767	0	36256	36657	45384	43912	
8768	0	36020	36712	45469	44032	
8769	0	36020	37200	45660	44056	
8770	0	36202	37752	45740	44066	
8771	0	36481	38610	45872	44032	
8772	0	36176	40288	45976	44129	
8773	0	35433	41776	46073	44092	
8774	0	37089	42864	46192	44050	
8775	0	36978	44232	46272	44088	
8776	0	38112	44904	46344	44045	
8777	0	37332	45081	46472	44048	
8778	0	36041	44332	46488	43996	
8779	0	35464	42608	46584	43904	
8780	0	35032	40272	46624	43864	
8781	0	34924	38348	46632	43848	
8782	0	34860	36080	46666	43700	
8783	0	34284	34088	46600	43618	
8784	0	33392	33276	46684	43524	
8785	0	31944	32660	46684	43396	
8786	0	31692	30064	46604	43322	
8787	0	32228	29500	46664	43216	
8788	0	33133	29848	46580	43096	
8789	0	31682	30433	46568	42961	
8790	0	29870	29764	46608	42808	
8791	0	31644	30368	46572	42696	
8792	0	31824	30856	46592	42536	
8793	0	32103	31576	46648	42412	
8794	0	31836	32136	46592	42280	
8795	0	32028	33076	46601	42148	
8796	0	32400	33560	46648	41980	
8797	0	33024	33937	46712	41869	
8798	0	33180	34264	46749	41756	
8799	0	33152	34962	46732	41576	
8800	0	33564	35592	46800	41444	
8801	0	33864	36000	46776	41356	
8802	0	34597	36208	46808	41224	
8803	0	34752	36616	46868	41072	
8804	0	34948	37104	46857	40928	
8805	0	34864	36888	46864	40740	
8806	0	34696	37412	46924	40596	
8807	0	34916	37768	46904	40401	
8808	0	35352	38012	46920	40237	
8809	0	36048	38468	46868	40036	
8810	0	36066	38361	46824	39810	
8811	0	36576	38681	46776	39580	
8812	0	37136	39082	46704	39336	
8813	0	37685	39264	46628	39072	
8814	0	38688	40080	46528	38802	
8815	0	38976	40144	46386	38512	
8816	0	39364	39525	46304	38245	
8817	0	39268	39232	46089	37921	
8818	0	39064	38904	45900	37601	
8819	0	38353	38800	45732	37213	
8820	0	38272	38484	45528	36868	
8821	0	37818	37916	45221	36544	
8822	0	37393	37824	44972	36148	
8823	0	36872	37561	44704	35836	
8824	0	36740	36994	44476	35413	
8825	0	36520	36565	44128	34977	
8826	0	36416	36046	43880	34624	
8827	0	37269	36116	43464	34201	
8828	0	36884	35929	43136	33852	
8829	0	36148	36297	42804	33424	
8830	0	35136	36758	42560	33048	
8831	0	34241	36980	42104	32612	
8832	0	33628	36868	41688	32298	
8833	0	33136	36410	41316	31828	
8834	0	33612	36724	40976	31449	
8835	0	33520	36765	40556	31140	
8836	0	33632	36904	40152	30752	
8837	0	33300	36168	39846	30356	
8838	0	33684	36872	39477	30026	
8839	0	33472	36289	39090	29709	
8840	0	44416	36376	38681	29370	
8841	0	28532	33368	38168	29064	
8842	0	32581	42848	37760	28726	
8843	0	38481	28246	37460	28389	
8844	0	36480	48052	36964	28092	
8845	0	38748	42144	36530	27828	
8846	0	30288	42868	36120	27536	
8847	0	29713	43876	35704	27297	
8848	0	38688	38561	35272	27049	
8849	0	36300	38705	34852	26796	
8850	0	34848	40836	34468	26516	
8851	0	31612	38276	34037	26324	
8852	0	31780	46308	33658	26107	
8853	0	34552	46512	33218	25896	
8854	0	37008	38432	32828	25688	
8855	0	35964	35412	32404	25512	
8856	0	36404	34784	32052	25328	
8857	0	36684	34440	31624	25157	
8858	0	35296	35336	31250	25012	
8859	0	35296	36264	30864	24865	
8860	0	35796	36300	30505	24733	
8861	0	35872	36476	30132	24608	
8862	0	35684	36932	29762	24504	
8863	0	35728	37042	29428	24420	
8864	0	35872	36941	29080	24352	
8865	0	35652	36696	28740	24296	
8866	0	35532	36796	28428	24258	
8867	0	35284	36654	28097	24234	
8868	0	35164	36596	27786	24232	
8869	0	35232	36500	27472	24228	
8870	0	35304	36424	27220	24266	
8871	0	35076	36568	26968	24308	
8872	0	34957	36824	26654	24358	
8873	0	35056	36802	26440	24420	
8874	0	35116	36904	26184	24507	
8875	0	35140	37129	25924	24603	
8876	0	35018	37408	25640	24700	
8877	0	35000	37373	25410	24816	
8878	0	35016	37332	25226	24932	
8879	0	35016	37272	24948	25028	
8880	0	35004	37312	24728	25161	
8881	0	35036	37264	24538	25312	
8882	0	34992	37292	24330	25384	
8883	0	34965	37288	24100	25516	
8884	0	35172	37401	23852	25668	
8885	0	34960	37632	23581	25728	
8886	0	35216	37064	23349	25816	
8887	0	35180	37460	23096	25912	
8888	0	35485	37344	22802	26004	
8889	0	35280	37194	22513	26056	
8890	0	35344	37060	22200	26200	
8891	0	35345	36696	21955	26235	
8892	0	35216	36288	21636	26268	
8893	0	35144	36180	21438	26305	
8894	0	35356	36216	21131	26376	
8895	0	35944	37233	20866	26432	
8896	0	35592	37729	20489	26469	
8897	0	35592	37336	20200	26488	
8898	0	34904	36632	19985	26460	
8899	0	35664	35968	19681	26545	
8900	0	35468	35452	19406	26544	
8901	0	34800	35305	19164	26492	
8902	0	35348	35112	18818	26508	
8903	0	36056	35520	18616	26517	
8904	0	36576	37594	18277	26540	
8905	0	35848	38144	18018	26616	
8906	0	36268	37376	17772	26612	
8907	0	35928	36256	17541	26597	
8908	0	36096	35976	17347	26602	
8909	0	35604	35768	17140	26588	
8910	0	35829	35712	16898	26606	
8911	0	36168	35876	16682	26554	
8912	0	36196	36369	16466	26618	
8913	0	36176	36676	16262	26629	
8914	0	36760	37252	16036	26620	
8915	0	36960	37945	15878	26544	
8916	0	36985	38384	15692	26558	
8917	0	36722	38738	15500	26622	
8918	0	35662	39900	15296	26545	
8919	0	36444	42164	15136	26589	
8920	0	38064	43993	14985	26576	
8921	0	38824	44672	14872	26586	
8922	0	38976	46146	14725	26585	
8923	0	38834	45680	14565	26500	
8924	0	37720	44280	14430	26418	
8925	0	35316	41636	14359	26584	
8926	0	33989	38896	14234	26624	
8927	0	35500	36592	14096	26720	
8928	0	34970	34740	14076	26624	
8929	0	34016	33911	13972	26816	
8930	0	32600	32096	13948	26879	
8931	0	31560	32560	13874	26940	
8932	0	31468	31080	13853	27064	
8933	0	31385	29704	13854	27236	
8934	0	31624	29720	13856	27396	
8935	0	31976	29868	13858	27536	
8936	0	30994	30553	13882	27769	
8937	0	31412	30344	13914	27988	
8938	0	31152	30944	14048	28049	
8939	0	31756	31724	14124	28466	
8940	0	31764	32480	14174	28748	
8941	0	31821	33360	14358	29077	
8942	0	31896	33577	14488	29406	
8943	0	32484	34101	14700	29600	
8944	0	32804	34068	14953	30109	
8945	0	33284	34708	15170	30466	
8946	0	32952	34836	15341	30884	
8947	0	33488	35101	15636	31277	
8948	0	33901	35372	15924	31696	
8949	0	34340	35350	16193	32108	
8950	0	34684	35753	16498	32524	
8951	0	35028	36016	16794	33002	
8952	0	35648	36706	17064	33412	
8953	0	36192	37364	17362	33616	
8954	0	36312	38304	17711	34192	
8955	0	37168	38536	17976	34604	
8956	0	36588	38512	18320	35048	
8957	0	37920	37880	18648	35448	
8958	0	38468	37914	18918	35872	
8959	0	38786	37724	19216	36172	
8960	0	39448	37854	19570	36512	
8961	0	40257	37864	19844	36878	
8962	0	39972	38140	20121	37032	
8963	0	39744	38685	20419	37496	
8964	0	39317	38992	20684	37844	
8965	0	38696	39016	20996	38080	
8966	0	38820	38588	21268	38261	
8967	0	38168	37788	21478	38572	
8968	0	37712	37288	21743	38640	
8969	0	37528	37192	22012	38968	
8970	0	37510	36936	22248	39174	
8971	0	36817	36765	22576	39232	
8972	0	36481	37028	22774	39489	
8973	0	36344	36188	23021	39698	
8974	0	36052	36092	23324	39796	
8975	0	36080	35628	23497	39808	
8976	0	36005	35632	23773	40056	
8977	0	35981	35688	24012	40204	
8978	0	35812	35792	24252	40220	
8979	0	35505	36032	24473	40345	
8980	0	35120	36344	24700	40488	
8981	0	34860	36493	24917	40620	
8982	0	34624	36322	25184	40740	
8983	0	34365	36048	25436	40722	
8984	0	34060	36208	25593	40834	
8985	0	33708	36361	25825	40944	
8986	0	30816	36192	26048	40992	
8987	0	32916	27458	26357	41068	
8988	0	32873	40704	26492	41168	
8989	0	31441	41372	26724	41216	
8990	0	36704	36900	26993	41308	
8991	0	40472	41757	27156	41268	
8992	0	36768	43016	27336	41384	
8993	0	31133	42037	27564	41464	
8994	0	33168	40065	27844	41520	
8995	0	35880	39050	27992	41554	
8996	0	34324	36236	28257	41600	
8997	0	33754	38208	28472	41632	
8998	0	32688	39484	28620	41680	
8999	0	39420	42804	28864	41672	
9000	0	33120	47896	28961	41721	
9001	0	34042	43632	29221	41740	
9002	0	36032	37624	29452	41794	
9003	0	37376	35214	29688	41832	
9004	0	36828	34544	29908	41876	
9005	0	36096	34016	30128	41888	
9006	0	35680	34472	30344	41970	
9007	0	35664	35176	30528	42036	
9008	0	35768	35540	30776	42088	
9009	0	36144	36652	31020	42194	
9010	0	36428	37876	31270	42284	
9011	0	35737	37846	31534	42412	
9012	0	35896	37192	31808	42548	
9013	0	35933	36760	32104	42676	
9014	0	35620	36588	32424	42872	
9015	0	35780	36348	32732	42988	
9016	0	35481	36204	33096	43108	
9017	0	35496	36028	33430	43309	
9018	0	35413	35808	33864	43520	
9019	0	35448	35768	34188	43656	
9020	0	35544	35928	34668	43852	
9021	0	35668	36516	35040	44104	
9022	0	35432	37290	35465	44276	
9023	0	35396	37664	35884	44498	
9024	0	35652	37401	36296	44732	
9025	0	35668	37112	36764	44908	
9026	0	35590	36969	37192	45137	
9027	0	35290	36872	37748	45336	
9028	0	35400	36880	38152	45524	
9029	0	35412	36600	38536	45700	
9030	0	35512	36620	39072	45868	
9031	0	35564	36676	39436	46040	
9032	0	35464	36816	39916	46184	
9033	0	35576	36986	40212	46340	
9034	0	35824	36656	40620	46440	
9035	0	35504	36916	40952	46553	
9036	0	35540	36608	41412	46640	
9037	0	35552	36304	41760	46700	
9038	0	35668	35948	42073	46713	
9039	0	35560	35800	42320	46760	
9040	0	35600	35408	42556	46780	
9041	0	35529	35488	42864	46768	
9042	0	35720	36162	43168	46752	
9043	0	35880	36728	43416	46720	
9044	0	35913	37232	43536	46624	
9045	0	35792	37328	43746	46568	
9046	0	36153	36521	43940	46468	
9047	0	35652	36064	44112	46428	
9048	0	36008	35976	44273	46252	
9049	0	35893	36266	44484	46129	
9050	0	35868	36180	44560	46002	
9051	0	36232	35968	44680	45908	
9052	0	36312	36064	44824	45756	
9053	0	36765	36896	44912	45596	
9054	0	36648	38440	45000	45368	
9055	0	36500	40352	45060	45240	
9056	0	36329	43060	45108	45044	
9057	0	36944	45344	45244	44856	
9058	0	37116	45616	45227	44608	
9059	0	38324	45524	45256	44418	
9060	0	38240	45760	45344	44184	
9061	0	38025	45440	45409	43980	
9062	0	38944	45484	45336	43789	
9063	0	37292	42089	45332	43540	
9064	0	38266	39788	45316	43308	
9065	0	37801	37396	45296	43092	
9066	0	37700	34168	45316	42866	
9067	0	36648	32541	45220	42624	
9068	0	34712	29932	45202	42368	
9069	0	33720	29816	45134	42114	
9070	0	33196	30768	45096	41832	
9071	0	32497	30993	45052	41594	
9072	0	31904	31506	45036	41392	
9073	0	30540	30701	44940	41192	
9074	0	30808	31128	44932	40964	
9075	0	31137	30976	44888	40784	
9076	0	30884	31670	44784	40556	
9077	0	30899	32281	44736	40356	
9078	0	31716	32308	44772	40172	
9079	0	31788	32936	44692	40048	
9080	0	31788	33468	44636	39940	
9081	0	31568	34314	44596	39768	
9082	0	31236	34677	44628	39680	
9083	0	32253	35440	44514	39602	
9084	0	32852	35624	44492	39508	
9085	0	33396	35828	44484	39380	
9086	0	33896	36033	44360	39332	
9087	0	34176	36444	44297	39264	
9088	0	34424	36568	44200	39204	
9089	0	34730	36682	44100	39148	
9090	0	34692	37321	44040	39076	
9091	0	34500	38032	43873	38936	
9092	0	34460	38552	43740	38901	
9093	0	34772	39234	43560	38802	
9094	0	35288	39664	43380	38724	
9095	0	35164	39288	43180	38616	
9096	0	35200	39873	42928	38436	
9097	0	35090	40244	42784	38293	
9098	0	35293	40172	42425	38180	
9099	0	35936	39909	42208	38036	
9100	0	36864	39722	41906	37792	
9101	0	37642	39236	41544	37632	
9102	0	37564	39316	41228	37380	
9103	0	37324	39810	40874	37210	
9104	0	36740	40576	40580	36938	
9105	0	36768	41116	40164	36644	
9106	0	37084	40641	39858	36381	
9107	0	37328	39909	39376	36130	
9108	0	36984	39348	39072	35825	
9109	0	36600	39188	38616	35581	
9110	0	36106	38908	38232	35290	
9111	0	35456	38480	37860	34928	
9112	0	34653	38372	37465	34585	
9113	0	34370	38190	37016	34324	
9114	0	34222	37824	36624	33952	
9115	0	34176	37756	36232	33696	
9116	0	33948	37400	35824	33308	
9117	0	33681	36956	35493	33068	
9118	0	33600	36828	35068	32672	
9119	0	33638	37144	34689	32356	
9120	0	27104	46932	34356	32092	
9121	0	32088	43988	34004	31748	
9122	0	37248	36096	33624	31498	
9123	0	37600	40148	33256	31114	
9124	0	30114	41456	32924	30832	
9125	0	32080	37912	32561	30588	
9126	0	35640	36024	32256	30290	
9127	0	35588	41172	31900	29960	
9128	0	34120	41184	31585	29686	
9129	0	34872	37384	31248	29404	
9130	0	36110	36572	30916	29164	
9131	0	34808	37024	30602	28884	
9132	0	35536	36304	30300	28600	
9133	0	35250	36616	30000	28345	
9134	0	35134	36872	29712	28137	
9135	0	34930	37032	29428	27863	
9136	0	34892	37268	29158	27621	
9137	0	34868	37236	28860	27397	
9138	0	34920	37136	28634	27186	
9139	0	35088	37113	28384	26976	
9140	0	35200	37180	28146	26804	
9141	0	35032	36685	27912	26573	
9142	0	35242	36929	27678	26376	
9143	0	35124	37136	27460	26184	
9144	0	34976	36849	27296	26040	
9145	0	35060	37008	27094	25836	
9146	0	35080	37324	26882	25645	
9147	0	35130	37282	26718	25453	
9148	0	35000	36784	26494	25245	
9149	0	35324	37504	26292	25050	
9150	0	35200	36754	26181	24872	
9151	0	35152	36872	26028	24677	
9152	0	35189	37236	25829	24476	
9153	0	35100	37708	25674	24292	
9154	0	35066	37244	25565	24102	
9155	0	35110	37104	25301	23905	
9156	0	35124	36976	25228	23706	
9157	0	35168	36980	25019	23508	
9158	0	35304	37172	24932	23308	
9159	0	35224	37077	24793	23136	
9160	0	35120	37056	24619	22940	
9161	0	35210	36580	24459	22753	
9162	0	35172	37164	24368	22572	
9163	0	35076	36850	24205	22400	
9164	0	35172	37234	24073	22228	
9165	0	35240	37080	23941	22050	
9166	0	35094	36768	23814	21902	
9167	0	35280	37388	23712	21728	
9168	0	35352	36049	23578	21580	
9169	0	35436	37676	23385	21424	
9170	0	35040	36856	23260	21282	
9171	0	35340	36736	23161	21137	
9172	0	35413	37080	23030	20996	
9173	0	35500	36784	22952	20885	
9174	0	35521	37120	22740	20780	
9175	0	35444	37141	22654	20650	
9176	0	35428	37300	22485	20560	
9177	0	35094	36868	22372	20440	
9178	0	35272	36980	22221	20356	
9179	0	35476	36980	22192	20272	
9180	0	35557	36920	22046	20192	
9181	0	35669	36848	21914	20128	
9182	0	35580	36946	21776	20081	
9183	0	35500	37012	21673	20026	
9184	0	35604	36912	21528	19986	
9185	0	35476	37248	21436	19956	
9186	0	35520	37137	21382	19938	
9187	0	35344	37262	21234	19946	
9188	0	35424	37376	21131	19920	
9189	0	35248	36820	21056	19916	
9190	0	35740	37656	20969	19940	
9191	0	35784	37360	20841	19950	
9192	0	36172	37640	20717	19980	
9193	0	36073	37772	20684	20033	
9194	0	36028	38428	20573	20050	
9195	0	35956	39020	20511	20106	
9196	0	35944	39248	20452	20155	
9197	0	35917	39448	20353	20206	
9198	0	35724	39588	20266	20286	
9199	0	35284	39746	20244	20332	
9200	0	35384	39956	20132	20418	
9201	0	35872	40164	20051	20533	
9202	0	36368	40460	20070	20612	
9203	0	36296	40480	19952	20680	
9204	0	36176	40712	19998	20772	
9205	0	36028	40480	19937	20844	
9206	0	35964	40736	19834	20978	
9207	0	37272	39908	19874	21124	
9208	0	36452	40176	19872	21238	
9209	0	35752	39064	19793	21358	
9210	0	36180	39152	19832	21472	
9211	0	36408	37888	19861	21648	
9212	0	35440	37136	19872	21802	
9213	0	33557	36640	19890	21960	
9214	0	32546	35398	19957	22088	
9215	0	32888	34168	20000	22304	
9216	0	34208	34444	20062	22536	
9217	0	34977	34189	20125	22658	
9218	0	34620	35404	20188	22886	
9219	0	33824	32334	20184	23062	
9220	0	32468	31472	20356	23233	
9221	0	34405	34258	20408	23377	
9222	0	30816	35476	20516	23568	
9223	0	30160	34912	20603	23756	
9224	0	30096	34596	20692	23952	
9225	0	30104	34629	20746	24072	
9226	0	30360	34705	20867	24220	
9227	0	30824	34546	20976	24356	
9228	0	31532	34964	21052	24444	
9229	0	31982	34852	21164	24592	
9230	0	32600	35224	21285	24698	
9231	0	32922	35544	21380	24840	
9232	0	32904	36136	21410	24931	
9233	0	33100	36592	21512	25044	
9234	0	33721	37348	21556	25160	
9235	0	33252	37468	21731	25210	
9236	0	33844	38172	21819	25320	
9237	0	33737	38556	21924	25408	
9238	0	33888	39048	21971	25458	
9239	0	33565	39510	22052	25536	
9240	0	33908	39860	22210	25652	
9241	0	33905	40168	22254	25700	
9242	0	34052	40220	22380	25810	
9243	0	34360	40580	22464	25896	
9244	0	34600	40528	22576	25960	
9245	0	34884	40852	22686	26052	
9246	0	35396	41156	22804	26104	
9247	0	35680	41180	22916	26168	
9248	0	35689	41312	22973	26242	
9249	0	35936	41052	23053	26313	
9250	0	35666	40840	23200	26380	
9251	0	35204	40729	23324	26437	
9252	0	34564	40556	23392	26462	
9253	0	34286	40392	23525	26536	
9254	0	34123	39846	23633	26568	
9255	0	35880	38552	23736	26674	
9256	0	39204	37096	23816	26740	
9257	0	40640	43816	23848	26728	
9258	0	36756	36080	24028	26756	
9259	0	34008	40221	24073	26808	
9260	0	30648	39218	24146	26834	
9261	0	30120	39984	24292	26844	
9262	0	29025	41148	24341	26893	
9263	0	32136	37824	24475	26924	
9264	0	36229	35961	24516	26945	
9265	0	36505	36778	24632	27064	
9266	0	35704	43004	24680	27026	
9267	0	34236	39380	24752	27057	
9268	0	35868	37760	24832	27108	
9269	0	35084	37394	24888	27132	
9270	0	35280	36560	24992	27220	
9271	0	34448	36880	25068	27232	
9272	0	34665	36952	25090	27314	
9273	0	34672	37288	25244	27336	
9274	0	34504	37200	25328	27394	
9275	0	34696	37493	25384	27472	
9276	0	34674	37364	25476	27533	
9277	0	34584	37308	25572	27612	
9278	0	34694	37316	25684	27690	
9279	0	34760	37120	25782	27776	
9280	0	34764	37056	25940	27888	
9281	0	34709	37104	26002	27982	
9282	0	34728	37272	26168	28058	
9283	0	34642	37360	26344	28133	
9284	0	34536	37440	26480	28272	
9285	0	34524	37473	26608	28336	
9286	0	34624	37372	26800	28401	
9287	0	34768	37404	26972	28489	
9288	0	34624	37410	27075	28584	
9289	0	34696	37280	27290	28648	
9290	0	34584	37188	27425	28744	
9291	0	34442	37216	27600	28820	
9292	0	34501	37280	27809	28848	
9293	0	34588	37226	27946	28902	
9294	0	34528	37264	28171	28992	
9295	0	34665	37416	28328	29013	
9296	0	34714	37364	28480	29056	
9297	0	34584	37508	28660	29096	
9298	0	34866	37262	28824	29140	
9299	0	34690	37152	28976	29157	
9300	0	34653	37212	29166	29272	
9301	0	34725	37192	29320	29296	
9302	0	34676	37145	29465	29260	
9303	0	34644	37185	29632	29344	
9304	0	34660	37156	29780	29280	
9305	0	34840	37292	29918	29300	
9306	0	34580	38300	30076	29308	
9307	0	34732	37144	30210	29328	
9308	0	34724	37412	30332	29397	
9309	0	34784	37464	30480	29352	
9310	0	34764	37425	30596	29356	
9311	0	34824	37378	30720	29380	
9312	0	34780	37352	30837	29392	
9313	0	34744	37220	30960	29416	
9314	0	34560	37002	31072	29444	
9315	0	34696	36392	31184	29462	
9316	0	35068	36968	31284	29501	
9317	0	35777	37880	31408	29544	
9318	0	34800	38368	31497	29560	
9319	0	35240	38220	31597	29581	
9320	0	35324	37408	31693	29616	
9321	0	35108	37124	31780	29686	
9322	0	35012	36584	31880	29708	
9323	0	34960	36068	31972	29763	
9324	0	35404	35856	32034	29840	
9325	0	34814	34600	32160	29896	
9326	0	34656	33833	32188	29913	
9327	0	35116	33360	32280	30016	
9328	0	36424	34880	32360	30029	
9329	0	36417	38932	32416	30092	
9330	0	36264	39996	32488	30160	
9331	0	36594	38712	32544	30212	
9332	0	36158	37390	32608	30264	
9333	0	36052	36360	32628	30328	
9334	0	35616	36168	32704	30381	
9335	0	35576	35972	32770	30472	
9336	0	35357	36736	32776	30472	
9337	0	36376	37442	32824	30564	
9338	0	36660	39096	32865	30564	
9339	0	37092	41388	32920	30621	
9340	0	37140	43069	32960	30640	
9341	0	37728	44484	32940	30662	
9342	0	38352	44988	32969	30731	
9343	0	36544	45264	33040	30756	
9344	0	36408	44664	33057	30776	
9345	0	36176	43624	33112	30752	
9346	0	35376	42346	33084	30757	
9347	0	33936	39512	33128	30827	
9348	0	34428	36602	33128	30796	
9349	0	35176	34448	33224	30828	
9350	0	35764	32674	33248	30852	
9351	0	35621	31561	33248	30840	
9352	0	34656	29437	33326	30864	
9353	0	34360	28812	33364	30972	
9354	0	34068	29437	33378	31004	
9355	0	36168	30393	33520	31048	
9356	0	30016	28787	33521	31178	
9357	0	28576	30604	33616	31272	
9358	0	31857	31225	33704	31376	
9359	0	30978	32109	33836	31600	
9360	0	31020	32764	33941	31724	
9361	0	31404	33504	34116	31996	
9362	0	31389	33920	34250	32224	
9363	0	31480	34104	34468	32436	
9364	0	32194	34224	34692	32736	
9365	0	32448	34216	34896	33020	
9366	0	32680	34497	35010	33348	
9367	0	33704	34596	35288	33696	
9368	0	33778	34958	35548	34080	
9369	0	33892	35444	35772	34476	
9370	0	33628	36072	35968	34884	
9371	0	33418	36560	36172	35400	
9372	0	33872	37352	36417	35800	
9373	0	33984	37664	36680	36280	
9374	0	34680	38073	36996	36686	
9375	0	35312	38841	37170	37164	
9376	0	35280	38694	37432	37664	
9377	0	34912	38784	37732	38088	
9378	0	34804	38756	37948	38576	
9379	0	34817	39104	38128	39100	
9380	0	35836	39052	38388	39530	
9381	0	37648	39739	38600	39956	
9382	0	38564	39016	38772	40264	
9383	0	38856	39489	38968	40714	
9384	0	39532	39168	39162	41068	
9385	0	39344	38580	39352	41370	
9386	0	38936	38204	39528	41744	
9387	0	38368	37716	39764	42056	
9388	0	37812	37752	39866	42378	
9389	0	36752	37684	40113	42588	
9390	0	35780	38186	40253	42841	
9391	0	34864	38149	40330	43096	
9392	0	34540	37952	40492	43320	
9393	0	35008	37716	40654	43528	
9394	0	35384	37420	40816	43740	
9395	0	35828	37184	40988	43908	
9396	0	36112	36440	41124	44096	
9397	0	36292	35836	41436	44288	
9398	0	36104	35272	41572	44384	
9399	0	35688	35124	41624	44516	
9400	0	35121	35456	41808	44636	
9401	0	34793	36305	42088	44817	
9402	0	34618	36792	42137	44856	
9403	0	34536	37080	42316	45020	
9404	0	34280	37290	42512	45072	
9405	0	34238	37276	42688	45184	
9406	0	33688	37236	42878	45276	
9407	0	34144	37036	43072	45282	
9408	0	34272	36992	43360	45360	
9409	0	43004	26612	43464	45400	
9410	0	25796	42770	43708	45468	
9411	0	30324	37820	43832	45536	
9412	0	42720	32321	44046	45508	
9413	0	39249	45600	44240	45592	
9414	0	29816	39232	44424	45556	
9415	0	27330	43698	44596	45616	
9416	0	30610	39256	44832	45648	
9417	0	40460	37669	44992	45604	
9418	0	36048	45424	45192	45612	
9419	0	25889	45768	45371	45656	
9420	0	30881	50336	45524	45626	
9421	0	35296	43104	45712	45648	
9422	0	36630	34084	45880	45688	
9423	0	36909	35218	46124	45664	
9424	0	37312	33636	46236	45700	
9425	0	35920	33868	46408	45728	
9426	0	34672	35536	46613	45744	
9427	0	35244	35914	46800	45704	
9428	0	35616	36056	46992	45768	
9429	0	35896	36896	47164	45752	
9430	0	35576	37444	47400	45808	
9431	0	36000	37240	47536	45836	
9432	0	35276	36976	47724	45904	
9433	0	35512	36944	47968	45928	
9434	0	35192	36824	48242	46032	
9435	0	35068	36764	48474	46104	
9436	0	35108	36500	48652	46256	
9437	0	35220	36520	48936	46312	
9438	0	35100	36724	49209	46444	
9439	0	34944	36858	49396	46530	
9440	0	34832	37025	49668	46716	
9441	0	34908	36932	49940	46800	
9442	0	34946	37084	50268	46968	
9443	0	35032	37052	50548	47104	
9444	0	34880	37092	50816	47236	
9445	0	34834	37292	51152	47336	
9446	0	34708	37569	51368	47520	
9447	0	34464	37968	51680	47632	
9448	0	34683	37897	51912	47764	
9449	0	34812	37692	52240	47840	
9450	0	34712	37588	52513	47924	
9451	0	34896	37412	52720	48026	
9452	0	34928	37394	52936	48122	
9453	0	35029	37336	53220	48168	
9454	0	35120	37148	53484	48168	
9455	0	35141	36933	53620	48248	
9456	0	35372	36316	53844	48252	
9457	0	35192	37408	53976	48216	
9458	0	35904	38096	54196	48204	
9459	0	35161	38088	54296	48160	
9460	0	35408	37403	54489	48120	
9461	0	35296	36404	54560	48052	
9462	0	35189	36112	54706	47988	
9463	0	35600	35612	54768	47900	
9464	0	35284	35044	54880	47808	
9465	0	35012	35012	54938	47677	
9466	0	35452	35456	55072	47560	
9467	0	35912	36496	55060	47433	
9468	0	36072	38552	55156	47300	
9469	0	36554	38192	55176	47169	
9470	0	36412	37032	55216	47032	
9471	0	35712	36464	55216	46873	
9472	0	35528	35818	55280	46733	
9473	0	35788	35544	55224	46572	
9474	0	35592	35668	55300	46404	
9475	0	35436	35640	55264	46240	
9476	0	36386	36624	55288	46076	
9477	0	36436	38492	55232	45904	
9478	0	36596	40388	55268	45708	
9479	0	36984	42337	55264	45560	
9480	0	36572	44868	55185	45384	
9481	0	37660	46276	55200	45182	
9482	0	36780	47260	55128	45024	
9483	0	37824	47176	55020	44812	
9484	0	38720	46200	54992	44620	
9485	0	37460	43480	54944	44480	
9486	0	35576	40744	54788	44232	
9487	0	34256	37904	54736	44052	
9488	0	35020	35686	54676	43848	
9489	0	35048	34796	54472	43668	
9490	0	33346	33692	54420	43493	
9491	0	31920	30784	54284	43280	
9492	0	30424	28060	54140	43080	
9493	0	29824	27485	54068	42956	
9494	0	32160	29578	53836	42720	
9495	0	32009	28690	53740	42532	
9496	0	30193	29328	53672	42408	
9497	0	31304	30256	53488	42320	
9498	0	32024	31288	53353	42096	
9499	0	31516	32304	53300	41944	
9500	0	31780	32953	53156	41852	
9501	0	32392	33472	52972	41745	
9502	0	32328	33956	52868	41728	
9503	0	32669	34390	52801	41665	
9504	0	32772	34793	52728	41600	
9505	0	32908	35008	52620	41532	
9506	0	32884	35216	52516	41480	
9507	0	33460	35138	52473	41376	
9508	0	33852	35024	52392	41397	
9509	0	35108	35256	52217	41352	
9510	0	34724	35817	52210	41292	
9511	0	34469	35432	52041	41249	
9512	0	34492	36528	51960	41148	
9513	0	34022	36672	51816	41124	
9514	0	34240	37856	51720	41048	
9515	0	34316	38986	51648	40904	
9516	0	34378	39384	51409	40884	
9517	0	34818	40256	51352	40756	
9518	0	36432	39788	51184	40576	
9519	0	37860	39900	50916	40452	
9520	0	39956	39800	50762	40196	
9521	0	41404	40520	50568	40008	
9522	0	41920	39804	50321	39836	
9523	0	41181	38489	49984	39556	
9524	0	40492	36677	49740	39344	
9525	0	39328	36824	49516	38972	
9526	0	38660	36832	49220	38684	
9527	0	37692	37290	48860	38420	
9528	0	36416	37732	48584	38028	
9529	0	35354	37780	48208	37688	
9530	0	34813	37088	47920	37312	
9531	0	34800	36390	47524	37024	
9532	0	34774	36107	47184	36617	
9533	0	35880	36240	46788	36216	
9534	0	35844	35372	46416	35860	
9535	0	35740	35444	46096	35416	
9536	0	34112	34896	45720	34972	
9537	0	34784	36276	45274	34608	
9538	0	34144	36488	44928	34144	
9539	0	33909	36253	44488	33804	
9540	0	33943	36000	44096	33328	
9541	0	34847	33054	43737	32904	
9542	0	36964	23245	43264	32600	
9543	0	37241	41584	42812	32104	
9544	0	38962	37484	42400	31768	
9545	0	38480	45944	42016	31328	
9546	0	30433	42728	41568	30944	
9547	0	28442	45328	41097	30520	
9548	0	33648	39080	40673	30144	
9549	0	38184	37208	40352	29785	
9550	0	35168	44078	39797	29333	
9551	0	26862	43876	39412	28982	
9552	0	30220	50412	38968	28608	
9553	0	35692	44634	38561	28286	
9554	0	37068	35128	38116	27897	
9555	0	37258	33472	37713	27576	
9556	0	36920	33892	37300	27224	
9557	0	35708	34741	36888	26876	
9558	0	34400	36121	36448	26533	
9559	0	35648	36752	36056	26240	
9560	0	35437	36892	35660	25940	
9561	0	35376	36637	35312	25658	
9562	0	35468	37036	34952	25336	
9563	0	35984	36953	34632	25100	
9564	0	35544	37192	34265	24833	
9565	0	35312	37048	33996	24600	
9566	0	35140	37194	33710	24381	
9567	0	34806	36832	33444	24189	
9568	0	34960	36636	33140	24008	
9569	0	34794	36664	32900	23844	
9570	0	34970	36624	32673	23682	
9571	0	34768	36676	32461	23508	
9572	0	34810	36728	32224	23378	
9573	0	34870	36816	32048	23240	
9574	0	34770	37009	31841	23120	
9575	0	34828	37152	31660	22976	
9576	0	34724	37282	31493	22874	
9577	0	34665	37456	31312	22744	
9578	0	34748	37672	31136	22644	
9579	0	34564	37784	30945	22545	
9580	0	34704	37860	30764	22445	
9581	0	34704	37752	30572	22332	
9582	0	34925	37652	30372	22214	
9583	0	34857	37524	30152	22069	
9584	0	34980	37348	29936	21960	
9585	0	34992	37364	29680	21852	
9586	0	35048	37344	29433	21727	
9587	0	35066	37001	29160	21552	
9588	0	35148	36592	28908	21440	
9589	0	35354	36984	28580	21292	
9590	0	34889	37872	28269	21154	
9591	0	35452	37872	27978	21008	
9592	0	35786	37462	27620	20844	
9593	0	34916	36576	27297	20700	
9594	0	35248	36000	27005	20568	
9595	0	34976	35533	26668	20440	
9596	0	35596	34968	26264	20296	
9597	0	34832	35104	25910	20149	
9598	0	35296	35544	25562	20008	
9599	0	35788	36792	25140	19890	
9600	0	35472	38648	24768	19749	
9601	0	34968	38268	24464	19616	
9602	0	37140	36832	24128	19498	
9603	0	35745	35297	23768	19386	
9604	0	35946	35704	23448	19266	
9605	0	35632	35964	23069	19145	
9606	0	35762	35608	22680	19037	
9607	0	35972	35580	22400	18936	
9608	0	35681	36460	22080	18830	
9609	0	35972	36856	21788	18736	
9610	0	36704	37240	21438	18644	
9611	0	37066	38285	21129	18558	
9612	0	36737	39292	20853	18468	
9613	0	35478	40888	20571	18390	
9614	0	35800	43044	20274	18309	
9615	0	37008	44724	19996	18245	
9616	0	37572	46440	19764	18170	
9617	0	38032	46892	19512	18096	
9618	0	38044	46445	19201	18058	
9619	0	37460	44608	18934	18000	
9620	0	35424	41354	18752	17956	
9621	0	34020	39032	18498	17910	
9622	0	34860	36097	18309	17881	
9623	0	34872	34684	18080	17844	
9624	0	33648	33628	17890	17860	
9625	0	32969	30853	17664	17820	
9626	0	31770	28696	17488	17812	
9627	0	31288	28296	17220	17832	
9628	0	32170	28872	17136	17918	
9629	0	31220	30758	16920	17955	
9630	0	29818	28878	16774	18013	
9631	0	31328	30104	16738	18128	
9632	0	31428	30974	16644	18212	
9633	0	31280	31872	16548	18412	
9634	0	31388	32688	16480	18584	
9635	0	31748	33460	16461	18786	
9636	0	32321	33884	16434	19030	
9637	0	32889	34116	16428	19232	
9638	0	32948	34228	16400	19588	
9639	0	33530	34442	16520	19890	
9640	0	33516	35116	16560	20220	
9641	0	33700	35354	16718	20548	
9642	0	33900	35628	16776	20956	
9643	0	34232	36290	16963	21348	
9644	0	34384	36765	17089	21772	
9645	0	34932	36944	17290	22192	
9646	0	35456	37616	17493	22610	
9647	0	36536	37960	17636	22976	
9648	0	36844	37956	17893	23428	
9649	0	37504	38556	18120	23952	
9650	0	37442	38380	18337	24382	
9651	0	37532	38904	18576	24846	
9652	0	38208	39356	18802	25304	
9653	0	38360	39234	18973	25753	
9654	0	38652	39144	19274	26156	
9655	0	38820	39232	19502	26588	
9656	0	38924	39426	19676	26992	
9657	0	38660	39996	19960	27308	
9658	0	37904	39328	20114	27749	
9659	0	37673	38864	20362	28097	
9660	0	37184	38424	20517	28473	
9661	0	36868	38280	20800	28792	
9662	0	36304	37940	21012	29128	
9663	0	36301	37384	21220	29392	
9664	0	36816	36938	21358	29740	
9665	0	37056	36464	21592	30018	
9666	0	36944	36000	21768	30280	
9667	0	36646	35916	21985	30549	
9668	0	36308	35848	22190	30820	
9669	0	35933	36272	22368	31041	
9670	0	35600	36712	22626	31232	
9671	0	35044	36764	22744	31568	
9672	0	34352	36920	23003	31732	
9673	0	33912	36688	23216	31944	
9674	0	33692	36548	23430	32144	
9675	0	33888	36736	23628	32352	
9676	0	33780	36680	23889	32480	
9677	0	33972	36610	24097	32685	
9678	0	33940	36572	24332	32888	
9679	0	34156	36472	24548	33121	
9680	0	34664	36428	24790	33224	
9681	0	37680	30376	25060	33388	
9682	0	28188	41052	25252	33560	
9683	0	35592	38996	25468	33708	
9684	0	42484	27181	25798	33873	
9685	0	37076	45616	25876	34029	
9686	0	34234	41276	26200	34181	
9687	0	29232	41348	26404	34368	
9688	0	29800	39192	26704	34533	
9689	0	35562	38224	26952	34670	
9690	0	36946	38084	27176	34776	
9691	0	37202	45448	27356	34930	
9692	0	21172	48704	27604	35152	
9693	0	33352	49012	27824	35348	
9694	0	35149	41432	28088	35500	
9695	0	35656	33624	28381	35696	
9696	0	36340	35666	28600	35824	
9697	0	37068	34556	28836	36008	
9698	0	35472	34976	29064	36258	
9699	0	34984	35756	29300	36372	
9700	0	34632	36100	29536	36548	
9701	0	35308	35828	29778	36764	
9702	0	35804	36464	30024	36996	
9703	0	35604	37292	30284	37249	
9704	0	35552	37489	30544	37456	
9705	0	35432	37064	30821	37608	
9706	0	35308	36820	31108	37904	
9707	0	35216	36680	31380	38152	
9708	0	35184	36728	31676	38436	
9709	0	35173	36745	31993	38588	
9710	0	35100	36792	32324	38972	
9711	0	35084	36874	32641	39232	
9712	0	35013	36888	32964	39516	
9713	0	35056	37036	33333	39736	
9714	0	35072	37156	33632	40050	
9715	0	35040	37200	33982	40236	
9716	0	35040	37204	34340	40549	
9717	0	35096	37374	34721	40850	
9718	0	35026	37312	35024	41158	
9719	0	35048	37288	35428	41428	
9720	0	34866	37289	35702	41760	
9721	0	35048	37346	36057	42084	
9722	0	35112	37400	36432	42213	
9723	0	35180	37384	36704	42472	
9724	0	35189	37240	37004	42776	
9725	0	35126	37300	37300	43012	
9726	0	35176	37312	37612	43200	
9727	0	35080	37124	37896	43408	
9728	0	35064	37256	38164	43592	
9729	0	35332	36824	38504	43804	
9730	0	35387	36728	38668	43960	
9731	0	35400	36637	38917	44113	
9732	0	35345	36609	39080	44276	
9733	0	35220	36596	39400	44420	
9734	0	35700	36280	39556	44536	
9735	0	35788	36140	39652	44651	
9736	0	35557	36116	39922	44760	
9737	0	35764	36065	40000	44868	
9738	0	35488	36244	40248	44960	
9739	0	35448	36336	40312	44992	
9740	0	35317	36249	40458	45096	
9741	0	36172	36008	40562	45122	
9742	0	36360	36498	40780	45148	
9743	0	36368	37156	40800	45168	
9744	0	36312	37434	40929	45208	
9745	0	35900	36888	41010	45264	
9746	0	35094	35593	41120	45256	
9747	0	35680	34745	41304	45216	
9748	0	35776	35186	41312	45216	
9749	0	36457	36369	41289	45188	
9750	0	36796	37410	41372	45204	
9751	0	36946	38104	41504	45152	
9752	0	37108	38153	41477	45136	
9753	0	36704	38644	41456	45034	
9754	0	35036	39288	41500	44968	
9755	0	35937	40724	41512	44906	
9756	0	36586	41856	41568	44832	
9757	0	37072	43225	41509	44768	
9758	0	37184	44456	41508	44633	
9759	0	36880	44874	41524	44536	
9760	0	37925	44180	41501	44432	
9761	0	37569	43368	41480	44304	
9762	0	36448	41512	41460	44192	
9763	0	34784	39192	41536	44088	
9764	0	34594	36517	41564	43906	
9765	0	35540	34386	41384	43696	
9766	0	36340	33760	41340	43540	
9767	0	34680	32684	41300	43448	
9768	0	32248	30522	41329	43209	
9769	0	32042	31272	41208	43056	
9770	0	31756	30258	41144	42984	
9771	0	32204	30312	41100	42720	
9772	0	32040	30240	41084	42552	
9773	0	31112	30456	41048	42388	
9774	0	29953	31836	40972	42192	
9775	0	31468	31708	40932	42148	
9776	0	31712	31741	40952	42014	
9777	0	31456	32494	40972	41856	
9778	0	31384	33274	40884	41704	
9779	0	31820	33922	40898	41546	
9780	0	31948	34288	40876	41482	
9781	0	32168	34640	40968	41424	
9782	0	32868	34648	40864	41408	
9783	0	33673	35040	40880	41308	
9784	0	33344	35576	40968	41160	
9785	0	33868	35905	40912	41000	
9786	0	34661	36080	41026	40986	
9787	0	34624	36236	41010	40866	
9788	0	35056	36496	40912	40760	
9789	0	35304	36416	40892	40692	
9790	0	35648	36420	40868	40492	
9791	0	35214	37240	40844	40454	
9792	0	35296	37696	40780	40217	
9793	0	34789	38252	40785	40040	
9794	0	34853	38500	40684	39858	
9795	0	35556	39208	40660	39692	
9796	0	36109	39370	40545	39556	
9797	0	37081	39308	40304	39224	
9798	0	37932	39320	40160	38984	
9799	0	38496	39112	39970	38716	
9800	0	39516	39301	39868	38501	
9801	0	39228	38802	39572	38232	
9802	0	38841	38352	39346	37892	
9803	0	38300	38072	39128	37596	
9804	0	37720	38253	38834	37210	
9805	0	37169	38176	38624	36900	
9806	0	37193	38816	38312	36456	
9807	0	35860	37928	38056	36100	
9808	0	36029	37434	37650	35752	
9809	0	36000	37065	37306	35416	
9810	0	36240	36614	37032	35048	
9811	0	36576	36108	36706	34644	
9812	0	37641	35932	36260	34280	
9813	0	37916	35778	35960	33816	
9814	0	37501	35901	35512	33436	
9815	0	35976	35865	35136	33006	
9816	0	35592	36712	34704	32700	
9817	0	34512	36608	34316	32265	
9818	0	33988	36765	33876	31932	
9819	0	33744	36464	33468	31474	
9820	0	33768	36204	33049	31128	
9821	0	34016	36104	32664	30736	
9822	0	34090	35808	32252	30357	
9823	0	46484	34190	31788	29986	
9824	0	28824	33193	31361	29664	
9825	0	37932	40352	30936	29272	
9826	0	30692	40684	30514	28932	
9827	0	36856	47332	30012	28596	
9828	0	32556	35652	29653	28256	
9829	0	29396	47196	29192	27960	
9830	0	35296	32576	28810	27688	
9831	0	44464	54680	28292	27340	
9832	0	25389	55244	27940	27056	
9833	0	30833	44736	27472	26816	
9834	0	34632	32232	27128	26552	
9835	0	37776	32704	26700	26256	
9836	0	36080	32742	26300	26016	
9837	0	36768	35170	25860	25828	
9838	0	35368	34824	25448	25632	
9839	0	34869	36892	25065	25408	
9840	0	35436	36681	24748	25182	
9841	0	36392	36416	24372	25027	
9842	0	36064	37356	23972	24900	
9843	0	35537	37320	23712	24728	
9844	0	35720	36732	23357	24617	
9845	0	35944	36448	23040	24534	
9846	0	35776	36732	22816	24440	
9847	0	35365	36896	22548	24368	
9848	0	35353	36812	22280	24300	
9849	0	35222	36532	22052	24272	
9850	0	35224	36396	21808	24252	
9851	0	35210	36544	21560	24312	
9852	0	35012	36649	21400	24282	
9853	0	34988	36600	21217	24252	
9854	0	34814	36720	21100	24322	
9855	0	35020	37048	20908	24380	
9856	0	35120	37176	20798	24432	
9857	0	34993	37176	20661	24482	
9858	0	34930	37096	20466	24584	
9859	0	34986	37050	20394	24700	
9860	0	34916	36978	20244	24708	
9861	0	35034	37060	20166	24762	
9862	0	35264	37264	20065	24829	
9863	0	35258	37466	19905	24872	
9864	0	35312	37684	19846	24929	
9865	0	35380	37824	19744	25028	
9866	0	35361	37736	19649	25025	
9867	0	35296	37477	19514	25065	
9868	0	35604	37034	19406	25051	
9869	0	35536	36712	19282	25010	
9870	0	35400	36306	19112	25024	
9871	0	34948	36264	19000	25074	
9872	0	35520	35028	18916	25006	
9873	0	35421	35584	18686	24952	
9874	0	35992	36416	18616	24882	
9875	0	36128	37424	18464	24852	
9876	0	35968	37664	18328	24808	
9877	0	35712	37696	18176	24795	
9878	0	35682	36984	17976	24708	
9879	0	35644	36072	17864	24612	
9880	0	35052	34666	17736	24500	
9881	0	34497	33808	17507	24473	
9882	0	34964	33052	17377	24380	
9883	0	36312	34776	17302	24292	
9884	0	37148	38904	17090	24253	
9885	0	37060	40480	16940	24146	
9886	0	36532	38922	16834	24101	
9887	0	36572	37600	16696	23948	
9888	0	35892	36992	16554	23912	
9889	0	36552	36212	16423	23840	
9890	0	35464	37144	16274	23760	
9891	0	36676	36010	16142	23776	
9892	0	35564	35640	16005	23643	
9893	0	36104	36936	15828	23659	
9894	0	36738	38624	15728	23606	
9895	0	37002	40962	15657	23520	
9896	0	37525	42856	15516	23520	
9897	0	37465	44192	15311	23365	
9898	0	37788	44552	15309	23400	
9899	0	37804	44296	15124	23353	
9900	0	36637	43236	15038	23308	
9901	0	35893	41352	14956	23289	
9902	0	35657	38772	14862	23269	
9903	0	36404	37252	14764	23270	
9904	0	36261	35228	14664	23224	
9905	0	33468	32696	14542	23137	
9906	0	32676	30041	14441	23141	
9907	0	33053	28156	14421	23090	
9908	0	34476	29268	14334	23120	
9909	0	31280	30656	14258	23116	
9910	0	29264	30946	14181	23124	
9911	0	29540	31261	14156	23122	
9912	0	31073	32728	14073	23190	
9913	0	30848	33113	14116	23257	
9914	0	31500	33292	14111	23300	
9915	0	32272	33492	14120	23396	
9916	0	32666	33824	14109	23544	
9917	0	33146	34097	14230	23732	
9918	0	33778	34157	14252	23834	
9919	0	34106	34400	14350	24101	
9920	0	34388	34536	14499	24346	
9921	0	34628	34732	14628	24619	
9922	0	34952	34928	14787	24778	
9923	0	34970	35232	14926	25204	
9924	0	35061	35808	15119	25524	
9925	0	34893	36205	15360	25852	
9926	0	35156	36832	15578	26242	
9927	0	34776	37204	15812	26580	
9928	0	34360	37612	16058	26940	
9929	0	34189	38052	16320	27370	
9930	0	34141	38165	16612	27716	
9931	0	34278	38253	16824	28204	
9932	0	35156	38228	17140	28564	
9933	0	35680	38336	17380	28976	
9934	0	36748	38176	17656	29356	
9935	0	37816	39276	17968	29725	
9936	0	38008	39328	18252	30104	
9937	0	37412	38457	18505	30480	
9938	0	37276	38176	18773	30864	
9939	0	36705	38140	19053	31188	
9940	0	36540	38612	19354	31532	
9941	0	36636	39072	19568	31864	
9942	0	36569	39196	19810	32190	
9943	0	36768	39104	20073	32480	
9944	0	36624	38626	20346	32788	
9945	0	36613	38330	20524	33045	
9946	0	36421	37532	20808	33360	
9947	0	36722	37228	21052	33592	
9948	0	37168	36512	21177	33872	
9949	0	37426	36188	21436	34084	
9950	0	37514	35942	21620	34168	
9951	0	37137	36065	21900	34580	
9952	0	36844	36524	22068	34816	
9953	0	36328	37221	22284	34992	
9954	0	36004	37696	22457	35232	
9955	0	35916	37185	22739	35432	
9956	0	34760	36324	22893	35625	
9957	0	35156	36232	23136	35780	
9958	0	34384	35962	23328	35972	
9959	0	33951	36032	23600	36192	
9960	0	33472	35912	23780	36340	
9961	0	33084	35824	24058	36580	
9962	0	31888	36481	24272	36718	
9963	0	41840	18929	24608	36936	
9964	0	38196	40324	24672	37092	
9965	0	36960	27666	25028	37228	
9966	0	36064	51884	25116	37420	
9967	0	27464	42998	25429	37596	
9968	0	32628	40968	25652	37588	
9969	0	42832	38145	25976	37856	
9970	0	38252	53200	26157	38000	
9971	0	29732	54080	26504	38214	
9972	0	31988	43552	26636	38324	
9973	0	35308	33413	27025	38392	
9974	0	36752	35608	27238	38644	
9975	0	38080	32772	27548	38800	
9976	0	36744	35696	27797	38892	
9977	0	35396	35732	28044	39072	
9978	0	35240	36372	28336	39196	
9979	0	35766	36540	28600	39276	
9980	0	35592	35808	28876	39401	
9981	0	36196	36408	29156	39596	
9982	0	35808	36392	29440	39824	
9983	0	35604	36408	29733	39909	
9984	0	35792	36388	30040	40112	
9985	0	35707	36712	30356	40248	
9986	0	35800	36764	30684	40304	
9987	0	35840	36649	31024	40480	
9988	0	35736	36438	31380	40716	
9989	0	35514	36480	31736	40878	
9990	0	35572	36568	32077	41024	
9991	0	35701	36764	32442	41280	
9992	0	35308	36928	32825	41328	
9993	0	35296	37008	33204	41550	
9994	0	35076	36804	33600	41784	
9995	0	34876	36412	34044	41884	
9996	0	35000	36418	34390	42060	
9997	0	35314	36516	34784	42120	
9998	0	35508	36394	35261	42249	
9999	0	35180	36877	35596	42340	
10000	0	35540	37132	35953	42564	
10001	0	35460	37478	36332	42660	
10002	0	35044	37680	36756	42680	
10003	0	35220	37618	37068	42736	
10004	0	35392	37372	37516	42829	
10005	0	35468	37292	37810	42844	
10006	0	35594	37296	38074	42972	
10007	0	35624	37280	38452	42973	
10008	0	35548	37212	38708	42920	
10009	0	35522	37268	38920	42897	
10010	0	35584	37204	39185	42956	
10011	0	35572	37200	39392	42880	
10012	0	35676	37032	39620	42842	
10013	0	35708	37048	39805	42792	
10014	0	35336	37216	39996	42700	
10015	0	35485	36920	40284	42629	
10016	0	35688	37128	40372	42564	
10017	0	35506	36944	40498	42488	
10018	0	35640	36754	40736	42500	
10019	0	35520	36786	40792	42360	
10020	0	35544	36802	40920	42384	
10021	0	35725	37105	41020	42196	
10022	0	35792	37240	41120	42208	
10023	0	35837	37252	41304	42132	
10024	0	36024	37370	41412	41980	
10025	0	36010	37664	41452	41912	
10026	0	36016	37800	41568	41920	
10027	0	36032	37818	41645	41804	
10028	0	35817	37988	41816	41692	
10029	0	35808	37976	41832	41752	
10030	0	35728	38176	41904	41588	
10031	0	35276	38704	42008	41492	
10032	0	35302	39184	42080	41460	
10033	0	36544	39524	42141	41464	
10034	0	36692	39272	42304	41376	
10035	0	35928	39760	42378	41252	
10036	0	35457	40808	42473	41152	
10037	0	36256	41376	42444	41064	
10038	0	37040	41857	42608	40956	
10039	0	36672	42504	42566	40928	
10040	0	36426	42464	42685	40889	
10041	0	36872	41692	42692	40808	
10042	0	36872	41396	42828	40612	
10043	0	35909	39417	42808	40632	
10044	0	37564	38988	42864	40513	
10045	0	36444	39154	42996	40432	
10046	0	34422	37476	43040	40292	
10047	0	32740	35805	43012	40229	
10048	0	31948	34436	43144	40113	
10049	0	33404	33936	43092	39961	
10050	0	36664	34653	43136	39916	
10051	0	35740	34416	43192	39816	
10052	0	34068	33513	43324	39664	
10053	0	34216	30356	43360	39492	
10054	0	33232	32168	43300	39376	
10055	0	32926	34832	43332	39292	
10056	0	30324	34536	43364	39096	
10057	0	30474	34433	43392	38928	
10058	0	31036	34528	43452	38740	
10059	0	30624	33988	43464	38596	
10060	0	31160	34204	43425	38368	
10061	0	31832	34556	43440	38204	
10062	0	32149	34830	43404	37990	
10063	0	33041	35234	43392	37746	
10064	0	33194	35780	43388	37496	
10065	0	32932	36408	43292	37248	
10066	0	32772	37000	43248	37000	
10067	0	32220	37056	43182	36738	
10068	0	32516	38646	43114	36468	
10069	0	32364	39226	43020	36196	
10070	0	33005	39568	42908	35928	
10071	0	33300	39380	42802	35632	
10072	0	33372	39818	42696	35365	
10073	0	33401	39780	42569	35065	
10074	0	33252	40096	42400	34790	
10075	0	32844	40480	42308	34504	
10076	0	32612	40808	42096	34229	
10077	0	32554	41191	41948	33921	
10078	0	32724	41484	41752	33616	
10079	0	32868	41668	41552	33370	
10080	0	33360	41704	41352	33052	
10081	0	33892	41434	41153	32798	
10082	0	34493	41048	40928	32521	
10083	0	35152	40636	40716	32244	
10084	0	35688	40196	40488	31920	
10085	0	36470	39648	40305	31684	
10086	0	37384	38853	40000	31421	
10087	0	37566	38848	39808	31156	
10088	0	37204	38472	39604	30912	
10089	0	37249	38066	39240	30617	
10090	0	37254	37272	39088	30401	
10091	0	37608	36945	38724	30126	
10092	0	38004	36320	38448	29933	
10093	0	38322	36064	38164	29700	
10094	0	38305	36289	37972	29444	
10095	0	38032	35790	37628	29249	
10096	0	37224	35570	37329	29012	
10097	0	28982	44336	37044	28797	
10098	0	32070	43912	36758	28568	
10099	0	30652	42801	36473	28376	
10100	0	31436	40460	36192	28164	
10101	0	38361	34257	35913	27965	
10102	0	43616	31954	35572	27793	
10103	0	34354	44744	35298	27589	
10104	0	33420	42540	35000	27412	
10105	0	35104	37776	34732	27212	
10106	0	35708	38292	34368	27040	
10107	0	35612	36788	34120	26904	
10108	0	33925	35368	33820	26732	
10109	0	34876	37616	33521	26548	
10110	0	34580	37356	33293	26421	
10111	0	34578	37120	33008	26266	
10112	0	34629	36908	32730	26121	
10113	0	34762	37444	32521	25980	
10114	0	34680	37500	32281	25826	
10115	0	34549	37357	32040	25662	
10116	0	34804	37364	31846	25540	
10117	0	34444	37068	31650	25396	
10118	0	34753	37300	31493	25249	
10119	0	34668	37088	31328	25100	
10120	0	34624	37257	31174	24952	
10121	0	34568	37280	31033	24812	
10122	0	34690	37220	30914	24642	
10123	0	34736	37312	30808	24488	
10124	0	34596	37044	30692	24312	
10125	0	35124	38218	30600	24142	
10126	0	34400	37008	30512	23949	
10127	0	34720	37256	30432	23776	
10128	0	34900	37404	30352	23578	
10129	0	34656	37152	30272	23392	
10130	0	34884	37300	30194	23168	
10131	0	34940	37368	30120	22956	
10132	0	34848	37230	30044	22761	
10133	0	34922	37288	29956	22539	
10134	0	35072	37248	29900	22295	
10135	0	34976	37345	29826	22093	
10136	0	34804	37096	29740	21850	
10137	0	35084	37232	29658	21660	
10138	0	35016	37053	29564	21412	
10139	0	35024	37100	29492	21197	
10140	0	35040	37136	29392	20994	
10141	0	35008	36624	29306	20793	
10142	0	35020	37184	29217	20618	
10143	0	35004	37176	29101	20427	
10144	0	35212	36980	29000	20240	
10145	0	35348	37084	28877	20036	
10146	0	34960	36709	28801	19890	
10147	0	35288	37076	28668	19706	
10148	0	35360	37140	28591	19560	
10149	0	35344	37193	28460	19420	
10150	0	35261	37061	28364	19337	
10151	0	35338	37061	28252	19170	
10152	0	35348	37636	28148	19080	
10153	0	35240	37072	28041	18998	
10154	0	35201	37324	27909	18932	
10155	0	35236	36816	27809	18846	
10156	0	35453	36976	27705	18753	
10157	0	35496	36936	27589	18736	
10158	0	35324	36800	27466	18685	
10159	0	35504	36844	27312	18659	
10160	0	35562	37096	27244	18668	
10161	0	35316	37212	27136	18611	
10162	0	35336	37024	26960	18632	
10163	0	35442	37260	26882	18652	
10164	0	35132	37221	26788	18686	
10165	0	35380	37368	26672	18646	
10166	0	35512	37604	26550	18747	
10167	0	36032	37924	26444	18786	
10168	0	35993	38144	26329	18802	
10169	0	35980	38564	26248	18844	
10170	0	35776	38880	26148	18922	
10171	0	35504	39396	26016	19064	
10172	0	35842	40004	25886	19115	
10173	0	35993	40276	25840	19245	
10174	0	35568	40712	25752	19344	
10175	0	34488	41444	25653	19456	
10176	0	34180	42288	25504	19578	
10177	0	34616	43544	25458	19705	
10178	0	34360	44064	25344	19864	
10179	0	34292	42736	25330	20002	
10180	0	34405	42096	25253	20166	
10181	0	37544	40816	25186	20348	
10182	0	37962	39649	25168	20524	
10183	0	36656	38712	25138	20732	
10184	0	37108	37812	25144	20936	
10185	0	35252	37093	25108	21157	
10186	0	33404	35564	25080	21389	
10187	0	33022	34728	25085	21632	
10188	0	32208	33996	25149	21876	
10189	0	37876	33410	25216	22132	
10190	0	36705	33772	25228	22408	
10191	0	34940	31829	25316	22672	
10192	0	34828	29092	25393	22944	
10193	0	35740	32672	25458	23232	
10194	0	31681	32928	25544	23494	
10195	0	31012	33003	25633	23802	
10196	0	31064	33500	25766	24068	
10197	0	31080	33292	25856	24378	
10198	0	31346	33646	26002	24634	
10199	0	31176	33928	26146	24928	
10200	0	31596	34312	26252	25222	
10201	0	31736	34594	26428	25538	
10202	0	32604	34908	26585	25810	
10203	0	32868	35380	26754	26096	
10204	0	32704	35584	26900	26424	
10205	0	32760	35960	27044	26664	
10206	0	33088	36324	27258	26948	
10207	0	33392	36732	27429	27232	
10208	0	33669	37020	27632	27520	
10209	0	33764	37312	27832	27848	
10210	0	33856	37504	28036	28112	
10211	0	34168	38048	28216	28344	
10212	0	34060	38081	28438	28624	
10213	0	34409	38384	28592	28904	
10214	0	35438	38052	28842	29184	
10215	0	36304	38068	29060	29509	
10216	0	36912	38016	29296	29725	
10217	0	37496	37424	29512	30045	
10218	0	37592	37432	29732	30256	
10219	0	37915	37977	29960	30536	
10220	0	37352	37896	30186	30774	
10221	0	37032	37593	30402	31058	
10222	0	36200	37101	30641	31288	
10223	0	35040	36424	30872	31612	
10224	0	34240	36274	31104	31868	
10225	0	33920	36756	31340	32040	
10226	0	33728	36874	31585	32281	
10227	0	33981	37164	31806	32520	
10228	0	34388	37336	32058	32810	
10229	0	34088	36556	32262	33060	
10230	0	34532	36780	32501	33265	
10231	0	34992	36657	32780	33569	
10232	0	34996	36185	33012	33712	
10233	0	35008	35964	33248	33912	
10234	0	34996	36012	33410	34145	
10235	0	35016	36252	33642	34352	
10236	0	35132	36216	33872	34572	
10237	0	34960	36936	34140	34888	
10238	0	35138	37600	34316	34984	
10239	0	34544	36952	34544	35250	
10240	0	34732	36572	34696	35446	
10241	0	48244	37624	34896	35620	
10242	0	28274	38528	35060	35904	
10243	0	37581	40860	35292	35975	
10244	0	40780	29946	35467	36269	
10245	0	31856	51917	35649	36425	
10246	0	27324	40736	35816	36596	
10247	0	29552	40058	35952	36756	
10248	0	34632	40080	36108	36888	
10249	0	35025	41148	36301	37072	
10250	0	33724	38320	36421	37260	
10251	0	30964	41684	36582	37470	
10252	0	39880	42501	36748	37664	
10253	0	34720	43716	36897	37904	
10254	0	33940	41408	37024	38101	
10255	0	36417	36764	37176	38336	
10256	0	36410	35117	37380	38520	
10257	0	36340	34930	37552	38628	
10258	0	36668	34836	37672	38936	
10259	0	35768	35423	37859	39064	
10260	0	35708	36198	38056	39344	
10261	0	35789	36660	38160	39628	
10262	0	35884	36837	38292	39724	
10263	0	35989	37242	38472	40064	
10264	0	36106	37464	38658	40197	
10265	0	35961	37345	38968	40496	
10266	0	35834	37352	39186	40840	
10267	0	35522	37120	39404	41064	
10268	0	35394	36936	39554	41312	
10269	0	34988	36740	39825	41484	
10270	0	34657	36924	40096	41796	
10271	0	35292	36393	40424	42152	
10272	0	34929	36329	40692	42308	
10273	0	35260	36044	40912	42588	
10274	0	35248	36220	41256	42936	
10275	0	35248	36356	41528	43124	
10276	0	35293	36628	41853	43436	
10277	0	35008	36548	42177	43688	
10278	0	34856	36676	42520	43988	
10279	0	34857	36788	42944	44232	
10280	0	34768	36868	43164	44393	
10281	0	34692	37002	43540	44672	
10282	0	34658	37128	43816	44816	
10283	0	34828	37106	44112	44992	
10284	0	34617	37720	44460	45196	
10285	0	35562	37262	44676	45312	
10286	0	35048	37480	44944	45504	
10287	0	35384	37476	45192	45580	
10288	0	35424	37272	45444	45670	
10289	0	35472	36914	45724	45768	
10290	0	35564	36212	45912	45836	
10291	0	35288	36088	46092	45840	
10292	0	35944	37108	46336	45888	
10293	0	35297	37994	46496	45840	
10294	0	35932	37969	46644	45808	
10295	0	35732	36788	46849	45737	
10296	0	35181	35568	46944	45700	
10297	0	35112	34226	47128	45632	
10298	0	34824	33120	47168	45497	
10299	0	34836	32624	47268	45400	
10300	0	35136	35180	47368	45324	
10301	0	35688	39792	47456	45212	
10302	0	36552	41306	47516	45080	
10303	0	37148	39132	47608	44944	
10304	0	37049	36756	47613	44740	
10305	0	35176	35520	47684	44640	
10306	0	35216	35056	47708	44436	
10307	0	35768	35588	47772	44274	
10308	0	35920	36697	47704	44160	
10309	0	36220	37364	47732	43936	
10310	0	36328	37904	47788	43812	
10311	0	36624	38290	47712	43592	
10312	0	37114	38882	47745	43416	
10313	0	37136	39825	47656	43293	
10314	0	35146	42272	47644	43072	
10315	0	35792	44872	47576	42920	
10316	0	36552	46304	47560	42748	
10317	0	36480	46184	47448	42516	
10318	0	36996	44744	47428	42344	
10319	0	36372	42468	47345	42144	
10320	0	34908	39796	47214	41928	
10321	0	34692	37832	47152	41680	
10322	0	34404	36440	47056	41522	
10323	0	34973	33266	46948	41292	
10324	0	34736	33961	46884	41020	
10325	0	33200	31820	46808	40832	
10326	0	32140	31292	46648	40568	
10327	0	32994	30608	46604	40333	
10328	0	33716	30144	46440	40104	
10329	0	33752	30508	46404	39832	
10330	0	30374	29080	46256	39608	
10331	0	32120	29876	46184	39356	
10332	0	32281	30345	46144	39128	
10333	0	32266	31620	46044	38880	
10334	0	32068	32596	46008	38664	
10335	0	32089	33576	45888	38456	
10336	0	32428	34444	45848	38240	
10337	0	32872	34736	45793	38028	
10338	0	33344	35360	45817	37808	
10339	0	32904	35568	45722	37609	
10340	0	33412	35836	45688	37472	
10341	0	33544	36184	45641	37232	
10342	0	34685	36188	45664	37112	
10343	0	35332	36177	45576	36921	
10344	0	35440	36352	45568	36708	
10345	0	35196	36780	45488	36564	
10346	0	35076	37648	45449	36368	
10347	0	34318	38288	45376	36228	
10348	0	33828	39804	45264	36012	
10349	0	33618	39732	45180	35828	
10350	0	34108	40256	45064	35556	
10351	0	34884	40128	44925	35420	
10352	0	35900	40046	44856	35164	
10353	0	37284	39640	44692	34968	
10354	0	38825	39696	44508	34696	
10355	0	39640	40489	44237	34445	
10356	0	39680	38782	44036	34194	
10357	0	39232	38080	43792	33912	
10358	0	37612	37674	43584	33588	
10359	0	36508	37980	43269	33260	
10360	0	35536	38600	43000	32976	
10361	0	35296	38932	42688	32720	
10362	0	34997	38709	42378	32382	
10363	0	35376	38200	42048	32040	
10364	0	36880	37840	41720	31696	
10365	0	37240	36380	41504	31356	
10366	0	37572	35197	41100	30949	
10367	0	37496	34844	40682	30594	
10368	0	36516	35844	40292	30306	
10369	0	35300	36556	39928	29968	
10370	0	34634	36856	39540	29572	
10371	0	34034	36653	39193	29253	
10372	0	33892	36296	38756	28837	
10373	0	33881	36320	38392	28520	
10374	0	33488	36336	37992	28176	
10375	0	33248	36637	37600	27848	
10376	0	33293	36708	37296	27457	
10377	0	34216	37152	36816	27148	
10378	0	31329	35088	36408	26829	
10379	0	44012	23134	36041	26508	
10380	0	32142	44256	35632	26128	
10381	0	46888	27080	35208	25809	
10382	0	32872	49001	34816	25548	
10383	0	33675	38896	34412	25256	
10384	0	26304	43620	34053	24925	
10385	0	32956	42529	33664	24656	
10386	0	35904	39128	33281	24361	
10387	0	40656	40512	32914	24120	
10388	0	33965	43186	32492	23836	
10389	0	24748	46788	32144	23574	
10390	0	32825	45340	31804	23360	
10391	0	37321	37712	31432	23073	
10392	0	38452	34034	31100	22876	
10393	0	36288	34314	30692	22646	
10394	0	36122	34069	30352	22464	
10395	0	35202	35338	30010	22225	
10396	0	34837	36124	29674	22083	
10397	0	35906	36417	29333	21878	
10398	0	35816	37072	29036	21754	
10399	0	35896	37688	28733	21588	
10400	0	35241	37505	28420	21498	
10401	0	35764	37016	28160	21396	
10402	0	35624	36848	27904	21302	
10403	0	35216	36748	27652	21250	
10404	0	35064	36741	27441	21216	
10405	0	34962	36524	27238	21193	
10406	0	34828	36420	27042	21186	
10407	0	34832	36520	26860	21176	
10408	0	34688	36630	26736	21234	
10409	0	34820	36704	26613	21272	
10410	0	34604	36705	26496	21326	
10411	0	34656	37064	26370	21404	
10412	0	34457	37236	26285	21484	
10413	0	34584	37369	26128	21576	
10414	0	34788	37408	26090	21673	
10415	0	34884	37492	26028	21771	
10416	0	34780	37424	25969	21874	
10417	0	34780	37496	25868	21980	
10418	0	34696	37601	25801	22080	
10419	0	34572	37712	25728	22168	
10420	0	34624	37704	25608	22260	
10421	0	34764	37583	25550	22332	
10422	0	34784	37664	25476	22414	
10423	0	34700	37781	25356	22466	
10424	0	34792	38104	25201	22525	
10425	0	35136	38096	25150	22552	
10426	0	35277	37844	24928	22573	
10427	0	35425	37248	24796	22625	
10428	0	35284	37020	24697	22616	
10429	0	35360	36796	24544	22612	
10430	0	34556	36572	24386	22614	
10431	0	35146	36480	24172	22622	
10432	0	35212	36096	24064	22640	
10433	0	35376	36464	23920	22606	
10434	0	35546	36576	23720	22612	
10435	0	35364	36588	23570	22602	
10436	0	35733	36441	23384	22612	
10437	0	35321	36772	23233	22616	
10438	0	34996	36064	23056	22628	
10439	0	35500	35124	22909	22649	
10440	0	35972	35212	22674	22634	
10441	0	35484	36332	22548	22634	
10442	0	35714	37680	22398	22644	
10443	0	35932	37328	22276	22673	
10444	0	36796	36620	22077	22677	
10445	0	36312	36440	22000	22721	
10446	0	35968	36682	21858	22752	
10447	0	36154	36521	21688	22817	
10448	0	36380	36692	21597	22800	
10449	0	36504	37276	21469	22836	
10450	0	35884	37224	21341	22824	
10451	0	35524	37290	21217	22880	
10452	0	36184	37140	21043	22896	
10453	0	36880	38884	20974	23005	
10454	0	36964	41633	20852	23004	
10455	0	38264	44024	20780	23050	
10456	0	38380	45989	20620	23120	
10457	0	37844	46752	20612	23160	
10458	0	37257	46168	20512	23178	
10459	0	36208	44664	20486	23244	
10460	0	34788	42468	20392	23328	
10461	0	34080	40180	20337	23300	
10462	0	34060	37824	20312	23370	
10463	0	34128	35210	20265	23404	
10464	0	32725	34813	20234	23517	
10465	0	31180	31632	20208	23528	
10466	0	30060	27844	20228	23628	
10467	0	31336	29336	20196	23709	
10468	0	32268	30880	20172	23828	
10469	0	30093	28261	20194	23896	
10470	0	30904	29712	20209	24040	
10471	0	31634	30341	20285	24200	
10472	0	32105	31721	20340	24402	
10473	0	31634	32484	20446	24521	
10474	0	32040	33264	20533	24736	
10475	0	32112	34004	20681	24924	
10476	0	32428	34186	20811	25176	
10477	0	32664	34233	20982	25392	
10478	0	33732	34420	21128	25666	
10479	0	34045	34578	21389	25888	
10480	0	34185	35241	21594	26233	
10481	0	34216	35616	21798	26524	
10482	0	34708	36393	22112	26813	
10483	0	34788	37042	22340	27160	
10484	0	35120	37820	22573	27428	
10485	0	34913	38424	22888	27778	
10486	0	34580	39080	23192	28152	
10487	0	34760	39832	23520	28436	
10488	0	35216	38870	23810	28760	
10489	0	36536	39696	24128	29105	
10490	0	37740	38752	24396	29437	
10491	0	39617	39856	24712	29716	
10492	0	40821	39116	24996	30036	
10493	0	40912	39284	25308	30310	
10494	0	40840	39608	25587	30592	
10495	0	39996	38724	25907	30885	
10496	0	39384	38116	26144	31124	
10497	0	38916	38148	26452	31354	
10498	0	37745	38348	26724	31640	
10499	0	36996	38416	26912	31826	
10500	0	36964	38372	27168	32110	
10501	0	36608	38296	27384	32254	
10502	0	37108	38036	27684	32440	
10503	0	37441	37176	27901	32641	
10504	0	37884	36232	28128	32828	
10505	0	38048	35620	28352	33036	
10506	0	37248	35808	28554	33148	
10507	0	35464	35956	28748	33376	
10508	0	33256	36316	28968	33424	
10509	0	31593	36508	29173	33580	
10510	0	30968	36608	29381	33704	
10511	0	31178	36784	29572	33836	
10512	0	31740	37304	29780	34028	
10513	0	31792	37570	29978	34096	
10514	0	32560	38376	30180	34224	
10515	0	32828	37604	30392	34321	
10516	0	33732	37088	30592	34488	
10517	0	34008	35880	30792	34516	
10518	0	41016	19972	31072	34624	
10519	0	37520	39584	31208	34752	
10520	0	44104	31572	31392	34816	
10521	0	37428	45744	31588	34884	
10522	0	34584	43532	31812	34884	
10523	0	28128	40336	32005	34976	
10524	0	30784	43528	32248	35092	
10525	0	33280	39700	32437	35064	
10526	0	38124	39468	32650	35136	
10527	0	37512	42229	32865	35204	
10528	0	32416	42272	33076	35276	
10529	0	27442	48064	33254	35329	
10530	0	35504	46836	33497	35420	
10531	0	37392	37944	33684	35512	
10532	0	37264	34145	33912	35696	
10533	0	36800	33210	34146	35696	
10534	0	36440	33656	34372	35920	
10535	0	34713	35122	34656	35929	
10536	0	35074	36706	34872	36120	
10537	0	35852	36676	35092	36216	
10538	0	35994	37202	35390	36440	
10539	0	35948	37849	35653	36536	
10540	0	35792	37408	35944	36717	
10541	0	35884	36740	36196	36912	
10542	0	35900	36780	36496	37212	
10543	0	35520	36809	36874	37448	
10544	0	34900	36896	37220	37596	
10545	0	35176	36568	37472	37962	
10546	0	35072	36464	37836	38148	
10547	0	35089	36338	38201	38437	
10548	0	35068	36288	38656	38788	
10549	0	34875	36436	39000	39129	
10550	0	35102	36481	39484	39464	
10551	0	35372	36644	39852	39724	
10552	0	35256	36968	40177	39996	
10553	0	34944	37100	40584	40324	
10554	0	34892	37168	41000	40660	
10555	0	34736	37332	41416	41012	
10556	0	34781	37508	41968	41458	
10557	0	34888	37464	42332	41652	
10558	0	34892	37368	42752	42100	
10559	0	34936	37208	43064	42336	
10560	0	34940	37276	43452	42636	
10561	0	35064	37280	43904	42860	
10562	0	35220	37628	44188	43225	
10563	0	35201	37896	44556	43448	
10564	0	35264	37744	44884	43648	
10565	0	35344	37508	45172	43820	
10566	0	35684	36868	45484	44070	
10567	0	35468	36544	45814	44200	
10568	0	35213	35966	46057	44364	
10569	0	35146	35664	46340	44544	
10570	0	35256	35996	46504	44672	
10571	0	35308	36938	46776	44728	
10572	0	36041	37928	46920	44864	
10573	0	36573	37772	47098	44882	
10574	0	36617	36760	47361	44932	
10575	0	35849	36484	47488	45025	
10576	0	35328	36468	47584	45033	
10577	0	35400	35776	47748	45048	
10578	0	35640	34864	47912	45076	
10579	0	36194	34140	47956	45058	
10580	0	36368	35292	48136	45084	
10581	0	36160	36756	48220	45028	
10582	0	36516	37844	48241	44992	
10583	0	37180	39008	48296	44964	
10584	0	36660	39896	48324	44952	
10585	0	36402	41044	48424	44916	
10586	0	36632	42533	48492	44792	
10587	0	38176	43488	48428	44768	
10588	0	39560	44391	48524	44624	
10589	0	36940	46072	48520	44580	
10590	0	37480	46480	48460	44460	
10591	0	36804	45462	48420	44412	
10592	0	35672	43229	48448	44244	
10593	0	34488	40305	48392	44140	
10594	0	34336	37492	48372	44040	
10595	0	35173	35873	48312	43896	
10596	0	34145	34576	48250	43750	
10597	0	33440	31916	48138	43576	
10598	0	33444	31356	48096	43388	
10599	0	31452	28513	47988	43258	
10600	0	31428	28400	47872	43073	
10601	0	32760	28736	47760	42872	
10602	0	30818	29912	47745	42672	
10603	0	30112	28960	47636	42497	
10604	0	31392	29920	47524	42304	
10605	0	30178	31352	47508	42112	
10606	0	31368	31600	47432	41932	
10607	0	31176	32342	47320	41760	
10608	0	31296	33081	47277	41602	
10609	0	31901	33610	47244	41428	
10610	0	32489	33704	47228	41232	
10611	0	33132	34004	47232	41080	
10612	0	34192	34452	47212	40922	
10613	0	33736	35188	47184	40748	
10614	0	33774	35528	47144	40592	
10615	0	34604	36244	47120	40442	
10616	0	34908	36684	47096	40288	
10617	0	35138	36682	47060	40128	
10618	0	35362	37092	47036	39966	
10619	0	35380	37442	46929	39808	
10620	0	35752	37784	46928	39620	
10621	0	36460	37624	46821	39436	
10622	0	36524	38012	46730	39268	
10623	0	36646	39008	46696	39072	
10624	0	36344	39124	46568	38864	
10625	0	36828	40264	46408	38652	
10626	0	37632	40440	46192	38408	
10627	0	38038	40072	45996	38156	
10628	0	38700	40732	45824	37932	
10629	0	38924	39768	45632	37656	
10630	0	39172	39952	45332	37384	
10631	0	38580	38640	45064	37080	
10632	0	38568	37952	44804	36796	
10633	0	38192	37308	44512	36472	
10634	0	37624	36992	44180	36132	
10635	0	36988	36964	43824	35805	
10636	0	36380	36652	43461	35466	
10637	0	35744	35560	43096	35129	
10638	0	37106	36008	42720	34724	
10639	0	37432	35840	42324	34404	
10640	0	37569	35905	41948	34024	
10641	0	36900	36473	41580	33666	
10642	0	35968	36864	41288	33280	
10643	0	35216	37148	40748	32900	
10644	0	34680	36800	40388	32582	
10645	0	34533	36424	40049	32228	
10646	0	34252	36130	39628	31841	
10647	0	34192	35964	39234	31469	
10648	0	33896	36096	38720	31136	
10649	0	33572	35680	38352	30772	
10650	0	44466	34061	37964	30446	
10651	0	29362	40108	37426	30080	
10652	0	36572	39204	37100	29768	
10653	0	43476	29468	36748	29432	
10654	0	33224	49492	36300	29120	
10655	0	31832	38652	35856	28808	
10656	0	29462	42868	35476	28492	
10657	0	33300	42304	35080	28225	
10658	0	36380	42126	34669	27936	
10659	0	34360	36424	34268	27656	
10660	0	37864	37376	33852	27384	
10661	0	33020	39136	33464	27104	
10662	0	32128	42704	33096	26872	
10663	0	33194	47614	32665	26624	
10664	0	37489	40660	32281	26372	
10665	0	37904	36176	31870	26159	
10666	0	35876	35826	31501	25912	
10667	0	35748	35144	31096	25720	
10668	0	35908	35108	30716	25508	
10669	0	35400	35644	30352	25325	
10670	0	35578	35768	29965	25142	
10671	0	35848	35929	29601	24968	
10672	0	35876	36788	29232	24813	
10673	0	35905	37488	28876	24684	
10674	0	35620	37485	28532	24554	
10675	0	35680	37168	28193	24446	
10676	0	35493	36852	27841	24361	
10677	0	35336	36737	27545	24272	
10678	0	35344	36644	27224	24216	
10679	0	35008	36504	26888	24199	
10680	0	35172	36546	26660	24168	
10681	0	35068	36580	26340	24164	
10682	0	35008	36612	26118	24165	
10683	0	35028	36544	25832	24188	
10684	0	35096	36580	25622	24176	
10685	0	35276	36788	25404	24252	
10686	0	35208	37016	25129	24261	
10687	0	34954	37249	24993	24300	
10688	0	35000	37428	24758	24415	
10689	0	35048	37466	24589	24432	
10690	0	34954	37524	24302	24492	
10691	0	34937	37520	24136	24555	
10692	0	35074	37346	23976	24605	
10693	0	35144	37384	23750	24660	
10694	0	35064	37164	23513	24752	
10695	0	34984	36788	23350	24748	
10696	0	35068	36896	23156	24770	
10697	0	35248	37824	22937	24858	
10698	0	35192	37876	22635	24781	
10699	0	35696	38132	22436	24776	
10700	0	35788	37428	22220	24812	
10701	0	35652	36834	22008	24834	
10702	0	35356	36400	21692	24800	
10703	0	35092	36069	21450	24720	
10704	0	35272	35792	21261	24704	
10705	0	34920	34716	21016	24628	
10706	0	34776	34713	20748	24624	
10707	0	35784	34896	20448	24576	
10708	0	36544	38081	20213	24514	
10709	0	36180	39392	20008	24465	
10710	0	36549	37988	19741	24348	
10711	0	36176	36561	19526	24308	
10712	0	35476	35702	19192	24244	
10713	0	34768	34880	19056	24175	
10714	0	35649	33756	18824	24096	
10715	0	36064	34720	18512	24046	
10716	0	36612	36868	18317	23970	
10717	0	36688	38072	18078	23928	
10718	0	37536	38516	17876	23824	
10719	0	38084	38632	17702	23812	
10720	0	38266	39697	17470	23744	
10721	0	36400	40520	17310	23688	
10722	0	33908	42720	17062	23580	
10723	0	37480	43604	16853	23516	
10724	0	38124	44344	16680	23452	
10725	0	37640	45193	16517	23457	
10726	0	38804	45332	16410	23336	
10727	0	37269	44472	16194	23320	
10728	0	36385	42312	16040	23286	
10729	0	34936	39852	15900	23180	
10730	0	35240	36620	15770	23184	
10731	0	35617	35757	15641	23056	
10732	0	34645	34441	15516	23147	
10733	0	34178	30292	15408	23096	
10734	0	32848	28385	15266	23090	
10735	0	31452	28138	15151	23090	
10736	0	32080	29496	15082	22992	
10737	0	30137	31625	14970	23108	
10738	0	28336	30448	14856	23148	
10739	0	30416	31200	14823	23176	
10740	0	30820	32112	14754	23265	
10741	0	30677	32592	14784	23309	
10742	0	31088	33064	14763	23436	
10743	0	31732	33392	14832	23540	
10744	0	32378	33556	14852	23741	
10745	0	32680	33664	14929	23892	
10746	0	33500	33952	15015	24136	
10747	0	34153	33968	15092	24356	
10748	0	34528	34437	15269	24625	
10749	0	34644	34984	15441	24848	
10750	0	34461	35680	15626	25194	
10751	0	34008	36156	15828	25481	
10752	0	33872	36884	16001	25806	
10753	0	33616	37474	16294	26166	
10754	0	33376	37724	16538	26532	
10755	0	33504	38056	16820	26820	
10756	0	33904	38140	17088	27132	
10757	0	34380	37984	17405	27570	
10758	0	35516	38264	17677	27974	
10759	0	36680	37592	17994	28344	
10760	0	38236	38476	18300	28688	
10761	0	38880	38252	18625	29020	
10762	0	39404	38212	18915	29405	
10763	0	39404	37565	19162	29764	
10764	0	39756	38616	19490	30092	
10765	0	39136	38268	19776	30424	
10766	0	39257	38228	20130	30760	
10767	0	38828	38112	20410	31053	
10768	0	39264	37836	20644	31348	
10769	0	38456	37660	20962	31662	
10770	0	38052	37188	21276	31926	
10771	0	37460	36320	21539	32152	
10772	0	36984	35732	21808	32404	
10773	0	36744	35252	22109	32636	
10774	0	36400	35420	22371	32878	
10775	0	35736	35672	22625	33104	
10776	0	35224	35940	22848	33296	
10777	0	35240	36536	23114	33476	
10778	0	35104	36688	23352	33665	
10779	0	34884	36636	23625	33800	
10780	0	34612	36544	23846	34004	
10781	0	34288	36165	24118	34156	
10782	0	34004	36088	24336	34286	
10783	0	34396	35212	24548	34412	
10784	0	37237	39964	24780	34529	
10785	0	40564	38489	25020	34664	
10786	0	35032	42304	25222	34752	
10787	0	36768	44208	25504	34774	
10788	0	29118	43520	25738	34937	
10789	0	30496	46418	25921	35044	
10790	0	36816	39026	26230	35128	
10791	0	39904	41228	26396	35216	
10792	0	35640	41133	26696	35288	
10793	0	31764	38884	26923	35408	
10794	0	34520	41137	27134	35449	
10795	0	35033	40840	27396	35578	
10796	0	36272	38448	27620	35682	
10797	0	36196	36218	27886	35804	
10798	0	36040	35464	28144	35944	
10799	0	36220	35884	28412	36036	
10800	0	36068	35917	28672	36200	
10801	0	35904	36224	28924	36288	
10802	0	36044	36228	29192	36520	
10803	0	36080	36418	29484	36696	
10804	0	36064	36629	29748	36852	
10805	0	35940	36724	30060	37001	
10806	0	36005	36792	30348	37220	
10807	0	36004	36802	30668	37412	
10808	0	35966	36764	30996	37585	
10809	0	35760	36648	31309	37828	
10810	0	35744	36552	31644	38108	
10811	0	35668	36320	31988	38310	
10812	0	35664	36076	32352	38560	
10813	0	35665	35994	32753	38740	
10814	0	35493	35988	33082	39088	
10815	0	35420	36157	33480	39306	
10816	0	35356	36197	33909	39540	
10817	0	35560	36356	34240	39754	
10818	0	35818	36356	34640	39946	
10819	0	35424	36808	35122	40292	
10820	0	35225	37157	35448	40440	
10821	0	35146	37472	35932	40708	
10822	0	35374	37312	36260	40868	
10823	0	35336	37308	36668	41120	
10824	0	35400	37194	37036	41308	
10825	0	35552	36992	37444	41488	
10826	0	35568	36944	37788	41752	
10827	0	35544	36772	38241	41828	
10828	0	35500	36548	38572	42064	
10829	0	35560	36580	38828	42136	
10830	0	35625	36960	39136	42252	
10831	0	35689	37156	39452	42498	
10832	0	35960	37360	39828	42516	
10833	0	35920	37160	40024	42612	
10834	0	36106	36802	40285	42784	
10835	0	35694	36672	40545	42736	
10836	0	35569	36208	40756	42916	
10837	0	35442	36032	40976	42908	
10838	0	35029	35400	41336	42904	
10839	0	35720	34712	41488	43058	
10840	0	35904	34648	41664	43008	
10841	0	36217	35920	41796	43072	
10842	0	35988	37248	41876	43104	
10843	0	35984	37732	42049	43120	
10844	0	36202	37496	42144	43056	
10845	0	36384	36936	42276	43124	
10846	0	36044	36732	42376	43108	
10847	0	35836	36856	42481	43104	
10848	0	36200	36129	42656	43096	
10849	0	36376	35996	42744	43041	
10850	0	36360	35884	42732	43024	
10851	0	37092	36228	42788	43056	
10852	0	37085	37216	42840	43069	
10853	0	37128	38420	42884	42964	
10854	0	37304	39812	42922	42928	
10855	0	37392	41420	42973	42948	
10856	0	38028	42664	42984	42976	
10857	0	38968	43624	43000	42932	
10858	0	39632	44568	42988	42892	
10859	0	38425	46000	43052	42800	
10860	0	37718	45482	42981	42696	
10861	0	37920	44996	42968	42716	
10862	0	36580	43446	42960	42668	
10863	0	36536	41872	42904	42624	
10864	0	36832	39920	42956	42520	
10865	0	36540	37880	42912	42472	
10866	0	37914	35984	42777	42408	
10867	0	36044	34106	42720	42320	
10868	0	33504	32868	42660	42222	
10869	0	32168	29548	42692	42224	
10870	0	31853	30240	42600	42088	
10871	0	31232	30888	42601	42004	
10872	0	30997	33052	42400	41969	
10873	0	30832	31608	42356	41948	
10874	0	31082	31352	42304	41878	
10875	0	31545	31752	42268	41880	
10876	0	32136	32124	42244	41844	
10877	0	32052	32440	42232	41896	
10878	0	31952	32977	42224	41868	
10879	0	32136	32968	42314	41942	
10880	0	32629	33540	42220	41920	
10881	0	31794	34514	42360	42020	
10882	0	32064	34888	42228	42004	
10883	0	32366	35180	42360	42068	
10884	0	32796	35848	42328	42188	
10885	0	32913	36108	42348	42296	
10886	0	33472	36664	42180	42284	
10887	0	33524	37028	42264	42392	
10888	0	33928	37176	42116	42454	
10889	0	33812	37640	42056	42432	
10890	0	34200	38336	41980	42397	
10891	0	34184	39152	41932	42504	
10892	0	34294	39972	41800	42568	
10893	0	34480	40584	41648	42480	
10894	0	35300	40660	41576	42500	
10895	0	35828	41144	41441	42384	
10896	0	35740	41146	41124	42444	
10897	0	35828	40962	40924	42360	
10898	0	36592	41944	40724	42212	
10899	0	37218	42040	40504	42176	
10900	0	37740	41728	40152	41892	
10901	0	37785	41021	39836	41772	
10902	0	37865	40472	39604	41556	
10903	0	37897	41540	39200	41504	
10904	0	37476	40680	38936	41300	
10905	0	37552	40356	38528	41012	
10906	0	37416	39524	38152	40658	
10907	0	36789	39188	37808	40492	
10908	0	36118	39008	37408	40272	
10909	0	34984	38780	37053	39858	
10910	0	34581	38316	36658	39565	
10911	0	34596	37504	36332	39280	
10912	0	35178	36746	35912	38968	
10913	0	35828	36056	35524	38626	
10914	0	35936	36434	35145	38333	
10915	0	35432	36408	34780	38052	
10916	0	35161	37684	34397	37696	
10917	0	37840	38790	34088	37480	
10918	0	30596	41552	33714	37056	
10919	0	29626	42648	33384	36826	
10920	0	38812	32272	33016	36460	
10921	0	40397	36852	32646	36234	
10922	0	38665	43884	32280	35833	
10923	0	32436	41776	31965	35568	
10924	0	37184	36101	31666	35324	
10925	0	34788	37140	31345	35012	
10926	0	35580	36408	31012	34644	
10927	0	34880	36128	30732	34382	
10928	0	34704	37504	30421	34148	
10929	0	34788	37320	30140	33828	
10930	0	34744	37284	29860	33556	
10931	0	35196	36912	29584	33384	
10932	0	35116	36922	29324	33056	
10933	0	35064	37064	29082	32796	
10934	0	34992	36987	28808	32596	
10935	0	35048	37080	28584	32336	
10936	0	34992	37212	28410	32160	
10937	0	34940	37168	28212	31892	
10938	0	34864	37317	28028	31648	
10939	0	34866	37328	27836	31370	
10940	0	34948	37320	27656	31132	
10941	0	34992	37297	27516	30892	
10942	0	35112	37272	27364	30678	
10943	0	35081	37090	27226	30400	
10944	0	35144	37204	27064	30144	
10945	0	35016	37152	26960	29913	
10946	0	35250	37124	26816	29656	
10947	0	35004	37536	26718	29474	
10948	0	34948	37192	26596	29153	
10949	0	35244	37348	26466	28848	
10950	0	35184	37264	26324	28592	
10951	0	35168	36984	26244	28388	
10952	0	35058	37068	26148	28088	
10953	0	34941	37316	25957	27768	
10954	0	35016	36994	25904	27525	
10955	0	35180	36908	25753	27208	
10956	0	35377	37617	25696	26945	
10957	0	35178	36725	25593	26704	
10958	0	35613	36600	25462	26410	
10959	0	34976	36713	25362	26138	
10960	0	35112	37920	25225	25897	
10961	0	35714	36317	25116	25636	
10962	0	35528	36584	24956	25451	
10963	0	35100	36776	24840	25185	
10964	0	35416	37252	24752	24956	
10965	0	35444	36724	24636	24726	
10966	0	35400	37064	24460	24560	
10967	0	35456	36610	24330	24344	
10968	0	35448	37024	24298	24174	
10969	0	35465	37094	24148	24036	
10970	0	35540	36683	24072	23816	
10971	0	35744	37120	23918	23720	
10972	0	35552	36884	23810	23544	
10973	0	35696	36968	23696	23458	
10974	0	35656	37056	23600	23305	
10975	0	35508	37050	23426	23184	
10976	0	35528	36972	23350	23152	
10977	0	35732	37492	23268	23041	
10978	0	35717	37204	23190	22964	
10979	0	35576	37470	23024	22912	
10980	0	35576	36720	22968	22876	
10981	0	35568	37048	22874	22828	
10982	0	35512	36811	22764	22804	
10983	0	35900	37240	22684	22805	
10984	0	36100	37456	22562	22845	
10985	0	36226	37272	22504	22845	
10986	0	36069	37777	22428	22809	
10987	0	36214	37944	22370	22856	
10988	0	36112	37968	22292	22872	
10989	0	35972	38404	22232	22914	
10990	0	35256	38584	22196	23032	
10991	0	35770	38916	22058	23104	
10992	0	36321	39008	22081	23123	
10993	0	36228	38960	22008	23260	
10994	0	35628	39041	21954	23338	
10995	0	34224	39120	21941	23360	
10996	0	33736	39636	21833	23521	
10997	0	34824	40340	21830	23572	
10998	0	34756	40832	21836	23676	
10999	0	36924	41348	21762	23792	
11000	0	36544	41665	21804	23938	
11001	0	36602	40908	21792	24048	
11002	0	37976	40336	21804	24221	
11003	0	37790	39848	21773	24324	
11004	0	37837	38876	21842	24468	
11005	0	37620	39604	21832	24608	
11006	0	36306	37504	21876	24792	
11007	0	34488	37120	21925	24962	
11008	0	32832	36404	21938	25136	
11009	0	32544	35252	22060	25296	
11010	0	33228	34848	22064	25516	
11011	0	34816	35848	22122	25701	
11012	0	36668	33930	22276	25941	
11013	0	34180	33756	22342	26109	
11014	0	34077	32371	22467	26365	
11015	0	31714	30153	22584	26545	
11016	0	34656	33872	22708	26780	
11017	0	32072	35000	22788	26980	
11018	0	29584	35028	22856	27216	
11019	0	29853	34936	23128	27436	
11020	0	29408	34640	23132	27677	
11021	0	29940	35148	23320	27906	
11022	0	29860	35024	23460	28084	
11023	0	30552	35230	23608	28344	
11024	0	31548	35552	23688	28576	
11025	0	32588	35836	23880	28792	
11026	0	32960	35912	23946	29005	
11027	0	33568	36416	24152	29236	
11028	0	33952	36734	24296	29528	
11029	0	33804	37002	24392	29696	
11030	0	33512	37436	24520	29929	
11031	0	33269	38330	24710	30176	
11032	0	33108	39008	24848	30382	
11033	0	33216	39416	25024	30632	
11034	0	33426	39636	25149	30854	
11035	0	33286	39692	25273	31140	
11036	0	33580	40064	25460	31352	
11037	0	33501	40293	25628	31585	
11038	0	33760	40720	25762	31816	
11039	0	34188	41024	25938	32092	
11040	0	34428	41290	26136	32293	
11041	0	34944	41505	26312	32524	
11042	0	35380	41584	26400	32744	
11043	0	35604	41500	26592	33013	
11044	0	35588	41408	26740	33302	
11045	0	35064	40860	26984	33464	
11046	0	34652	40544	27113	33708	
11047	0	34285	40244	27293	33916	
11048	0	34400	39716	27484	34185	
11049	0	35506	38860	27672	34329	
11050	0	37852	37076	27813	34625	
11051	0	39240	36936	28021	34752	
11052	0	38640	37396	28198	35037	
11053	0	37188	37764	28320	35192	
11054	0	35168	37728	28496	35396	
11055	0	33905	38968	28712	35616	
11056	0	29904	35692	28889	35770	
11057	0	37712	40370	29044	36016	
11058	0	35712	39657	29248	36184	
11059	0	31944	40064	29412	36388	
11060	0	39768	33921	29584	36540	
11061	0	38156	33561	29756	36656	
11062	0	32292	40736	29953	36856	
11063	0	34440	41172	30137	37016	
11064	0	35500	39208	30296	37129	
11065	0	33732	38612	30488	37277	
11066	0	33752	37250	30668	37420	
11067	0	34893	37050	30852	37584	
11068	0	34968	36544	31044	37754	
11069	0	34560	36596	31232	37889	
11070	0	34749	36829	31440	37986	
11071	0	34792	36836	31626	38189	
11072	0	34676	37068	31856	38292	
11073	0	34460	37396	32051	38372	
11074	0	34330	37354	32272	38480	
11075	0	34344	37337	32537	38601	
11076	0	34484	37088	32733	38741	
11077	0	34608	37282	32990	38812	
11078	0	34592	37449	33261	38912	
11079	0	34472	37312	33492	38994	
11080	0	34426	37304	33773	39129	
11081	0	34392	37592	34050	39204	
11082	0	34338	37450	34304	39192	
11083	0	34442	37401	34570	39304	
11084	0	34512	37444	34840	39318	
11085	0	34400	37112	35133	39392	
11086	0	34432	37245	35440	39428	
11087	0	34329	37365	35769	39528	
11088	0	34440	37290	36045	39588	
11089	0	34428	37296	36252	39456	
11090	0	34316	37248	36528	39529	
11091	0	34242	37135	36818	39504	
11092	0	34332	37288	37136	39456	
11093	0	34956	38232	37440	39428	
11094	0	34265	36931	37628	39432	
11095	0	34596	37248	37897	39364	
11096	0	34120	36640	38140	39304	
11097	0	34419	37610	38393	39392	
11098	0	34376	37532	38729	39204	
11099	0	34516	37604	38984	39284	
11100	0	34552	37408	39108	39152	
11101	0	34992	38560	39329	39132	
11102	0	34272	36785	39532	39116	
11103	0	34488	37112	39756	39036	
11104	0	34484	37416	39964	38960	
11105	0	34596	37344	40121	38869	
11106	0	34428	36912	40316	38921	
11107	0	34464	37048	40528	38832	
11108	0	34325	36936	40713	38808	
11109	0	34548	37505	40866	38744	
11110	0	34252	37840	41121	38744	
11111	0	34724	37472	41173	38704	
11112	0	34996	37608	41326	38596	
11113	0	34992	37378	41481	38628	
11114	0	34996	37364	41612	38552	
11115	0	34416	36746	41732	38560	
11116	0	35453	37130	41988	38528	
11117	0	34456	37357	42001	38480	
11118	0	34556	37476	42125	38464	
11119	0	34404	37268	42232	38472	
11120	0	34781	36968	42392	38441	
11121	0	34540	36584	42576	38372	
11122	0	35613	37445	42552	38412	
11123	0	34504	37700	42646	38368	
11124	0	35828	37984	42733	38356	
11125	0	35810	36800	42900	38396	
11126	0	35360	35676	42954	38364	
11127	0	35416	35820	43092	38417	
11128	0	34576	36928	43057	38392	
11129	0	34648	36764	43136	38378	
11130	0	35024	36840	43256	38436	
11131	0	35105	35768	43288	38394	
11132	0	35176	35524	43292	38452	
11133	0	36160	36005	43352	38428	
11134	0	35968	37800	43344	38408	
11135	0	36736	38420	43472	38417	
11136	0	36560	37808	43417	38440	
11137	0	36024	37092	43497	38437	
11138	0	35560	36328	43396	38404	
11139	0	35252	35673	43448	38381	
11140	0	35552	35296	43472	38384	
11141	0	35496	35636	43372	38380	
11142	0	35856	36444	43368	38380	
11143	0	36176	37208	43302	38348	
11144	0	36664	37820	43257	38320	
11145	0	36720	38689	43202	38324	
11146	0	36504	40268	43146	38312	
11147	0	36792	41496	43066	38252	
11148	0	36216	44628	43044	38218	
11149	0	37168	46182	42941	38196	
11150	0	36036	46640	42844	38148	
11151	0	34377	45720	42768	38168	
11152	0	34936	43056	42644	38128	
11153	0	34804	40009	42548	38084	
11154	0	33485	37736	42460	38040	
11155	0	33226	35752	42337	37940	
11156	0	33578	34240	42216	37924	
11157	0	34752	32709	42228	37840	
11158	0	32800	32724	41968	37752	
11159	0	32720	31296	41844	37720	
11160	0	32948	32152	41716	37656	
11161	0	33116	32472	41608	37624	
11162	0	34713	32380	41444	37548	
11163	0	34130	30972	41332	37558	
11164	0	32522	28572	41240	37532	
11165	0	32832	28728	41132	37505	
11166	0	33868	29488	40980	37480	
11167	0	32396	31386	40888	37488	
11168	0	32416	32698	40800	37426	
11169	0	32352	33509	40778	37444	
11170	0	32268	34392	40704	37476	
11171	0	32544	34917	40608	37552	
11172	0	32642	34794	40444	37569	
11173	0	32574	34892	40476	37628	
11174	0	32929	35064	40312	37666	
11175	0	33010	35936	40268	37732	
11176	0	33472	36312	40212	37816	
11177	0	33756	36792	40059	37876	
11178	0	33986	37204	39984	37912	
11179	0	34449	37668	39988	38072	
11180	0	34944	37962	39800	38032	
11181	0	35432	38048	39688	38158	
11182	0	35201	38444	39620	38112	
11183	0	35828	38784	39568	38209	
11184	0	36824	39156	39322	38196	
11185	0	37184	39448	39176	38232	
11186	0	38880	40662	39101	38222	
11187	0	38668	39520	38916	38218	
11188	0	38222	38808	38705	38069	
11189	0	38672	38568	38580	38072	
11190	0	38704	38801	38265	37914	
11191	0	38554	39180	38066	37864	
11192	0	38384	39096	37808	37784	
11193	0	38044	39012	37565	37516	
11194	0	37080	38476	37288	37400	
11195	0	36433	38316	37012	37217	
11196	0	35874	38096	36740	37064	
11197	0	35984	37345	36452	36808	
11198	0	36124	36384	36156	36488	
11199	0	36058	35428	35848	36204	
11200	0	35616	35008	35532	35920	
11201	0	35384	35613	35300	35624	
11202	0	34788	37032	34897	35333	
11203	0	33841	37954	34532	35020	
11204	0	33540	38124	34249	34729	
11205	0	33145	36404	33945	34340	
11206	0	34418	36488	33572	33996	
11207	0	35408	36232	33248	33720	
11208	0	35773	35872	32908	33296	
11209	0	35860	35820	32520	33017	
11210	0	35424	36349	32156	32640	
11211	0	35080	36608	31816	32188	
11212	0	43342	29437	31468	31800	
11213	0	25664	44608	31110	31432	
11214	0	34756	35284	30772	31037	
11215	0	35390	43748	30425	30697	
11216	0	34560	45136	30024	30284	
11217	0	26696	40324	29680	29904	
11218	0	29960	44812	29324	29538	
11219	0	28744	34956	29028	29176	
11220	0	41200	41992	28644	28860	
11221	0	29492	51392	28274	28452	
11222	0	27916	52472	27944	28104	
11223	0	34216	45029	27653	27852	
11224	0	35536	32612	27388	27472	
11225	0	36604	35200	27072	27168	
11226	0	37928	33450	26760	26937	
11227	0	36008	35777	26437	26600	
11228	0	35792	35693	26116	26356	
11229	0	34584	36176	25812	26110	
11230	0	35148	36802	25576	25929	
11231	0	35708	36436	25288	25682	
11232	0	35680	36848	25062	25496	
11233	0	35764	37260	24842	25324	
11234	0	35616	37060	24601	25176	
11235	0	35240	36896	24362	25090	
11236	0	35408	36852	24212	24928	
11237	0	35392	36720	24044	24832	
11238	0	35330	36648	23884	24752	
11239	0	35008	36653	23754	24740	
11240	0	35148	36656	23610	24653	
11241	0	35132	36540	23512	24604	
11242	0	35002	36781	23425	24585	
11243	0	35144	36928	23336	24621	
11244	0	35312	36968	23192	24604	
11245	0	34836	37092	23168	24608	
11246	0	34714	37012	23124	24544	
11247	0	34800	36957	23088	24545	
11248	0	35060	37056	22976	24618	
11249	0	34957	37313	22980	24540	
11250	0	35092	37320	22961	24580	
11251	0	34968	37420	22922	24608	
11252	0	34976	37440	22868	24584	
11253	0	34936	37428	22872	24536	
11254	0	35276	37533	22856	24568	
11255	0	35288	37192	22864	24546	
11256	0	35000	37412	22812	24466	
11257	0	35236	37616	22814	24429	
11258	0	35064	37552	22781	24352	
11259	0	34904	37352	22696	24370	
11260	0	35080	37056	22696	24250	
11261	0	35136	36624	22692	24208	
11262	0	35084	36328	22636	24138	
11263	0	35296	36580	22564	24061	
11264	0	35348	36696	22546	23996	
11265	0	35692	37136	22481	23932	
11266	0	35608	37432	22500	23892	
11267	0	35696	37340	22397	23814	
11268	0	35576	37220	22389	23752	
11269	0	35284	36760	22400	23588	
11270	0	35024	36092	22368	23533	
11271	0	34848	34634	22380	23460	
11272	0	35168	33292	22337	23390	
11273	0	36320	33780	22336	23341	
11274	0	36424	35840	22296	23261	
11275	0	36065	38316	22283	23137	
11276	0	35696	38977	22274	23089	
11277	0	35928	38072	22233	23040	
11278	0	36444	36569	22234	22994	
11279	0	36116	35336	22278	22873	
11280	0	35892	34996	22277	22825	
11281	0	35344	34586	22252	22804	
11282	0	35722	34744	22205	22728	
11283	0	36280	36472	22248	22676	
11284	0	36896	38584	22286	22624	
11285	0	37044	39170	22312	22560	
11286	0	37296	38784	22274	22569	
11287	0	36784	39077	22326	22510	
11288	0	36360	40394	22374	22540	
11289	0	36514	42080	22370	22469	
11290	0	37464	43460	22384	22480	
11291	0	38016	45152	22418	22466	
11292	0	37684	45872	22472	22475	
11293	0	37152	45076	22460	22525	
11294	0	36246	43884	22572	22548	
11295	0	35152	42000	22522	22544	
11296	0	33736	39132	22644	22560	
11297	0	33488	37184	22752	22636	
11298	0	35048	35312	22813	22640	
11299	0	33932	32938	22924	22704	
11300	0	34940	31922	22994	22721	
11301	0	34776	30988	23108	22798	
11302	0	33428	29058	23216	22889	
11303	0	32772	28820	23345	22998	
11304	0	31582	29180	23460	23049	
11305	0	32356	29824	23586	23168	
11306	0	29617	30888	23729	23296	
11307	0	29272	29764	23932	23465	
11308	0	31242	31176	24122	23594	
11309	0	31476	32032	24340	23752	
11310	0	31532	33010	24525	23973	
11311	0	31826	33500	24816	24137	
11312	0	32092	34180	25068	24332	
11313	0	32664	34400	25328	24589	
11314	0	33216	34977	25601	24848	
11315	0	33144	35417	25923	25072	
11316	0	33245	35892	26261	25320	
11317	0	33764	36588	26561	25593	
11318	0	34072	36796	26866	25920	
11319	0	34129	37208	27234	26180	
11320	0	34708	37244	27624	26422	
11321	0	34828	37380	27976	26752	
11322	0	35400	37949	28300	26998	
11323	0	35728	38012	28641	27272	
11324	0	36001	38960	29026	27560	
11325	0	37216	39116	29385	27844	
11326	0	38332	39658	29728	28165	
11327	0	38456	39353	30068	28434	
11328	0	39540	39706	30456	28656	
11329	0	40009	40280	30780	28960	
11330	0	40804	40238	31120	29136	
11331	0	40932	39600	31432	29390	
11332	0	40428	38624	31728	29604	
11333	0	40512	38297	32032	29824	
11334	0	39651	37536	32308	30042	
11335	0	39280	36692	32580	30233	
11336	0	38976	36256	32840	30486	
11337	0	38570	36214	33152	30656	
11338	0	37992	36420	33345	30777	
11339	0	37388	36394	33601	31005	
11340	0	36816	36508	33824	31096	
11341	0	35680	36660	34060	31252	
11342	0	34976	36516	34294	31420	
11343	0	34408	36020	34472	31552	
11344	0	34237	35970	34664	31680	
11345	0	34408	36562	34860	31860	
11346	0	33509	36148	35064	31988	
11347	0	33272	36793	35272	32069	
11348	0	33104	37012	35476	32248	
11349	0	33152	37165	35593	32308	
11350	0	32944	37032	35741	32460	
11351	0	32924	36969	35920	32572	
11352	0	37012	24441	36082	32702	
11353	0	33313	42056	36256	32816	
11354	0	46704	29217	36412	32892	
11355	0	34592	47728	36560	33006	
11356	0	33092	41352	36672	33108	
11357	0	27928	40864	36821	33232	
11358	0	31124	46108	36978	33340	
11359	0	25100	30204	37102	33430	
11360	0	46256	44432	37250	33546	
11361	0	30608	43962	37388	33616	
11362	0	24257	51976	37524	33768	
11363	0	32616	48522	37680	33860	
11364	0	35517	36740	37818	34002	
11365	0	37065	35321	37933	34096	
11366	0	37690	33868	38024	34233	
11367	0	36236	34548	38264	34384	
11368	0	34964	34273	38316	34472	
11369	0	34624	35928	38432	34688	
11370	0	35020	36176	38596	34793	
11371	0	35800	36400	38704	34944	
11372	0	35920	37356	38900	35160	
11373	0	35412	37616	39041	35312	
11374	0	35318	37109	39312	35501	
11375	0	35588	36768	39396	35736	
11376	0	35448	36620	39592	35938	
11377	0	35184	36772	39784	36160	
11378	0	35172	36552	40098	36332	
11379	0	35056	36485	40236	36600	
11380	0	34929	36540	40505	36784	
11381	0	35034	36616	40848	37084	
11382	0	35109	36780	40980	37308	
11383	0	35008	37280	41261	37528	
11384	0	34736	37472	41544	37784	
11385	0	34792	37612	41806	37976	
11386	0	34992	37348	42088	38258	
11387	0	35069	37192	42512	38501	
11388	0	35101	37162	42666	38697	
11389	0	34968	37204	42952	38916	
11390	0	34985	37280	43288	39152	
11391	0	34956	37264	43528	39398	
11392	0	34866	37328	43832	39608	
11393	0	34848	37272	44064	39756	
11394	0	34988	37200	44336	39968	
11395	0	34964	37692	44594	40136	
11396	0	34964	37684	44830	40280	
11397	0	34916	37660	45133	40360	
11398	0	34644	37841	45300	40492	
11399	0	35128	37144	45524	40616	
11400	0	35228	36948	45718	40698	
11401	0	35189	36952	45921	40832	
11402	0	34948	36797	46160	40908	
11403	0	35124	36452	46300	40928	
11404	0	35244	36480	46485	41013	
11405	0	35736	37289	46688	41032	
11406	0	35166	37672	46800	41060	
11407	0	35312	37680	46936	41096	
11408	0	35416	37493	47072	41124	
11409	0	35148	37012	47256	41140	
11410	0	35072	36544	47360	41124	
11411	0	35424	35508	47528	41124	
11412	0	35388	34544	47545	41112	
11413	0	35140	34712	47744	41088	
11414	0	35440	35729	47820	41072	
11415	0	36376	37981	47864	41024	
11416	0	36244	39520	47976	41000	
11417	0	36594	38384	48089	40948	
11418	0	35748	36677	48156	40897	
11419	0	35553	35620	48160	40852	
11420	0	35596	35181	48227	40780	
11421	0	35440	35131	48252	40732	
11422	0	35488	35072	48288	40664	
11423	0	35822	35728	48320	40584	
11424	0	35892	36360	48344	40484	
11425	0	36584	37160	48416	40392	
11426	0	36774	38369	48372	40300	
11427	0	36652	39544	48320	40198	
11428	0	37004	39312	48320	40136	
11429	0	35184	39776	48324	39980	
11430	0	35662	41788	48296	39868	
11431	0	36908	43628	48200	39748	
11432	0	37428	44992	48208	39616	
11433	0	37056	45128	48089	39532	
11434	0	36493	44484	48064	39356	
11435	0	35912	42856	47944	39260	
11436	0	34676	40604	47892	39098	
11437	0	34246	38328	47764	38900	
11438	0	34620	36880	47692	38736	
11439	0	34164	34636	47496	38600	
11440	0	34517	34176	47376	38473	
11441	0	33885	33340	47224	38314	
11442	0	31920	31858	47120	38108	
11443	0	30688	31312	47008	37933	
11444	0	32700	30908	46921	37826	
11445	0	34730	30594	46772	37616	
11446	0	33852	29889	46596	37444	
11447	0	29920	29400	46496	37288	
11448	0	32472	29844	46424	37221	
11449	0	32108	31256	46268	37032	
11450	0	33113	31717	46148	36952	
11451	0	32512	32748	46068	36784	
11452	0	32320	33428	46024	36696	
11453	0	32385	34208	45892	36576	
11454	0	32906	34440	45857	36472	
11455	0	33596	34768	45736	36445	
11456	0	33064	35200	45708	36360	
11457	0	32804	35776	45608	36288	
11458	0	33664	35924	45492	36128	
11459	0	34356	35884	45400	36106	
11460	0	35332	35800	45344	36000	
11461	0	35428	36276	45240	35868	
11462	0	35360	36512	45136	35804	
11463	0	35636	36900	45040	35680	
11464	0	36037	38244	44904	35576	
11465	0	35842	38488	44824	35492	
11466	0	35096	39048	44640	35352	
11467	0	34980	39108	44484	35248	
11468	0	35212	40012	44376	35057	
11469	0	36932	40160	44204	34968	
11470	0	37980	39308	43968	34826	
11471	0	39641	39272	43776	34644	
11472	0	40776	39720	43504	34400	
11473	0	40972	39764	43272	34173	
11474	0	39972	38236	43028	34036	
11475	0	39233	37820	42832	33814	
11476	0	37708	37540	42508	33512	
11477	0	36676	37496	42316	33266	
11478	0	35856	37660	42040	33020	
11479	0	35280	37892	41700	32832	
11480	0	34989	37626	41388	32546	
11481	0	34953	37112	40988	32276	
11482	0	35193	36768	40652	31988	
11483	0	35677	36624	40344	31712	
11484	0	36048	36361	40000	31485	
11485	0	36264	36324	39676	31205	
11486	0	35844	36484	39384	30904	
11487	0	35348	36624	38992	30656	
11488	0	34700	36820	38634	30348	
11489	0	33881	36784	38290	30080	
11490	0	33440	37226	37920	29824	
11491	0	32722	36537	37572	29545	
11492	0	32617	36737	37216	29264	
11493	0	32616	36777	36842	29040	
11494	0	33049	36738	36476	28788	
11495	0	28560	34632	36120	28529	
11496	0	34820	30045	35763	28314	
11497	0	33704	43568	35413	28084	
11498	0	47553	24136	35132	27857	
11499	0	33988	49672	34672	27637	
11500	0	35112	36192	34260	27393	
11501	0	30888	42688	33896	27192	
11502	0	31204	42440	33517	26988	
11503	0	35120	41172	33168	26788	
11504	0	36440	37624	32796	26634	
11505	0	38193	41576	32388	26436	
11506	0	33762	39968	32040	26244	
11507	0	31090	48388	31592	26075	
11508	0	32622	45584	31292	25928	
11509	0	36404	38185	30912	25764	
11510	0	36768	35404	30520	25612	
11511	0	36472	34484	30177	25461	
11512	0	37285	33920	29794	25344	
11513	0	35136	34608	29428	25214	
11514	0	35140	35640	29064	25090	
11515	0	35608	36036	28720	24993	
11516	0	36072	36376	28356	24897	
11517	0	35913	37129	28026	24832	
11518	0	35700	37714	27712	24738	
11519	0	35800	37568	27380	24701	
11520	0	35722	37320	27120	24636	
11521	0	35412	36952	26825	24602	
11522	0	35232	36800	26584	24587	
11523	0	35033	36476	26298	24612	
11524	0	34848	36210	26108	24582	
11525	0	34938	35792	25882	24626	
11526	0	34805	35428	25677	24674	
11527	0	35224	35368	25488	24723	
11528	0	35413	35572	25328	24722	
11529	0	35348	36336	25172	24834	
11530	0	35096	37652	24988	24857	
11531	0	34928	38248	24813	24949	
11532	0	34984	38206	24712	25028	
11533	0	35028	37880	24524	25101	
11534	0	35168	37460	24446	25145	
11535	0	35020	37221	24316	25200	
11536	0	34976	37144	24220	25256	
11537	0	35172	37173	24118	25308	
11538	0	35116	37010	23971	25336	
11539	0	34192	37044	23849	25398	
11540	0	35028	36452	23738	25410	
11541	0	35796	37141	23608	25490	
11542	0	35128	38132	23500	25505	
11543	0	35081	38268	23373	25429	
11544	0	35520	37384	23244	25444	
11545	0	35252	37232	23072	25416	
11546	0	35092	36912	22892	25392	
11547	0	35052	36401	22798	25392	
11548	0	35232	35456	22612	25320	
11549	0	34969	34644	22537	25286	
11550	0	35020	34081	22381	25224	
11551	0	35804	35512	22222	25206	
11552	0	35872	38652	21988	25142	
11553	0	35261	39432	21834	25072	
11554	0	36320	38040	21746	25012	
11555	0	36360	36877	21614	24948	
11556	0	35732	36412	21426	24916	
11557	0	34652	35196	21310	24904	
11558	0	34240	34184	21106	24760	
11559	0	35656	34504	20988	24714	
11560	0	36384	36124	20856	24652	
11561	0	36685	37956	20718	24568	
11562	0	36464	38540	20556	24474	
11563	0	36776	38708	20456	24396	
11564	0	36992	38576	20281	24332	
11565	0	36377	38488	20162	24256	
11566	0	35850	39104	20044	24224	
11567	0	35508	41532	19906	24060	
11568	0	35536	43792	19803	24048	
11569	0	36280	44468	19682	23980	
11570	0	36616	44352	19571	23880	
11571	0	36804	43752	19417	23780	
11572	0	36464	42376	19307	23728	
11573	0	35888	40768	19211	23700	
11574	0	35632	38704	19104	23594	
11575	0	34634	37266	19030	23562	
11576	0	34464	36064	18944	23403	
11577	0	33942	34552	18913	23400	
11578	0	34388	33396	18830	23296	
11579	0	33744	33304	18778	23300	
11580	0	33292	30536	18746	23244	
11581	0	32157	29386	18724	23236	
11582	0	33524	29960	18696	23242	
11583	0	33658	30328	18692	23190	
11584	0	29884	29252	18710	23294	
11585	0	31624	30845	18671	23322	
11586	0	31876	31821	18814	23428	
11587	0	32116	32741	18884	23458	
11588	0	31908	33676	18986	23620	
11589	0	32448	34218	19107	23829	
11590	0	32984	34288	19175	23962	
11591	0	33036	34604	19394	24192	
11592	0	33304	34732	19592	24438	
11593	0	33604	34580	19780	24676	
11594	0	34060	34532	20012	24962	
11595	0	34808	34580	20267	25250	
11596	0	34616	35021	20492	25586	
11597	0	34672	35748	20788	25854	
11598	0	34504	36532	21084	26175	
11599	0	34276	37728	21366	26540	
11600	0	33752	38540	21680	26849	
11601	0	33552	39509	21928	27220	
11602	0	32954	39964	22234	27601	
11603	0	33432	39596	22590	27928	
11604	0	34186	39660	22895	28265	
11605	0	34865	39644	23258	28588	
11606	0	35744	39888	23532	28909	
11607	0	36874	40464	23880	29252	
11608	0	37604	40876	24146	29549	
11609	0	36609	39404	24452	29818	
11610	0	36572	39800	24730	30156	
11611	0	36281	40512	25020	30412	
11612	0	35834	40192	25291	30642	
11613	0	35708	40098	25564	30896	
11614	0	35250	39576	25881	31184	
11615	0	35054	39468	26098	31376	
11616	0	34541	39064	26384	31620	
11617	0	34618	38532	26616	31800	
11618	0	35161	37697	26882	32048	
11619	0	35626	36722	27120	32193	
11620	0	36145	35744	27352	32392	
11621	0	36464	35376	27562	32565	
11622	0	36388	35568	27797	32715	
11623	0	35917	35888	27992	32859	
11624	0	35100	36228	28236	33004	
11625	0	34461	36280	28424	33213	
11626	0	34250	36328	28648	33292	
11627	0	34372	36556	28834	33472	
11628	0	34312	36596	29058	33568	
11629	0	33960	36500	29256	33756	
11630	0	33508	36404	29457	33792	
11631	0	33121	36520	29660	33956	
11632	0	33101	36569	29848	34064	
11633	0	33353	36656	30044	34162	
11634	0	33676	36737	30240	34248	
11635	0	32041	36114	30420	34333	
11636	0	43989	23841	30629	34452	
11637	0	35252	40168	30796	34616	
11638	0	40860	30392	31020	34636	
11639	0	45040	44372	31141	34732	
11640	0	35174	42532	31328	34852	
11641	0	30133	42748	31496	34926	
11642	0	29330	41808	31684	35017	
11643	0	37992	38736	31833	35160	
11644	0	34000	43082	32002	35256	
11645	0	28864	43256	32146	35368	
11646	0	27044	42164	32320	35352	
11647	0	33272	46720	32476	35572	
11648	0	36929	40664	32676	35600	
11649	0	36932	34768	32812	35636	
11650	0	35728	35572	33020	35812	
11651	0	36236	34704	33170	35832	
11652	0	35356	35864	33304	35944	
11653	0	34813	36396	33476	36109	
11654	0	35308	36680	33674	36164	
11655	0	35380	36781	33850	36297	
11656	0	35213	36921	34078	36436	
11657	0	35292	36856	34233	36616	
11658	0	35704	37064	34441	36745	
11659	0	35128	37220	34704	36962	
11660	0	35161	37304	34960	37004	
11661	0	35010	36940	35128	37204	
11662	0	35036	36712	35369	37328	
11663	0	35032	36640	35716	37560	
11664	0	34945	36824	35980	37672	
11665	0	34860	36964	36176	37848	
11666	0	34680	37000	36444	38044	
11667	0	34554	37040	36808	38176	
11668	0	34664	36972	37106	38392	
11669	0	34712	37024	37320	38504	
11670	0	34728	37176	37664	38813	
11671	0	34688	37217	37864	38832	
11672	0	34612	37484	38161	38988	
11673	0	34552	37665	38525	39120	
11674	0	34688	37520	38774	39328	
11675	0	34565	37548	39065	39517	
11676	0	34596	37525	39234	39476	
11677	0	34552	37520	39488	39612	
11678	0	34686	37456	39736	39664	
11679	0	34668	37401	39956	39728	
11680	0	34704	37196	40220	39784	
11681	0	34676	37034	40398	39822	
11682	0	34748	38152	40644	39865	
11683	0	34840	37380	40816	39938	
11684	0	34904	38014	40924	39896	
11685	0	34445	37680	41084	39952	
11686	0	34817	37496	41264	39912	
11687	0	35000	37320	41360	39860	
11688	0	35081	36880	41537	39916	
11689	0	34940	37212	41590	39793	
11690	0	34941	36653	41752	39792	
11691	0	35184	36489	41880	39792	
11692	0	34816	36140	41880	39653	
11693	0	34664	36154	41936	39624	
11694	0	35604	36648	42104	39592	
11695	0	35656	37921	42060	39477	
11696	0	34778	37889	42073	39416	
11697	0	35464	37242	42112	39280	
11698	0	35832	36880	42260	39204	
11699	0	35501	37028	42204	39108	
11700	0	35196	36772	42201	39032	
11701	0	35568	36256	42208	38949	
11702	0	35252	36305	42336	38948	
11703	0	35137	35984	42344	38848	
11704	0	35144	35565	42296	38792	
11705	0	35360	35976	42244	38632	
11706	0	36380	36756	42268	38640	
11707	0	35744	37981	42285	38560	
11708	0	35948	38244	42220	38492	
11709	0	35652	37009	42208	38408	
11710	0	35584	35684	42324	38324	
11711	0	36144	35880	42228	38272	
11712	0	36012	36644	42140	38176	
11713	0	35908	36644	42126	38146	
11714	0	36176	36712	42097	38032	
11715	0	35996	36969	42064	37981	
11716	0	36280	37520	42020	37968	
11717	0	36400	38336	42104	37892	
11718	0	35413	38765	41928	37776	
11719	0	35381	39596	41856	37770	
11720	0	36028	41336	41784	37716	
11721	0	35964	42622	41720	37578	
11722	0	36280	43253	41640	37560	
11723	0	36428	42596	41536	37441	
11724	0	37700	43608	41454	37400	
11725	0	38640	42168	41360	37296	
11726	0	38136	40572	41198	37230	
11727	0	37034	38707	41072	37181	
11728	0	35484	37061	41064	37092	
11729	0	33284	36073	40858	36976	
11730	0	35154	34418	40740	36920	
11731	0	35136	34284	40472	36852	
11732	0	34533	32674	40416	36768	
11733	0	32746	31124	40224	36628	
11734	0	31932	31208	39988	36541	
11735	0	32278	30624	39852	36504	
11736	0	33512	31872	39688	36373	
11737	0	32032	31888	39484	36320	
11738	0	30320	31084	39312	36324	
11739	0	31592	32494	39220	36210	
11740	0	31908	32692	39000	36232	
11741	0	31804	33116	38952	36194	
11742	0	32172	33736	38684	36176	
11743	0	32586	33820	38576	36128	
11744	0	32824	33868	38401	36224	
11745	0	33080	33812	38276	36192	
11746	0	33268	34017	38264	36187	
11747	0	33516	34264	38004	36226	
11748	0	33804	34452	38000	36222	
11749	0	34120	34773	37837	36269	
11750	0	34336	35320	37624	36392	
11751	0	34708	35724	37600	36328	
11752	0	34790	36136	37367	36352	
11753	0	35128	36650	37200	36424	
11754	0	35404	36696	37194	36460	
11755	0	35520	36858	36945	36408	
11756	0	35722	36844	36848	36529	
11757	0	35861	36992	36686	36456	
11758	0	35856	37573	36496	36456	
11759	0	35956	38196	36354	36352	
11760	0	36080	38644	36204	36432	
11761	0	36248	39648	35977	36370	
11762	0	36468	39568	35804	36220	
11763	0	36442	39548	35560	36080	
11764	0	36672	39491	35338	35972	
11765	0	36844	39008	35153	35888	
11766	0	37848	40212	34904	35728	
11767	0	38532	39884	34672	35705	
11768	0	38184	39544	34444	35456	
11769	0	38048	39096	34196	35298	
11770	0	38053	39028	33940	35240	
11771	0	38144	38592	33668	35012	
11772	0	38005	38936	33406	34818	
11773	0	37657	37968	33136	34625	
11774	0	37228	38108	32882	34452	
11775	0	35624	38249	32589	34320	
11776	0	34732	38613	32304	34076	
11777	0	34154	38656	32020	33924	
11778	0	34796	38256	31720	33818	
11779	0	35641	37424	31432	33586	
11780	0	36056	36672	31156	33330	
11781	0	36736	36169	30850	33138	
11782	0	36064	35729	30576	33056	
11783	0	34994	36481	30274	32786	
11784	0	33377	37089	29992	32612	
11785	0	32568	38076	29684	32434	
11786	0	32056	38568	29414	32272	
11787	0	31352	37897	29144	32165	
11788	0	30808	37360	28852	31985	
11789	0	31053	34057	28592	31840	
11790	0	40320	25036	28344	31754	
11791	0	41876	37796	28058	31625	
11792	0	28378	25874	27820	31461	
11793	0	28188	55080	27508	31322	
11794	0	28826	41256	27238	31218	
11795	0	33136	44548	26903	31116	
11796	0	45961	39364	26760	31081	
11797	0	28824	48944	26460	30980	
11798	0	34872	49056	26179	30888	
11799	0	33325	44424	26017	30836	
11800	0	34000	37081	25816	30756	
