# OpenSignals Text File Format. Version 1
# {"00:07:80:F9:F3:52": {"position": 0, "device": "biosignalsplux", "device name": "00:07:80:F9:F3:52", "device connection": "BTH00:07:80:F9:F3:52", "sampling rate": 100, "resolution": [16, 16, 16, 16], "firmware version": 775, "comments": "", "keywords": "", "mode": 0, "sync interval": 2, "date": "2025-9-19", "time": "10:55:29.728", "channels": [1, 2, 3, 4], "sensor": ["XYZ", "XYZ", "RIP", "RIP"], "label": ["CH1", "CH2", "CH3", "CH4"], "column": ["nSeq", "DI", "CH1", "CH2", "CH3", "CH4"], "special": [{"SpO2": [80, 40, 5, 4, 3, 3]}, {"SpO2": [80, 40, 5, 4, 3, 3]}, {"SpO2": [80, 40, 5, 4, 3, 3]}, {"SpO2": [80, 40, 5, 4, 3, 3]}, {"SpO2": [80, 40, 5, 4, 3, 3]}, {"SpO2": [80, 40, 5, 4, 3, 3]}, {"SpO2": [80, 40, 5, 4, 3, 3]}, {"SpO2": [80, 40, 5, 4, 3, 3]}], "digital IO": [0, 1], "sleeve color": ["white", "white", "dark_blue", "light_blue"], "convertedValues": 0}}
# EndOfHeader
0	0	34180	37344	45336	36716	
1	0	33929	37500	45324	36684	
2	0	34033	37549	45296	36508	
3	0	34088	37460	45288	36468	
4	0	34088	37504	45260	36362	
5	0	34196	37560	45276	36236	
6	0	34100	37480	45188	36064	
7	0	34024	37628	45176	35976	
8	0	34072	37560	45152	35848	
9	0	34088	37520	45076	35666	
10	0	34016	37517	44964	35478	
11	0	33944	37392	44868	35372	
12	0	34016	37568	44800	35205	
13	0	33950	37292	44744	35048	
14	0	34034	37472	44620	34880	
15	0	34040	37192	44556	34749	
16	0	33960	37478	44384	34504	
17	0	34060	37529	44266	34320	
18	0	34050	37300	44152	34100	
19	0	34068	37452	44032	34008	
20	0	34056	37456	43888	33756	
21	0	33964	37396	43704	33528	
22	0	33968	37344	43568	33400	
23	0	33965	37356	43424	33168	
24	0	33969	37328	43300	33022	
25	0	33930	37256	43068	32856	
26	0	33952	37316	42840	32626	
27	0	33908	37276	42636	32468	
28	0	33876	37260	42532	32336	
29	0	33844	37268	42232	32160	
30	0	33961	37284	42016	31996	
31	0	33928	37258	41796	31784	
32	0	33922	37288	41568	31644	
33	0	33872	37336	41400	31524	
34	0	33808	37380	41104	31380	
35	0	33892	37360	40872	31264	
36	0	33842	37396	40630	31121	
37	0	33796	37452	40532	31006	
38	0	33710	37432	40228	30833	
39	0	33814	37508	39916	30777	
40	0	33760	37556	39784	30696	
41	0	33770	37580	39408	30588	
42	0	33728	37564	39197	30440	
43	0	33617	37564	39001	30404	
44	0	33672	37584	38684	30262	
45	0	33888	37748	38508	30226	
46	0	33666	37790	38160	30109	
47	0	33552	37737	37956	30076	
48	0	33885	38052	37654	30008	
49	0	34194	37996	37472	29920	
50	0	33850	38184	37232	29878	
51	0	33777	38313	37012	29842	
52	0	33694	38224	36692	29776	
53	0	33796	38192	36481	29717	
54	0	33964	38080	36252	29648	
55	0	33980	38112	36048	29608	
56	0	33982	38090	35804	29569	
57	0	33988	37956	35640	29522	
58	0	34118	37826	35397	29484	
59	0	34233	37744	35224	29440	
60	0	34272	37604	35016	29401	
61	0	34200	37456	34845	29349	
62	0	34256	37288	34744	29320	
63	0	34292	37138	34520	29281	
64	0	34248	36908	34418	29242	
65	0	33964	36730	34288	29208	
66	0	33392	36584	34148	29172	
67	0	33372	36638	33990	29152	
68	0	32992	36488	33860	29120	
69	0	33152	36284	33724	29089	
70	0	33024	36140	33676	29081	
71	0	33316	36069	33570	29066	
72	0	33752	36036	33432	29020	
73	0	33900	36065	33344	29023	
74	0	34160	36104	33268	28990	
75	0	33889	36000	33184	28972	
76	0	33920	36088	33112	28964	
77	0	34000	36228	33061	28960	
78	0	34292	36352	32980	28948	
79	0	34260	36444	32977	28945	
80	0	34348	36602	32880	28928	
81	0	34448	36724	32828	28922	
82	0	34600	36828	32816	28908	
83	0	34684	36944	32720	28916	
84	0	34818	37106	32704	28916	
85	0	34904	37368	32652	28888	
86	0	35001	37484	32597	28892	
87	0	35116	36769	32528	28912	
88	0	37853	38144	32458	28884	
89	0	35872	37968	32413	28886	
90	0	32244	39768	32354	28913	
91	0	30040	39580	32305	28908	
92	0	33876	35152	32226	28882	
93	0	27332	38900	32172	28898	
94	0	34790	39220	32108	28917	
95	0	36361	38600	32033	28884	
96	0	34090	38356	31962	28921	
97	0	32064	37568	31873	28904	
98	0	32920	37634	31792	28908	
99	0	34892	37460	31708	28909	
100	0	35076	37272	31612	28915	
101	0	34248	37468	31530	28925	
102	0	34696	37269	31437	28936	
103	0	34448	37400	31324	28951	
104	0	33744	37424	31216	28960	
105	0	33312	37416	31108	28969	
106	0	33318	37552	30988	29046	
107	0	33469	37560	30866	29012	
108	0	33536	37533	30752	29052	
109	0	33488	37452	30628	29125	
110	0	33604	37410	30494	29094	
111	0	33904	37328	30356	29153	
112	0	34066	37344	30216	29141	
113	0	34160	37352	30064	29232	
114	0	34196	37380	29920	29261	
115	0	34036	37410	29776	29233	
116	0	33888	37474	29608	29269	
117	0	33852	37516	29412	29280	
118	0	33820	37588	29280	29312	
119	0	33808	37592	29089	29386	
120	0	33904	37530	28913	29376	
121	0	33972	37474	28730	29392	
122	0	34028	37408	28556	29413	
123	0	34136	37392	28376	29430	
124	0	34136	37380	28184	29477	
125	0	34106	37368	28000	29468	
126	0	34076	37400	27788	29480	
127	0	34029	37434	27584	29540	
128	0	34020	37462	27405	29592	
129	0	34012	37465	27216	29518	
130	0	34016	37484	27017	29524	
131	0	34024	37464	26760	29528	
132	0	34093	37416	26585	29536	
133	0	34073	37420	26424	29532	
134	0	34189	37380	26260	29552	
135	0	34192	37332	26004	29533	
136	0	34152	37332	25886	29542	
137	0	34165	37320	25729	29542	
138	0	34248	37385	25517	29576	
139	0	34184	37372	25396	29560	
140	0	34221	37354	25200	29561	
141	0	34244	37412	25040	29529	
142	0	34200	37320	24864	29540	
143	0	34226	37356	24762	29516	
144	0	34324	37312	24632	29538	
145	0	34304	37284	24494	29540	
146	0	34312	37284	24407	29508	
147	0	34388	37356	24260	29520	
148	0	34416	37300	24164	29481	
149	0	34453	37364	24048	29564	
150	0	34493	37352	23944	29464	
151	0	34498	37320	23810	29468	
152	0	34436	37313	23772	29458	
153	0	34460	37257	23712	29450	
154	0	34432	37254	23634	29458	
155	0	34464	37248	23488	29432	
156	0	34520	37305	23428	29444	
157	0	34548	37260	23389	29409	
158	0	34616	37308	23336	29377	
159	0	34596	37262	23288	29389	
160	0	34522	37321	23261	29348	
161	0	34589	37304	23214	29352	
162	0	34680	37378	23160	29362	
163	0	34661	37296	23092	29356	
164	0	34676	37280	23045	29333	
165	0	34660	37308	23068	29332	
166	0	34624	37272	22992	29312	
167	0	34654	37268	23006	29299	
168	0	34649	37296	22966	29289	
169	0	34628	37290	22911	29318	
170	0	34652	37261	22926	29264	
171	0	34664	37268	22980	29296	
172	0	34668	37220	22954	29296	
173	0	34660	37224	22960	29314	
174	0	34624	37230	22973	29312	
175	0	34648	37208	22973	29307	
176	0	34678	37212	22973	29336	
177	0	34640	37188	22954	29338	
178	0	34660	37250	23017	29380	
179	0	34644	37268	23068	29436	
180	0	34640	37274	23073	29460	
181	0	34666	37269	23132	29508	
182	0	34660	37218	23134	29530	
183	0	34712	37208	23173	29568	
184	0	34720	37194	23224	29614	
185	0	34712	37208	23253	29660	
186	0	34696	37200	23233	29676	
187	0	34684	37217	23340	29760	
188	0	34710	37208	23406	29778	
189	0	34684	37224	23457	29841	
190	0	34682	37288	23438	29921	
191	0	34658	37298	23541	29980	
192	0	34684	37284	23568	30050	
193	0	34668	37220	23602	30128	
194	0	34648	37241	23642	30176	
195	0	34656	37236	23756	30257	
196	0	34656	37212	23770	30336	
197	0	34656	37234	23832	30381	
198	0	34658	37213	23872	30457	
199	0	34680	37236	23880	30540	
200	0	34660	37256	23974	30609	
201	0	34624	37169	24006	30724	
202	0	34645	37294	24112	30774	
203	0	34604	37256	24166	30856	
204	0	34640	37164	24174	30936	
205	0	34656	37244	24265	31020	
206	0	34664	37224	24268	31092	
207	0	34736	37244	24336	31178	
208	0	34729	37328	24420	31268	
209	0	34665	37196	24478	31370	
210	0	34665	37132	24444	31436	
211	0	34817	37276	24587	31524	
212	0	34808	37528	24596	31624	
213	0	34768	37264	24608	31736	
214	0	34849	37524	24737	31760	
215	0	34762	37256	24769	31872	
216	0	34841	37244	24770	31957	
217	0	34804	37298	24888	32057	
218	0	34626	36840	24928	32120	
219	0	34802	37434	25010	32160	
220	0	34589	36912	25032	32282	
221	0	34872	37913	25069	32382	
222	0	34776	37424	25124	32452	
223	0	34692	37248	25208	32528	
224	0	34864	37440	25246	32612	
225	0	34824	37040	25300	32688	
226	0	34797	37273	25320	32769	
227	0	34757	37244	25444	32864	
228	0	34658	37152	25464	32965	
229	0	34608	37129	25496	33072	
230	0	34596	37104	25562	33148	
231	0	34665	37089	25638	33237	
232	0	34672	37188	25718	33352	
233	0	34794	37380	25736	33466	
234	0	34656	37104	25812	33588	
235	0	34680	37192	25812	33664	
236	0	34640	37057	25849	33760	
237	0	34632	37148	25982	33902	
238	0	34660	37240	26021	34024	
239	0	34698	37209	26096	34132	
240	0	34624	37272	26120	34226	
241	0	34636	37328	26264	34364	
242	0	34696	37400	26248	34484	
243	0	34520	37576	26278	34604	
244	0	34562	37506	26337	34708	
245	0	34656	37508	26416	34844	
246	0	34464	37500	26540	34912	
247	0	34524	37452	26602	35040	
248	0	34480	37488	26676	35144	
249	0	34441	37488	26756	35298	
250	0	34533	37465	26800	35412	
251	0	34605	37448	26836	35524	
252	0	34696	37548	26977	35592	
253	0	34482	37504	27002	35768	
254	0	34664	37640	27060	35840	
255	0	34620	37620	27188	35956	
256	0	34468	37504	27280	36142	
257	0	34620	37596	27328	36205	
258	0	34608	37604	27444	36368	
259	0	34444	37592	27506	36456	
260	0	34300	37554	27556	36625	
261	0	34848	37760	27686	36676	
262	0	34620	37642	27746	36804	
263	0	34712	37616	27880	36896	
264	0	34692	37776	27938	37035	
265	0	34922	37613	28036	37136	
266	0	35056	37524	28168	37296	
267	0	34940	37460	28260	37452	
268	0	34948	37322	28340	37580	
269	0	34956	37168	28437	37681	
270	0	35040	36968	28541	37800	
271	0	34928	36832	28660	37953	
272	0	34944	36692	28746	38059	
273	0	34588	36496	28846	38220	
274	0	33888	36365	28962	38397	
275	0	33408	36164	29064	38464	
276	0	33060	35936	29180	38632	
277	0	32701	35954	29280	38652	
278	0	32626	35856	29388	38816	
279	0	32869	35900	29488	39032	
280	0	33124	35652	29601	39104	
281	0	33016	35960	29704	39248	
282	0	33056	36133	29800	39376	
283	0	33208	36192	29912	39521	
284	0	33340	36264	30024	39648	
285	0	33540	36388	30126	39772	
286	0	33706	36520	30228	39848	
287	0	33864	36692	30335	40025	
288	0	33960	36832	30424	40042	
289	0	34090	37060	30544	40228	
290	0	34320	37272	30633	40401	
291	0	34468	37452	30740	40504	
292	0	34704	37668	30850	40660	
293	0	34960	37888	30936	40690	
294	0	35072	37854	31040	40860	
295	0	35280	38000	31128	40932	
296	0	35420	38373	31228	41124	
297	0	35600	38360	31320	41254	
298	0	35961	38472	31413	41312	
299	0	36144	38632	31517	41308	
300	0	36084	38537	31596	41552	
301	0	36216	38608	31676	41644	
302	0	36188	38560	31764	41720	
303	0	36193	38220	31852	41860	
304	0	36940	38548	31936	41890	
305	0	36476	37808	32024	41958	
306	0	35984	37696	32074	42100	
307	0	36242	37288	32168	42148	
308	0	36224	36908	32253	42216	
309	0	36184	36812	32332	42304	
310	0	36432	36696	32417	42401	
311	0	36372	36636	32470	42449	
312	0	36242	36656	32569	42596	
313	0	35713	36580	32628	42600	
314	0	35488	36700	32680	42652	
315	0	35296	36904	32772	42720	
316	0	35368	37264	32836	42744	
317	0	35388	37520	32940	42792	
318	0	33996	38640	33008	42932	
319	0	33208	35844	33112	42921	
320	0	34040	37345	33168	42920	
321	0	33400	39564	33252	43000	
322	0	33196	38144	33312	43041	
323	0	34008	37918	33422	43040	
324	0	34572	37953	33520	43060	
325	0	34396	37693	33578	43100	
326	0	34756	37772	33682	43120	
327	0	34068	37624	33752	43132	
328	0	34492	37425	33856	43189	
329	0	34328	37308	33984	43160	
330	0	34136	37305	34076	43233	
331	0	34164	37328	34170	43176	
332	0	34180	37440	34304	43209	
333	0	34112	37392	34432	43248	
334	0	34174	37432	34554	43220	
335	0	34165	37372	34686	43204	
336	0	34388	37317	34800	43236	
337	0	34480	37284	34941	43292	
338	0	34451	37240	34986	43217	
339	0	34480	37280	35120	43224	
340	0	34368	37281	35260	43216	
341	0	34432	37322	35408	43252	
342	0	34396	37360	35584	43260	
343	0	34376	37388	35676	43176	
344	0	34408	37336	35824	43104	
345	0	34517	37260	35960	43104	
346	0	34448	37328	36168	43104	
347	0	34532	37264	36334	43044	
348	0	34544	37276	36424	43080	
349	0	34572	37312	36568	43005	
350	0	34580	37308	36704	42924	
351	0	34536	37244	36952	42880	
352	0	34546	37352	36996	42849	
353	0	34604	37296	37176	42864	
354	0	34577	37280	37344	42782	
355	0	34556	37232	37536	42696	
356	0	34764	37304	37688	42688	
357	0	34780	37276	37736	42512	
358	0	34692	37253	37988	42516	
359	0	34992	37524	38017	42376	
360	0	34712	37300	38272	42424	
361	0	34793	37432	38340	42356	
362	0	34733	37328	38584	42284	
363	0	34866	37268	38693	42080	
364	0	34738	37300	38760	41994	
365	0	34704	37320	39004	42044	
366	0	34798	37230	39036	41884	
367	0	34773	37249	39276	41752	
368	0	34745	37240	39312	41672	
369	0	34772	37193	39444	41629	
370	0	34752	37212	39676	41524	
371	0	34744	37252	39712	41546	
372	0	34756	37220	39952	41400	
373	0	35052	37652	40040	41316	
374	0	34752	37214	40244	41272	
375	0	34744	37216	40344	41084	
376	0	34720	37220	40416	41072	
377	0	34700	37228	40537	41100	
378	0	34768	37184	40620	40904	
379	0	34756	37216	40812	40976	
380	0	34745	37194	40868	40929	
381	0	34724	37242	40940	40736	
382	0	34986	37605	41036	40822	
383	0	34725	37196	41156	40660	
384	0	34757	37272	41236	40600	
385	0	34784	37296	41346	40652	
386	0	34798	37216	41432	40684	
387	0	34816	37082	41516	40644	
388	0	34760	37268	41680	40624	
389	0	34752	37216	41672	40498	
390	0	34680	37280	41776	40480	
391	0	34704	37221	41916	40560	
392	0	34728	37178	41920	40465	
393	0	34752	37148	41936	40444	
394	0	34960	37432	42144	40440	
395	0	34720	37008	42172	40520	
396	0	34833	37156	42096	40552	
397	0	34772	37080	42240	40464	
398	0	34784	37320	42306	40536	
399	0	34744	37256	42232	40552	
400	0	34802	37408	42270	40586	
401	0	34768	37192	42300	40616	
402	0	34812	37180	42372	40665	
403	0	34768	37212	42372	40673	
404	0	34784	37217	42404	40584	
405	0	34721	37300	42548	40720	
406	0	34752	37176	42468	40768	
407	0	34749	37236	42620	40745	
408	0	34752	37245	42644	40784	
409	0	34708	37192	42629	40816	
410	0	34812	37464	42576	40832	
411	0	34744	37264	42708	40892	
412	0	34424	36536	42620	40860	
413	0	34736	37320	42772	40892	
414	0	34752	37216	42684	40944	
415	0	34704	37220	42708	40992	
416	0	34741	37212	42720	41076	
417	0	34708	37130	42768	41156	
418	0	34792	37308	42784	41112	
419	0	34877	37412	42830	41128	
420	0	34085	36296	42962	41258	
421	0	34752	37308	42854	41189	
422	0	34738	37216	42970	41225	
423	0	34820	37240	42904	41280	
424	0	34932	37224	42940	41400	
425	0	34698	37048	42948	41401	
426	0	34876	37290	42976	41352	
427	0	34653	37304	43012	41344	
428	0	34720	37300	43000	41481	
429	0	34724	37304	43020	41428	
430	0	34770	37240	43040	41504	
431	0	34872	37304	43044	41416	
432	0	34920	37226	43108	41536	
433	0	34944	37217	43172	41476	
434	0	34881	37360	43116	41440	
435	0	34856	37264	43184	41506	
436	0	34802	37208	43104	41539	
437	0	34778	37057	43109	41480	
438	0	34704	37384	43116	41436	
439	0	34792	37428	43120	41377	
440	0	34812	37216	43176	41398	
441	0	34880	37076	43189	41460	
442	0	34888	37008	43137	41428	
443	0	34904	37364	43144	41380	
444	0	34937	37204	43264	41280	
445	0	34920	37177	43232	41360	
446	0	34926	37397	43156	41288	
447	0	34916	37348	43240	41208	
448	0	35032	38157	43205	41241	
449	0	34969	37162	43228	41108	
450	0	34840	37334	43244	41037	
451	0	34956	37081	43316	41040	
452	0	34880	36824	43320	40940	
453	0	34964	37168	43312	40940	
454	0	34992	37172	43392	40836	
455	0	35036	37364	43380	40808	
456	0	34928	37248	43396	40754	
457	0	34888	37273	43528	40672	
458	0	34916	37362	43532	40572	
459	0	34913	37273	43512	40488	
460	0	34920	37272	43616	40408	
461	0	34820	37262	43584	40328	
462	0	34796	37312	43664	40172	
463	0	34856	37313	43768	40064	
464	0	34824	37468	43736	39993	
465	0	34812	37528	43816	39892	
466	0	34932	37754	43860	39868	
467	0	35093	37704	43884	39710	
468	0	35028	38041	43984	39594	
469	0	35016	38008	43956	39553	
470	0	35098	38064	43988	39418	
471	0	35160	38196	44132	39316	
472	0	35088	38220	44168	39180	
473	0	35048	38296	44172	39126	
474	0	34912	38384	44164	38992	
475	0	34729	38356	44228	38892	
476	0	34698	38345	44264	38770	
477	0	34672	38280	44320	38688	
478	0	34809	38192	44408	38548	
479	0	34692	37944	44388	38448	
480	0	34736	37865	44416	38340	
481	0	35136	37377	44476	38256	
482	0	35052	37028	44496	38148	
483	0	35169	36834	44512	38044	
484	0	35212	36252	44512	37924	
485	0	35250	35824	44512	37812	
486	0	35184	35493	44524	37712	
487	0	35436	35128	44584	37621	
488	0	35156	35050	44576	37520	
489	0	34692	34996	44552	37394	
490	0	34358	34857	44568	37288	
491	0	34054	34920	44552	37184	
492	0	33724	34908	44552	37109	
493	0	33436	34640	44592	36968	
494	0	33152	34664	44512	36892	
495	0	32673	34808	44484	36776	
496	0	32608	34952	44480	36680	
497	0	33185	35168	44416	36548	
498	0	33097	35096	44364	36450	
499	0	32940	35397	44396	36376	
500	0	33084	35689	44268	36248	
501	0	33284	35933	44212	36180	
502	0	33520	36144	44164	36068	
503	0	33714	36365	44116	35916	
504	0	33780	36666	44032	35840	
505	0	34024	36936	43986	35728	
506	0	34200	37212	43889	35621	
507	0	34296	37464	43760	35484	
508	0	34540	37465	43648	35340	
509	0	34624	37536	43580	35252	
510	0	34804	37824	43528	35128	
511	0	34720	37912	43354	34976	
512	0	34772	38124	43280	34864	
513	0	34832	38204	43080	34736	
514	0	34844	38274	42964	34660	
515	0	35072	38410	42880	34532	
516	0	35292	38496	42690	34409	
517	0	35494	38468	42586	34264	
518	0	35624	38408	42520	34133	
519	0	35764	38332	42228	33996	
520	0	35764	38180	42058	33902	
521	0	35908	38037	41892	33728	
522	0	36080	37754	41722	33628	
523	0	36256	37492	41548	33468	
524	0	36368	37257	41368	33372	
525	0	36372	37152	41264	33214	
526	0	36260	37108	41028	33120	
527	0	36152	37100	40944	33008	
528	0	35976	37034	40736	32876	
529	0	35888	36972	40432	32724	
530	0	35660	36900	40266	32637	
531	0	35512	36844	39988	32543	
532	0	35266	36784	39764	32408	
533	0	35165	36480	39592	32276	
534	0	35010	36822	39392	32176	
535	0	34953	36900	39080	32060	
536	0	34652	35093	38875	31944	
537	0	34600	36754	38634	31840	
538	0	34644	35793	38401	31736	
539	0	33805	40024	38162	31612	
540	0	33120	37224	37898	31508	
541	0	32950	36897	37648	31408	
542	0	33736	37840	37368	31284	
543	0	33458	37928	37156	31187	
544	0	33040	37669	36900	31076	
545	0	34080	37941	36552	30953	
546	0	33816	38128	36282	30841	
547	0	33610	38152	36013	30736	
548	0	33804	37920	35740	30621	
549	0	33866	37540	35458	30512	
550	0	34260	37425	35121	30376	
551	0	34444	37429	34824	30249	
552	0	34581	37440	34528	30144	
553	0	34457	37488	34272	30054	
554	0	34256	37408	33949	29898	
555	0	33981	37177	33584	29802	
556	0	33868	37464	33268	29665	
557	0	33808	37412	32964	29538	
558	0	33881	37456	32654	29416	
559	0	33898	37456	32344	29300	
560	0	34112	37428	32008	29144	
561	0	34188	37424	31686	29014	
562	0	34264	37392	31349	28912	
563	0	34376	37321	31020	28780	
564	0	34304	37368	30673	28620	
565	0	34176	37321	30320	28528	
566	0	34165	37296	29972	28352	
567	0	34097	37320	29616	28204	
568	0	34073	37292	29268	28068	
569	0	34148	37397	28888	27933	
570	0	34264	37392	28484	27791	
571	0	34416	37396	28114	27640	
572	0	34420	37354	27714	27553	
573	0	34474	37346	27310	27362	
574	0	34538	37404	26946	27216	
575	0	34588	37400	26523	27064	
576	0	34592	37412	26162	26922	
577	0	34660	37388	25708	26828	
578	0	34676	37408	25321	26636	
579	0	34656	37416	24832	26493	
580	0	34636	37400	24464	26341	
581	0	34664	37388	24008	26200	
582	0	34610	37360	23558	26044	
583	0	34636	37337	23163	25924	
584	0	34632	37296	22692	25766	
585	0	34601	37224	22208	25670	
586	0	34572	37236	21852	25524	
587	0	34604	37228	21426	25428	
588	0	34624	37240	21004	25337	
589	0	34544	37198	20588	25174	
590	0	34588	37189	20146	25061	
591	0	34572	37188	19783	24990	
592	0	34584	37260	19360	24925	
593	0	34572	37268	19021	24816	
594	0	34612	37232	18652	24736	
595	0	34624	37256	18252	24612	
596	0	34624	37268	17908	24596	
597	0	34608	37240	17576	24549	
598	0	34588	37248	17239	24524	
599	0	34588	37240	16869	24464	
600	0	34565	37224	16597	24432	
601	0	34541	37288	16292	24384	
602	0	34733	37092	15934	24244	
603	0	34596	37224	15678	24292	
604	0	34592	37232	15376	24236	
605	0	34658	37216	15098	24192	
606	0	34628	37288	14818	24206	
607	0	34685	37216	14509	24144	
608	0	34660	37266	14279	24090	
609	0	34540	37368	14032	24081	
610	0	34560	37228	13794	24032	
611	0	34660	37084	13488	23960	
612	0	34637	37244	13301	23972	
613	0	34708	37212	13071	23880	
614	0	34752	37224	12874	23904	
615	0	34624	37492	12660	23724	
616	0	34644	37348	12458	23820	
617	0	34592	37573	12202	23760	
618	0	34664	37540	11984	23622	
619	0	34948	37580	11889	23665	
620	0	34972	37520	11728	23638	
621	0	34992	37416	11504	23598	
622	0	34897	37208	11399	23536	
623	0	34810	37200	11250	23496	
624	0	34756	37344	11111	23476	
625	0	34665	37952	10980	23432	
626	0	34873	38180	10853	23290	
627	0	34404	38088	10736	23286	
628	0	34912	38104	10629	23208	
629	0	34916	37920	10500	23248	
630	0	35044	37944	10408	23206	
631	0	35170	37928	10327	23116	
632	0	34740	38617	10199	23072	
633	0	34436	38608	10156	23024	
634	0	34740	38948	10132	23000	
635	0	34556	39441	9984	22984	
636	0	34416	39542	9923	22920	
637	0	34384	39340	9928	22896	
638	0	34629	39500	9894	22838	
639	0	34906	39836	9858	22792	
640	0	35252	39928	9804	22752	
641	0	35400	39808	9812	22692	
642	0	35556	39808	9785	22608	
643	0	35549	39588	9729	22584	
644	0	35240	39200	9764	22600	
645	0	35692	38784	9819	22490	
646	0	36324	38212	9790	22544	
647	0	36290	38192	9744	22512	
648	0	36536	37384	9847	22432	
649	0	36217	36224	9847	22486	
650	0	35712	36900	9874	22418	
651	0	35330	36992	9888	22461	
652	0	36192	35520	9949	22493	
653	0	35945	36216	10020	22489	
654	0	35464	36936	10028	22372	
655	0	34756	37040	10128	22555	
656	0	34376	36822	10119	22545	
657	0	34462	36996	10266	22672	
658	0	34436	36361	10362	22734	
659	0	34372	36212	10382	22770	
660	0	34704	35740	10511	22810	
661	0	34468	35520	10607	23024	
662	0	34214	35568	10648	23146	
663	0	34020	35624	10776	23284	
664	0	33700	35488	10820	23376	
665	0	33898	35386	10966	23481	
666	0	34132	35229	11074	23716	
667	0	33916	35128	11261	23876	
668	0	34132	34776	11427	24121	
669	0	33772	35032	11514	24244	
670	0	33842	34832	11668	24378	
671	0	33708	34938	11827	24696	
672	0	33540	34656	12031	24937	
673	0	33672	34956	12199	25094	
674	0	33736	35096	12418	25378	
675	0	33816	34938	12612	25474	
676	0	33873	35128	12820	25864	
677	0	33969	35052	13056	26076	
678	0	34280	35092	13268	26320	
679	0	34554	35266	13494	26562	
680	0	34752	35256	13730	26780	
681	0	34856	35365	13932	27033	
682	0	35076	35344	14227	27257	
683	0	35024	35385	14522	27504	
684	0	35176	35428	14774	27588	
685	0	35104	35464	15097	27948	
686	0	35224	35409	15325	28162	
687	0	35309	35284	15684	28397	
688	0	35328	35156	15904	28614	
689	0	35404	35116	16236	28827	
690	0	35309	35024	16553	29056	
691	0	35028	34698	16869	29262	
692	0	34904	34277	17185	29456	
693	0	34644	33662	17565	29665	
694	0	34356	32956	17808	29876	
695	0	39424	31588	18157	30096	
696	0	55556	37386	18540	30314	
697	0	31813	39656	18891	30350	
698	0	21664	34832	19180	30669	
699	0	28654	43609	19560	30880	
700	0	33120	41696	19862	31080	
701	0	34272	36036	20220	31256	
702	0	36730	34650	20612	31456	
703	0	35544	33838	20952	31544	
704	0	35514	34496	21289	31872	
705	0	35120	35997	21697	32024	
706	0	35442	36924	22062	32201	
707	0	34216	37920	22369	32424	
708	0	35184	37817	22765	32580	
709	0	35568	37092	23125	32725	
710	0	35757	37068	23477	32916	
711	0	35128	36668	23880	33128	
712	0	35001	36712	24275	33280	
713	0	34836	36545	24608	33444	
714	0	35220	36556	25073	33668	
715	0	34960	36784	25445	33868	
716	0	35320	36669	25836	34032	
717	0	35073	36680	26232	34248	
718	0	35172	37048	26640	34360	
719	0	35192	36836	27024	34584	
720	0	35640	36758	27484	34792	
721	0	35400	36764	27881	34964	
722	0	35130	36384	28256	35141	
723	0	35172	36856	28704	35278	
724	0	35250	36576	29124	35500	
725	0	35401	36698	29532	35654	
726	0	35196	36640	29933	35808	
727	0	35310	36648	30350	36016	
728	0	35172	36929	30748	36184	
729	0	35028	36816	31156	36256	
730	0	34994	36745	31552	36420	
731	0	35164	36792	31976	36500	
732	0	35096	36924	32356	36616	
733	0	34988	37192	32725	36756	
734	0	35097	36824	33117	36756	
735	0	35082	36804	33500	36860	
736	0	34926	36872	33868	36948	
737	0	34852	37048	34304	36956	
738	0	34920	37096	34632	37002	
739	0	34852	36840	34992	37093	
740	0	34690	37040	35428	37112	
741	0	34814	37400	35797	37140	
742	0	34596	37204	36100	37060	
743	0	34710	37093	36440	37124	
744	0	34802	37286	36786	37132	
745	0	34664	37208	37128	37124	
746	0	34562	37065	37464	36964	
747	0	34488	37172	37792	37028	
748	0	34612	37389	38220	36874	
749	0	34624	37168	38496	36858	
750	0	34556	37296	38748	36740	
751	0	34628	37376	39041	36720	
752	0	34512	37324	39348	36564	
753	0	34480	37346	39624	36504	
754	0	34513	37140	39965	36404	
755	0	34468	37298	40160	36340	
756	0	34600	37273	40496	36208	
757	0	34721	37284	40676	36069	
758	0	34634	37346	40960	36000	
759	0	34628	37349	41184	35872	
760	0	34316	37508	41436	35760	
761	0	34401	37577	41648	35640	
762	0	34520	37400	41872	35524	
763	0	34533	37345	42112	35422	
764	0	34554	37008	42320	35317	
765	0	34696	36816	42644	35224	
766	0	34656	36834	42724	35137	
767	0	34782	36861	43033	35033	
768	0	34625	37600	43116	34924	
769	0	34916	37432	43320	34836	
770	0	34797	37208	43514	34794	
771	0	34802	37164	43684	34672	
772	0	34986	37216	43884	34640	
773	0	34846	37504	44128	34569	
774	0	35104	37226	44244	34565	
775	0	34728	37592	44408	34524	
776	0	34906	38104	44576	34488	
777	0	35173	38028	44784	34420	
778	0	35010	38148	44912	34436	
779	0	35120	38208	45156	34433	
780	0	35204	38520	45269	34308	
781	0	34845	39408	45496	34304	
782	0	35049	39832	45616	34385	
783	0	35156	39904	45760	34296	
784	0	34469	40596	45948	34360	
785	0	33600	41200	46121	34413	
786	0	34144	40988	46288	34401	
787	0	33850	40636	46492	34436	
788	0	33269	40220	46696	34468	
789	0	33674	40296	46868	34505	
790	0	33741	39776	47004	34546	
791	0	35452	39948	47180	34589	
792	0	34740	39484	47352	34632	
793	0	35117	39584	47612	34690	
794	0	37568	40352	47772	34836	
795	0	38904	39480	47864	34869	
796	0	39172	38608	48036	34972	
797	0	38828	40013	48256	35036	
798	0	37428	42780	48392	35176	
799	0	41800	33057	48601	35214	
800	0	39680	38100	48813	35308	
801	0	38616	37660	48878	35400	
802	0	37144	38488	49096	35480	
803	0	35936	39300	49296	35576	
804	0	35098	39452	49352	35677	
805	0	34528	38336	49504	35744	
806	0	34352	37568	49740	35844	
807	0	33924	37468	49860	35936	
808	0	33960	36736	49940	35960	
809	0	34002	36580	50036	36041	
810	0	33592	35312	50164	36116	
811	0	33440	35320	50264	36096	
812	0	32969	34813	50360	36050	
813	0	32537	34385	50493	36124	
814	0	32338	34068	50544	36098	
815	0	32184	34169	50593	36116	
816	0	32260	34324	50628	36092	
817	0	31971	34202	50696	36048	
818	0	31570	33344	50724	35960	
819	0	32133	33792	50708	35920	
820	0	32196	33492	50768	35812	
821	0	32284	33788	50776	35740	
822	0	32341	33372	50738	35650	
823	0	32308	33461	50700	35544	
824	0	32330	33889	50680	35392	
825	0	32544	33642	50612	35296	
826	0	32801	33633	50524	35137	
827	0	32920	33684	50536	35008	
828	0	33240	33688	50460	34716	
829	0	33371	33576	50368	34640	
830	0	33556	33702	50268	34428	
831	0	33928	34120	50112	34294	
832	0	34032	34232	49976	34116	
833	0	34149	34436	49893	33876	
834	0	34180	34452	49752	33760	
835	0	34220	34674	49569	33588	
836	0	34020	34792	49429	33344	
837	0	34164	34848	49256	33190	
838	0	34397	34898	49010	32980	
839	0	34700	34936	48796	32680	
840	0	35100	34888	48600	32637	
841	0	35240	34852	48448	32372	
842	0	35520	34690	48192	32188	
843	0	46712	39188	48012	32109	
844	0	56128	28476	47848	31905	
845	0	31612	37360	47624	31769	
846	0	21406	33728	47320	31665	
847	0	21885	42328	47105	31504	
848	0	33508	40568	46856	31241	
849	0	39392	39385	46684	31256	
850	0	35958	34508	46438	31128	
851	0	37656	33924	46162	30993	
852	0	36360	33840	45972	31034	
853	0	32772	35456	45736	30957	
854	0	34216	36880	45436	30850	
855	0	35681	37864	45168	30952	
856	0	35944	37800	44948	30960	
857	0	34920	37410	44722	30856	
858	0	34768	37000	44456	30964	
859	0	35240	36772	44250	31072	
860	0	35540	36677	44008	31136	
861	0	35008	36650	43672	31198	
862	0	35250	36206	43432	31300	
863	0	35328	36088	43161	31436	
864	0	35089	36686	42872	31544	
865	0	35648	36729	42688	31718	
866	0	35220	36649	42384	31856	
867	0	35568	36610	42056	31988	
868	0	34893	36292	41764	32180	
869	0	35506	36500	41522	32448	
870	0	35160	36652	41312	32574	
871	0	35268	36874	40954	32801	
872	0	35208	36600	40608	32982	
873	0	35340	36912	40256	33156	
874	0	35144	36788	40021	33357	
875	0	35048	37116	39684	33540	
876	0	35116	36761	39256	33702	
877	0	35148	36858	38976	33888	
878	0	35100	36816	38556	34064	
879	0	35157	36880	38177	34156	
880	0	34969	36808	37820	34285	
881	0	35050	36624	37424	34408	
882	0	34960	36912	37100	34492	
883	0	34872	36416	36636	34606	
884	0	34916	37036	36260	34728	
885	0	34757	36632	35869	34738	
886	0	34825	37072	35464	34796	
887	0	34794	37565	34989	34785	
888	0	34744	37052	34620	34696	
889	0	34700	37228	34189	34772	
890	0	34650	37160	33696	34616	
891	0	34768	37521	33268	34665	
892	0	34733	37224	32812	34484	
893	0	34620	36953	32388	34432	
894	0	34618	37296	31936	34250	
895	0	34646	37228	31500	34124	
896	0	34732	37344	31056	33974	
897	0	34360	36910	30596	33856	
898	0	34660	37316	30149	33596	
899	0	34548	37122	29696	33404	
900	0	34610	37072	29237	33272	
901	0	34620	37004	28776	32977	
902	0	34570	37228	28310	32733	
903	0	34545	37272	27880	32552	
904	0	34560	37524	27371	32262	
905	0	34324	37672	26904	32044	
906	0	34389	37624	26486	31752	
907	0	34478	37696	26022	31474	
908	0	34600	37560	25576	31168	
909	0	34529	37344	25197	30881	
910	0	34724	37456	24794	30596	
911	0	34572	37572	24385	30333	
912	0	34512	37784	23904	30017	
913	0	34652	37664	23542	29756	
914	0	34280	37800	23188	29456	
915	0	34374	38040	22844	29216	
916	0	34544	37996	22436	28925	
917	0	34798	37549	22057	28652	
918	0	34357	38212	21706	28388	
919	0	34464	38837	21384	28180	
920	0	34936	38996	21152	27904	
921	0	34996	39168	20844	27660	
922	0	34260	39169	20520	27422	
923	0	34280	39408	20210	27227	
924	0	34048	40052	19984	27001	
925	0	33692	40536	19725	26788	
926	0	32792	40720	19475	26605	
927	0	33156	40128	19250	26442	
928	0	33008	39960	19020	26240	
929	0	32872	40120	18776	26088	
930	0	33916	39528	18624	25925	
931	0	34976	39544	18360	25801	
932	0	34909	39737	18234	25646	
933	0	35781	39080	18044	25508	
934	0	36232	38056	17872	25442	
935	0	37434	39320	17787	25344	
936	0	36850	38986	17682	25194	
937	0	36536	37977	17541	25196	
938	0	38128	38160	17434	25112	
939	0	40220	37312	17409	25052	
940	0	39513	38044	17296	24940	
941	0	38542	38344	17280	24940	
942	0	38092	38430	17200	24904	
943	0	36985	39248	17263	24765	
944	0	35932	39018	17224	24842	
945	0	35140	38624	17198	24800	
946	0	34748	38047	17136	24801	
947	0	34706	37666	17208	24777	
948	0	34668	37472	17204	24720	
949	0	34654	36716	17236	24604	
950	0	34509	36404	17264	24660	
951	0	34136	36164	17273	24504	
952	0	34084	35856	17368	24514	
953	0	33768	35772	17437	24480	
954	0	33277	35584	17444	24446	
955	0	33100	35394	17508	24348	
956	0	32776	35322	17536	24256	
957	0	32628	34848	17551	24192	
958	0	32641	34732	17649	24070	
959	0	32828	34736	17643	23964	
960	0	32840	34580	17728	23841	
961	0	32706	34784	17684	23684	
962	0	32508	34276	17784	23572	
963	0	32698	34456	17790	23484	
964	0	32604	34168	17806	23312	
965	0	32760	33804	17848	23153	
966	0	32909	33634	17833	22976	
967	0	32970	33524	17805	22800	
968	0	33038	33456	17746	22613	
969	0	33160	33604	17800	22404	
970	0	33184	33804	17734	22260	
971	0	33378	33856	17736	22012	
972	0	33420	33720	17664	21848	
973	0	33241	34097	17594	21664	
974	0	33466	34180	17600	21440	
975	0	33488	34390	17570	21296	
976	0	33600	34764	17504	21043	
977	0	33724	34836	17448	20900	
978	0	34082	34926	17382	20736	
979	0	34418	34852	17315	20557	
980	0	35078	34960	17260	20356	
981	0	35594	34932	17206	20224	
982	0	35768	35120	17077	20035	
983	0	36504	35396	16986	19834	
984	0	36688	35488	16988	19696	
985	0	36704	35312	16924	19602	
986	0	36582	35112	16856	19450	
987	0	36260	35042	16780	19320	
988	0	45584	41184	16710	19212	
989	0	55828	38985	16671	19118	
990	0	33186	37588	16635	19102	
991	0	28768	35276	16517	18984	
992	0	25328	38396	16476	18920	
993	0	29420	39776	16432	18870	
994	0	40368	39732	16424	18892	
995	0	36488	37780	16409	18792	
996	0	35860	35940	16352	18818	
997	0	35008	35185	16378	18840	
998	0	33225	34880	16329	18886	
999	0	34992	35036	16370	18950	
1000	0	36664	36088	16358	18960	
1001	0	35897	36704	16385	19100	
1002	0	35225	37389	16351	19138	
1003	0	34762	36892	16468	19308	
1004	0	35146	36616	16523	19500	
1005	0	35514	36616	16570	19653	
1006	0	35361	36498	16680	19836	
1007	0	35162	36696	16772	20132	
1008	0	35201	36784	16840	20360	
1009	0	35296	36704	17009	20604	
1010	0	35424	36405	17103	20866	
1011	0	35716	36528	17232	21206	
1012	0	35392	36588	17464	21476	
1013	0	35264	36637	17629	21840	
1014	0	35629	36680	17820	22195	
1015	0	35289	36624	17976	22549	
1016	0	35416	36986	18216	22880	
1017	0	35364	36820	18442	23306	
1018	0	35221	37088	18621	23733	
1019	0	35402	36808	18832	24124	
1020	0	35576	36852	19101	24520	
1021	0	35148	36953	19362	24935	
1022	0	35238	36744	19616	25292	
1023	0	35104	36812	19864	25813	
1024	0	35057	36796	20085	26120	
1025	0	35044	36968	20373	26562	
1026	0	35024	36984	20616	26980	
1027	0	35059	36957	20862	27352	
1028	0	34932	36860	21096	27784	
1029	0	34901	36872	21349	28202	
1030	0	34808	36989	21602	28545	
1031	0	34908	37000	21786	28932	
1032	0	34961	37121	22056	29304	
1033	0	34861	37117	22253	29706	
1034	0	34594	37352	22528	30040	
1035	0	34480	37217	22712	30394	
1036	0	34605	37312	22920	30736	
1037	0	34668	37456	23116	31120	
1038	0	34633	37112	23388	31392	
1039	0	34628	37580	23617	31708	
1040	0	34594	37280	23833	32028	
1041	0	34528	37242	24032	32337	
1042	0	34440	37296	24224	32604	
1043	0	34532	37168	24381	32900	
1044	0	34620	36952	24592	33188	
1045	0	34660	37080	24740	33416	
1046	0	34592	37428	24957	33678	
1047	0	34712	37712	25084	33950	
1048	0	34528	37852	25221	34192	
1049	0	34384	38037	25449	34418	
1050	0	34448	37796	25625	34721	
1051	0	34448	37648	25750	34868	
1052	0	34560	37424	25885	35196	
1053	0	34753	37060	26123	35376	
1054	0	34836	36621	26236	35590	
1055	0	34904	36694	26442	35772	
1056	0	34848	36836	26568	35993	
1057	0	34772	36961	26716	36272	
1058	0	34776	37048	26944	36502	
1059	0	34796	37076	27070	36624	
1060	0	35056	36944	27306	36909	
1061	0	34988	37220	27460	37128	
1062	0	35004	37384	27685	37400	
1063	0	34576	37772	27870	37564	
1064	0	34789	38586	28080	37756	
1065	0	34836	39112	28276	38056	
1066	0	35272	39109	28476	38290	
1067	0	35128	38784	28724	38488	
1068	0	34800	39218	28897	38800	
1069	0	34880	39688	29184	39000	
1070	0	34861	39952	29436	39304	
1071	0	34560	40012	29672	39604	
1072	0	34344	40928	29960	39848	
1073	0	33680	41336	30208	40048	
1074	0	33272	41352	30538	40436	
1075	0	33872	41164	30826	40673	
1076	0	33917	40092	31146	40992	
1077	0	34213	40200	31462	41369	
1078	0	34110	39232	31768	41633	
1079	0	34788	39464	32100	41874	
1080	0	35124	38689	32420	42236	
1081	0	36764	38800	32757	42580	
1082	0	37796	39104	33092	42916	
1083	0	38208	38842	33420	43300	
1084	0	36360	41412	33785	43612	
1085	0	39564	35725	34178	43948	
1086	0	40624	35720	34493	44316	
1087	0	39333	37272	34780	44608	
1088	0	37138	38704	35150	44946	
1089	0	35893	39700	35464	45300	
1090	0	35276	39457	35864	45632	
1091	0	34617	38309	36144	45925	
1092	0	34516	37720	36544	46256	
1093	0	34744	37106	36816	46536	
1094	0	34813	36640	37152	46828	
1095	0	34328	36297	37592	47080	
1096	0	33761	35472	37796	47324	
1097	0	33720	35560	38194	47521	
1098	0	33430	35472	38404	47776	
1099	0	33428	35096	38699	47884	
1100	0	33152	34760	39060	48040	
1101	0	32929	35116	39252	48188	
1102	0	32765	34790	39648	48308	
1103	0	32856	34944	39809	48356	
1104	0	32296	34420	40004	48392	
1105	0	32560	34444	40288	48456	
1106	0	32945	34980	40480	48468	
1107	0	32452	34312	40761	48460	
1108	0	32738	33944	41016	48381	
1109	0	32552	34032	41112	48344	
1110	0	32587	33928	41305	48192	
1111	0	32540	33948	41505	48104	
1112	0	32608	34212	41652	47940	
1113	0	32792	33888	41956	47740	
1114	0	33048	34388	41984	47552	
1115	0	33012	33770	42208	47324	
1116	0	32928	33950	42288	47104	
1117	0	32944	33844	42482	46816	
1118	0	33020	33888	42680	46576	
1119	0	33424	34076	42708	46304	
1120	0	33439	34217	42836	45968	
1121	0	33424	34280	43048	45672	
1122	0	33600	34376	43048	45328	
1123	0	33824	34525	43254	45044	
1124	0	34032	34194	43333	44704	
1125	0	34365	34140	43349	44365	
1126	0	34480	34132	43436	43960	
1127	0	34616	34141	43521	43708	
1128	0	34816	34233	43681	43256	
1129	0	34580	33926	43740	42902	
1130	0	54841	36416	43765	42624	
1131	0	56172	44096	43896	42316	
1132	0	20416	38208	43904	41992	
1133	0	15606	35484	44000	41570	
1134	0	28616	46640	44064	41344	
1135	0	35232	42872	44096	40948	
1136	0	37200	37260	44156	40656	
1137	0	35554	35170	44212	40376	
1138	0	37881	32857	44296	40080	
1139	0	33920	33832	44328	39872	
1140	0	33481	36474	44452	39624	
1141	0	33821	37328	44424	39328	
1142	0	36508	38384	44472	39148	
1143	0	35708	37470	44498	38933	
1144	0	34768	37234	44621	38720	
1145	0	34674	36956	44640	38552	
1146	0	35040	37280	44626	38392	
1147	0	35004	37261	44716	38240	
1148	0	34861	37028	44704	38100	
1149	0	34917	36929	44730	37972	
1150	0	34964	36812	44764	37864	
1151	0	35074	36888	44792	37752	
1152	0	35144	36866	44816	37642	
1153	0	35224	36716	44844	37528	
1154	0	35080	36728	44880	37424	
1155	0	35100	36584	44885	37312	
1156	0	34794	36938	44930	37201	
1157	0	35101	36992	45002	37076	
1158	0	35228	37088	44978	36908	
1159	0	34960	37208	45008	36777	
1160	0	34904	37060	45028	36605	
1161	0	34932	36964	45081	36416	
1162	0	34953	37001	45056	36192	
1163	0	34881	36876	45104	35960	
1164	0	34980	36924	45092	35708	
1165	0	34900	37000	45116	35492	
1166	0	34905	36953	45136	35256	
1167	0	34688	37212	45136	34985	
1168	0	34693	37601	45062	34608	
1169	0	34806	37644	45104	34272	
1170	0	34698	37326	45080	33908	
1171	0	34570	36972	45004	33620	
1172	0	34674	37268	44924	33204	
1173	0	34416	37148	44836	32804	
1174	0	34508	37380	44746	32416	
1175	0	34541	37170	44640	31992	
1176	0	34436	37364	44596	31552	
1177	0	34188	37366	44452	31089	
1178	0	34332	37372	44272	30661	
1179	0	34368	37237	44196	30224	
1180	0	34218	37441	43968	29756	
1181	0	34280	37420	43852	29282	
1182	0	34120	37484	43600	28796	
1183	0	34252	37472	43452	28337	
1184	0	34240	37496	43188	27832	
1185	0	34264	37416	43026	27404	
1186	0	34204	37336	42652	26900	
1187	0	34114	37308	42520	26444	
1188	0	34072	37140	42104	25992	
1189	0	34184	37034	41916	25606	
1190	0	34140	37249	41544	25160	
1191	0	34008	37732	41340	24610	
1192	0	34029	38056	40864	24365	
1193	0	33950	38112	40640	23835	
1194	0	34040	37842	40193	23576	
1195	0	34096	37624	39864	23048	
1196	0	34178	37476	39508	22800	
1197	0	34292	37424	39108	22336	
1198	0	34188	37112	38724	22080	
1199	0	34112	37168	38344	21776	
1200	0	34176	37516	37976	21492	
1201	0	34180	38002	37576	21283	
1202	0	34113	38112	37184	20992	
1203	0	34068	38272	36780	20756	
1204	0	34180	38345	36352	20507	
1205	0	34562	38176	35960	20338	
1206	0	34000	38124	35544	20154	
1207	0	34008	38561	35152	19992	
1208	0	34418	38672	34752	19869	
1209	0	34396	38696	34372	19614	
1210	0	34133	39040	33987	19600	
1211	0	33952	39340	33580	19570	
1212	0	33392	39545	33189	19524	
1213	0	33756	40018	32796	19336	
1214	0	33917	40248	32420	19484	
1215	0	32732	40240	32036	19458	
1216	0	33208	40152	31696	19497	
1217	0	31300	40152	31344	19541	
1218	0	33660	40792	31000	19576	
1219	0	34184	40332	30652	19677	
1220	0	33224	39545	30328	19710	
1221	0	34228	40084	30010	19888	
1222	0	35212	40209	29644	20025	
1223	0	35164	39736	29356	20146	
1224	0	34646	38784	29112	20340	
1225	0	36264	38720	28840	20508	
1226	0	36352	38912	28620	20707	
1227	0	36181	39944	28364	20916	
1228	0	34560	40624	28116	21144	
1229	0	40036	35872	27925	21371	
1230	0	40442	35664	27710	21612	
1231	0	38992	38840	27488	21856	
1232	0	38162	38785	27305	22108	
1233	0	37264	38888	27088	22354	
1234	0	36280	39352	26946	22612	
1235	0	35564	39296	26776	22844	
1236	0	35280	39164	26654	23080	
1237	0	35168	38272	26441	23330	
1238	0	35120	37628	26296	23538	
1239	0	34900	36924	26172	23744	
1240	0	34808	36381	26016	23938	
1241	0	34534	35832	25933	24154	
1242	0	33788	35532	25765	24289	
1243	0	33082	35964	25644	24486	
1244	0	32568	35080	25538	24588	
1245	0	32369	34796	25389	24764	
1246	0	31872	34720	25288	24840	
1247	0	31856	34608	25153	24916	
1248	0	31670	34012	25028	24986	
1249	0	32033	33668	24878	25021	
1250	0	31757	33913	24736	25060	
1251	0	31920	34172	24644	25116	
1252	0	31968	34205	24525	25056	
1253	0	32356	34092	24381	25083	
1254	0	32592	34016	24228	25024	
1255	0	32552	34076	24098	25001	
1256	0	32626	34153	23933	24868	
1257	0	32664	34212	23782	24756	
1258	0	32762	34077	23666	24668	
1259	0	32825	34328	23515	24601	
1260	0	32900	34200	23361	24418	
1261	0	33152	34265	23196	24278	
1262	0	32800	34729	23024	24192	
1263	0	33044	34552	22908	23970	
1264	0	33304	34822	22737	23840	
1265	0	33296	35048	22593	23676	
1266	0	33456	34816	22448	23540	
1267	0	33880	34870	22264	23368	
1268	0	34336	34772	22080	23204	
1269	0	34848	34553	21966	23080	
1270	0	35341	34368	21826	22906	
1271	0	35960	34560	21652	22804	
1272	0	36323	34468	21526	22694	
1273	0	35984	33944	21384	22532	
1274	0	35104	32868	21234	22460	
1275	0	54153	33712	21117	22337	
1276	0	56304	48545	20931	22236	
1277	0	15034	26070	20908	22118	
1278	0	8930	39480	20746	22056	
1279	0	37129	45080	20642	21984	
1280	0	41708	41949	20480	21934	
1281	0	38336	32228	20453	21876	
1282	0	36840	33092	20293	21880	
1283	0	33372	35936	20252	21828	
1284	0	32824	36650	20132	21844	
1285	0	36235	36992	20068	21819	
1286	0	36280	37052	20028	21865	
1287	0	35116	36632	20028	21832	
1288	0	34876	36448	19986	21892	
1289	0	35596	36768	20012	21970	
1290	0	35556	37032	19936	21981	
1291	0	35140	36825	20026	22053	
1292	0	35140	36464	19984	22136	
1293	0	35180	36408	20112	22249	
1294	0	35409	36576	20160	22352	
1295	0	35270	36576	20265	22490	
1296	0	35464	36572	20290	22582	
1297	0	35316	37012	20409	22826	
1298	0	35077	36980	20570	22908	
1299	0	35280	37064	20678	23090	
1300	0	35124	37230	20830	23276	
1301	0	35100	36888	21048	23456	
1302	0	34952	36830	21204	23632	
1303	0	35188	36908	21344	23816	
1304	0	34768	36816	21597	24060	
1305	0	35001	37024	21824	24228	
1306	0	35024	36984	22038	24454	
1307	0	35000	37425	22202	24624	
1308	0	34800	37020	22461	24872	
1309	0	34912	36954	22664	25114	
1310	0	34841	36764	22856	25284	
1311	0	34904	37184	23054	25565	
1312	0	34860	36928	23264	25801	
1313	0	34848	37140	23528	26010	
1314	0	34696	36856	23728	26173	
1315	0	34810	37212	23906	26426	
1316	0	34736	37084	24056	26617	
1317	0	34674	37272	24280	26820	
1318	0	34780	37114	24486	27056	
1319	0	34876	37141	24697	27268	
1320	0	34768	37048	24844	27521	
1321	0	34768	37100	25044	27796	
1322	0	34809	36992	25272	27916	
1323	0	34748	37212	25360	28122	
1324	0	34592	37466	25584	28341	
1325	0	34648	37520	25768	28544	
1326	0	34608	37396	25921	28760	
1327	0	34636	37320	26048	28986	
1328	0	34720	37273	26225	29152	
1329	0	34681	37086	26400	29345	
1330	0	34696	37120	26500	29601	
1331	0	34644	37180	26688	29744	
1332	0	34716	37140	26848	29940	
1333	0	34712	37220	26994	30152	
1334	0	34652	37608	27124	30360	
1335	0	34560	37548	27233	30588	
1336	0	34624	37480	27416	30858	
1337	0	34705	37260	27572	30994	
1338	0	34849	37401	27720	31202	
1339	0	34848	37282	27842	31466	
1340	0	34833	37613	28048	31688	
1341	0	34816	37644	28194	31872	
1342	0	34808	37564	28340	32126	
1343	0	34817	37659	28506	32385	
1344	0	35080	37808	28648	32600	
1345	0	35072	38209	28804	32962	
1346	0	34992	38092	29012	33132	
1347	0	34960	38020	29178	33418	
1348	0	34648	38316	29314	33750	
1349	0	34829	38885	29483	33965	
1350	0	35408	39392	29716	34260	
1351	0	35080	39353	29888	34588	
1352	0	34757	39844	30059	34944	
1353	0	33428	41092	30202	35232	
1354	0	34260	40329	30416	35489	
1355	0	33245	39936	30620	35932	
1356	0	32848	39821	30824	36186	
1357	0	32624	39548	31024	36504	
1358	0	33344	39385	31228	36896	
1359	0	33893	38852	31405	37296	
1360	0	34424	39224	31628	37706	
1361	0	34120	38968	31824	38052	
1362	0	35008	39312	32048	38560	
1363	0	37632	38877	32256	38924	
1364	0	36928	37736	32460	39252	
1365	0	37236	37917	32704	39776	
1366	0	37352	38336	32944	40140	
1367	0	36184	39477	33160	40648	
1368	0	41160	33721	33480	41018	
1369	0	39240	38374	33636	41476	
1370	0	37625	37960	33890	41928	
1371	0	36586	37744	34120	42345	
1372	0	35154	38360	34406	42836	
1373	0	34436	38642	34621	43192	
1374	0	33728	38580	34928	43664	
1375	0	33688	38057	35144	44016	
1376	0	33700	37842	35460	44404	
1377	0	33632	37824	35648	44744	
1378	0	33800	37330	35908	45128	
1379	0	33712	36594	36248	45432	
1380	0	33004	36169	36444	45756	
1381	0	32409	36448	36640	46065	
1382	0	31697	36317	36876	46372	
1383	0	31528	36109	37100	46624	
1384	0	31456	35640	37320	46868	
1385	0	31377	35308	37526	47056	
1386	0	31509	34980	37728	47248	
1387	0	31750	34772	37901	47440	
1388	0	31648	34852	38088	47576	
1389	0	31841	34876	38256	47704	
1390	0	32029	34789	38409	47792	
1391	0	32204	34748	38561	47864	
1392	0	32412	34822	38688	47864	
1393	0	32766	34892	38914	47936	
1394	0	32945	35048	38908	47933	
1395	0	33224	35332	39140	47924	
1396	0	33568	35478	39156	47872	
1397	0	33924	36004	39168	47808	
1398	0	34232	36162	39297	47696	
1399	0	34512	36536	39286	47588	
1400	0	34677	36827	39336	47424	
1401	0	34814	36976	39440	47304	
1402	0	34924	37472	39408	47120	
1403	0	35012	37656	39427	46906	
1404	0	35069	37936	39480	46704	
1405	0	35289	38669	39512	46496	
1406	0	35432	38984	39448	46276	
1407	0	35612	39136	39460	46005	
1408	0	35760	39528	39532	45732	
1409	0	35992	39928	39516	45508	
1410	0	36492	40081	39444	45256	
1411	0	36978	40700	39464	45008	
1412	0	37664	40920	39441	44729	
1413	0	38538	40545	39416	44429	
1414	0	39550	40624	39389	44209	
1415	0	40868	40364	39320	43920	
1416	0	41538	39344	39360	43684	
1417	0	42080	39088	39424	43348	
1418	0	41764	38008	39316	43152	
1419	0	41060	37194	39272	42856	
1420	0	40332	36793	39308	42624	
1421	0	40156	36048	39228	42381	
1422	0	40328	36116	39312	42186	
1423	0	41356	36196	39144	42004	
1424	0	41714	36796	39106	41648	
1425	0	41161	37370	39180	41528	
1426	0	36628	47660	39051	41288	
1427	0	26672	38777	39000	41016	
1428	0	21652	41596	38908	40872	
1429	0	27202	39424	38880	40644	
1430	0	40260	39120	38804	40580	
1431	0	37488	31188	38848	40392	
1432	0	38264	43813	38672	40144	
1433	0	29460	47784	38644	39965	
1434	0	35328	36404	38549	39810	
1435	0	33504	35996	38592	39608	
1436	0	33753	37788	38393	39544	
1437	0	33912	38456	38368	39385	
1438	0	33292	36868	38328	39209	
1439	0	33564	37560	38128	39152	
1440	0	33130	37440	38076	38872	
1441	0	33642	38066	38000	38870	
1442	0	33376	37292	37852	38736	
1443	0	32620	37024	37776	38576	
1444	0	33154	37448	37668	38444	
1445	0	33088	37893	37560	38252	
1446	0	33330	37524	37468	38060	
1447	0	33680	37476	37448	37972	
1448	0	33768	37552	37364	37842	
1449	0	34040	37316	37172	37656	
1450	0	33602	37844	37148	37508	
1451	0	33474	37900	36960	37404	
1452	0	33416	37552	36856	37216	
1453	0	33570	37512	36828	37068	
1454	0	33832	37680	36642	36976	
1455	0	34061	37416	36592	36764	
1456	0	33717	37496	36402	36664	
1457	0	33656	37748	36360	36448	
1458	0	33845	37618	36212	36232	
1459	0	34016	37472	35988	36041	
1460	0	33988	37568	35896	35922	
1461	0	34052	37584	35750	35704	
1462	0	34044	37465	35536	35380	
1463	0	33976	37372	35428	35232	
1464	0	33884	37354	35196	34964	
1465	0	33812	37386	35016	34698	
1466	0	33848	37496	34877	34490	
1467	0	34169	37056	34720	34256	
1468	0	33860	37260	34497	34032	
1469	0	34096	37088	34312	33732	
1470	0	34002	37344	34176	33600	
1471	0	34300	36893	34000	33340	
1472	0	34060	37340	33792	33012	
1473	0	34226	37048	33642	32802	
1474	0	34008	37388	33444	32552	
1475	0	33980	37040	33272	32308	
1476	0	34024	37425	33112	32096	
1477	0	34297	37142	32944	31864	
1478	0	34085	37448	32776	31696	
1479	0	34148	37226	32601	31482	
1480	0	34056	37476	32440	31228	
1481	0	34061	37084	32252	31009	
1482	0	33744	37404	32116	30832	
1483	0	33860	37508	31928	30688	
1484	0	34221	37154	31772	30445	
1485	0	34166	37298	31612	30244	
1486	0	34288	37192	31457	30120	
1487	0	34114	37232	31316	29905	
1488	0	33972	37529	31144	29740	
1489	0	34145	37252	30998	29612	
1490	0	34184	37392	30850	29392	
1491	0	34141	37600	30704	29250	
1492	0	34252	37348	30548	29134	
1493	0	34197	37509	30412	28952	
1494	0	34336	37376	30256	28825	
1495	0	34250	37353	30113	28688	
1496	0	34338	37396	29976	28529	
1497	0	34380	37489	29824	28424	
1498	0	34086	37997	29684	28273	
1499	0	34088	38144	29533	28202	
1500	0	34280	38153	29372	28037	
1501	0	34388	38520	29268	27912	
1502	0	34488	38841	29096	27848	
1503	0	34504	39448	28952	27752	
1504	0	34780	40024	28836	27636	
1505	0	34704	40324	28666	27480	
1506	0	34529	40548	28602	27428	
1507	0	34228	41060	28464	27292	
1508	0	33988	41846	28338	27185	
1509	0	34032	42360	28168	27116	
1510	0	33816	42928	28060	27016	
1511	0	33832	43418	27884	26914	
1512	0	32604	42799	27822	26848	
1513	0	32009	42684	27638	26756	
1514	0	33392	42418	27556	26692	
1515	0	34784	42645	27424	26645	
1516	0	34164	39956	27337	26612	
1517	0	35682	40572	27229	26534	
1518	0	34392	39666	27160	26537	
1519	0	33004	36536	27042	26510	
1520	0	32410	37172	26952	26438	
1521	0	33608	35404	26888	26440	
1522	0	34876	37544	26751	26426	
1523	0	37448	30036	26736	26448	
1524	0	36544	34688	26660	26401	
1525	0	35956	37737	26582	26404	
1526	0	35625	37808	26513	26400	
1527	0	36256	37300	26456	26456	
1528	0	36044	36496	26380	26461	
1529	0	36080	36120	26309	26481	
1530	0	36672	35500	26248	26480	
1531	0	37224	35052	26252	26453	
1532	0	37448	34448	26164	26424	
1533	0	37508	33697	26158	26438	
1534	0	37664	34042	26096	26432	
1535	0	37884	34833	26064	26425	
1536	0	37426	34949	26024	26416	
1537	0	38248	34944	25934	26429	
1538	0	37540	35660	25888	26394	
1539	0	37472	35664	25904	26400	
1540	0	37424	35881	25856	26392	
1541	0	37728	36524	25765	26380	
1542	0	37958	36461	25816	26373	
1543	0	38512	36652	25777	26369	
1544	0	38834	36546	25764	26340	
1545	0	39000	36190	25724	26344	
1546	0	38816	36248	25704	26382	
1547	0	39044	36008	25728	26389	
1548	0	38977	35880	25680	26369	
1549	0	38806	35720	25656	26300	
1550	0	38516	35680	25701	26316	
1551	0	38464	35445	25680	26298	
1552	0	38260	35224	25697	26340	
1553	0	38200	35104	25696	26273	
1554	0	38320	35148	25736	26292	
1555	0	38264	34833	25757	26308	
1556	0	38176	34828	25721	26249	
1557	0	38208	34916	25742	26260	
1558	0	38465	35208	25784	26276	
1559	0	38876	35972	25796	26250	
1560	0	39104	35548	25803	26266	
1561	0	39016	35277	25816	26272	
1562	0	38602	34840	25816	26307	
1563	0	38640	34538	25866	26284	
1564	0	38037	34610	25882	26297	
1565	0	37653	34708	25922	26364	
1566	0	36924	34609	25896	26352	
1567	0	36296	34273	25948	26378	
1568	0	35648	33716	25964	26404	
1569	0	35152	33068	25954	26496	
1570	0	34568	32384	26000	26532	
1571	0	52672	39028	25893	26554	
1572	0	53928	33972	25981	26621	
1573	0	31112	49476	25912	26680	
1574	0	18533	40000	25980	26776	
1575	0	20982	42216	25944	26844	
1576	0	32280	41176	26025	26978	
1577	0	42036	40184	26024	27096	
1578	0	36936	36924	26072	27167	
1579	0	35956	34692	26110	27256	
1580	0	33804	32684	26148	27384	
1581	0	31152	31928	26172	27521	
1582	0	34168	35064	26201	27672	
1583	0	36408	36688	26232	27837	
1584	0	36896	37904	26212	27988	
1585	0	33965	38025	26320	28164	
1586	0	33564	37520	26366	28345	
1587	0	34848	37152	26454	28537	
1588	0	35544	37128	26522	28810	
1589	0	35128	37048	26600	28949	
1590	0	34482	37252	26692	29220	
1591	0	35152	36889	26798	29409	
1592	0	34809	36857	26930	29698	
1593	0	35129	36653	27058	29917	
1594	0	34971	36545	27184	30165	
1595	0	35091	36714	27334	30458	
1596	0	35100	36702	27508	30613	
1597	0	35000	37004	27672	30909	
1598	0	34944	36880	27828	31125	
1599	0	34802	37148	27988	31377	
1600	0	34780	37028	28182	31636	
1601	0	34929	36988	28408	31893	
1602	0	34746	37057	28592	32144	
1603	0	34752	37241	28832	32456	
1604	0	34712	37164	29042	32626	
1605	0	34812	37272	29265	32880	
1606	0	34837	37400	29488	33112	
1607	0	34689	36960	29744	33344	
1608	0	34624	36756	29976	33550	
1609	0	34572	36813	30217	33832	
1610	0	34553	36940	30464	34048	
1611	0	34685	37021	30700	34277	
1612	0	34432	37252	30948	34412	
1613	0	34716	37748	31193	34596	
1614	0	34401	37284	31432	34790	
1615	0	34480	37328	31688	35064	
1616	0	34372	37348	31946	35264	
1617	0	34334	37211	32156	35376	
1618	0	34468	37377	32426	35505	
1619	0	34368	37220	32644	35750	
1620	0	34436	37280	32920	35893	
1621	0	34370	37402	33120	35980	
1622	0	34428	37320	33400	36146	
1623	0	34290	37285	33640	36276	
1624	0	34188	37064	33818	36384	
1625	0	34309	36928	34060	36530	
1626	0	34537	37084	34260	36660	
1627	0	34364	37612	34520	36737	
1628	0	34433	37849	34760	36937	
1629	0	34152	38024	34976	37084	
1630	0	34368	38168	35136	37180	
1631	0	34248	37788	35336	37180	
1632	0	34124	37584	35536	37297	
1633	0	34218	37345	35788	37400	
1634	0	34476	37292	35969	37465	
1635	0	34468	37482	36156	37557	
1636	0	34324	37802	36360	37758	
1637	0	34522	37920	36552	37769	
1638	0	34248	37754	36744	37928	
1639	0	34272	37980	36880	38000	
1640	0	34096	38242	37113	38144	
1641	0	34120	38676	37292	38320	
1642	0	34422	38552	37434	38400	
1643	0	33188	38706	37620	38480	
1644	0	33805	39760	37876	38729	
1645	0	34032	40272	38024	38792	
1646	0	35048	39890	38180	38929	
1647	0	34369	39848	38448	39068	
1648	0	33324	39929	38560	39224	
1649	0	33350	40560	38772	39484	
1650	0	32556	41093	38944	39521	
1651	0	33540	40229	39132	39700	
1652	0	33957	39744	39364	39986	
1653	0	33734	39685	39524	40104	
1654	0	34108	40032	39780	40362	
1655	0	33905	39297	39938	40548	
1656	0	34189	39444	40162	40740	
1657	0	36016	39904	40409	40968	
1658	0	36420	38253	40656	41188	
1659	0	37196	38368	40814	41396	
1660	0	34106	41732	41060	41652	
1661	0	39964	34752	41384	41976	
1662	0	40260	35170	41496	42253	
1663	0	37256	39620	41724	42540	
1664	0	36456	40832	41969	42709	
1665	0	35608	39908	42200	42925	
1666	0	35610	39120	42442	43176	
1667	0	36136	38564	42696	43444	
1668	0	36564	38004	43048	43712	
1669	0	36640	37648	43225	43929	
1670	0	36536	37252	43444	44160	
1671	0	35616	36448	43792	44426	
1672	0	34524	36364	44012	44600	
1673	0	34112	36480	44288	44800	
1674	0	33021	35826	44466	44992	
1675	0	32788	35969	44761	45208	
1676	0	32786	35612	44953	45385	
1677	0	32460	35264	45184	45522	
1678	0	32460	35300	45496	45584	
1679	0	32333	35040	45725	45760	
1680	0	32204	35152	45896	45810	
1681	0	31952	34616	46144	45904	
1682	0	32080	34437	46313	45952	
1683	0	32160	34736	46536	46036	
1684	0	32248	34290	46796	46041	
1685	0	32274	34157	46964	46024	
1686	0	32660	34040	47160	46004	
1687	0	33000	33848	47296	45970	
1688	0	32933	33740	47449	45976	
1689	0	33144	33904	47648	45836	
1690	0	33104	34034	47713	45808	
1691	0	32998	33817	47932	45696	
1692	0	32928	34316	48000	45524	
1693	0	32888	34352	48084	45433	
1694	0	32953	34504	48264	45280	
1695	0	32896	34424	48348	45100	
1696	0	32964	34074	48424	44888	
1697	0	33304	34008	48444	44696	
1698	0	33372	34017	48516	44532	
1699	0	33348	34368	48504	44312	
1700	0	33340	34512	48548	44032	
1701	0	33624	34522	48544	43816	
1702	0	33656	34508	48584	43620	
1703	0	33664	34540	48652	43348	
1704	0	33696	34716	48588	43128	
1705	0	33584	34720	48548	42872	
1706	0	33572	34444	48604	42640	
1707	0	33600	34332	48530	42380	
1708	0	33340	34078	48556	42144	
1709	0	49804	36320	48440	41924	
1710	0	56180	29861	48392	41684	
1711	0	28488	43832	48400	41456	
1712	0	14328	30484	48348	41224	
1713	0	25080	40576	48228	41004	
1714	0	37788	45024	48132	40802	
1715	0	38428	40914	48112	40568	
1716	0	35640	36784	47960	40368	
1717	0	35142	33304	47868	40173	
1718	0	35917	32164	47744	39968	
1719	0	33876	34288	47684	39796	
1720	0	36128	35432	47564	39611	
1721	0	36376	37000	47516	39444	
1722	0	34632	37648	47420	39296	
1723	0	34229	37832	47260	39140	
1724	0	34932	37048	47128	38968	
1725	0	35937	37116	47040	38824	
1726	0	35682	37140	46916	38676	
1727	0	34977	37068	46861	38533	
1728	0	35188	36704	46732	38398	
1729	0	35316	36409	46648	38276	
1730	0	35324	36380	46512	38112	
1731	0	35178	36633	46444	37976	
1732	0	35288	36684	46288	37828	
1733	0	35356	36800	46176	37728	
1734	0	35261	36954	46068	37605	
1735	0	35250	36978	45968	37456	
1736	0	35164	36862	45866	37344	
1737	0	34992	36766	45808	37224	
1738	0	35116	36824	45660	37072	
1739	0	35164	36981	45554	36921	
1740	0	34964	36928	45432	36732	
1741	0	35016	37036	45332	36612	
1742	0	35064	36978	45268	36400	
1743	0	34946	37044	45112	36288	
1744	0	34944	36896	45028	36072	
1745	0	34968	36940	44880	35868	
1746	0	34896	36924	44724	35698	
1747	0	34748	36888	44572	35489	
1748	0	34780	36852	44456	35312	
1749	0	34748	36977	44344	35104	
1750	0	34860	37192	44137	34940	
1751	0	34640	37224	43945	34672	
1752	0	34520	37288	43856	34448	
1753	0	34512	37192	43610	34280	
1754	0	34532	37002	43440	34064	
1755	0	34540	37012	43208	33824	
1756	0	34644	37084	43000	33640	
1757	0	34708	37225	42832	33324	
1758	0	34601	37280	42673	33132	
1759	0	34404	37408	42400	32924	
1760	0	34256	37600	42188	32668	
1761	0	34404	37656	41864	32365	
1762	0	34412	37704	41617	32128	
1763	0	34348	37493	41368	31910	
1764	0	34216	37476	41108	31701	
1765	0	34180	37432	40840	31476	
1766	0	34308	37316	40672	31170	
1767	0	34360	37244	40372	30985	
1768	0	34418	37376	39997	30664	
1769	0	34552	37580	39772	30422	
1770	0	34332	37861	39560	30192	
1771	0	34304	37692	39128	29956	
1772	0	34096	37592	38832	29776	
1773	0	34234	37552	38536	29541	
1774	0	34132	37605	38225	29320	
1775	0	34100	37465	37916	29140	
1776	0	34316	37592	37673	28960	
1777	0	34337	37648	37376	28758	
1778	0	34436	37872	36996	28580	
1779	0	34356	37788	36688	28418	
1780	0	34196	37868	36376	28252	
1781	0	34070	37828	36096	28132	
1782	0	34500	37946	35824	27984	
1783	0	34440	38048	35456	27876	
1784	0	34372	37904	35220	27722	
1785	0	34176	38524	34896	27660	
1786	0	33976	39052	34612	27548	
1787	0	34640	39360	34310	27492	
1788	0	34888	39316	34048	27420	
1789	0	34456	39188	33813	27364	
1790	0	34088	39481	33521	27308	
1791	0	34140	39780	33292	27264	
1792	0	33484	39740	33036	27233	
1793	0	33392	40272	32798	27212	
1794	0	32856	40224	32573	27184	
1795	0	31433	40268	32352	27188	
1796	0	33600	40840	32128	27178	
1797	0	33488	39272	31933	27185	
1798	0	35003	39560	31725	27194	
1799	0	34936	39852	31555	27226	
1800	0	36360	40140	31368	27259	
1801	0	36828	39120	31216	27280	
1802	0	37928	39008	31056	27325	
1803	0	37321	38588	30904	27380	
1804	0	37498	37984	30768	27438	
1805	0	37236	40152	30638	27504	
1806	0	40452	35548	30492	27584	
1807	0	40072	36868	30389	27625	
1808	0	37336	39812	30260	27692	
1809	0	37192	39201	30145	27784	
1810	0	36024	39602	30077	27836	
1811	0	35409	39152	29984	27893	
1812	0	35044	38648	29897	27953	
1813	0	34732	38164	29808	28020	
1814	0	34358	38048	29716	28076	
1815	0	34461	37416	29652	28148	
1816	0	34340	36938	29577	28168	
1817	0	33897	36852	29501	28201	
1818	0	33673	36538	29418	28214	
1819	0	33293	36208	29341	28192	
1820	0	32900	36216	29264	28186	
1821	0	32552	35828	29192	28178	
1822	0	32700	35488	29105	28149	
1823	0	32628	35236	29026	28096	
1824	0	32905	35300	28940	28036	
1825	0	32688	34964	28848	27972	
1826	0	32364	34325	28757	27908	
1827	0	32548	34164	28661	27794	
1828	0	32560	34028	28544	27712	
1829	0	32852	33992	28436	27597	
1830	0	32730	33716	28328	27515	
1831	0	33213	33956	28197	27388	
1832	0	33097	33728	28072	27234	
1833	0	33174	33670	27940	27089	
1834	0	33096	33936	27800	26894	
1835	0	33044	34173	27656	26705	
1836	0	33076	33904	27494	26528	
1837	0	32988	33908	27340	26320	
1838	0	32960	34096	27192	26160	
1839	0	33336	34226	27037	25957	
1840	0	33544	34404	26840	25721	
1841	0	33864	34669	26669	25512	
1842	0	34145	34720	26526	25352	
1843	0	34096	35016	26356	25092	
1844	0	34212	34896	26188	24876	
1845	0	34088	35025	26018	24674	
1846	0	33969	34900	25848	24470	
1847	0	34152	34820	25648	24269	
1848	0	34469	34546	25506	24061	
1849	0	34661	34277	25346	23884	
1850	0	34926	34096	25174	23680	
1851	0	34884	34153	25018	23524	
1852	0	34532	33889	24818	23312	
1853	0	48116	37612	24609	23148	
1854	0	56160	32216	24560	22990	
1855	0	40076	40420	24302	22828	
1856	0	21385	31860	24225	22668	
1857	0	18536	41064	24064	22560	
1858	0	29132	42200	23886	22394	
1859	0	41209	43072	23789	22317	
1860	0	36616	38860	23712	22178	
1861	0	35712	37141	23609	22097	
1862	0	38544	33376	23552	22005	
1863	0	31312	34040	23430	21928	
1864	0	33172	34533	23368	21876	
1865	0	36042	34865	23280	21836	
1866	0	37629	36173	23211	21796	
1867	0	35364	37044	23130	21753	
1868	0	33972	37912	23044	21780	
1869	0	34884	37244	23045	21780	
1870	0	35947	37208	23001	21840	
1871	0	35756	37133	22935	21869	
1872	0	35344	37185	22924	21970	
1873	0	35168	36772	22986	22029	
1874	0	35400	36500	23002	22140	
1875	0	35468	36588	22968	22258	
1876	0	35232	36720	23036	22434	
1877	0	35501	36656	23049	22602	
1878	0	35532	36658	23144	22796	
1879	0	35336	36757	23132	22992	
1880	0	35292	36768	23224	23246	
1881	0	35308	36792	23320	23486	
1882	0	35368	36928	23412	23792	
1883	0	35312	36800	23544	24004	
1884	0	35260	36850	23641	24305	
1885	0	35329	36936	23729	24606	
1886	0	35413	36856	23906	24932	
1887	0	34888	36808	24018	25204	
1888	0	35210	36960	24149	25570	
1889	0	35094	36876	24317	25832	
1890	0	35124	36820	24486	26132	
1891	0	35082	36680	24576	26468	
1892	0	34984	36784	24772	26774	
1893	0	34988	36664	24960	27136	
1894	0	35004	36760	25112	27396	
1895	0	35232	36524	25332	27756	
1896	0	34792	36692	25524	28072	
1897	0	35137	36792	25700	28296	
1898	0	35016	36772	25895	28572	
1899	0	34854	36816	26064	28875	
1900	0	34864	37010	26223	29112	
1901	0	34752	37240	26460	29364	
1902	0	34792	37240	26680	29672	
1903	0	34636	37272	26856	29912	
1904	0	34488	37176	27066	30086	
1905	0	34700	37240	27212	30344	
1906	0	34578	37200	27456	30500	
1907	0	34616	37272	27658	30713	
1908	0	34553	37291	27872	30896	
1909	0	34520	37492	28069	31120	
1910	0	34648	37412	28224	31244	
1911	0	34437	37420	28472	31500	
1912	0	34376	37420	28657	31572	
1913	0	34288	37348	28856	31777	
1914	0	34433	37192	29084	31856	
1915	0	34572	37242	29290	32040	
1916	0	34552	37460	29492	32132	
1917	0	34664	37516	29697	32269	
1918	0	34304	37716	29880	32389	
1919	0	34620	37584	30112	32552	
1920	0	34333	37480	30306	32634	
1921	0	34396	37398	30528	32837	
1922	0	34449	37304	30736	32876	
1923	0	34636	37290	30962	32996	
1924	0	34637	37512	31176	33189	
1925	0	34548	37868	31384	33244	
1926	0	34458	38000	31612	33408	
1927	0	34368	38290	31833	33504	
1928	0	34529	38328	32050	33748	
1929	0	34516	38006	32272	33884	
1930	0	34337	38232	32504	33924	
1931	0	34650	38752	32732	34080	
1932	0	35020	38988	32960	34336	
1933	0	34800	38612	33204	34400	
1934	0	34344	39020	33432	34704	
1935	0	34304	39652	33688	34800	
1936	0	34324	39828	33921	34962	
1937	0	33688	39744	34168	35170	
1938	0	33560	40248	34404	35396	
1939	0	33508	40056	34668	35696	
1940	0	33084	40058	34936	35889	
1941	0	32256	39784	35176	36080	
1942	0	34000	40112	35444	36376	
1943	0	34148	39748	35680	36676	
1944	0	34964	39184	35972	36836	
1945	0	34333	39344	36272	37121	
1946	0	34560	39956	36508	37548	
1947	0	35733	40032	36804	37732	
1948	0	37488	39268	37028	38028	
1949	0	36952	39288	37380	38428	
1950	0	37088	38740	37688	38752	
1951	0	34544	41092	37969	39076	
1952	0	40705	34040	38302	39428	
1953	0	39164	37944	38556	39672	
1954	0	37744	38916	38808	40004	
1955	0	37388	38564	39204	40356	
1956	0	36618	39826	39488	40728	
1957	0	35648	39444	39720	41044	
1958	0	35328	38352	40104	41520	
1959	0	35264	38112	40380	41828	
1960	0	35332	37920	40624	42060	
1961	0	34640	37085	40924	42418	
1962	0	34432	36480	41346	42716	
1963	0	34301	36122	41674	43032	
1964	0	34166	36020	41970	43296	
1965	0	33822	35876	42132	43504	
1966	0	33480	35626	42529	43792	
1967	0	33476	35620	42692	43948	
1968	0	33072	35136	43016	44188	
1969	0	32864	34953	43276	44380	
1970	0	32506	35072	43540	44532	
1971	0	32540	34676	43882	44717	
1972	0	32152	34400	44064	44856	
1973	0	32668	34626	44296	44938	
1974	0	32564	34284	44612	45056	
1975	0	32784	33940	44792	45112	
1976	0	32624	34122	45068	45160	
1977	0	32808	34464	45280	45236	
1978	0	32628	33780	45448	45197	
1979	0	32891	33988	45620	45184	
1980	0	32616	33610	45824	45200	
1981	0	32684	33990	45988	45084	
1982	0	32656	34005	46164	45024	
1983	0	32944	33985	46352	44898	
1984	0	32884	33876	46473	44852	
1985	0	33184	34680	46648	44701	
1986	0	32993	34545	46824	44592	
1987	0	33426	34936	46896	44372	
1988	0	33597	34956	47056	44248	
1989	0	33738	35184	47104	44024	
1990	0	33990	35304	47212	43840	
1991	0	33836	35256	47328	43677	
1992	0	34244	35265	47408	43481	
1993	0	34344	35028	47480	43210	
1994	0	34640	34936	47460	43056	
1995	0	35004	34788	47524	42808	
1996	0	35311	34589	47630	42576	
1997	0	35544	34380	47612	42409	
1998	0	35408	34320	47696	42184	
1999	0	37152	39846	47640	41932	
2000	0	55624	37504	47712	41728	
2001	0	47436	44928	47720	41528	
2002	0	23137	27268	47704	41313	
2003	0	20520	38916	47681	41136	
2004	0	32120	42528	47728	40924	
2005	0	36101	39852	47668	40728	
2006	0	35056	38429	47648	40520	
2007	0	35016	37140	47632	40329	
2008	0	36508	35010	47636	40132	
2009	0	36929	33305	47536	39944	
2010	0	32208	34192	47484	39752	
2011	0	34825	35300	47520	39556	
2012	0	36605	36412	47408	39338	
2013	0	35732	37072	47333	39193	
2014	0	35140	37896	47304	38948	
2015	0	34624	38028	47252	38816	
2016	0	35050	37405	47212	38624	
2017	0	35564	37172	47072	38376	
2018	0	35308	36788	47044	38181	
2019	0	35212	36488	46960	37996	
2020	0	35160	36388	46816	37850	
2021	0	35132	36601	46808	37608	
2022	0	35189	36880	46624	37466	
2023	0	35274	36956	46530	37244	
2024	0	35200	37033	46457	37056	
2025	0	35001	36964	46340	36844	
2026	0	35420	36712	46184	36552	
2027	0	35156	36856	46080	36378	
2028	0	35132	36921	45936	36117	
2029	0	34956	37084	45800	35940	
2030	0	35180	37098	45736	35653	
2031	0	34992	37000	45512	35436	
2032	0	34968	36832	45412	35268	
2033	0	34944	37000	45268	34992	
2034	0	34888	36837	45060	34720	
2035	0	34972	37025	44892	34440	
2036	0	34945	37148	44696	34248	
2037	0	34696	37241	44577	33964	
2038	0	34853	37088	44352	33672	
2039	0	34621	37096	44233	33400	
2040	0	34585	37250	43968	33209	
2041	0	34738	37369	43792	32893	
2042	0	34640	37341	43584	32552	
2043	0	34612	37152	43318	32382	
2044	0	34560	37080	43188	32066	
2045	0	34436	37252	42964	31776	
2046	0	34381	37432	42672	31504	
2047	0	34444	37656	42352	31244	
2048	0	34292	37528	42076	30992	
2049	0	34324	37465	41796	30633	
2050	0	34393	37226	41564	30388	
2051	0	34497	37012	41368	30162	
2052	0	34312	37033	40934	29900	
2053	0	34416	36980	40605	29669	
2054	0	34440	36804	40372	29396	
2055	0	34432	36674	39986	29148	
2056	0	34400	37064	39737	28952	
2057	0	34492	37332	39316	28744	
2058	0	34008	38000	38956	28504	
2059	0	34140	38072	38672	28308	
2060	0	34202	38196	38254	28052	
2061	0	34276	38053	37960	27861	
2062	0	34512	37790	37556	27659	
2063	0	34512	37425	37200	27472	
2064	0	34324	37306	36884	27228	
2065	0	34480	37268	36492	27104	
2066	0	34624	37364	36068	26940	
2067	0	34590	37376	35690	26778	
2068	0	34560	37482	35320	26606	
2069	0	34512	37557	34972	26412	
2070	0	35784	37804	34580	26309	
2071	0	34266	37730	34228	26160	
2072	0	34674	37828	33865	26027	
2073	0	34600	37545	33508	25928	
2074	0	34769	37572	33178	25796	
2075	0	34748	38224	32800	25706	
2076	0	35080	38769	32458	25601	
2077	0	35093	39048	32096	25525	
2078	0	35076	38928	31765	25457	
2079	0	34576	39112	31437	25394	
2080	0	34654	39530	31108	25332	
2081	0	34356	39968	30760	25282	
2082	0	33656	40196	30449	25258	
2083	0	33632	39832	30132	25236	
2084	0	33488	39793	29808	25221	
2085	0	32993	39864	29480	25222	
2086	0	32436	40008	29184	25237	
2087	0	34760	39457	28889	25250	
2088	0	35136	39236	28641	25272	
2089	0	36156	39432	28368	25304	
2090	0	36152	38396	28116	25348	
2091	0	37372	38448	27848	25428	
2092	0	37644	38074	27592	25507	
2093	0	37284	38104	27314	25542	
2094	0	36876	38452	27096	25604	
2095	0	38408	38708	26850	25737	
2096	0	38656	36820	26649	25800	
2097	0	38104	38536	26393	25864	
2098	0	37312	38724	26192	25960	
2099	0	36129	38984	25998	26060	
2100	0	35232	39024	25757	26140	
2101	0	35172	38896	25642	26222	
2102	0	35476	38760	25400	26304	
2103	0	35605	37908	25292	26352	
2104	0	35548	37960	25104	26460	
2105	0	34962	37436	24942	26536	
2106	0	35112	37088	24809	26576	
2107	0	34472	36985	24649	26616	
2108	0	34452	37049	24486	26600	
2109	0	33886	36500	24340	26629	
2110	0	34248	36564	24138	26620	
2111	0	34025	36024	23998	26592	
2112	0	33360	35928	23856	26580	
2113	0	33258	35585	23678	26588	
2114	0	32961	34949	23528	26513	
2115	0	32872	35194	23412	26496	
2116	0	33013	35241	23224	26418	
2117	0	33016	34876	23052	26330	
2118	0	33390	34514	22924	26290	
2119	0	33248	34210	22674	26161	
2120	0	33340	34020	22504	26066	
2121	0	33261	34260	22409	26005	
2122	0	32944	34020	22232	25885	
2123	0	33098	34284	22014	25789	
2124	0	33044	34148	21773	25624	
2125	0	33104	34040	21630	25560	
2126	0	33168	34248	21392	25467	
2127	0	33400	34214	21268	25280	
2128	0	33340	34192	21096	25140	
2129	0	33490	34464	20905	25080	
2130	0	33612	34258	20677	24877	
2131	0	33944	34208	20520	24792	
2132	0	34025	34312	20328	24657	
2133	0	34053	34736	20098	24474	
2134	0	34284	34688	19940	24432	
2135	0	34628	34848	19730	24246	
2136	0	34880	34964	19538	24140	
2137	0	35068	34912	19380	24025	
2138	0	35184	34628	19164	23953	
2139	0	35420	34432	18952	23792	
2140	0	35562	34097	18800	23700	
2141	0	35692	33904	18615	23616	
2142	0	35526	33416	18530	23453	
2143	0	45618	37944	18336	23376	
2144	0	55868	30450	18272	23380	
2145	0	56338	45484	18052	23246	
2146	0	11010	28160	18002	23249	
2147	0	20286	37948	17821	23212	
2148	0	36704	43216	17736	23236	
2149	0	33468	40242	17596	23145	
2150	0	38905	35409	17549	23174	
2151	0	37428	32500	17398	23112	
2152	0	33582	33338	17400	23214	
2153	0	35200	36696	17332	23148	
2154	0	36424	37384	17272	23222	
2155	0	35370	37164	17245	23288	
2156	0	35536	36581	17172	23373	
2157	0	35404	36388	17196	23397	
2158	0	34920	36797	17194	23512	
2159	0	35593	37204	17132	23614	
2160	0	35504	36876	17212	23792	
2161	0	35324	36825	17240	23934	
2162	0	35488	36636	17282	24061	
2163	0	35048	37116	17304	24288	
2164	0	35686	36896	17349	24417	
2165	0	35424	36736	17524	24669	
2166	0	35500	36472	17619	24845	
2167	0	35408	36536	17736	25088	
2168	0	35412	36633	17869	25364	
2169	0	35488	36384	18013	25608	
2170	0	35380	36820	18129	25848	
2171	0	35464	36442	18326	26086	
2172	0	35549	36792	18482	26320	
2173	0	35296	36564	18705	26545	
2174	0	35524	36920	18878	26860	
2175	0	35434	36896	19114	27124	
2176	0	35356	36860	19379	27369	
2177	0	35280	36972	19564	27669	
2178	0	35136	36713	19838	27904	
2179	0	35072	36776	20026	28184	
2180	0	35115	36824	20292	28420	
2181	0	35004	36881	20556	28669	
2182	0	35080	36536	20818	28886	
2183	0	34960	36936	21105	29169	
2184	0	34900	37120	21404	29432	
2185	0	34753	37060	21697	29656	
2186	0	34968	36980	22016	29926	
2187	0	34856	37060	22301	30148	
2188	0	34674	37024	22548	30397	
2189	0	34836	37202	22800	30681	
2190	0	34664	37212	23169	30833	
2191	0	34672	37256	23448	31096	
2192	0	34744	37256	23754	31284	
2193	0	34796	37329	24093	31514	
2194	0	34748	37164	24309	31709	
2195	0	34685	37220	24638	31953	
2196	0	34665	37152	24985	32116	
2197	0	34652	37285	25260	32353	
2198	0	34628	37728	25533	32520	
2199	0	34665	37930	25868	32736	
2200	0	34672	37756	26089	32904	
2201	0	34520	37592	26420	33056	
2202	0	34668	37308	26688	33264	
2203	0	34725	37177	26960	33428	
2204	0	34680	37056	27243	33594	
2205	0	34568	37108	27552	33760	
2206	0	34612	37256	27856	33904	
2207	0	34574	37256	28153	34068	
2208	0	34618	36868	28416	34268	
2209	0	34568	37172	28692	34424	
2210	0	34680	37336	29016	34605	
2211	0	34692	37448	29281	34778	
2212	0	34720	37370	29584	35024	
2213	0	34781	37361	29866	35160	
2214	0	35010	37501	30160	35396	
2215	0	34536	37296	30444	35560	
2216	0	34836	37528	30729	35752	
2217	0	34860	37592	31024	35996	
2218	0	34837	37776	31316	36221	
2219	0	34816	38016	31624	36404	
2220	0	34861	38096	31914	36688	
2221	0	34793	37392	32218	36820	
2222	0	34828	37296	32501	37080	
2223	0	35000	37572	32804	37338	
2224	0	35157	37572	33104	37668	
2225	0	34900	38028	33418	37864	
2226	0	34909	38528	33728	38137	
2227	0	34928	38732	34048	38376	
2228	0	34773	39016	34365	38636	
2229	0	34540	39500	34637	38884	
2230	0	34752	39882	34948	39196	
2231	0	34473	40660	35258	39364	
2232	0	34312	40564	35600	39688	
2233	0	33237	40537	35884	39892	
2234	0	33672	41266	36208	40220	
2235	0	34146	39312	36488	40404	
2236	0	33096	39476	36788	40648	
2237	0	34584	39508	37176	40953	
2238	0	34649	38578	37468	41240	
2239	0	35964	39273	37794	41488	
2240	0	36912	38944	38052	41780	
2241	0	37072	38328	38372	42032	
2242	0	36672	37484	38684	42336	
2243	0	36032	37592	39074	42628	
2244	0	36701	37992	39360	42856	
2245	0	37325	39368	39674	43140	
2246	0	39808	35556	39922	43488	
2247	0	39740	36736	40342	43668	
2248	0	38784	38728	40672	43988	
2249	0	37372	37880	40852	44192	
2250	0	35572	38036	41164	44456	
2251	0	35736	38840	41600	44644	
2252	0	34469	38412	41768	44932	
2253	0	34084	38169	42072	45130	
2254	0	34232	38924	42361	45308	
2255	0	33668	38524	42672	45520	
2256	0	33325	38456	42960	45680	
2257	0	32928	38048	43264	45848	
2258	0	32572	37496	43536	45960	
2259	0	32304	36536	43813	46092	
2260	0	32288	35809	44172	46220	
2261	0	32093	35976	44368	46316	
2262	0	31613	35106	44656	46316	
2263	0	31836	35202	44868	46380	
2264	0	31888	35044	45116	46452	
2265	0	31380	34688	45424	46452	
2266	0	31214	35024	45576	46468	
2267	0	31312	34900	45808	46444	
2268	0	31673	34816	46076	46328	
2269	0	32108	34553	46196	46332	
2270	0	32292	34508	46404	46184	
2271	0	32464	34472	46561	46129	
2272	0	32744	34604	46788	45936	
2273	0	32824	34810	46932	45836	
2274	0	33080	35160	47060	45674	
2275	0	33176	35548	47248	45444	
2276	0	33276	35877	47389	45296	
2277	0	33524	36412	47432	45108	
2278	0	33572	36753	47584	44825	
2279	0	33888	37372	47612	44608	
2280	0	34196	37808	47774	44336	
2281	0	34512	38108	47748	44080	
2282	0	34917	38684	47788	43866	
2283	0	35384	39136	47818	43588	
2284	0	35641	39656	47852	43273	
2285	0	36260	40208	47885	42993	
2286	0	37140	40880	47866	42764	
2287	0	38524	41204	47876	42464	
2288	0	39832	41528	47856	42200	
2289	0	41136	41340	47840	41892	
2290	0	42524	40856	47832	41634	
2291	0	43956	40016	47728	41362	
2292	0	44436	39136	47737	41098	
2293	0	44328	38468	47664	40840	
2294	0	43752	37920	47586	40572	
2295	0	42880	37569	47425	40324	
2296	0	42176	37704	47292	40060	
2297	0	37980	44232	47168	39820	
2298	0	40145	36268	47052	39568	
2299	0	36602	43220	46923	39340	
2300	0	27387	42744	46800	39114	
2301	0	21952	40481	46577	38882	
2302	0	33244	39018	46492	38672	
2303	0	42464	28678	46300	38456	
2304	0	32432	35732	46057	38244	
2305	0	38588	43588	45896	38028	
2306	0	31736	45268	45604	37813	
2307	0	36392	39274	45464	37648	
2308	0	33964	36532	45157	37456	
2309	0	34146	38484	45000	37274	
2310	0	34028	37073	44690	37088	
2311	0	33468	37736	44424	36921	
2312	0	33453	37434	44264	36736	
2313	0	33764	37600	43944	36561	
2314	0	34176	37353	43712	36411	
2315	0	33508	37196	43408	36244	
2316	0	33564	37472	43152	36116	
2317	0	33661	37400	42988	35952	
2318	0	33548	37152	42672	35796	
2319	0	33840	37448	42450	35668	
2320	0	33931	37406	42212	35516	
2321	0	34196	37552	41868	35388	
2322	0	34144	37560	41632	35258	
2323	0	33949	37584	41412	35114	
2324	0	33840	37724	41168	34976	
2325	0	33960	37676	41076	34844	
2326	0	33940	37776	40716	34704	
2327	0	33972	37752	40592	34560	
2328	0	34212	37704	40402	34406	
2329	0	34122	37573	40076	34264	
2330	0	34092	37532	39988	34100	
2331	0	34082	37433	39668	33937	
2332	0	34156	37468	39536	33776	
2333	0	33824	37664	39304	33602	
2334	0	34080	37442	39083	33432	
2335	0	34284	37244	38880	33248	
2336	0	34088	37496	38673	33068	
2337	0	34248	37172	38480	32884	
2338	0	33961	37468	38312	32692	
2339	0	34141	37413	38096	32504	
2340	0	34212	37080	38020	32320	
2341	0	34248	37264	37728	32114	
2342	0	34249	37232	37520	31925	
2343	0	34392	37056	37432	31732	
2344	0	34440	37114	37224	31532	
2345	0	34316	37480	36932	31340	
2346	0	34336	37360	36744	31148	
2347	0	34384	37152	36538	30951	
2348	0	34276	37388	36384	30769	
2349	0	34376	37481	36188	30576	
2350	0	34361	37349	35956	30388	
2351	0	34469	37312	35696	30200	
2352	0	34284	37544	35516	30026	
2353	0	34368	37429	35332	29850	
2354	0	34420	37480	35028	29674	
2355	0	34432	37504	34792	29492	
2356	0	34418	37424	34564	29332	
2357	0	34301	37532	34380	29168	
2358	0	34572	37748	34114	28992	
2359	0	34248	37404	33850	28836	
2360	0	34372	37500	33601	28674	
2361	0	34321	37618	33376	28544	
2362	0	34436	37652	33073	28392	
2363	0	34520	37717	32842	28249	
2364	0	34524	37772	32564	28101	
2365	0	34357	37720	32284	27970	
2366	0	34274	37584	32020	27832	
2367	0	34488	37832	31750	27712	
2368	0	34520	38016	31457	27586	
2369	0	34986	38396	31180	27476	
2370	0	34712	38561	30892	27344	
2371	0	34812	39184	30594	27236	
2372	0	34600	39700	30264	27124	
2373	0	35108	40112	29976	27014	
2374	0	35128	40204	29633	26914	
2375	0	35344	40512	29328	26816	
2376	0	34144	41184	29050	26732	
2377	0	34321	41616	28716	26642	
2378	0	33824	42352	28421	26550	
2379	0	33092	42384	28096	26476	
2380	0	32886	42328	27708	26379	
2381	0	31780	42140	27436	26348	
2382	0	32408	41272	27073	26230	
2383	0	34282	40624	26792	26165	
2384	0	36312	40858	26436	26144	
2385	0	35888	39028	26152	26048	
2386	0	36436	39532	25832	25988	
2387	0	34936	38500	25439	25925	
2388	0	33608	36324	25204	25892	
2389	0	32313	36560	24841	25845	
2390	0	33266	36496	24556	25818	
2391	0	33556	35402	24253	25808	
2392	0	35144	35744	23890	25784	
2393	0	34017	36188	23592	25703	
2394	0	34272	36329	23300	25670	
2395	0	34340	33821	23058	25672	
2396	0	35133	35320	22764	25552	
2397	0	34184	35552	22450	25545	
2398	0	33728	35508	22184	25536	
2399	0	34228	35332	21832	25438	
2400	0	34368	35148	21596	25373	
2401	0	35088	35380	21291	25377	
2402	0	35876	35308	20957	25248	
2403	0	36356	35340	20718	25174	
2404	0	36609	35514	20465	25130	
2405	0	37021	35745	20128	25102	
2406	0	36786	35616	19910	25056	
2407	0	36420	35672	19678	24970	
2408	0	36388	35897	19344	24942	
2409	0	36214	36036	19142	24840	
2410	0	36124	36316	18880	24808	
2411	0	36508	36532	18664	24796	
2412	0	36920	36884	18444	24704	
2413	0	37541	36896	18164	24650	
2414	0	37952	37176	17952	24680	
2415	0	38240	37372	17744	24618	
2416	0	38284	37612	17536	24616	
2417	0	38680	38100	17357	24564	
2418	0	39160	38456	17184	24579	
2419	0	39524	39024	17020	24530	
2420	0	39808	39300	16836	24549	
2421	0	39892	39472	16674	24498	
2422	0	40081	39504	16506	24500	
2423	0	40576	39720	16322	24477	
2424	0	41172	39544	16172	24508	
2425	0	40856	39608	16060	24528	
2426	0	40810	39528	15926	24494	
2427	0	40720	39440	15789	24485	
2428	0	40272	39492	15632	24446	
2429	0	40748	39560	15473	24423	
2430	0	41396	39268	15369	24412	
2431	0	41300	38300	15252	24548	
2432	0	40488	37660	15164	24568	
2433	0	39148	37025	15096	24570	
2434	0	37762	36996	15004	24624	
2435	0	35360	43856	14882	24604	
2436	0	32929	39580	14818	24648	
2437	0	31493	41218	14731	24664	
2438	0	26224	41564	14666	24626	
2439	0	33376	36337	14611	24668	
2440	0	31848	27924	14565	24762	
2441	0	46416	39040	14490	24792	
2442	0	28658	48388	14346	24834	
2443	0	35209	38360	14362	24898	
2444	0	33410	36096	14344	24865	
2445	0	34188	38832	14261	24901	
2446	0	33437	36436	14242	25026	
2447	0	33732	36994	14281	25060	
2448	0	33336	37508	14289	25130	
2449	0	33744	37372	14288	25146	
2450	0	33364	37568	14292	25232	
2451	0	33348	37516	14222	25324	
2452	0	33440	37832	14360	25398	
2453	0	33584	37504	14403	25464	
2454	0	33601	37500	14458	25512	
2455	0	33896	37640	14528	25668	
2456	0	34028	37448	14545	25744	
2457	0	33976	37744	14704	25858	
2458	0	33858	37548	14803	25936	
2459	0	33546	37788	14895	26008	
2460	0	33724	37844	15022	26168	
2461	0	33746	37952	15186	26260	
2462	0	33929	37918	15326	26352	
2463	0	34008	37724	15418	26305	
2464	0	34336	37488	15636	26525	
2465	0	34028	37338	15749	26596	
2466	0	34356	37112	15914	26652	
2467	0	34360	37344	16076	26749	
2468	0	34384	37037	16277	26832	
2469	0	34800	36584	16420	26856	
2470	0	33616	37306	16636	26892	
2471	0	33844	37141	16770	26963	
2472	0	34080	37096	16944	27048	
2473	0	34441	37140	17154	27088	
2474	0	34292	37108	17301	27116	
2475	0	34334	37116	17437	27152	
2476	0	34344	36849	17622	27173	
2477	0	34380	37156	17836	27216	
2478	0	34496	37572	17993	27236	
2479	0	34232	36936	18206	27234	
2480	0	34208	37218	18388	27288	
2481	0	34220	37040	18532	27308	
2482	0	34276	37312	18649	27260	
2483	0	34224	37448	18888	27372	
2484	0	34256	37604	18976	27402	
2485	0	34216	37632	19186	27440	
2486	0	34150	37512	19328	27474	
2487	0	34080	37568	19530	27514	
2488	0	34140	37312	19677	27552	
2489	0	34188	37472	19874	27600	
2490	0	34032	37316	20000	27612	
2491	0	34131	37298	20168	27678	
2492	0	34224	37604	20368	27770	
2493	0	34281	37480	20515	27821	
2494	0	34140	37364	20662	27880	
2495	0	34012	37820	20816	28005	
2496	0	34148	38066	21021	28064	
2497	0	33988	38340	21209	28192	
2498	0	34344	38464	21392	28274	
2499	0	34498	38457	21546	28389	
2500	0	33712	38632	21688	28504	
2501	0	33986	38872	21864	28670	
2502	0	34457	39096	22040	28765	
2503	0	34348	39460	22180	28940	
2504	0	34920	40168	22409	29092	
2505	0	34233	40430	22545	29218	
2506	0	34002	40604	22760	29414	
2507	0	33666	41008	22893	29541	
2508	0	33744	40888	23144	29752	
2509	0	32892	40880	23316	29909	
2510	0	32916	40664	23492	30104	
2511	0	32944	40776	23680	30349	
2512	0	32676	40404	23874	30610	
2513	0	33489	40424	24056	30772	
2514	0	34228	40530	24276	31000	
2515	0	36509	40520	24557	31248	
2516	0	37128	40624	24762	31492	
2517	0	37170	40652	25008	31748	
2518	0	36960	39088	25220	32032	
2519	0	37300	37992	25493	32305	
2520	0	39200	38192	25750	32643	
2521	0	38700	37512	25981	32900	
2522	0	39260	36408	26252	33196	
2523	0	39672	39324	26508	33509	
2524	0	38200	40148	26824	33820	
2525	0	36428	38780	27064	34116	
2526	0	36264	37388	27412	34508	
2527	0	35660	37200	27721	34776	
2528	0	35132	36574	28000	35072	
2529	0	35093	36428	28336	35453	
2530	0	34728	35932	28648	35686	
2531	0	34400	35338	28962	36032	
2532	0	33864	34884	29281	36280	
2533	0	33348	34692	29600	36624	
2534	0	32945	34500	29924	36817	
2535	0	32610	33992	30241	37128	
2536	0	32402	33796	30606	37368	
2537	0	32672	34261	30889	37572	
2538	0	32448	33592	31242	37792	
2539	0	32664	33833	31544	38120	
2540	0	32618	33816	31912	38336	
2541	0	32692	33622	32209	38516	
2542	0	32770	33562	32546	38692	
2543	0	33068	33600	32865	38908	
2544	0	32808	33144	33172	38960	
2545	0	33112	33424	33537	39088	
2546	0	33368	33196	33816	39328	
2547	0	33532	33230	34180	39464	
2548	0	33860	33336	34520	39542	
2549	0	34020	33354	34812	39776	
2550	0	34160	33584	35032	39813	
2551	0	34685	33791	35314	39924	
2552	0	34432	33560	35629	39944	
2553	0	34524	33896	35996	40140	
2554	0	34312	34156	36204	40188	
2555	0	34200	34208	36576	40288	
2556	0	34132	34328	36768	40364	
2557	0	33792	34480	37048	40333	
2558	0	33508	34580	37370	40492	
2559	0	33488	34696	37653	40492	
2560	0	33897	34760	37908	40672	
2561	0	34392	34772	38308	40740	
2562	0	34788	35092	38484	40624	
2563	0	34813	35324	38803	40836	
2564	0	35016	35394	39180	40808	
2565	0	35104	35448	39447	40872	
2566	0	35024	35320	39744	40892	
2567	0	50081	34800	40036	40914	
2568	0	56188	47460	40240	41096	
2569	0	21874	45384	40484	41036	
2570	0	23401	30136	40784	41104	
2571	0	24198	41808	41165	41300	
2572	0	37686	40080	41400	41220	
2573	0	37345	36976	41708	41344	
2574	0	36464	34040	42160	41364	
2575	0	37516	34304	42492	41538	
2576	0	34704	34816	42688	41536	
2577	0	33748	37340	43074	41748	
2578	0	34245	38040	43332	41820	
2579	0	36636	36948	43696	41920	
2580	0	35898	36668	44040	41930	
2581	0	34716	36333	44448	42036	
2582	0	35024	36628	44812	42144	
2583	0	35220	36832	45122	42308	
2584	0	35432	36897	45512	42372	
2585	0	35169	36613	45880	42545	
2586	0	35464	36844	46208	42680	
2587	0	35348	36956	46632	42816	
2588	0	35636	36896	47058	42920	
2589	0	35296	36720	47457	43030	
2590	0	35392	36536	47812	43168	
2591	0	35250	36796	48276	43348	
2592	0	35384	36856	48617	43480	
2593	0	35338	37113	49048	43616	
2594	0	35272	36736	49420	43732	
2595	0	35264	36848	49872	43844	
2596	0	35020	37010	50268	43988	
2597	0	35200	37172	50688	44108	
2598	0	34992	36968	51056	44184	
2599	0	34861	37186	51456	44308	
2600	0	34920	37320	51880	44380	
2601	0	34728	36976	52250	44456	
2602	0	34986	36836	52692	44520	
2603	0	34665	36996	53072	44576	
2604	0	34504	36900	53464	44612	
2605	0	34717	37344	53824	44636	
2606	0	34585	37129	54212	44628	
2607	0	34528	37392	54548	44640	
2608	0	34329	37364	54902	44592	
2609	0	34288	37180	55164	44552	
2610	0	34346	37340	55536	44556	
2611	0	34376	37312	55796	44492	
2612	0	34337	37484	56064	44380	
2613	0	34340	37568	56352	44248	
2614	0	34254	37492	56608	44144	
2615	0	34256	37486	56876	44092	
2616	0	34277	37218	57100	43848	
2617	0	34196	37448	57304	43744	
2618	0	34168	37425	57560	43513	
2619	0	34304	37488	57680	43412	
2620	0	34428	37492	57836	43172	
2621	0	34304	37448	58048	43016	
2622	0	34336	37440	58144	42920	
2623	0	34188	37672	58264	42609	
2624	0	34102	37701	58328	42422	
2625	0	34204	37484	58392	42274	
2626	0	34284	37473	58434	41960	
2627	0	34384	37384	58538	41784	
2628	0	34452	37220	58520	41620	
2629	0	34300	37440	58544	41340	
2630	0	34356	37584	58624	41172	
2631	0	34341	37509	58604	40955	
2632	0	34264	37524	58604	40804	
2633	0	34164	37662	58544	40568	
2634	0	34304	37596	58528	40404	
2635	0	34344	37720	58568	40176	
2636	0	34473	37808	58496	40092	
2637	0	34568	38124	58424	39956	
2638	0	34626	37972	58328	39792	
2639	0	34144	38040	58312	39624	
2640	0	34164	38592	58278	39508	
2641	0	34108	38712	58168	39398	
2642	0	34976	39224	58096	39352	
2643	0	34444	39208	58016	39176	
2644	0	34380	39312	57996	39188	
2645	0	34036	39824	57912	39204	
2646	0	33568	40477	57808	39084	
2647	0	33004	41097	57728	39088	
2648	0	33206	41080	57616	39080	
2649	0	32901	40116	57568	39056	
2650	0	32768	40300	57492	38929	
2651	0	32676	39824	57400	39104	
2652	0	34064	39264	57192	39114	
2653	0	34642	39584	57164	39072	
2654	0	34257	40369	57136	38945	
2655	0	34424	40080	57024	39120	
2656	0	37930	40240	56888	39164	
2657	0	37984	39152	56884	39216	
2658	0	38120	38592	56656	39189	
2659	0	39032	39352	56632	39316	
2660	0	37894	41880	56548	39314	
2661	0	41828	33276	56476	39416	
2662	0	40380	38100	56432	39506	
2663	0	39128	38488	56304	39420	
2664	0	37793	39360	56224	39608	
2665	0	36404	39824	56120	39724	
2666	0	35620	39360	56064	39768	
2667	0	34404	39018	55956	39882	
2668	0	33945	38108	55872	39858	
2669	0	34300	38048	55776	39964	
2670	0	34080	37308	55744	40012	
2671	0	34188	36820	55560	40036	
2672	0	33540	36016	55428	39981	
2673	0	33256	35802	55344	40152	
2674	0	32581	35680	55232	40136	
2675	0	31910	35292	55136	40144	
2676	0	31952	35000	54944	40233	
2677	0	32192	35100	54828	40122	
2678	0	32072	34640	54692	40098	
2679	0	31841	34452	54472	40064	
2680	0	31858	34278	54248	39992	
2681	0	31680	34162	54176	39928	
2682	0	31656	34096	53920	39844	
2683	0	31765	33964	53664	39720	
2684	0	32243	34004	53548	39696	
2685	0	32176	34000	53292	39488	
2686	0	32203	33836	52992	39376	
2687	0	32260	33868	52816	39236	
2688	0	32476	33978	52568	39072	
2689	0	32532	33893	52208	38920	
2690	0	32773	34084	51924	38749	
2691	0	33062	34108	51684	38560	
2692	0	33202	34196	51392	38352	
2693	0	33556	34706	51072	38144	
2694	0	33540	34440	50781	37993	
2695	0	33712	34668	50472	37700	
2696	0	33756	34448	50177	37528	
2697	0	33684	34393	49816	37324	
2698	0	34042	34281	49532	37057	
2699	0	34464	34326	49128	36873	
2700	0	34736	34464	48884	36704	
2701	0	35072	34620	48456	36424	
2702	0	35316	34784	48202	36193	
2703	0	35256	34888	47824	35968	
2704	0	51084	39840	47524	35820	
2705	0	56220	29893	47136	35576	
2706	0	35642	41820	46828	35364	
2707	0	19625	27979	46440	35164	
2708	0	19248	39884	46116	34948	
2709	0	32689	42177	45796	34792	
2710	0	35184	40924	45457	34640	
2711	0	40584	37493	45148	34464	
2712	0	36204	35216	44888	34312	
2713	0	34997	33664	44512	34146	
2714	0	34356	35786	44216	33977	
2715	0	34348	36612	43936	33920	
2716	0	36460	36705	43660	33788	
2717	0	36845	37028	43336	33760	
2718	0	34425	36744	43133	33620	
2719	0	34785	36604	42864	33568	
2720	0	35544	36450	42584	33563	
2721	0	35900	37236	42184	33488	
2722	0	35444	37280	42052	33489	
2723	0	35184	36604	41648	33416	
2724	0	35481	36268	41416	33448	
2725	0	35320	36800	41256	33441	
2726	0	35592	36824	40836	33454	
2727	0	35396	36682	40560	33516	
2728	0	35428	36448	40308	33526	
2729	0	35544	36456	40056	33574	
2730	0	35304	36772	39916	33604	
2731	0	35660	36640	39600	33656	
2732	0	35284	36708	39244	33692	
2733	0	35329	36880	39036	33730	
2734	0	35476	36760	38798	33750	
2735	0	35236	36796	38500	33780	
2736	0	35272	36818	38120	33828	
2737	0	35240	36808	37832	33808	
2738	0	35258	36952	37520	33872	
2739	0	35136	36628	37280	33829	
2740	0	35128	36764	36929	33816	
2741	0	35200	36994	36617	33826	
2742	0	34920	36848	36352	33737	
2743	0	35148	36824	36064	33757	
2744	0	35072	36868	35680	33728	
2745	0	34992	36936	35329	33648	
2746	0	34772	37036	34992	33552	
2747	0	34728	37212	34652	33416	
2748	0	34792	37272	34296	33380	
2749	0	34770	36960	33993	33225	
2750	0	34720	37088	33650	33124	
2751	0	34740	37180	33253	32962	
2752	0	34808	37224	32880	32861	
2753	0	34704	37308	32520	32804	
2754	0	34720	37296	32136	32636	
2755	0	34649	37336	31762	32456	
2756	0	34610	37328	31368	32300	
2757	0	34656	37364	30980	32148	
2758	0	34672	37348	30568	31928	
2759	0	34600	37412	30160	31793	
2760	0	34512	37588	29721	31596	
2761	0	34592	37640	29317	31490	
2762	0	34632	37476	28856	31304	
2763	0	34528	37384	28428	31120	
2764	0	34704	37253	27998	30948	
2765	0	34784	37140	27516	30778	
2766	0	34681	37048	27084	30597	
2767	0	34996	36880	26600	30352	
2768	0	35018	37008	26106	30225	
2769	0	34492	37728	25632	30024	
2770	0	34574	37948	25160	29856	
2771	0	34680	37769	24704	29696	
2772	0	34706	37449	24209	29576	
2773	0	34856	37516	23700	29494	
2774	0	34756	37624	23173	29268	
2775	0	34922	37704	22688	29160	
2776	0	34964	36968	22283	29064	
2777	0	34576	37232	21776	28957	
2778	0	34804	38121	21332	28882	
2779	0	35048	38480	20844	28806	
2780	0	34952	38732	20404	28722	
2781	0	35252	38520	19937	28685	
2782	0	34700	38784	19492	28672	
2783	0	34864	39512	19124	28632	
2784	0	35468	40209	18738	28588	
2785	0	35044	40276	18336	28548	
2786	0	34520	40048	17954	28564	
2787	0	33632	40972	17598	28582	
2788	0	32866	40968	17198	28632	
2789	0	33996	40352	16904	28600	
2790	0	33986	39912	16552	28754	
2791	0	33836	39876	16271	28808	
2792	0	34404	39972	16002	28842	
2793	0	34404	39909	15672	28932	
2794	0	34786	39252	15432	29061	
2795	0	35304	39192	15105	29146	
2796	0	37908	39768	14916	29328	
2797	0	38832	38568	14632	29230	
2798	0	37048	38368	14462	29564	
2799	0	37232	40596	14201	29702	
2800	0	39356	35485	14010	29889	
2801	0	39690	38660	13829	30012	
2802	0	37388	41288	13642	30166	
2803	0	37268	40413	13521	30308	
2804	0	35478	38960	13356	30484	
2805	0	35844	38540	13209	30629	
2806	0	35776	37712	13028	30746	
2807	0	36364	37696	12923	30909	
2808	0	35728	36844	12789	31016	
2809	0	35232	36164	12678	31132	
2810	0	34920	36144	12557	31244	
2811	0	34416	36153	12446	31316	
2812	0	33896	35461	12290	31352	
2813	0	33410	35392	12210	31429	
2814	0	32789	35337	12111	31464	
2815	0	32564	34752	11980	31452	
2816	0	32200	34768	11932	31392	
2817	0	32236	34312	11796	31402	
2818	0	32364	34306	11678	31345	
2819	0	32260	34032	11613	31276	
2820	0	32352	33618	11547	31189	
2821	0	32312	34336	11450	31056	
2822	0	32272	33568	11346	30876	
2823	0	32296	33728	11282	30712	
2824	0	32268	33764	11188	30482	
2825	0	32208	33956	11024	30258	
2826	0	32088	33980	10963	30096	
2827	0	32464	33908	10872	29661	
2828	0	32637	34016	10786	29632	
2829	0	33076	33765	10680	29356	
2830	0	33081	33968	10497	29072	
2831	0	33436	33884	10450	28592	
2832	0	33620	34198	10337	28493	
2833	0	33950	34468	10212	27968	
2834	0	33928	34368	10153	27896	
2835	0	34016	34388	10069	27598	
2836	0	34144	34312	9962	27296	
2837	0	34444	34296	9868	27008	
2838	0	34704	34237	9790	26657	
2839	0	35016	34230	9694	26320	
2840	0	35144	34250	9622	26016	
2841	0	35356	34272	9544	25714	
2842	0	35638	34104	9447	25380	
2843	0	35536	34050	9322	25017	
2844	0	35352	33508	9251	24753	
2845	0	54656	36132	9224	24194	
2846	0	56320	39913	9134	24148	
2847	0	20180	31318	9088	23664	
2848	0	17820	38280	9034	23587	
2849	0	25476	41944	8954	23306	
2850	0	43280	42209	8902	22996	
2851	0	39424	38769	8850	22761	
2852	0	36052	35149	8922	22562	
2853	0	35644	34004	8913	22330	
2854	0	34772	35768	8785	22112	
2855	0	34114	35360	8841	21922	
2856	0	35808	36433	8813	21722	
2857	0	36192	37428	8891	21478	
2858	0	35172	37016	8925	21378	
2859	0	35264	36612	9024	21248	
2860	0	35368	36508	9041	21112	
2861	0	35842	36932	9110	20952	
2862	0	35444	36960	9168	20920	
2863	0	35456	36424	9336	20837	
2864	0	35421	36288	9428	20766	
2865	0	35656	36369	9573	20707	
2866	0	35656	36240	9751	20632	
2867	0	35568	36692	9897	20560	
2868	0	35504	36876	10149	20614	
2869	0	35520	36740	10360	20522	
2870	0	35354	36681	10540	20569	
2871	0	35604	36501	10749	20598	
2872	0	35340	36384	11034	20770	
2873	0	35180	36721	11299	20852	
2874	0	35224	36852	11554	20904	
2875	0	35172	36656	11838	21025	
2876	0	35330	36836	12145	21016	
2877	0	35208	36889	12414	21196	
2878	0	35144	36852	12679	21309	
2879	0	35296	36792	13067	21330	
2880	0	35056	37040	13304	21530	
2881	0	35188	36784	13702	21656	
2882	0	34752	36961	13964	21722	
2883	0	35002	37024	14280	21856	
2884	0	34802	36976	14637	22035	
2885	0	34845	36976	14940	22266	
2886	0	34744	37069	15265	22400	
2887	0	34861	37209	15589	22520	
2888	0	34632	37108	15878	22700	
2889	0	34788	37217	16120	22876	
2890	0	34628	37188	16470	23014	
2891	0	34592	37352	16761	23148	
2892	0	34616	37534	17045	23364	
2893	0	34626	37312	17324	23560	
2894	0	34568	37264	17594	23756	
2895	0	34656	37292	17800	23940	
2896	0	34576	37304	18120	24128	
2897	0	34638	37444	18312	24302	
2898	0	34572	37440	18573	24513	
2899	0	34528	37316	18802	24653	
2900	0	34544	37368	19086	24816	
2901	0	34540	37296	19266	25084	
2902	0	34589	37152	19534	25300	
2903	0	34600	37014	19676	25531	
2904	0	34596	37232	19971	25696	
2905	0	34736	37268	20162	25856	
2906	0	34680	37524	20310	26112	
2907	0	34617	37617	20576	26328	
2908	0	34636	37496	20716	26622	
2909	0	34545	37372	20884	26805	
2910	0	34688	37240	21097	27072	
2911	0	34580	37401	21313	27260	
2912	0	34648	37326	21465	27492	
2913	0	34585	37403	21666	27800	
2914	0	34624	37496	21874	28088	
2915	0	34744	37668	22093	28352	
2916	0	34708	37810	22276	28600	
2917	0	34676	38092	22482	28900	
2918	0	34665	37860	22682	29216	
2919	0	34184	38248	22832	29520	
2920	0	34592	38484	23028	29810	
2921	0	35228	38632	23250	30120	
2922	0	35200	38852	23456	30472	
2923	0	35008	39008	23664	30844	
2924	0	35073	39284	23906	31145	
2925	0	34644	39476	24128	31504	
2926	0	34358	39825	24328	31853	
2927	0	34053	40016	24588	32208	
2928	0	33536	39988	24828	32596	
2929	0	32734	40160	25108	32976	
2930	0	33828	39992	25304	33336	
2931	0	34030	39216	25602	33714	
2932	0	34340	38740	25836	34142	
2933	0	34352	39232	26090	34572	
2934	0	34729	38892	26396	34985	
2935	0	35282	38944	26656	35464	
2936	0	37040	39520	26894	35812	
2937	0	37596	38552	27192	36260	
2938	0	37840	38940	27485	36816	
2939	0	37288	37776	27757	37224	
2940	0	38208	39129	28040	37772	
2941	0	38542	37384	28340	38232	
2942	0	39332	37000	28602	38704	
2943	0	37258	40192	28912	39264	
2944	0	37347	39728	29244	39760	
2945	0	36536	40000	29540	40244	
2946	0	35899	39533	29840	40732	
2947	0	35704	39114	30144	41364	
2948	0	35560	38448	30420	41876	
2949	0	35760	38514	30748	42344	
2950	0	35420	38020	31056	42841	
2951	0	35202	38082	31363	43360	
2952	0	34301	37208	31664	43820	
2953	0	33840	37320	31944	44276	
2954	0	33688	37028	32252	44728	
2955	0	32914	36824	32546	45168	
2956	0	32800	36336	32828	45554	
2957	0	32761	36024	33118	45978	
2958	0	32440	35716	33408	46348	
2959	0	32440	35196	33716	46693	
2960	0	32476	35508	34021	46968	
2961	0	32416	34816	34232	47232	
2962	0	32417	34896	34589	47472	
2963	0	32361	34488	34828	47736	
2964	0	32240	34292	35048	47932	
2965	0	32589	34336	35304	48076	
2966	0	32604	34077	35640	48236	
2967	0	32800	34113	35808	48304	
2968	0	32820	33816	36100	48372	
2969	0	33176	33586	36304	48408	
2970	0	33360	33526	36572	48444	
2971	0	33160	33340	36778	48376	
2972	0	33305	33436	37012	48288	
2973	0	33208	33376	37234	48276	
2974	0	33296	33504	37465	48164	
2975	0	33496	33658	37688	48049	
2976	0	33517	33792	37904	47904	
2977	0	33696	33760	38128	47720	
2978	0	33816	33748	38352	47540	
2979	0	34064	33880	38568	47332	
2980	0	34546	34000	38816	47124	
2981	0	34906	34060	39080	46856	
2982	0	35473	33989	39181	46656	
2983	0	35973	33864	39432	46353	
2984	0	36424	33796	39520	46113	
2985	0	36246	33696	39712	45808	
2986	0	36313	33197	39904	45576	
2987	0	53652	34060	40080	45272	
2988	0	56276	30696	40256	44978	
2989	0	13229	36845	40488	44704	
2990	0	19020	44360	40620	44424	
2991	0	18404	46032	40777	44189	
2992	0	36678	46920	40976	43884	
2993	0	38778	39512	41152	43656	
2994	0	38480	32580	41352	43332	
2995	0	37714	31716	41477	43120	
2996	0	33604	35036	41620	42832	
2997	0	33457	35812	41828	42657	
2998	0	36520	36844	42024	42368	
2999	0	35932	37620	42096	42264	
3000	0	34600	36682	42356	41932	
3001	0	34780	36565	42428	41776	
3002	0	35680	37113	42560	41536	
3003	0	35374	37096	42768	41448	
3004	0	35100	37049	42956	41156	
3005	0	35082	37060	43013	41096	
3006	0	35196	36728	43124	40804	
3007	0	35437	36828	43240	40632	
3008	0	35435	36568	43381	40456	
3009	0	35321	36572	43588	40368	
3010	0	35204	36840	43600	40164	
3011	0	35312	36936	43708	39997	
3012	0	34972	36776	43824	39817	
3013	0	35264	36832	43954	39612	
3014	0	35072	36938	44040	39417	
3015	0	35062	36960	44096	39184	
3016	0	34880	36804	44112	38996	
3017	0	34949	37040	44200	38780	
3018	0	34817	37120	44210	38576	
3019	0	34704	37181	44236	38345	
3020	0	34896	37068	44332	38080	
3021	0	34689	37237	44332	37849	
3022	0	34650	37152	44248	37572	
3023	0	34620	37130	44236	37314	
3024	0	34520	37160	44201	37048	
3025	0	34497	37240	44148	36756	
3026	0	34625	37396	44172	36464	
3027	0	34453	36868	44028	36136	
3028	0	34414	37392	43928	35844	
3029	0	34400	37324	43824	35560	
3030	0	34396	37436	43728	35232	
3031	0	34342	37564	43660	34846	
3032	0	34252	37411	43396	34532	
3033	0	34292	37528	43266	34196	
3034	0	34312	37524	43150	33881	
3035	0	34336	37512	42844	33528	
3036	0	34220	37548	42645	33153	
3037	0	34301	37392	42464	32844	
3038	0	34340	37272	42184	32528	
3039	0	34456	37328	42052	32101	
3040	0	34321	37553	41712	31812	
3041	0	34161	37880	41388	31448	
3042	0	34280	37916	41256	31028	
3043	0	34256	37592	40944	30733	
3044	0	34288	37428	40538	30388	
3045	0	34504	37352	40232	30036	
3046	0	34436	37152	39940	29669	
3047	0	34416	37136	39712	29312	
3048	0	34256	37440	39284	28992	
3049	0	34540	37290	39064	28721	
3050	0	34469	37414	38648	28372	
3051	0	34492	37352	38346	28096	
3052	0	34368	37380	38052	27810	
3053	0	34336	37444	37656	27558	
3054	0	34485	37412	37388	27244	
3055	0	34485	37337	37080	27033	
3056	0	34586	37320	36656	26792	
3057	0	34668	37448	36384	26580	
3058	0	34736	37505	36004	26344	
3059	0	34604	37909	35718	26162	
3060	0	34520	38064	35408	26012	
3061	0	34578	37708	35056	25824	
3062	0	34369	37980	34728	25680	
3063	0	34546	38616	34416	25578	
3064	0	34996	38980	34108	25446	
3065	0	34808	39001	33824	25346	
3066	0	34936	39220	33524	25284	
3067	0	34240	39504	33214	25192	
3068	0	34304	40068	32928	25118	
3069	0	34184	39872	32637	25062	
3070	0	33628	40656	32354	24996	
3071	0	33732	40370	32084	24964	
3072	0	31905	40612	31832	24944	
3073	0	33532	40216	31568	24893	
3074	0	33280	40378	31320	24896	
3075	0	34053	39616	31072	24900	
3076	0	34328	40144	30841	24888	
3077	0	35328	39936	30632	24908	
3078	0	35772	39814	30412	24930	
3079	0	36389	38924	30192	24956	
3080	0	36740	38828	30008	24993	
3081	0	37564	39292	29826	25034	
3082	0	37208	38592	29624	25088	
3083	0	36333	41192	29452	25138	
3084	0	40536	34146	29312	25196	
3085	0	39896	37284	29177	25264	
3086	0	38048	38900	29036	25316	
3087	0	37825	39128	28844	25388	
3088	0	36716	39426	28772	25456	
3089	0	35656	38992	28641	25524	
3090	0	34956	38921	28533	25561	
3091	0	34893	38352	28408	25616	
3092	0	35201	38444	28365	25658	
3093	0	35360	37452	28232	25696	
3094	0	35193	36865	28177	25729	
3095	0	35180	36984	28092	25768	
3096	0	34300	36640	28029	25740	
3097	0	33832	36448	27956	25747	
3098	0	32988	36328	27836	25764	
3099	0	32624	36100	27804	25706	
3100	0	32220	35776	27714	25661	
3101	0	32004	35710	27640	25612	
3102	0	31870	35568	27544	25531	
3103	0	31969	35228	27481	25466	
3104	0	31492	34662	27422	25372	
3105	0	31720	34888	27338	25292	
3106	0	31442	34444	27246	25145	
3107	0	31697	34452	27148	25010	
3108	0	31622	34184	27069	24876	
3109	0	31572	33980	26960	24713	
3110	0	31884	34144	26844	24544	
3111	0	32144	34269	26740	24390	
3112	0	32356	34004	26628	24184	
3113	0	32532	34172	26508	24000	
3114	0	32888	34474	26381	23772	
3115	0	32960	34706	26240	23556	
3116	0	33068	34768	26088	23328	
3117	0	33280	35146	25946	23107	
3118	0	33528	35486	25786	22874	
3119	0	33948	35808	25626	22642	
3120	0	34248	36024	25453	22426	
3121	0	34521	36264	25266	22176	
3122	0	34949	36244	25082	21940	
3123	0	35736	36018	24904	21701	
3124	0	36364	35670	24702	21484	
3125	0	36840	35258	24532	21256	
3126	0	37540	34768	24418	21051	
3127	0	37844	34242	24235	20828	
3128	0	38120	33597	24012	20624	
3129	0	38356	32944	23891	20440	
3130	0	38553	32044	23717	20252	
3131	0	38053	35800	23524	20069	
3132	0	54521	38084	23304	19900	
3133	0	56296	46356	23137	19749	
3134	0	24860	45042	22940	19604	
3135	0	9775	37290	22901	19477	
3136	0	19772	43442	22720	19339	
3137	0	45700	35506	22536	19236	
3138	0	33148	36090	22452	19141	
3139	0	39392	35072	22318	19060	
3140	0	32261	35584	22243	18980	
3141	0	35532	36322	22113	18912	
3142	0	36248	37388	22052	18878	
3143	0	35972	37156	21902	18846	
3144	0	34432	36784	21892	18824	
3145	0	35880	36288	21766	18817	
3146	0	35324	36564	21792	18830	
3147	0	35197	37120	21749	18860	
3148	0	35212	36832	21694	18899	
3149	0	35556	36736	21696	18964	
3150	0	35675	36714	21724	19020	
3151	0	35428	36872	21712	19124	
3152	0	35220	36912	21737	19212	
3153	0	35392	36544	21848	19328	
3154	0	35424	36680	21921	19457	
3155	0	35500	36816	21998	19613	
3156	0	35160	36608	22013	19778	
3157	0	35488	36964	22152	19942	
3158	0	35353	36852	22304	20124	
3159	0	35225	36684	22433	20297	
3160	0	35244	36672	22556	20512	
3161	0	35216	36916	22757	20704	
3162	0	35177	36852	22972	20909	
3163	0	35182	36969	23114	21136	
3164	0	35044	36961	23298	21381	
3165	0	35072	36996	23470	21592	
3166	0	34912	37084	23749	21849	
3167	0	34920	37036	23890	22086	
3168	0	34992	36888	24129	22322	
3169	0	34772	36780	24314	22576	
3170	0	34816	36936	24621	22808	
3171	0	34876	36924	24814	23052	
3172	0	34793	36952	25064	23308	
3173	0	34640	36984	25310	23557	
3174	0	34736	37093	25508	23830	
3175	0	34680	37072	25684	24080	
3176	0	34760	37100	25934	24289	
3177	0	34768	37236	26208	24584	
3178	0	34657	37420	26420	24818	
3179	0	34716	37216	26628	25074	
3180	0	34708	37332	26870	25313	
3181	0	34604	37120	27085	25524	
3182	0	34625	37376	27297	25752	
3183	0	34720	37424	27452	25984	
3184	0	34848	37444	27726	26248	
3185	0	34785	37405	27920	26439	
3186	0	34736	37496	28112	26706	
3187	0	34744	37493	28321	26889	
3188	0	34684	37534	28516	27097	
3189	0	34672	37493	28702	27312	
3190	0	34684	37380	28896	27556	
3191	0	34792	37388	29097	27732	
3192	0	34720	37425	29267	27956	
3193	0	34764	37324	29484	28137	
3194	0	34844	37280	29680	28364	
3195	0	34848	37232	29869	28584	
3196	0	34852	37128	30052	28772	
3197	0	34892	37200	30257	28935	
3198	0	34784	37204	30440	29132	
3199	0	34848	37140	30644	29334	
3200	0	34900	37236	30840	29564	
3201	0	34944	37304	31041	29761	
3202	0	34872	37244	31244	29980	
3203	0	34740	37209	31461	30169	
3204	0	34773	37312	31648	30452	
3205	0	34948	37308	31858	30648	
3206	0	35096	37360	32052	30875	
3207	0	35032	37440	32260	31076	
3208	0	35032	37072	32502	31260	
3209	0	35104	37476	32690	31480	
3210	0	34925	37520	32896	31728	
3211	0	34888	37556	33126	31956	
3212	0	34852	37664	33312	32232	
3213	0	34717	37657	33536	32440	
3214	0	34956	37692	33728	32628	
3215	0	34800	38440	33928	32880	
3216	0	34764	38634	34152	33073	
3217	0	34556	38276	34308	33312	
3218	0	34837	38584	34568	33553	
3219	0	35908	39732	34721	33816	
3220	0	35068	40860	34928	34021	
3221	0	36552	39570	35092	34205	
3222	0	35645	40812	35284	34440	
3223	0	35746	40832	35484	34748	
3224	0	35496	40648	35692	34885	
3225	0	34640	40801	35828	35181	
3226	0	34738	41336	36024	35420	
3227	0	34578	41378	36226	35608	
3228	0	34210	40760	36384	35869	
3229	0	33754	40300	36580	36080	
3230	0	34600	39957	36708	36396	
3231	0	34560	39093	36924	36548	
3232	0	35984	38468	37045	36912	
3233	0	37096	38040	37312	37052	
3234	0	35924	38136	37416	37308	
3235	0	34333	37236	37572	37700	
3236	0	33888	36349	37854	37848	
3237	0	32742	35392	38000	38164	
3238	0	33788	36396	38089	38496	
3239	0	33828	34560	38312	38648	
3240	0	33440	35968	38452	38888	
3241	0	35164	33764	38621	39128	
3242	0	33772	35441	38876	39536	
3243	0	33416	36505	39065	39724	
3244	0	33538	36100	39124	39878	
3245	0	33945	35817	39378	40240	
3246	0	34284	35412	39476	40405	
3247	0	34728	35036	39732	40568	
3248	0	34798	34844	39748	40772	
3249	0	34882	34585	40036	41016	
3250	0	35248	34584	40056	41249	
3251	0	35338	34528	40196	41376	
3252	0	35492	34756	40364	41432	
3253	0	35713	34918	40564	41728	
3254	0	35874	35088	40576	41722	
3255	0	35988	35488	40728	41857	
3256	0	36217	35616	40856	42138	
3257	0	36440	35986	40964	42240	
3258	0	36584	35960	41188	42228	
3259	0	37000	36236	41228	42312	
3260	0	37152	36472	41504	42436	
3261	0	37288	36868	41501	42561	
3262	0	37328	37161	41664	42642	
3263	0	37832	37424	41745	42641	
3264	0	37841	37788	41952	42800	
3265	0	38104	37968	42060	42762	
3266	0	38452	38328	42141	42848	
3267	0	38776	38748	42384	42976	
3268	0	38988	39050	42468	42965	
3269	0	39404	39428	42532	42988	
3270	0	39736	39712	42653	42949	
3271	0	40296	39964	42784	42972	
3272	0	40784	40060	42972	42984	
3273	0	41032	39932	43040	43013	
3274	0	40808	39817	43228	43065	
3275	0	40460	39768	43252	43050	
3276	0	40129	39696	43360	43037	
3277	0	40584	39356	43480	43068	
3278	0	40696	39392	43564	43072	
3279	0	41268	37732	43664	42957	
3280	0	41872	37800	43745	42989	
3281	0	42096	36524	43832	43028	
3282	0	42048	37564	43916	42904	
3283	0	39457	39115	44044	42857	
3284	0	39108	39620	44096	42853	
3285	0	28749	44604	44082	42792	
3286	0	30496	39961	44200	42692	
3287	0	36720	25178	44250	42588	
3288	0	31544	44204	44291	42596	
3289	0	41496	39409	44304	42428	
3290	0	29594	40770	44360	42368	
3291	0	34324	37904	44362	42336	
3292	0	33576	36916	44396	42306	
3293	0	33508	38176	44448	42116	
3294	0	33945	37356	44496	42018	
3295	0	34056	37080	44432	42040	
3296	0	34272	37168	44516	41836	
3297	0	34061	37116	44472	41816	
3298	0	33660	37540	44444	41720	
3299	0	33427	37288	44456	41552	
3300	0	33300	37582	44436	41472	
3301	0	33122	37480	44452	41360	
3302	0	33240	37288	44520	41330	
3303	0	33842	37472	44480	41244	
3304	0	34044	37826	44444	41120	
3305	0	34488	37500	44473	40993	
3306	0	34308	37654	44440	40932	
3307	0	34108	37588	44476	40853	
3308	0	34056	37568	44456	40700	
3309	0	34016	37686	44432	40578	
3310	0	34000	37768	44432	40521	
3311	0	34028	37832	44408	40364	
3312	0	34160	37760	44386	40188	
3313	0	34420	37612	44370	40064	
3314	0	34406	37576	44412	39916	
3315	0	34388	37597	44332	39740	
3316	0	34336	37456	44256	39564	
3317	0	34416	37440	44204	39384	
3318	0	34224	37472	44152	39176	
3319	0	34084	37348	44154	39018	
3320	0	34080	37281	44084	38784	
3321	0	34286	37400	43976	38552	
3322	0	34440	37380	43824	38368	
3323	0	34392	37280	43820	38136	
3324	0	34396	37035	43642	37920	
3325	0	34426	37128	43512	37656	
3326	0	34488	37081	43432	37441	
3327	0	34280	37088	43344	37204	
3328	0	34548	37241	43188	36956	
3329	0	34604	37080	42980	36701	
3330	0	34396	37348	42904	36466	
3331	0	34464	37520	42712	36232	
3332	0	34592	37416	42496	35988	
3333	0	34507	37440	42320	35757	
3334	0	34462	37320	42140	35484	
3335	0	34586	37212	42012	35240	
3336	0	34764	37314	41712	35001	
3337	0	34748	37192	41492	34747	
3338	0	34760	37524	41392	34500	
3339	0	34724	37528	41040	34256	
3340	0	34580	37492	40932	34016	
3341	0	34496	37600	40552	33788	
3342	0	34528	37724	40288	33520	
3343	0	34521	37676	40052	33288	
3344	0	34586	37728	39865	33048	
3345	0	34674	37696	39548	32812	
3346	0	34568	38016	39232	32562	
3347	0	34374	37956	38954	32320	
3348	0	34505	38244	38744	32104	
3349	0	34600	38594	38438	31872	
3350	0	34824	39260	38096	31637	
3351	0	35254	40020	37849	31425	
3352	0	35638	40824	37504	31200	
3353	0	35412	40920	37236	30976	
3354	0	35912	42464	36956	30772	
3355	0	35232	42100	36621	30556	
3356	0	34573	42845	36324	30356	
3357	0	34110	43492	36040	30156	
3358	0	32953	43360	35720	29964	
3359	0	32180	43400	35408	29773	
3360	0	32676	42012	35100	29584	
3361	0	34260	41102	34773	29408	
3362	0	36048	40592	34440	29232	
3363	0	35956	38881	34144	29056	
3364	0	37138	38729	33786	28896	
3365	0	34908	38804	33485	28744	
3366	0	33550	37200	33176	28600	
3367	0	33886	35512	32796	28484	
3368	0	34688	34790	32476	28338	
3369	0	35413	35386	32124	28216	
3370	0	35568	36356	31844	28097	
3371	0	37292	35250	31520	28007	
3372	0	36416	33178	31144	27868	
3373	0	36820	36280	30817	27768	
3374	0	36220	36384	30480	27672	
3375	0	35836	35184	30140	27586	
3376	0	36464	34841	29812	27472	
3377	0	36960	34334	29484	27386	
3378	0	36820	34413	29156	27296	
3379	0	36816	34144	28819	27219	
3380	0	36896	34058	28486	27184	
3381	0	36912	33888	28150	27046	
3382	0	36764	34380	27820	26980	
3383	0	36472	34316	27502	26917	
3384	0	36284	34392	27156	26840	
3385	0	36240	34552	26821	26828	
3386	0	36186	34656	26521	26768	
3387	0	36256	34504	26201	26697	
3388	0	36368	34358	25908	26594	
3389	0	36180	34277	25608	26562	
3390	0	36036	34156	25312	26528	
3391	0	35937	34124	25014	26496	
3392	0	36020	34188	24678	26434	
3393	0	35896	34464	24412	26441	
3394	0	35882	34632	24141	26369	
3395	0	35896	34520	23866	26361	
3396	0	36092	34464	23600	26300	
3397	0	36146	34272	23366	26255	
3398	0	36376	34092	23071	26241	
3399	0	36544	34474	22878	26208	
3400	0	36905	34569	22566	26164	
3401	0	36928	34436	22397	26141	
3402	0	37244	34181	22212	26120	
3403	0	37556	34232	21974	26106	
3404	0	37332	34284	21725	26072	
3405	0	37284	34248	21600	26020	
3406	0	37288	34176	21384	26018	
3407	0	37294	34072	21200	25980	
3408	0	36956	33928	20974	25934	
3409	0	36440	33693	20900	25880	
3410	0	37488	34872	20618	25848	
3411	0	54792	37280	20506	25840	
3412	0	56340	50796	20436	25812	
3413	0	12711	35242	20320	25824	
3414	0	22876	39464	20164	25728	
3415	0	31952	41932	20040	25774	
3416	0	37672	38544	19922	25752	
3417	0	40945	35102	19849	25758	
3418	0	33976	32914	19746	25712	
3419	0	35204	33784	19716	25666	
3420	0	33457	37132	19640	25704	
3421	0	34768	37360	19586	25692	
3422	0	36216	36952	19506	25696	
3423	0	35165	36552	19494	25706	
3424	0	34432	36485	19412	25722	
3425	0	35402	36832	19489	25678	
3426	0	35328	36968	19428	25765	
3427	0	35356	36848	19492	25776	
3428	0	35060	36568	19504	25821	
3429	0	35724	36520	19584	25878	
3430	0	35456	36673	19697	26021	
3431	0	35456	36792	19809	26024	
3432	0	35320	36581	19933	26112	
3433	0	35452	36464	20065	26240	
3434	0	35344	36762	20261	26366	
3435	0	35328	36672	20367	26440	
3436	0	35092	36946	20564	26542	
3437	0	35000	36992	20850	26748	
3438	0	35216	36970	21074	26896	
3439	0	35216	36704	21332	27105	
3440	0	35001	37081	21545	27166	
3441	0	35032	36897	21853	27417	
3442	0	34922	36868	22081	27584	
3443	0	34916	36688	22412	27778	
3444	0	35080	36672	22683	27976	
3445	0	35048	36744	22932	28212	
3446	0	34884	36888	23320	28424	
3447	0	34912	37156	23538	28642	
3448	0	34761	37034	23883	28840	
3449	0	34722	37131	24189	29052	
3450	0	34592	37085	24568	29337	
3451	0	34708	36869	24862	29564	
3452	0	34570	37176	25196	29776	
3453	0	34560	37360	25481	30017	
3454	0	34528	37401	25824	30274	
3455	0	34589	37365	26136	30488	
3456	0	34529	37222	26412	30712	
3457	0	34528	37288	26737	30944	
3458	0	34436	37408	26976	31220	
3459	0	34451	37416	27328	31414	
3460	0	34416	37368	27576	31704	
3461	0	34400	37466	27876	31816	
3462	0	34297	37404	28112	32032	
3463	0	34290	37296	28424	32269	
3464	0	34284	37264	28688	32420	
3465	0	34440	37322	28940	32706	
3466	0	34377	37220	29168	32804	
3467	0	34354	37314	29440	32986	
3468	0	34507	37240	29688	33228	
3469	0	34617	37476	29928	33340	
3470	0	34488	37456	30162	33546	
3471	0	34272	37592	30376	33676	
3472	0	34226	37488	30616	33824	
3473	0	34426	37500	30846	33984	
3474	0	34424	37352	31065	34256	
3475	0	34601	37584	31292	34325	
3476	0	34512	37376	31504	34520	
3477	0	34540	37364	31712	34645	
3478	0	34412	37536	31928	34913	
3479	0	34524	37612	32153	35053	
3480	0	34513	37465	32357	35124	
3481	0	34433	37732	32568	35369	
3482	0	34590	37833	32788	35608	
3483	0	34548	38144	33026	35789	
3484	0	34813	37720	33220	35848	
3485	0	34328	37912	33472	36056	
3486	0	34324	38532	33652	36232	
3487	0	34748	38836	33890	36480	
3488	0	34981	39144	34096	36622	
3489	0	35092	38944	34316	36976	
3490	0	34804	39268	34552	37056	
3491	0	34444	39856	34772	37304	
3492	0	33520	40092	35001	37509	
3493	0	34132	41144	35236	37768	
3494	0	33741	40676	35448	37994	
3495	0	33458	40160	35692	38336	
3496	0	33237	39968	35908	38584	
3497	0	33908	39668	36176	38776	
3498	0	35344	39929	36392	39176	
3499	0	35128	40176	36608	39337	
3500	0	35588	40540	36904	39616	
3501	0	37080	39821	37128	39944	
3502	0	38640	38872	37368	40236	
3503	0	37962	38820	37616	40544	
3504	0	37880	39144	37956	41017	
3505	0	38540	42356	38177	41180	
3506	0	41116	33602	38416	41556	
3507	0	40296	36298	38676	41970	
3508	0	38488	39648	39000	42274	
3509	0	37984	39420	39184	42620	
3510	0	37042	40264	39496	42960	
3511	0	36188	38928	39816	43320	
3512	0	35330	38422	40000	43669	
3513	0	35321	37940	40284	44000	
3514	0	35466	37796	40672	44336	
3515	0	34984	36772	40836	44676	
3516	0	34740	36512	41168	44933	
3517	0	34235	35968	41356	45241	
3518	0	33777	35642	41644	45538	
3519	0	33304	35244	41876	45840	
3520	0	33052	34976	42148	46076	
3521	0	32817	34604	42496	46328	
3522	0	32468	34236	42652	46528	
3523	0	32937	34468	42996	46760	
3524	0	32564	33804	43212	46932	
3525	0	32636	34296	43434	47088	
3526	0	32460	33666	43596	47189	
3527	0	32698	33604	43860	47300	
3528	0	32716	33468	44084	47412	
3529	0	32714	33536	44244	47424	
3530	0	32544	33564	44444	47466	
3531	0	32449	33292	44620	47488	
3532	0	32274	33292	44736	47536	
3533	0	32316	33740	44984	47440	
3534	0	32304	33584	45088	47400	
3535	0	32420	33800	45232	47360	
3536	0	32674	33784	45352	47228	
3537	0	32816	34244	45468	47125	
3538	0	33006	33956	45584	46984	
3539	0	33200	34060	45753	46876	
3540	0	33421	34169	45808	46716	
3541	0	33824	34406	45945	46552	
3542	0	34084	34490	45968	46312	
3543	0	34280	34394	46024	46106	
3544	0	34468	34400	46098	45876	
3545	0	34612	34348	46140	45680	
3546	0	34708	34144	46244	45408	
3547	0	35036	34284	46222	45184	
3548	0	34728	34409	46244	44928	
3549	0	34660	34365	46328	44728	
3550	0	34664	34564	46352	44424	
3551	0	34546	34680	46312	44216	
3552	0	34348	34504	46340	43912	
3553	0	50700	39880	46328	43736	
3554	0	56248	31009	46233	43464	
3555	0	16912	48252	46184	43152	
3556	0	13568	39444	46188	42908	
3557	0	29825	45664	46140	42656	
3558	0	35720	42624	46109	42392	
3559	0	38189	34516	46048	42236	
3560	0	37776	31625	46044	41952	
3561	0	35632	33888	45989	41776	
3562	0	35160	34102	45916	41552	
3563	0	33400	36840	45776	41268	
3564	0	34409	37614	45704	41116	
3565	0	37016	37314	45632	40852	
3566	0	36032	36928	45536	40664	
3567	0	35041	36602	45460	40528	
3568	0	34798	36853	45432	40302	
3569	0	35768	36880	45296	40116	
3570	0	35816	36770	45160	39908	
3571	0	35156	36402	45136	39724	
3572	0	35581	36320	44984	39525	
3573	0	35165	36818	44909	39376	
3574	0	35556	36844	44752	39201	
3575	0	35585	36768	44704	39004	
3576	0	35624	36308	44528	38856	
3577	0	35688	36676	44428	38652	
3578	0	35424	36825	44384	38482	
3579	0	35369	36573	44256	38276	
3580	0	35349	36520	44080	38084	
3581	0	35244	36890	43960	37896	
3582	0	35452	36576	43872	37682	
3583	0	35210	36960	43728	37472	
3584	0	35261	36904	43674	37242	
3585	0	35182	36770	43456	37012	
3586	0	35320	37114	43316	36764	
3587	0	35209	36600	43249	36512	
3588	0	35176	36940	43064	36253	
3589	0	35098	37232	42920	35989	
3590	0	34984	36792	42732	35708	
3591	0	34992	36876	42572	35424	
3592	0	34788	36884	42524	35145	
3593	0	35000	36878	42348	34806	
3594	0	34764	36905	42208	34512	
3595	0	34732	37242	41984	34192	
3596	0	34702	37092	41692	33892	
3597	0	34701	37178	41492	33536	
3598	0	34668	37092	41332	33194	
3599	0	34585	37389	41196	32904	
3600	0	34608	37276	40876	32562	
3601	0	34552	37269	40796	32193	
3602	0	34624	37434	40416	31810	
3603	0	34452	37428	40308	31506	
3604	0	34396	37456	39936	31108	
3605	0	34497	37548	39780	30730	
3606	0	34604	37492	39400	30441	
3607	0	34424	37493	39128	30072	
3608	0	34468	37534	38828	29740	
3609	0	34321	37428	38560	29361	
3610	0	34624	37492	38264	29033	
3611	0	34692	37537	37924	28660	
3612	0	34714	37440	37593	28339	
3613	0	34704	37596	37360	28012	
3614	0	34660	37472	37032	27686	
3615	0	34512	37434	36610	27348	
3616	0	34648	37506	36253	27088	
3617	0	34680	37392	35900	26788	
3618	0	34698	37076	35601	26520	
3619	0	34826	36960	35262	26272	
3620	0	34540	37316	34913	25996	
3621	0	34700	37440	34544	25786	
3622	0	34833	37676	34192	25560	
3623	0	34888	38016	33828	25402	
3624	0	34832	38121	33432	25216	
3625	0	34344	37474	33120	25042	
3626	0	34157	38312	32756	24882	
3627	0	34816	39208	32412	24737	
3628	0	35222	39344	32081	24584	
3629	0	35300	39472	31744	24504	
3630	0	34720	39544	31418	24395	
3631	0	34252	39792	31082	24324	
3632	0	33044	40314	30769	24256	
3633	0	34169	41193	30412	24194	
3634	0	33632	40860	30168	24148	
3635	0	33040	39900	29844	24097	
3636	0	32916	39920	29580	24091	
3637	0	34045	39372	29272	24088	
3638	0	35568	40260	28948	24090	
3639	0	34954	39524	28764	24112	
3640	0	36768	40120	28452	24146	
3641	0	37408	38860	28197	24197	
3642	0	38120	38976	28016	24252	
3643	0	36960	38688	27798	24332	
3644	0	37516	39228	27516	24404	
3645	0	35772	43456	27346	24517	
3646	0	42072	32813	27199	24617	
3647	0	40436	37492	26960	24755	
3648	0	38940	38184	26816	24854	
3649	0	37652	38632	26641	24992	
3650	0	36105	39814	26420	25116	
3651	0	35666	39584	26269	25245	
3652	0	34618	38506	26144	25421	
3653	0	34358	38824	25912	25530	
3654	0	34084	38044	25792	25674	
3655	0	34126	37632	25608	25754	
3656	0	34164	36496	25544	25889	
3657	0	34232	36464	25348	26020	
3658	0	33981	36548	25258	26088	
3659	0	33388	36006	25050	26236	
3660	0	33184	35852	24940	26256	
3661	0	33096	35300	24773	26338	
3662	0	32638	35064	24672	26356	
3663	0	32596	34450	24536	26422	
3664	0	32684	34332	24376	26488	
3665	0	32186	33988	24220	26425	
3666	0	32296	34428	24012	26394	
3667	0	32144	34240	23880	26368	
3668	0	32088	33665	23744	26324	
3669	0	32352	33198	23610	26248	
3670	0	32565	33328	23413	26186	
3671	0	33085	33444	23266	26092	
3672	0	32612	33672	23100	25980	
3673	0	32745	33840	22928	25868	
3674	0	32328	33732	22762	25802	
3675	0	32508	34282	22536	25580	
3676	0	32706	33753	22420	25453	
3677	0	32888	33888	22213	25320	
3678	0	32964	34106	22044	25178	
3679	0	32894	33792	21900	24988	
3680	0	33326	34186	21648	24854	
3681	0	33868	33964	21530	24704	
3682	0	34216	33784	21371	24504	
3683	0	34528	33732	21160	24328	
3684	0	35028	33969	20996	24232	
3685	0	35140	33857	20836	23988	
3686	0	35376	33674	20677	23896	
3687	0	35376	33666	20485	23728	
3688	0	35249	33560	20332	23520	
3689	0	35232	33400	20166	23322	
3690	0	34504	33264	20008	23192	
3691	0	53625	36834	19844	23029	
3692	0	56288	32977	19724	22865	
3693	0	15504	36628	19565	22700	
3694	0	17196	38056	19418	22552	
3695	0	24032	42957	19295	22438	
3696	0	40196	46940	19276	22366	
3697	0	41040	40592	19067	22196	
3698	0	38713	34976	19025	22086	
3699	0	34273	32801	18997	21936	
3700	0	31937	34152	18849	21840	
3701	0	34296	34524	18850	21836	
3702	0	37108	35060	18768	21693	
3703	0	36788	37090	18766	21576	
3704	0	34754	37056	18681	21544	
3705	0	34473	36594	18729	21516	
3706	0	35210	36377	18712	21444	
3707	0	36208	36912	18754	21449	
3708	0	35412	36857	18808	21412	
3709	0	35309	36566	18844	21432	
3710	0	35181	36156	18882	21430	
3711	0	35648	36197	18996	21412	
3712	0	35548	36624	19109	21473	
3713	0	35512	36580	19188	21476	
3714	0	35520	36584	19303	21544	
3715	0	35593	36464	19485	21602	
3716	0	35464	36480	19648	21644	
3717	0	35480	36638	19832	21740	
3718	0	35581	36568	20046	21832	
3719	0	35532	36760	20260	21892	
3720	0	35269	36628	20416	22061	
3721	0	35377	36880	20690	22144	
3722	0	35270	36940	20851	22232	
3723	0	35130	36668	21124	22380	
3724	0	35344	36856	21412	22493	
3725	0	35076	36910	21605	22640	
3726	0	35108	36858	21883	22846	
3727	0	35116	37112	22228	23019	
3728	0	34976	36512	22468	23100	
3729	0	35168	36888	22748	23321	
3730	0	34976	37076	23012	23500	
3731	0	34716	36864	23326	23680	
3732	0	34964	37208	23616	23810	
3733	0	34696	37176	23820	24040	
3734	0	34838	37152	24150	24180	
3735	0	34788	37388	24449	24365	
3736	0	34524	37440	24704	24577	
3737	0	34692	37352	24972	24804	
3738	0	34672	37314	25244	24976	
3739	0	34833	37400	25504	25197	
3740	0	34592	37282	25737	25398	
3741	0	34565	37390	26044	25616	
3742	0	34556	37296	26249	25872	
3743	0	34616	37314	26516	26058	
3744	0	34632	37108	26756	26285	
3745	0	34516	37028	27069	26536	
3746	0	34516	37228	27256	26745	
3747	0	34644	37532	27528	26948	
3748	0	34573	37632	27812	27168	
3749	0	34640	37684	27964	27400	
3750	0	34572	37504	28216	27662	
3751	0	34672	37384	28452	27863	
3752	0	34652	37224	28696	28109	
3753	0	34908	36996	28936	28342	
3754	0	34738	37024	29153	28568	
3755	0	34672	37056	29376	28828	
3756	0	34552	37297	29601	29073	
3757	0	34721	37440	29842	29379	
3758	0	34624	37512	30058	29604	
3759	0	34632	37424	30312	29840	
3760	0	34686	37402	30546	30128	
3761	0	34608	37625	30784	30392	
3762	0	34922	37576	31020	30676	
3763	0	34860	37788	31257	30988	
3764	0	34937	37706	31520	31308	
3765	0	34412	38298	31760	31610	
3766	0	34432	38984	32008	31892	
3767	0	35284	39220	32276	32272	
3768	0	34820	39480	32540	32581	
3769	0	34777	39576	32800	32954	
3770	0	34648	39908	33068	33236	
3771	0	34424	40221	33344	33569	
3772	0	34400	40376	33608	33893	
3773	0	33736	40578	33884	34269	
3774	0	33228	40545	34168	34640	
3775	0	33012	40556	34450	35033	
3776	0	32448	39912	34732	35380	
3777	0	32776	41410	35028	35780	
3778	0	33796	39872	35338	36176	
3779	0	35589	39572	35616	36676	
3780	0	35924	40112	35892	37016	
3781	0	36372	38836	36220	37453	
3782	0	38480	39050	36489	37836	
3783	0	38364	38608	36794	38304	
3784	0	38432	38433	37096	38744	
3785	0	38688	39612	37410	39150	
3786	0	39056	36010	37716	39569	
3787	0	38960	38824	38020	40104	
3788	0	37456	39330	38322	40532	
3789	0	36592	39768	38616	40857	
3790	0	35848	39732	38912	41256	
3791	0	35442	38896	39224	41728	
3792	0	35566	37872	39508	42117	
3793	0	35784	38144	39856	42580	
3794	0	35660	37496	40076	42928	
3795	0	35136	36584	40352	43264	
3796	0	35592	36088	40648	43688	
3797	0	34936	36304	41000	44024	
3798	0	34436	35668	41180	44368	
3799	0	34178	35364	41432	44740	
3800	0	33832	35478	41720	45065	
3801	0	33544	35202	42026	45370	
3802	0	33188	34762	42192	45608	
3803	0	33201	34418	42428	45876	
3804	0	33092	34476	42760	46132	
3805	0	32976	34136	42884	46388	
3806	0	32645	34158	43094	46585	
3807	0	32650	34272	43304	46832	
3808	0	32389	33372	43592	46940	
3809	0	32660	33748	43716	47084	
3810	0	32636	33776	43964	47268	
3811	0	32668	33286	44056	47372	
3812	0	32580	33460	44244	47428	
3813	0	32592	33438	44444	47492	
3814	0	33024	33409	44592	47532	
3815	0	33284	33340	44689	47560	
3816	0	33593	33444	44804	47564	
3817	0	33672	33540	44948	47552	
3818	0	33728	33536	45120	47588	
3819	0	33928	33503	45172	47488	
3820	0	33896	33760	45340	47424	
3821	0	33648	33896	45444	47356	
3822	0	33672	33892	45504	47268	
3823	0	33634	33664	45609	47188	
3824	0	33520	33624	45696	47044	
3825	0	33516	33514	45712	46964	
3826	0	33561	33688	45785	46802	
3827	0	33658	33700	45904	46704	
3828	0	33729	33840	45917	46496	
3829	0	33488	34024	45964	46341	
3830	0	44209	37760	46024	46184	
3831	0	56040	33784	46100	46064	
3832	0	47460	51112	46130	45844	
3833	0	19844	30126	46156	45673	
3834	0	12152	38636	46160	45504	
3835	0	29872	43180	46240	45364	
3836	0	44640	45420	46272	45152	
3837	0	38344	40300	46240	45008	
3838	0	37096	37608	46272	44833	
3839	0	34296	36153	46304	44692	
3840	0	34494	34525	46300	44480	
3841	0	30362	33724	46380	44328	
3842	0	36964	32882	46329	44184	
3843	0	37888	35650	46304	44052	
3844	0	35364	36920	46384	43920	
3845	0	34596	37192	46384	43721	
3846	0	34660	36738	46384	43570	
3847	0	35833	36709	46304	43466	
3848	0	36268	36948	46324	43324	
3849	0	35436	36820	46292	43149	
3850	0	35284	36660	46280	43080	
3851	0	35492	36104	46209	42864	
3852	0	35632	36168	46201	42788	
3853	0	35532	36424	46146	42612	
3854	0	35452	36768	46120	42444	
3855	0	35556	36818	46116	42376	
3856	0	35489	36964	46040	42234	
3857	0	35568	36712	46036	42004	
3858	0	35440	36632	45900	41920	
3859	0	35466	36692	45840	41700	
3860	0	35360	36801	45744	41565	
3861	0	35160	36848	45676	41360	
3862	0	35576	37048	45578	41208	
3863	0	35154	36868	45504	41056	
3864	0	35440	36953	45352	40788	
3865	0	35289	36754	45297	40584	
3866	0	35317	36917	45089	40416	
3867	0	35246	36680	44932	40193	
3868	0	35145	36776	44820	39956	
3869	0	35060	36848	44664	39750	
3870	0	35036	36912	44452	39512	
3871	0	34936	37040	44312	39265	
3872	0	34872	36816	44136	38988	
3873	0	34880	37148	43868	38716	
3874	0	35052	37132	43716	38492	
3875	0	34988	37276	43456	38216	
3876	0	34752	37184	43176	37952	
3877	0	34580	37164	42940	37632	
3878	0	34733	37144	42680	37378	
3879	0	34826	37140	42488	37080	
3880	0	34824	37148	42136	36772	
3881	0	34708	37210	41838	36484	
3882	0	34760	37132	41592	36200	
3883	0	34845	37280	41328	35904	
3884	0	34736	37268	40968	35596	
3885	0	34764	37172	40616	35274	
3886	0	34624	37048	40264	34980	
3887	0	34824	37257	39928	34668	
3888	0	34848	37412	39596	34368	
3889	0	34760	37518	39282	34040	
3890	0	34824	37493	38917	33720	
3891	0	34968	37492	38536	33436	
3892	0	34665	37249	38220	33097	
3893	0	34852	37288	37804	32797	
3894	0	34844	37216	37420	32516	
3895	0	34961	37162	37050	32197	
3896	0	34944	37132	36660	31921	
3897	0	34888	37176	36304	31630	
3898	0	34704	37472	35932	31322	
3899	0	34964	37592	35544	31052	
3900	0	34880	37924	35161	30769	
3901	0	35060	38109	34788	30513	
3902	0	34876	37840	34408	30234	
3903	0	34386	38394	34080	30005	
3904	0	34984	38832	33698	29724	
3905	0	35496	39226	33312	29489	
3906	0	35556	39296	32968	29292	
3907	0	35240	39656	32605	29088	
3908	0	34496	39633	32248	28864	
3909	0	34068	40092	31880	28644	
3910	0	33560	40508	31556	28458	
3911	0	33548	40464	31232	28269	
3912	0	33097	39904	30876	28140	
3913	0	33224	40408	30544	27960	
3914	0	33746	40776	30192	27804	
3915	0	34936	39977	29876	27712	
3916	0	35392	39380	29624	27548	
3917	0	35676	39226	29320	27442	
3918	0	35920	38544	29042	27386	
3919	0	37700	38986	28762	27266	
3920	0	37130	38176	28500	27196	
3921	0	36928	38536	28189	27136	
3922	0	35948	40420	27970	27081	
3923	0	41229	33808	27776	27104	
3924	0	40128	38458	27541	27012	
3925	0	37672	39064	27308	27017	
3926	0	37472	39280	27088	27061	
3927	0	35716	39306	26932	27026	
3928	0	34936	38888	26701	27012	
3929	0	34920	38768	26552	27008	
3930	0	35616	37789	26417	27024	
3931	0	35840	37728	26220	27033	
3932	0	35924	37248	26090	27037	
3933	0	35154	36436	25936	27106	
3934	0	34848	36012	25796	27064	
3935	0	34244	35741	25649	27048	
3936	0	34096	36082	25441	27089	
3937	0	33668	35912	25348	27008	
3938	0	33412	35738	25196	27013	
3939	0	33528	35464	25044	26962	
3940	0	33112	35144	24928	26908	
3941	0	33073	34682	24801	26860	
3942	0	32986	34364	24684	26778	
3943	0	32820	34268	24504	26769	
3944	0	32677	34392	24425	26648	
3945	0	32392	34272	24292	26542	
3946	0	32361	33780	24146	26406	
3947	0	32580	33984	23960	26332	
3948	0	32516	33808	23845	26178	
3949	0	32704	33805	23646	26021	
3950	0	32620	33756	23544	25869	
3951	0	32820	33975	23360	25704	
3952	0	33100	34170	23240	25560	
3953	0	33090	33645	23040	25348	
3954	0	33232	33829	22920	25200	
3955	0	33345	34108	22768	25020	
3956	0	33432	34050	22599	24826	
3957	0	33480	34088	22428	24624	
3958	0	33696	34048	22176	24460	
3959	0	33816	34252	22046	24260	
3960	0	33820	34340	21840	24060	
3961	0	33964	34352	21726	23896	
3962	0	33948	34345	21552	23684	
3963	0	33800	34320	21420	23512	
3964	0	33912	34364	21174	23333	
3965	0	34124	34337	21049	23162	
3966	0	34296	34612	20922	22985	
3967	0	34488	34572	20786	22806	
3968	0	43556	37520	20563	22620	
3969	0	56036	26153	20525	22465	
3970	0	44872	45216	20308	22318	
3971	0	28748	29100	20195	22185	
3972	0	15184	38492	20020	22048	
3973	0	32444	44928	19928	21882	
3974	0	42621	43216	19790	21792	
3975	0	35524	38346	19744	21685	
3976	0	34284	33402	19648	21572	
3977	0	36208	34024	19568	21454	
3978	0	35082	35436	19498	21360	
3979	0	35016	35428	19440	21254	
3980	0	36800	35748	19324	21202	
3981	0	34872	36696	19324	21154	
3982	0	34888	36984	19257	21100	
3983	0	35220	36972	19228	21056	
3984	0	35329	36753	19212	20994	
3985	0	36024	36760	19232	20984	
3986	0	35552	36700	19216	20998	
3987	0	35248	36270	19178	20956	
3988	0	35354	36232	19280	21012	
3989	0	35540	36434	19242	21048	
3990	0	35636	36440	19379	21061	
3991	0	35444	36360	19408	21132	
3992	0	35540	36484	19428	21182	
3993	0	35512	36794	19593	21293	
3994	0	35466	36876	19635	21312	
3995	0	35650	36736	19804	21469	
3996	0	35504	36404	19884	21565	
3997	0	35380	36596	20096	21670	
3998	0	35536	36760	20220	21747	
3999	0	35290	36672	20394	21859	
4000	0	35448	36808	20500	21984	
4001	0	35289	36736	20674	22152	
4002	0	35208	36777	20880	22281	
4003	0	35240	36837	21097	22400	
4004	0	35162	36936	21213	22530	
4005	0	35224	36856	21421	22722	
4006	0	34828	36888	21674	22884	
4007	0	34976	36816	21888	23024	
4008	0	34952	37037	22012	23189	
4009	0	34992	36940	22268	23337	
4010	0	34792	36788	22500	23520	
4011	0	34916	37260	22696	23682	
4012	0	34780	37208	22930	23900	
4013	0	34853	37232	23141	24026	
4014	0	34684	37312	23284	24196	
4015	0	34786	37264	23512	24429	
4016	0	34618	37312	23722	24540	
4017	0	34636	37304	23989	24720	
4018	0	34536	37254	24164	24896	
4019	0	34648	37268	24352	25104	
4020	0	34570	37134	24581	25280	
4021	0	34745	37036	24744	25420	
4022	0	34704	37272	24964	25568	
4023	0	34634	37436	25163	25734	
4024	0	34672	37660	25382	25921	
4025	0	34529	37684	25545	26080	
4026	0	34609	37688	25730	26237	
4027	0	34540	37400	25864	26473	
4028	0	34752	37237	26072	26574	
4029	0	34776	37248	26296	26773	
4030	0	34838	37154	26472	26908	
4031	0	34872	37280	26653	27073	
4032	0	34912	37152	26836	27288	
4033	0	34736	37324	27000	27401	
4034	0	34816	37176	27176	27638	
4035	0	34972	37069	27321	27761	
4036	0	34986	37344	27524	27937	
4037	0	34976	37465	27704	28125	
4038	0	35018	37552	27872	28318	
4039	0	35258	37486	28048	28508	
4040	0	35084	37553	28230	28697	
4041	0	35002	37720	28404	28900	
4042	0	35250	37988	28568	29113	
4043	0	35176	38328	28772	29318	
4044	0	34968	38318	28960	29560	
4045	0	34697	38444	29124	29761	
4046	0	34984	38994	29352	30070	
4047	0	34904	39236	29522	30229	
4048	0	35216	39626	29728	30468	
4049	0	35546	40153	29896	30782	
4050	0	35136	40176	30096	30968	
4051	0	33556	40736	30344	31208	
4052	0	34144	40008	30576	31553	
4053	0	33632	40028	30776	31784	
4054	0	33620	39492	30968	31992	
4055	0	33832	38912	31204	32276	
4056	0	34126	39082	31440	32540	
4057	0	35216	39640	31644	32904	
4058	0	35756	39364	31885	33212	
4059	0	35577	38388	32120	33426	
4060	0	36304	37936	32368	33798	
4061	0	36001	38132	32600	34057	
4062	0	35240	38365	32840	34368	
4063	0	35556	38816	33100	34689	
4064	0	36216	39498	33386	35002	
4065	0	40292	33464	33654	35292	
4066	0	38944	38140	33920	35704	
4067	0	38609	37614	34180	36001	
4068	0	37776	36825	34436	36260	
4069	0	37024	37337	34720	36684	
4070	0	36016	38008	35000	36920	
4071	0	35334	37609	35266	37200	
4072	0	34976	37508	35564	37536	
4073	0	34520	36936	35824	37801	
4074	0	34004	36889	36113	38075	
4075	0	33788	36408	36484	38368	
4076	0	34006	36204	36688	38628	
4077	0	34200	35564	36960	38820	
4078	0	33928	35001	37224	39036	
4079	0	33760	34800	37485	39404	
4080	0	33146	35028	37808	39437	
4081	0	32536	34876	37984	39624	
4082	0	32440	34692	38328	39808	
4083	0	32920	34556	38456	39948	
4084	0	32702	34368	38776	40104	
4085	0	32497	34472	38938	40312	
4086	0	32396	34328	39136	40316	
4087	0	32496	34276	39405	40424	
4088	0	32552	34300	39532	40616	
4089	0	32834	34474	39717	40552	
4090	0	32744	34392	40016	40656	
4091	0	33169	34701	40068	40700	
4092	0	33452	34812	40241	40776	
4093	0	33698	35105	40352	40704	
4094	0	33980	35288	40528	40704	
4095	0	34164	35384	40762	40720	
4096	0	34305	35656	40812	40714	
4097	0	34480	35796	40988	40736	
4098	0	34704	36188	41089	40804	
4099	0	34792	36384	41064	40708	
4100	0	34980	36652	41132	40660	
4101	0	35044	36920	41256	40656	
4102	0	35096	37192	41304	40560	
4103	0	35124	37392	41386	40584	
4104	0	35194	37606	41561	40580	
4105	0	35372	38004	41576	40492	
4106	0	35620	38445	41552	40402	
4107	0	35924	38672	41672	40428	
4108	0	36332	38865	41656	40440	
4109	0	36897	38972	41732	40357	
4110	0	37296	39524	41740	40288	
4111	0	38232	39916	41748	40276	
4112	0	38816	39860	41849	40276	
4113	0	39445	40136	41812	40114	
4114	0	40492	40352	41862	40112	
4115	0	41244	39906	41786	40032	
4116	0	42004	39048	41792	40112	
4117	0	42464	38488	41892	39968	
4118	0	42532	37972	41897	40032	
4119	0	42004	37361	41881	39980	
4120	0	41256	36861	41865	39852	
4121	0	40836	48040	41752	39808	
4122	0	38144	36440	41867	39792	
4123	0	37204	37545	41692	39778	
4124	0	36329	41872	41768	39776	
4125	0	32052	46024	41640	39712	
4126	0	35828	40397	41700	39681	
4127	0	24974	33160	41656	39577	
4128	0	39704	43044	41476	39537	
4129	0	30100	41520	41504	39464	
4130	0	34828	39032	41336	39370	
4131	0	32512	37277	41316	39396	
4132	0	34580	37036	41216	39324	
4133	0	33527	38340	41256	39248	
4134	0	34138	37008	41056	39072	
4135	0	33756	37548	41008	39016	
4136	0	33840	37249	40984	38892	
4137	0	33800	37520	40768	38816	
4138	0	33600	37564	40664	38700	
4139	0	33432	37440	40586	38688	
4140	0	33352	37324	40524	38512	
4141	0	33264	37448	40416	38469	
4142	0	33420	37504	40328	38373	
4143	0	33712	37640	40240	38210	
4144	0	33876	37600	40080	38044	
4145	0	34012	37592	39968	37921	
4146	0	33982	37776	39928	37776	
4147	0	34032	37656	39844	37725	
4148	0	34040	37620	39708	37552	
4149	0	33928	37644	39708	37344	
4150	0	33872	37656	39552	37195	
4151	0	34112	37650	39400	37096	
4152	0	34208	37684	39296	36900	
4153	0	34204	37532	39168	36664	
4154	0	34036	37288	39048	36504	
4155	0	34240	37552	38920	36365	
4156	0	34037	37472	38800	36074	
4157	0	34070	37529	38684	35864	
4158	0	34060	37536	38656	35696	
4159	0	34113	37356	38440	35456	
4160	0	34164	37482	38314	35202	
4161	0	34245	37344	38176	34976	
4162	0	34240	37424	38044	34745	
4163	0	34177	37345	37904	34500	
4164	0	34326	37136	37780	34269	
4165	0	34488	37176	37644	34044	
4166	0	34185	37354	37600	33828	
4167	0	34405	37280	37384	33552	
4168	0	34300	37178	37212	33305	
4169	0	34340	37380	37156	33072	
4170	0	34377	37596	36936	32844	
4171	0	34344	37504	36797	32592	
4172	0	34409	37440	36704	32376	
4173	0	34418	37474	36512	32128	
4174	0	34340	37513	36364	31936	
4175	0	34348	37348	36228	31680	
4176	0	34393	37516	36108	31473	
4177	0	34452	37549	35944	31240	
4178	0	34577	37600	35784	31028	
4179	0	34032	37184	35636	30800	
4180	0	34269	37356	35536	30586	
4181	0	34124	37282	35324	30377	
4182	0	34401	37432	35168	30178	
4183	0	34544	37269	35024	29988	
4184	0	34549	37260	34920	29796	
4185	0	34498	37224	34752	29602	
4186	0	34468	37256	34602	29424	
4187	0	34369	37512	34396	29257	
4188	0	34308	37400	34276	29072	
4189	0	34400	37552	34088	28909	
4190	0	34496	37556	33888	28758	
4191	0	34440	37633	33732	28596	
4192	0	34568	37684	33588	28442	
4193	0	34340	37748	33410	28301	
4194	0	33808	37996	33270	28148	
4195	0	34460	38140	33082	28032	
4196	0	34580	38276	32948	27896	
4197	0	34752	38908	32772	27768	
4198	0	34516	38845	32605	27640	
4199	0	34940	39452	32440	27522	
4200	0	35432	40480	32276	27395	
4201	0	35496	41088	32133	27280	
4202	0	35706	41460	31952	27174	
4203	0	34956	42616	31783	27062	
4204	0	34298	43634	31598	26964	
4205	0	33184	44416	31396	26865	
4206	0	33850	45049	31248	26776	
4207	0	32108	44652	31104	26676	
4208	0	30993	43912	30904	26604	
4209	0	33261	43792	30740	26528	
4210	0	36104	42692	30562	26448	
4211	0	35936	40754	30420	26386	
4212	0	37540	40780	30254	26344	
4213	0	34832	39484	30096	26272	
4214	0	33012	36712	29922	26240	
4215	0	32088	35136	29761	26200	
4216	0	33426	35384	29600	26172	
4217	0	36712	37320	29456	26164	
4218	0	36496	35964	29292	26130	
4219	0	37746	34264	29140	26116	
4220	0	37176	34436	29004	26113	
4221	0	37053	36329	28864	26112	
4222	0	35826	36782	28720	26128	
4223	0	35616	36816	28596	26125	
4224	0	36200	36269	28424	26104	
4225	0	37008	35521	28298	26124	
4226	0	37380	35112	28178	26116	
4227	0	37524	34640	28037	26144	
4228	0	37568	34580	27912	26148	
4229	0	37990	34041	27784	26136	
4230	0	38292	34024	27664	26140	
4231	0	38177	34064	27529	26092	
4232	0	37912	34428	27403	26100	
4233	0	36832	35416	27264	26098	
4234	0	38332	34992	27144	26109	
4235	0	38273	35028	27016	26089	
4236	0	38368	35242	26940	26122	
4237	0	38477	35392	26780	26084	
4238	0	38616	35050	26720	26084	
4239	0	38868	35452	26594	26085	
4240	0	38706	34970	26498	26076	
4241	0	38796	34800	26412	26080	
4242	0	38912	34820	26318	26097	
4243	0	38868	34844	26184	26100	
4244	0	39000	34920	26118	26108	
4245	0	38952	34804	26044	26120	
4246	0	39292	34564	25960	26105	
4247	0	39160	34944	25853	26149	
4248	0	38736	35108	25786	26112	
4249	0	38060	35604	25678	26120	
4250	0	37803	35796	25637	26165	
4251	0	37396	35925	25558	26145	
4252	0	37140	35620	25509	26152	
4253	0	36938	35397	25444	26248	
4254	0	36520	35352	25332	26206	
4255	0	36434	35108	25267	26264	
4256	0	36416	34906	25228	26289	
4257	0	36704	34504	25185	26278	
4258	0	37272	34097	25112	26308	
4259	0	37448	33712	25056	26385	
4260	0	37472	33571	25008	26380	
4261	0	37048	33169	24950	26427	
4262	0	36056	32409	24872	26464	
4263	0	35156	31412	24834	26496	
4264	0	46936	32858	24770	26536	
4265	0	56129	45128	24645	26584	
4266	0	20788	46940	24612	26648	
4267	0	16548	32064	24612	26712	
4268	0	23612	48200	24484	26836	
4269	0	44389	40266	24414	26810	
4270	0	35905	33888	24453	26872	
4271	0	32261	33273	24408	26941	
4272	0	36484	31596	24371	27038	
4273	0	34064	35808	24265	27052	
4274	0	36148	36020	24248	27145	
4275	0	35952	38184	24200	27216	
4276	0	34300	37840	24162	27292	
4277	0	34770	37296	24192	27384	
4278	0	35368	37249	24188	27498	
4279	0	35516	37168	24153	27664	
4280	0	35320	37204	24128	27684	
4281	0	34920	36756	24190	27804	
4282	0	35288	36369	24189	27941	
4283	0	34900	36672	24284	28054	
4284	0	35080	36594	24304	28194	
4285	0	35164	36872	24323	28320	
4286	0	35140	36796	24461	28493	
4287	0	35080	36938	24574	28610	
4288	0	35340	36873	24680	28840	
4289	0	35204	36890	24786	28904	
4290	0	35248	36784	24924	29073	
4291	0	35097	36976	25042	29228	
4292	0	34956	36888	25161	29358	
4293	0	34788	36821	25352	29552	
4294	0	34988	36564	25536	29666	
4295	0	35048	36832	25712	29856	
4296	0	34954	37104	25897	29989	
4297	0	34872	37021	26076	30081	
4298	0	34857	37088	26272	30240	
4299	0	34845	37056	26432	30368	
4300	0	34784	36992	26654	30504	
4301	0	34768	36924	26818	30600	
4302	0	34808	37188	27084	30724	
4303	0	34640	37354	27293	30852	
4304	0	34532	37148	27500	31002	
4305	0	34704	37600	27668	31056	
4306	0	34572	37412	27936	31145	
4307	0	34388	37224	28104	31222	
4308	0	34694	37188	28340	31357	
4309	0	34674	37405	28572	31408	
4310	0	34540	37352	28784	31546	
4311	0	34568	37412	28964	31500	
4312	0	34524	37272	29210	31560	
4313	0	34601	37082	29384	31610	
4314	0	34612	37168	29592	31640	
4315	0	34604	37420	29817	31674	
4316	0	34529	37380	29979	31713	
4317	0	34520	37464	30209	31816	
4318	0	34768	37604	30396	31760	
4319	0	34646	37344	30601	31844	
4320	0	34732	37244	30788	31789	
4321	0	34829	37292	30980	31890	
4322	0	34892	37408	31170	31832	
4323	0	34794	37184	31340	31872	
4324	0	34925	37508	31532	31912	
4325	0	34824	37852	31704	32000	
4326	0	35004	38084	31905	31954	
4327	0	34825	38364	32076	32088	
4328	0	34720	38228	32269	32064	
4329	0	34538	39092	32453	32192	
4330	0	34774	39448	32641	32277	
4331	0	35268	40244	32824	32371	
4332	0	35512	40392	33017	32449	
4333	0	35281	40824	33210	32508	
4334	0	34172	40792	33412	32621	
4335	0	33580	41594	33592	32772	
4336	0	33805	41242	33793	32922	
4337	0	33684	40756	34000	33085	
4338	0	33522	40648	34192	33284	
4339	0	34379	40720	34408	33505	
4340	0	35424	40704	34624	33720	
4341	0	35301	40880	34832	33920	
4342	0	35860	40394	35028	34216	
4343	0	39048	39204	35276	34456	
4344	0	38684	38189	35504	34768	
4345	0	39524	41578	35692	35068	
4346	0	38764	37564	35905	35404	
4347	0	41305	33024	36176	35828	
4348	0	38828	39024	36384	36168	
4349	0	37344	40372	36629	36576	
4350	0	36732	40532	36836	36922	
4351	0	35624	39386	37064	37388	
4352	0	35300	38008	37392	37915	
4353	0	35259	37362	37588	38204	
4354	0	34908	36824	37764	38656	
4355	0	34456	36508	38012	39104	
4356	0	34704	36144	38348	39556	
4357	0	34144	35533	38528	40088	
4358	0	33621	35168	38804	40512	
4359	0	32972	34785	38944	40948	
4360	0	32528	34668	39252	41404	
4361	0	32442	34388	39396	41808	
4362	0	32236	34433	39656	42120	
4363	0	32344	34436	39944	42524	
4364	0	32137	34026	40093	42873	
4365	0	32156	34008	40322	43336	
4366	0	31992	33996	40532	43656	
4367	0	31873	33784	40896	43900	
4368	0	32235	33881	40964	44276	
4369	0	32300	33964	41176	44504	
4370	0	32420	33716	41417	44792	
4371	0	32586	33714	41744	45024	
4372	0	32641	33829	41816	45296	
4373	0	32850	33657	41985	45492	
4374	0	33044	33882	42188	45696	
4375	0	33210	33580	42378	45837	
4376	0	33156	33724	42625	45976	
4377	0	33488	33477	42737	46137	
4378	0	33400	33316	43012	46248	
4379	0	33524	33461	43092	46352	
4380	0	33761	33548	43268	46433	
4381	0	33920	33468	43444	46456	
4382	0	34354	33342	43616	46540	
4383	0	34728	33300	43752	46565	
4384	0	35132	33524	43968	46532	
4385	0	35152	33732	44044	46588	
4386	0	34949	33733	44204	46530	
4387	0	34876	33597	44352	46568	
4388	0	34368	33362	44508	46488	
4389	0	53532	34072	44644	46458	
4390	0	56276	37696	44760	46472	
4391	0	13713	34280	44904	46436	
4392	0	11166	44936	45029	46376	
4393	0	37232	46864	45168	46336	
4394	0	42666	43836	45293	46268	
4395	0	39208	34469	45448	46244	
4396	0	37272	30756	45616	46192	
4397	0	34520	32832	45688	46080	
4398	0	31288	36308	45810	46084	
4399	0	35804	37402	45977	46068	
4400	0	36552	37808	46100	46016	
4401	0	36108	36924	46214	45922	
4402	0	35130	36381	46265	45926	
4403	0	35400	36572	46376	45888	
4404	0	36036	36946	46486	45856	
4405	0	35468	36900	46589	45848	
4406	0	35026	36760	46672	45752	
4407	0	35352	36560	46768	45712	
4408	0	35421	36808	46864	45680	
4409	0	35632	36705	46960	45680	
4410	0	35302	36788	47049	45657	
4411	0	35544	36640	47168	45612	
4412	0	35478	36740	47194	45520	
4413	0	35688	36594	47248	45504	
4414	0	35236	36740	47328	45453	
4415	0	35296	36734	47424	45392	
4416	0	35172	36996	47440	45320	
4417	0	35401	36968	47481	45188	
4418	0	35208	37160	47513	45146	
4419	0	35376	36984	47600	44972	
4420	0	34961	37008	47552	44909	
4421	0	35044	36649	47591	44760	
4422	0	35076	36500	47588	44640	
4423	0	35176	36602	47546	44560	
4424	0	34716	36612	47524	44412	
4425	0	34952	37088	47452	44193	
4426	0	34785	37104	47417	44080	
4427	0	34698	37064	47404	43920	
4428	0	34784	37065	47252	43736	
4429	0	34825	37216	47200	43520	
4430	0	34776	37332	47032	43352	
4431	0	34820	37248	46888	43168	
4432	0	34592	37164	46812	42940	
4433	0	34560	37112	46580	42740	
4434	0	34604	37176	46376	42464	
4435	0	34572	37204	46176	42280	
4436	0	34624	37428	45984	41984	
4437	0	34528	37252	45768	41820	
4438	0	34528	37257	45476	41492	
4439	0	34729	37573	45200	41280	
4440	0	34784	37518	44912	41049	
4441	0	34644	37708	44704	40740	
4442	0	34720	37524	44304	40456	
4443	0	34932	37588	44016	40192	
4444	0	34660	37664	43668	39920	
4445	0	34533	37618	43316	39644	
4446	0	34640	37648	43072	39384	
4447	0	34504	37720	42708	39081	
4448	0	35136	37524	42244	38788	
4449	0	34904	37752	41880	38504	
4450	0	35088	37804	41628	38192	
4451	0	34873	38157	41138	37924	
4452	0	35361	38266	40744	37553	
4453	0	34988	38672	40360	37328	
4454	0	35376	38688	40068	36992	
4455	0	33960	39401	39634	36714	
4456	0	34706	40036	39344	36460	
4457	0	35380	40648	38872	36240	
4458	0	35256	40672	38592	35936	
4459	0	34144	41624	38165	35652	
4460	0	34418	42240	37826	35452	
4461	0	33624	41820	37472	35180	
4462	0	33280	41840	37156	34936	
4463	0	33248	41204	36808	34780	
4464	0	34277	40808	36508	34560	
4465	0	34818	41524	36193	34284	
4466	0	35557	39112	35868	34122	
4467	0	38560	40468	35589	33916	
4468	0	40192	39552	35305	33752	
4469	0	40484	39377	35080	33644	
4470	0	40680	41712	34796	33456	
4471	0	42452	31652	34556	33314	
4472	0	40197	36284	34332	33152	
4473	0	38436	39180	34093	33025	
4474	0	37548	39624	33872	32984	
4475	0	36264	39160	33696	32880	
4476	0	34725	38693	33493	32752	
4477	0	33856	38066	33325	32740	
4478	0	33380	37704	33124	32600	
4479	0	33212	36536	33000	32500	
4480	0	33108	36412	32800	32436	
4481	0	32496	35420	32708	32425	
4482	0	31988	34620	32497	32398	
4483	0	32048	34409	32354	32234	
4484	0	31696	34296	32296	32208	
4485	0	31884	34724	32130	32081	
4486	0	31837	34684	31973	31990	
4487	0	31036	34209	31824	31980	
4488	0	31453	34849	31672	31800	
4489	0	31341	34056	31552	31754	
4490	0	31468	34240	31388	31560	
4491	0	31492	33924	31212	31420	
4492	0	31510	33824	31064	31298	
4493	0	31428	33544	30888	31106	
4494	0	31550	33761	30716	30926	
4495	0	31614	33486	30580	30730	
4496	0	32064	33592	30394	30528	
4497	0	32385	33588	30160	30316	
4498	0	32512	33376	29953	30057	
4499	0	32816	33505	29752	29805	
4500	0	32960	33556	29528	29596	
4501	0	33376	33380	29276	29284	
4502	0	33868	33256	29016	28974	
4503	0	34532	33014	28774	28700	
4504	0	34904	32764	28513	28380	
4505	0	35576	33065	28194	28080	
4506	0	36000	33216	27940	27720	
4507	0	36102	33338	27648	27438	
4508	0	35232	33090	27354	27057	
4509	0	37616	34652	27020	26713	
4510	0	55628	30260	26760	26376	
4511	0	49004	52765	26296	26032	
4512	0	17960	31024	26164	25700	
4513	0	10700	41728	25800	25400	
4514	0	42148	45810	25484	25104	
4515	0	40108	37200	25217	24738	
4516	0	38704	30240	24994	24452	
4517	0	35868	32372	24697	24137	
4518	0	32834	36596	24376	23912	
4519	0	34412	36840	24144	23628	
4520	0	36944	37434	23904	23372	
4521	0	36984	36856	23630	23132	
4522	0	34880	36572	23404	22876	
4523	0	35056	36232	23180	22656	
4524	0	36100	36344	22977	22461	
4525	0	35780	36928	22794	22284	
4526	0	35220	36056	22580	22128	
4527	0	35004	36320	22497	22011	
4528	0	36125	36344	22361	21872	
4529	0	35710	36460	22164	21733	
4530	0	35412	36600	22128	21650	
4531	0	35658	36176	21988	21584	
4532	0	35680	36820	21940	21544	
4533	0	35588	36620	21885	21514	
4534	0	35516	36564	21875	21487	
4535	0	35432	36593	21818	21470	
4536	0	35532	36320	21824	21530	
4537	0	35636	36480	21868	21522	
4538	0	35376	36514	21866	21555	
4539	0	35362	36512	21908	21636	
4540	0	35376	36732	21982	21730	
4541	0	35322	36760	22012	21772	
4542	0	35520	37112	22080	21884	
4543	0	35308	36724	22228	22016	
4544	0	35057	36533	22306	22120	
4545	0	35068	36797	22442	22248	
4546	0	34976	36948	22562	22378	
4547	0	35016	36860	22676	22540	
4548	0	35256	37124	22788	22696	
4549	0	35276	36984	22984	22893	
4550	0	35185	37112	23130	23028	
4551	0	34584	37260	23286	23241	
4552	0	35010	37872	23361	23401	
4553	0	35040	37372	23586	23613	
4554	0	34738	37268	23780	23820	
4555	0	34912	36980	23872	23997	
4556	0	34964	36788	24116	24200	
4557	0	34916	36576	24290	24498	
4558	0	35065	36856	24441	24665	
4559	0	34897	36664	24550	24900	
4560	0	34786	36980	24771	25118	
4561	0	34537	36712	24940	25356	
4562	0	34681	36888	25120	25572	
4563	0	35044	36888	25294	25825	
4564	0	35032	36756	25444	26048	
4565	0	34912	36968	25592	26340	
4566	0	35082	37064	25754	26532	
4567	0	35028	36964	25892	26814	
4568	0	34992	37392	26068	27048	
4569	0	34742	37593	26237	27296	
4570	0	35060	37180	26432	27553	
4571	0	34940	37248	26572	27816	
4572	0	35056	37308	26728	28073	
4573	0	35002	37441	26878	28348	
4574	0	35136	37777	27038	28616	
4575	0	35512	37569	27212	28920	
4576	0	34556	37777	27389	29180	
4577	0	34530	38384	27488	29468	
4578	0	35520	39140	27712	29756	
4579	0	36444	39290	27874	30057	
4580	0	35821	39280	28050	30368	
4581	0	35284	39440	28237	30677	
4582	0	34440	40348	28400	30992	
4583	0	33420	40976	28540	31300	
4584	0	33668	40820	28769	31640	
4585	0	33632	39864	28961	31972	
4586	0	32980	39984	29200	32313	
4587	0	33714	40016	29409	32720	
4588	0	34277	39957	29596	33057	
4589	0	34972	40036	29808	33501	
4590	0	35758	39400	30048	33800	
4591	0	36984	39428	30266	34170	
4592	0	37992	38161	30500	34645	
4593	0	37914	38748	30748	34960	
4594	0	38996	39882	31008	35344	
4595	0	40288	40736	31256	35794	
4596	0	39712	37489	31528	36192	
4597	0	39420	39696	31836	36620	
4598	0	38332	39784	32112	36997	
4599	0	36994	40160	32421	37401	
4600	0	36008	39424	32713	37804	
4601	0	35552	39204	33020	38204	
4602	0	35476	37968	33336	38656	
4603	0	35320	38036	33616	39058	
4604	0	34816	37096	34034	39444	
4605	0	34604	36960	34312	39788	
4606	0	34321	36552	34653	40228	
4607	0	33676	36164	35008	40528	
4608	0	33253	35692	35392	40952	
4609	0	32898	35016	35770	41292	
4610	0	32156	34970	36144	41541	
4611	0	32449	35016	36482	41970	
4612	0	32520	34769	36756	42264	
4613	0	32420	34392	37056	42508	
4614	0	32285	34256	37380	42824	
4615	0	32392	34409	37810	43080	
4616	0	32380	34636	38020	43228	
4617	0	32300	34128	38331	43440	
4618	0	32432	34036	38712	43673	
4619	0	32534	33940	38936	43828	
4620	0	32548	34024	39200	44032	
4621	0	32325	34172	39476	44168	
4622	0	32206	34204	39760	44272	
4623	0	32413	34516	40009	44436	
4624	0	32548	34136	40256	44464	
4625	0	32992	34213	40605	44592	
4626	0	33308	34085	40742	44636	
4627	0	33432	34160	40956	44636	
4628	0	33376	34234	41196	44720	
4629	0	33612	34568	41406	44664	
4630	0	33616	34428	41633	44708	
4631	0	33860	34370	41794	44632	
4632	0	34148	34448	41972	44580	
4633	0	34348	34440	42196	44537	
4634	0	34508	34240	42309	44500	
4635	0	34572	34020	42596	44384	
4636	0	34664	33856	42625	44280	
4637	0	34739	33876	42880	44161	
4638	0	34896	33736	42924	44058	
4639	0	34901	33888	43041	43946	
4640	0	34754	34056	43168	43777	
4641	0	36229	33276	43296	43672	
4642	0	55652	37988	43376	43428	
4643	0	47516	51260	43492	43368	
4644	0	22448	32025	43696	43112	
4645	0	11248	36764	43712	42976	
4646	0	38316	43208	43821	42828	
4647	0	39116	39944	43906	42596	
4648	0	38313	36604	43968	42449	
4649	0	38844	32962	44032	42186	
4650	0	33200	33386	44080	42001	
4651	0	31528	35248	44160	41864	
4652	0	36564	36312	44209	41625	
4653	0	37544	37708	44252	41548	
4654	0	35420	37728	44336	41292	
4655	0	34552	36608	44368	41212	
4656	0	35114	35912	44412	40972	
4657	0	35900	36448	44448	40805	
4658	0	35682	36785	44489	40708	
4659	0	35456	36772	44564	40544	
4660	0	35680	36608	44568	40452	
4661	0	35769	36320	44588	40288	
4662	0	35477	36192	44596	40228	
4663	0	35394	36428	44660	40128	
4664	0	35512	36740	44580	39972	
4665	0	35484	36548	44576	39872	
4666	0	35122	37196	44544	39804	
4667	0	35444	36728	44548	39740	
4668	0	35604	36568	44520	39632	
4669	0	35376	36584	44488	39592	
4670	0	35272	36588	44400	39508	
4671	0	35336	36713	44304	39402	
4672	0	35392	36752	44293	39304	
4673	0	35292	36816	44108	39256	
4674	0	35244	36905	44084	39178	
4675	0	35072	37110	43920	39048	
4676	0	35228	37024	43724	38980	
4677	0	34924	36804	43552	38885	
4678	0	34954	37028	43368	38736	
4679	0	34928	36792	43172	38632	
4680	0	34932	36840	42952	38526	
4681	0	34872	37056	42809	38336	
4682	0	34824	37208	42568	38208	
4683	0	34752	37320	42304	38096	
4684	0	34792	37188	42048	37912	
4685	0	34589	37221	41609	37696	
4686	0	34784	37249	41300	37592	
4687	0	34728	37178	41026	37364	
4688	0	34720	37084	40640	37160	
4689	0	34657	37188	40360	36896	
4690	0	34572	37244	39912	36673	
4691	0	34688	37308	39652	36524	
4692	0	34592	37378	39180	36268	
4693	0	34504	37405	38840	35976	
4694	0	34496	37352	38308	35748	
4695	0	34496	37212	37960	35454	
4696	0	34473	36978	37420	35240	
4697	0	34544	37132	37034	34941	
4698	0	34538	37346	36528	34620	
4699	0	34578	37652	36076	34352	
4700	0	34520	37660	35577	34016	
4701	0	34492	37600	35152	33748	
4702	0	34432	37732	34644	33474	
4703	0	34660	37600	34152	33149	
4704	0	34469	37474	33704	32848	
4705	0	34564	37467	33174	32560	
4706	0	34516	37344	32728	32266	
4707	0	34788	37504	32208	32018	
4708	0	34460	37814	31748	31720	
4709	0	34404	38052	31250	31384	
4710	0	34632	38100	30785	31088	
4711	0	34792	37968	30276	30796	
4712	0	34560	38234	29824	30516	
4713	0	35154	38080	29356	30272	
4714	0	34345	38084	28868	30010	
4715	0	34116	38392	28460	29704	
4716	0	34449	39140	28024	29488	
4717	0	34864	39580	27556	29209	
4718	0	34688	39228	27170	28964	
4719	0	34616	39376	26689	28736	
4720	0	34044	39898	26385	28532	
4721	0	34280	40152	26016	28313	
4722	0	33660	40352	25667	28120	
4723	0	33736	40730	25284	27900	
4724	0	33240	40522	24949	27710	
4725	0	33344	40520	24642	27540	
4726	0	32796	39956	24408	27368	
4727	0	35256	39908	24148	27221	
4728	0	35504	40056	23816	27092	
4729	0	36417	40128	23660	26951	
4730	0	36852	38648	23376	26856	
4731	0	38168	39196	23184	26738	
4732	0	37212	38668	22988	26640	
4733	0	37584	38500	22752	26598	
4734	0	37965	39648	22589	26509	
4735	0	40168	37690	22490	26482	
4736	0	39945	35296	22384	26365	
4737	0	39037	39176	22158	26360	
4738	0	38096	38428	22108	26298	
4739	0	38032	39492	21952	26284	
4740	0	36424	38968	21848	26312	
4741	0	35816	38520	21685	26280	
4742	0	35236	38552	21623	26248	
4743	0	35164	37709	21536	26212	
4744	0	34385	36984	21472	26192	
4745	0	34512	36828	21389	26194	
4746	0	34330	36712	21259	26188	
4747	0	33756	36192	21165	26104	
4748	0	33320	35652	21125	26135	
4749	0	33349	35844	21069	26080	
4750	0	32946	35041	20976	25981	
4751	0	32680	34898	20884	25944	
4752	0	32560	34416	20824	25860	
4753	0	32712	34136	20752	25788	
4754	0	32528	34484	20642	25730	
4755	0	32747	34436	20624	25596	
4756	0	32357	34144	20556	25516	
4757	0	32316	33476	20452	25406	
4758	0	32402	33832	20368	25272	
4759	0	32386	33740	20318	25174	
4760	0	32552	33640	20208	24980	
4761	0	32780	33592	20136	24851	
4762	0	32906	33704	20054	24740	
4763	0	33156	33712	19924	24590	
4764	0	33216	33660	19850	24400	
4765	0	33180	33864	19768	24238	
4766	0	33250	33760	19660	24017	
4767	0	33593	33864	19530	23892	
4768	0	33584	33992	19456	23664	
4769	0	33592	34265	19269	23434	
4770	0	33692	34488	19228	23289	
4771	0	33886	34668	19050	23058	
4772	0	34076	34588	18994	22926	
4773	0	34288	34316	18860	22686	
4774	0	34641	34224	18769	22520	
4775	0	34944	34284	18666	22428	
4776	0	35064	34320	18585	22188	
4777	0	35300	34240	18472	22105	
4778	0	35544	34140	18384	21915	
4779	0	35186	34178	18236	21742	
4780	0	35044	34189	18148	21636	
4781	0	49672	36048	18100	21480	
4782	0	56180	24972	18012	21356	
4783	0	28216	42996	17858	21269	
4784	0	22580	35096	17802	21177	
4785	0	15006	41728	17738	21130	
4786	0	34301	46833	17686	21041	
4787	0	39732	41361	17647	20992	
4788	0	38417	37281	17584	20945	
4789	0	33600	32922	17590	20940	
4790	0	35328	33117	17510	20932	
4791	0	32780	34304	17528	20880	
4792	0	35777	35546	17534	20952	
4793	0	36736	37496	17508	21045	
4794	0	35392	37852	17530	21062	
4795	0	34692	37520	17604	21138	
4796	0	35018	36704	17632	21180	
4797	0	36032	36512	17656	21320	
4798	0	35385	36962	17778	21513	
4799	0	34932	37044	17853	21554	
4800	0	35164	36576	17972	21738	
4801	0	35316	36441	18057	21915	
4802	0	35580	36480	18224	22096	
4803	0	35456	36548	18320	22242	
4804	0	35428	36892	18471	22501	
4805	0	35308	36890	18660	22716	
4806	0	35336	36808	18880	22916	
4807	0	35412	36640	19045	23192	
4808	0	35168	36756	19300	23432	
4809	0	35280	37128	19500	23641	
4810	0	35252	36905	19780	23864	
4811	0	35352	36644	20012	24136	
4812	0	35096	36696	20344	24354	
4813	0	35452	36914	20580	24650	
4814	0	35084	36912	20838	24860	
4815	0	35220	37033	21132	25074	
4816	0	35264	37001	21506	25379	
4817	0	35196	36920	21766	25668	
4818	0	35112	36760	22146	25856	
4819	0	34958	36604	22396	26060	
4820	0	34986	36704	22722	26333	
4821	0	34996	36976	23106	26576	
4822	0	34980	37032	23436	26800	
4823	0	34768	37236	23770	27020	
4824	0	34816	37180	24074	27244	
4825	0	35029	36876	24427	27488	
4826	0	34704	37080	24770	27704	
4827	0	34728	37020	25085	27928	
4828	0	34729	37200	25405	28117	
4829	0	34752	37232	25746	28384	
4830	0	34845	37232	26070	28544	
4831	0	34572	37128	26416	28739	
4832	0	34840	37080	26737	28939	
4833	0	34725	37130	27056	29136	
4834	0	34492	37129	27368	29392	
4835	0	34552	37186	27673	29577	
4836	0	34460	37241	27973	29708	
4837	0	34532	37476	28240	29901	
4838	0	34624	37612	28555	30084	
4839	0	34556	37500	28840	30332	
4840	0	34532	37516	29120	30520	
4841	0	34633	37352	29436	30652	
4842	0	34544	37274	29701	30825	
4843	0	34436	37200	29964	31040	
4844	0	34688	37443	30232	31272	
4845	0	34620	37248	30489	31388	
4846	0	34544	37376	30742	31641	
4847	0	34520	37624	30994	31796	
4848	0	34524	37690	31228	32064	
4849	0	34669	37642	31473	32160	
4850	0	34524	37864	31696	32370	
4851	0	34628	37908	31933	32572	
4852	0	34602	37956	32146	32824	
4853	0	34438	37853	32356	32994	
4854	0	34924	38542	32586	33232	
4855	0	34946	38108	32801	33468	
4856	0	34100	38528	33008	33656	
4857	0	34540	39508	33228	33996	
4858	0	35084	40114	33420	34158	
4859	0	35076	40156	33625	34384	
4860	0	34520	40060	33832	34640	
4861	0	34241	40216	34024	34940	
4862	0	33243	40008	34216	35180	
4863	0	32961	40180	34432	35416	
4864	0	32248	40008	34636	35744	
4865	0	33505	40352	34836	35972	
4866	0	33721	39244	35013	36272	
4867	0	34849	39056	35244	36540	
4868	0	35960	39332	35396	36836	
4869	0	35873	38900	35600	37264	
4870	0	36264	38352	35844	37424	
4871	0	35664	38722	36000	37756	
4872	0	36684	37652	36260	38121	
4873	0	36384	38592	36416	38372	
4874	0	35416	39476	36624	38748	
4875	0	35864	38840	36856	38996	
4876	0	41650	31800	37076	39264	
4877	0	39789	37890	37353	39600	
4878	0	37844	38644	37556	39876	
4879	0	37197	37544	37684	40176	
4880	0	35640	38008	37917	40520	
4881	0	34688	39080	38090	40802	
4882	0	33976	38076	38348	41066	
4883	0	33761	37082	38524	41400	
4884	0	33878	37304	38717	41696	
4885	0	33784	36704	38900	41832	
4886	0	33958	36552	39128	42112	
4887	0	34000	36064	39334	42409	
4888	0	33632	35850	39565	42536	
4889	0	33542	35520	39666	42833	
4890	0	33337	35425	39900	42985	
4891	0	32776	35224	39988	43099	
4892	0	32596	34984	40168	43236	
4893	0	32467	34881	40456	43392	
4894	0	32328	34760	40608	43456	
4895	0	32252	35089	40608	43584	
4896	0	32132	34780	40840	43608	
4897	0	32180	34828	40888	43682	
4898	0	32233	34970	40984	43740	
4899	0	32325	34920	41244	43760	
4900	0	32536	35028	41336	43748	
4901	0	32548	34904	41272	43668	
4902	0	32889	34612	41480	43664	
4903	0	32940	34808	41576	43605	
4904	0	33188	34964	41600	43500	
4905	0	33430	35045	41544	43360	
4906	0	33780	35448	41600	43296	
4907	0	33932	35440	41632	43226	
4908	0	34020	35596	41664	43004	
4909	0	34240	36012	41776	42848	
4910	0	34596	36456	41793	42652	
4911	0	34545	36496	41724	42536	
4912	0	34628	36768	41720	42304	
4913	0	34610	37028	41728	42124	
4914	0	34752	37308	41736	41924	
4915	0	34844	37592	41704	41736	
4916	0	35104	37804	41696	41544	
4917	0	35236	38200	41696	41460	
4918	0	35626	38633	41760	41273	
4919	0	36096	39072	41720	40962	
4920	0	36876	39242	41600	40864	
4921	0	37852	39408	41544	40680	
4922	0	38612	39488	41624	40376	
4923	0	40040	39564	41476	40216	
4924	0	41048	39052	41484	40128	
4925	0	42380	38944	41369	39828	
4926	0	42504	38208	41432	39728	
4927	0	42416	37916	41272	39600	
4928	0	42128	37334	41266	39336	
4929	0	41360	52120	41185	39252	
4930	0	39328	34582	41090	39044	
4931	0	41788	40812	40988	38932	
4932	0	26654	48032	40940	38745	
4933	0	43072	27968	40928	38625	
4934	0	33200	40752	40733	38480	
4935	0	38628	43536	40688	38236	
4936	0	30379	40760	40656	38184	
4937	0	33848	39064	40580	37968	
4938	0	33668	36500	40456	37880	
4939	0	33616	39192	40305	37673	
4940	0	33288	37468	40160	37572	
4941	0	33812	36554	40012	37372	
4942	0	33704	37892	39872	37272	
4943	0	33936	37144	39878	37184	
4944	0	33496	37092	39634	37024	
4945	0	33778	37392	39512	36900	
4946	0	32932	37728	39392	36688	
4947	0	33410	37624	39212	36630	
4948	0	33688	37572	39080	36469	
4949	0	33852	37440	38944	36337	
4950	0	34154	37452	38872	36136	
4951	0	34232	37672	38688	36000	
4952	0	34104	37744	38512	35880	
4953	0	33898	37680	38372	35701	
4954	0	33890	37688	38208	35540	
4955	0	33896	37592	38112	35376	
4956	0	33922	37544	37908	35253	
4957	0	34120	37557	37792	35036	
4958	0	34085	37848	37577	34909	
4959	0	34182	37628	37417	34664	
4960	0	34112	37576	37292	34476	
4961	0	34084	37524	37068	34252	
4962	0	34112	37356	36960	34093	
4963	0	34010	37629	36736	33824	
4964	0	34052	37340	36564	33657	
4965	0	33940	37636	36296	33360	
4966	0	34048	37440	36104	33184	
4967	0	34108	37256	35888	32953	
4968	0	34044	37524	35694	32708	
4969	0	34194	37164	35468	32448	
4970	0	34224	37080	35332	32156	
4971	0	34148	37316	35122	31901	
4972	0	34208	37116	34845	31709	
4973	0	34212	37152	34684	31412	
4974	0	34344	37272	34474	31148	
4975	0	34312	37512	34200	30902	
4976	0	34540	37148	33985	30694	
4977	0	34429	37309	33753	30401	
4978	0	34276	37312	33538	30176	
4979	0	34328	37242	33344	29925	
4980	0	34368	37248	33112	29686	
4981	0	34396	37240	32936	29479	
4982	0	34492	37280	32673	29224	
4983	0	34533	37245	32500	29006	
4984	0	34456	37298	32244	28792	
4985	0	34420	37424	32033	28548	
4986	0	34592	37217	31816	28332	
4987	0	34304	37692	31608	28109	
4988	0	34504	37497	31396	27916	
4989	0	34499	37920	31176	27702	
4990	0	34620	37704	30964	27528	
4991	0	34464	37732	30745	27312	
4992	0	34204	37769	30528	27140	
4993	0	34086	37328	30328	26964	
4994	0	34432	38188	30092	26788	
4995	0	34504	37880	29881	26603	
4996	0	34341	38057	29697	26448	
4997	0	34528	38572	29484	26288	
4998	0	35032	38594	29249	26128	
4999	0	34692	39736	29049	25962	
5000	0	34962	39725	28788	25844	
5001	0	35140	39864	28592	25685	
5002	0	35337	40208	28368	25573	
5003	0	35296	40372	28208	25437	
5004	0	34936	40228	27988	25288	
5005	0	34352	40784	27740	25174	
5006	0	33978	40768	27568	25084	
5007	0	33676	41472	27341	24968	
5008	0	33485	41580	27178	24860	
5009	0	32265	41305	26944	24749	
5010	0	32440	40985	26768	24669	
5011	0	33280	40856	26568	24608	
5012	0	34456	40276	26333	24536	
5013	0	36531	39732	26148	24476	
5014	0	36724	38584	25932	24445	
5015	0	35668	38461	25760	24409	
5016	0	34152	37064	25596	24405	
5017	0	32240	36704	25392	24348	
5018	0	32226	35504	25225	24316	
5019	0	33112	36065	24970	24350	
5020	0	33832	34352	24817	24293	
5021	0	32840	39377	24672	24297	
5022	0	35860	33032	24468	24301	
5023	0	35693	31752	24340	24280	
5024	0	35560	34508	24156	24276	
5025	0	35216	35588	23998	24301	
5026	0	34496	35714	23816	24302	
5027	0	34632	35748	23645	24294	
5028	0	34646	35452	23480	24290	
5029	0	34540	35562	23328	24272	
5030	0	34656	35560	23184	24284	
5031	0	35264	35624	22980	24326	
5032	0	35616	35322	22880	24310	
5033	0	36176	35072	22752	24288	
5034	0	36506	34984	22561	24257	
5035	0	36536	35180	22472	24240	
5036	0	36720	35440	22312	24268	
5037	0	37004	35184	22170	24220	
5038	0	36880	35722	22096	24212	
5039	0	36832	36200	21964	24188	
5040	0	36920	36192	21852	24236	
5041	0	37276	36432	21769	24179	
5042	0	37196	36760	21634	24189	
5043	0	37168	37312	21560	24244	
5044	0	37148	37332	21474	24196	
5045	0	37244	37516	21413	24200	
5046	0	37428	37700	21304	24190	
5047	0	37672	38125	21213	24201	
5048	0	38076	38344	21224	24172	
5049	0	38176	38724	21116	24176	
5050	0	38684	38939	21072	24246	
5051	0	38930	38985	21012	24202	
5052	0	39720	39285	20942	24196	
5053	0	39864	39212	20941	24202	
5054	0	39988	39292	20865	24228	
5055	0	39552	39435	20868	24174	
5056	0	40146	39492	20852	24220	
5057	0	40453	39500	20768	24188	
5058	0	41112	39410	20762	24206	
5059	0	41104	38864	20764	24176	
5060	0	40954	38266	20724	24260	
5061	0	40576	37716	20737	24228	
5062	0	40098	37392	20714	24264	
5063	0	39100	36988	20696	24189	
5064	0	38122	37104	20634	24260	
5065	0	37448	36929	20624	24236	
5066	0	36888	37000	20598	24257	
5067	0	32189	45096	20648	24251	
5068	0	29014	43128	20584	24216	
5069	0	28724	41744	20581	24269	
5070	0	26301	39936	20596	24288	
5071	0	36462	27128	20662	24332	
5072	0	33840	41418	20562	24300	
5073	0	39748	41752	20565	24364	
5074	0	29865	41512	20576	24386	
5075	0	33060	37532	20569	24452	
5076	0	34144	37973	20576	24488	
5077	0	33389	38260	20557	24545	
5078	0	33808	36748	20629	24605	
5079	0	34093	37108	20624	24698	
5080	0	34128	37428	20610	24732	
5081	0	33484	37616	20592	24828	
5082	0	33221	37440	20692	24954	
5083	0	32988	37613	20708	25058	
5084	0	32832	37448	20730	25164	
5085	0	33176	37472	20760	25272	
5086	0	33708	37352	20860	25440	
5087	0	34196	37602	20899	25522	
5088	0	34224	37604	20957	25741	
5089	0	33692	37552	21133	25844	
5090	0	33576	37744	21266	26030	
5091	0	33426	37625	21366	26217	
5092	0	33484	37625	21532	26348	
5093	0	33866	37664	21676	26524	
5094	0	34044	37540	21836	26728	
5095	0	34044	37604	21980	26913	
5096	0	34144	37480	22148	27075	
5097	0	33948	37600	22344	27224	
5098	0	34066	37600	22582	27396	
5099	0	33772	37624	22760	27553	
5100	0	33989	37472	22988	27709	
5101	0	34029	37345	23177	27892	
5102	0	34024	37716	23363	28046	
5103	0	33997	37576	23576	28152	
5104	0	34090	37328	23844	28318	
5105	0	34084	37316	24080	28549	
5106	0	34300	37288	24327	28612	
5107	0	34304	37472	24576	28785	
5108	0	34224	37212	24845	28906	
5109	0	34080	37224	25070	29058	
5110	0	34090	37472	25288	29218	
5111	0	34176	37537	25584	29348	
5112	0	34100	37388	25844	29504	
5113	0	34176	37652	26105	29664	
5114	0	34132	37426	26384	29836	
5115	0	34096	37585	26640	29968	
5116	0	34216	37240	26914	30132	
5117	0	34088	37264	27126	30284	
5118	0	34092	37260	27448	30487	
5119	0	34124	37401	27672	30624	
5120	0	34200	37396	27914	30784	
5121	0	34144	37256	28221	31014	
5122	0	34300	37416	28480	31125	
5123	0	34226	37441	28736	31313	
5124	0	34325	37296	28981	31548	
5125	0	34216	37430	29224	31676	
5126	0	34240	37496	29488	31868	
5127	0	34368	37536	29732	32072	
5128	0	34264	37656	29976	32252	
5129	0	34252	37896	30233	32513	
5130	0	34533	37646	30468	32653	
5131	0	34520	37826	30712	32940	
5132	0	34190	38328	30952	33141	
5133	0	34600	39144	31184	33384	
5134	0	34409	38909	31429	33496	
5135	0	33480	38764	31658	33698	
5136	0	33836	40192	31872	33934	
5137	0	34393	40416	32133	34144	
5138	0	34712	40816	32373	34448	
5139	0	34285	40564	32609	34714	
5140	0	33826	40512	32837	34904	
5141	0	33404	40604	33081	35177	
5142	0	33360	40718	33304	35274	
5143	0	32760	40588	33541	35532	
5144	0	32829	40120	33776	35813	
5145	0	32976	40122	34008	36006	
5146	0	33800	40164	34244	36376	
5147	0	35214	40496	34488	36554	
5148	0	35973	41397	34740	36920	
5149	0	36298	40056	34984	37096	
5150	0	37096	40180	35264	37368	
5151	0	36782	40160	35485	37644	
5152	0	36800	39236	35744	37944	
5153	0	37888	39888	36076	38296	
5154	0	38770	37484	36301	38680	
5155	0	39845	37604	36594	38912	
5156	0	38765	38620	36906	39202	
5157	0	38776	39241	37161	39536	
5158	0	38329	38464	37501	39936	
5159	0	36673	38764	37758	40320	
5160	0	36017	38480	38060	40588	
5161	0	35272	36393	38489	40828	
5162	0	34622	36672	38796	41168	
5163	0	34352	36764	39000	41481	
5164	0	33976	36140	39364	41848	
5165	0	33916	35460	39596	42104	
5166	0	33404	34848	39968	42340	
5167	0	32722	34224	40228	42680	
5168	0	32484	33908	40520	42836	
5169	0	32500	34120	40761	43040	
5170	0	32428	34192	41048	43357	
5171	0	31753	33202	41324	43500	
5172	0	32034	33753	41632	43672	
5173	0	31865	33624	42040	43856	
5174	0	31732	33428	42172	44012	
5175	0	31872	33196	42408	44164	
5176	0	32092	33104	42736	44308	
5177	0	32352	32884	42904	44400	
5178	0	32357	32756	43128	44536	
5179	0	32664	32956	43424	44616	
5180	0	32860	33304	43564	44669	
5181	0	33020	33792	43797	44653	
5182	0	33624	33552	43992	44716	
5183	0	33561	33420	44212	44748	
5184	0	33888	33692	44448	44688	
5185	0	33865	33784	44592	44644	
5186	0	33941	33992	44752	44660	
5187	0	33798	34096	45012	44570	
5188	0	33921	34096	45100	44468	
5189	0	34220	33992	45348	44364	
5190	0	34660	34030	45433	44288	
5191	0	35056	33820	45592	44160	
5192	0	35536	33876	45808	44133	
5193	0	35610	34056	45896	43978	
5194	0	35732	34096	46093	43864	
5195	0	36156	34088	46201	43656	
5196	0	35872	34056	46284	43556	
5197	0	42593	38285	46446	43448	
5198	0	54948	36784	46568	43233	
5199	0	55228	54704	46706	43144	
5200	0	22216	26472	46856	42948	
5201	0	10492	39906	47001	42779	
5202	0	37973	41632	47058	42657	
5203	0	38968	35032	47164	42536	
5204	0	36752	32932	47316	42418	
5205	0	36677	33712	47392	42292	
5206	0	34928	36664	47500	42176	
5207	0	33284	38180	47648	42032	
5208	0	35656	37196	47820	41944	
5209	0	36528	36986	47936	41836	
5210	0	35437	36621	48040	41744	
5211	0	35002	36448	48104	41660	
5212	0	35545	36376	48216	41588	
5213	0	35394	36514	48368	41536	
5214	0	35338	36504	48492	41476	
5215	0	35292	36192	48576	41440	
5216	0	35248	36157	48708	41412	
5217	0	35577	36684	48832	41392	
5218	0	35288	36952	48936	41384	
5219	0	35052	36576	49144	41388	
5220	0	35500	36580	49193	41409	
5221	0	35268	36448	49364	41432	
5222	0	35284	36704	49492	41441	
5223	0	35300	36960	49697	41488	
5224	0	35093	36916	49793	41500	
5225	0	35256	37174	49856	41554	
5226	0	35058	37200	50040	41564	
5227	0	35144	37186	50121	41605	
5228	0	35172	36813	50276	41624	
5229	0	35104	36826	50432	41656	
5230	0	35108	36742	50588	41696	
5231	0	35048	36860	50610	41732	
5232	0	34949	36908	50800	41752	
5233	0	34971	37049	50928	41714	
5234	0	34954	36952	51008	41747	
5235	0	34788	36984	51088	41740	
5236	0	34881	37008	51173	41724	
5237	0	34848	37016	51236	41716	
5238	0	34776	37216	51384	41628	
5239	0	34866	37280	51396	41584	
5240	0	34698	37304	51488	41516	
5241	0	34780	37320	51620	41440	
5242	0	34529	37417	51608	41456	
5243	0	34628	37448	51680	41304	
5244	0	34544	37360	51720	41212	
5245	0	34612	37268	51728	41124	
5246	0	34512	37378	51760	41081	
5247	0	34456	37386	51824	40896	
5248	0	34548	37368	51792	40784	
5249	0	34476	37416	51788	40656	
5250	0	34578	37338	51858	40568	
5251	0	34508	37323	51796	40404	
5252	0	34418	37716	51748	40386	
5253	0	34418	37608	51732	40213	
5254	0	34344	37524	51648	40058	
5255	0	34325	37404	51673	39976	
5256	0	34476	37384	51652	39824	
5257	0	34600	37196	51528	39578	
5258	0	34436	37384	51480	39456	
5259	0	34606	37488	51400	39376	
5260	0	34516	37616	51280	39212	
5261	0	34552	37808	51272	39112	
5262	0	34500	37704	51120	39000	
5263	0	34499	37586	51032	38841	
5264	0	34672	37520	50944	38722	
5265	0	34656	37500	50856	38544	
5266	0	34713	37696	50696	38437	
5267	0	34680	38148	50612	38329	
5268	0	35053	37792	50540	38240	
5269	0	34132	37972	50352	38109	
5270	0	34480	38806	50276	38012	
5271	0	34816	39522	50157	37902	
5272	0	35094	39368	50032	37840	
5273	0	34632	39460	49888	37816	
5274	0	34560	39833	49684	37745	
5275	0	34144	40532	49616	37634	
5276	0	33500	40024	49432	37556	
5277	0	33776	41324	49256	37472	
5278	0	33384	40226	49156	37372	
5279	0	33636	39500	49020	37260	
5280	0	33230	39348	48872	37244	
5281	0	35160	40044	48712	37128	
5282	0	35869	40672	48512	37020	
5283	0	35820	40704	48334	36928	
5284	0	36802	40718	48212	36948	
5285	0	37248	40312	48050	36882	
5286	0	38352	39105	47904	36768	
5287	0	38809	39528	47700	36704	
5288	0	37762	41380	47576	36672	
5289	0	38994	38084	47388	36561	
5290	0	43116	34048	47294	36400	
5291	0	39664	40196	47060	36408	
5292	0	38400	39237	46912	36320	
5293	0	36824	39540	46700	36226	
5294	0	35624	40644	46610	36188	
5295	0	35110	40584	46432	36057	
5296	0	34812	40112	46177	35964	
5297	0	33970	38364	46032	35903	
5298	0	34000	38140	45892	35736	
5299	0	33580	37057	45656	35620	
5300	0	33508	36954	45472	35520	
5301	0	33004	36376	45268	35458	
5302	0	32952	35928	45068	35221	
5303	0	32688	35468	44880	35090	
5304	0	32296	35240	44650	35010	
5305	0	32248	34716	44497	34841	
5306	0	32084	34300	44269	34692	
5307	0	32284	34592	43972	34546	
5308	0	32260	33744	43818	34329	
5309	0	32312	33596	43505	34164	
5310	0	32496	34208	43328	33924	
5311	0	32192	33618	43088	33732	
5312	0	32336	33522	42772	33500	
5313	0	32437	33552	42464	33348	
5314	0	32500	33306	42192	33126	
5315	0	32496	33261	41844	32909	
5316	0	32608	33288	41561	32612	
5317	0	32720	33248	41396	32396	
5318	0	32788	33369	41048	32160	
5319	0	32868	33560	40712	31916	
5320	0	32936	33877	40321	31642	
5321	0	33202	33864	39976	31298	
5322	0	33232	33748	39716	31073	
5323	0	33276	33990	39324	30786	
5324	0	33312	34088	38977	30489	
5325	0	33556	34152	38640	30187	
5326	0	33922	33972	38276	29944	
5327	0	34268	34004	38024	29661	
5328	0	34828	34042	37564	29384	
5329	0	35304	34228	37188	29052	
5330	0	35372	34460	36944	28804	
5331	0	35140	34624	36456	28525	
5332	0	34292	34552	36090	28248	
5333	0	33108	34284	35732	27969	
5334	0	47020	38472	35404	27704	
5335	0	56128	25460	34998	27436	
5336	0	33924	43712	34640	27172	
5337	0	20272	37842	34277	26920	
5338	0	19987	41828	33928	26710	
5339	0	42032	40452	33560	26478	
5340	0	38316	35269	33242	26256	
5341	0	36606	32649	32848	26050	
5342	0	37360	32425	32482	25876	
5343	0	32045	36032	32142	25688	
5344	0	35557	36412	31802	25502	
5345	0	36610	37600	31465	25357	
5346	0	35952	37021	31120	25202	
5347	0	35314	36992	30784	25074	
5348	0	35492	36690	30452	24948	
5349	0	35790	36821	30128	24825	
5350	0	35632	36620	29797	24725	
5351	0	35464	36568	29480	24618	
5352	0	35513	36324	29160	24532	
5353	0	35568	36496	28872	24462	
5354	0	35684	36664	28556	24388	
5355	0	35624	36636	28232	24324	
5356	0	35576	36704	27946	24272	
5357	0	35656	36680	27654	24220	
5358	0	35560	36708	27404	24176	
5359	0	35336	37004	27056	24140	
5360	0	35645	36836	26821	24103	
5361	0	35258	37112	26512	24062	
5362	0	35330	36833	26289	24054	
5363	0	35328	36800	26032	23982	
5364	0	35264	36613	25778	23952	
5365	0	35311	36796	25537	23908	
5366	0	35152	36692	25304	23857	
5367	0	35164	36978	25053	23850	
5368	0	34996	36828	24754	23812	
5369	0	35220	37148	24594	23744	
5370	0	35068	37108	24294	23651	
5371	0	35065	37232	24133	23600	
5372	0	34940	37116	23912	23514	
5373	0	34844	37204	23660	23442	
5374	0	35032	36908	23448	23360	
5375	0	34848	37052	23217	23252	
5376	0	34736	37172	23009	23156	
5377	0	34792	37252	22820	23044	
5378	0	34520	37418	22548	22916	
5379	0	34644	37336	22389	22818	
5380	0	34668	37420	22152	22696	
5381	0	34554	37426	21950	22552	
5382	0	34640	37468	21708	22402	
5383	0	34562	37616	21458	22280	
5384	0	34520	37512	21308	22128	
5385	0	34529	37556	21092	21978	
5386	0	34464	37424	20832	21838	
5387	0	34496	37369	20600	21662	
5388	0	34520	37216	20443	21482	
5389	0	34418	37249	20190	21322	
5390	0	34456	37372	19992	21188	
5391	0	34536	37472	19721	21016	
5392	0	34666	37372	19514	20850	
5393	0	34452	37600	19310	20699	
5394	0	34594	37372	19124	20557	
5395	0	34448	37533	18862	20440	
5396	0	34545	37476	18674	20288	
5397	0	34580	37424	18506	20106	
5398	0	34686	37304	18232	20004	
5399	0	34725	37304	18104	19829	
5400	0	34684	37504	17854	19704	
5401	0	34761	37664	17728	19649	
5402	0	34620	37864	17530	19536	
5403	0	34570	38157	17312	19446	
5404	0	34820	38192	17177	19348	
5405	0	34552	38045	17020	19354	
5406	0	34440	38542	16836	19262	
5407	0	34900	39360	16738	19218	
5408	0	34960	39284	16544	19192	
5409	0	35056	39316	16420	19179	
5410	0	34600	39200	16284	19160	
5411	0	34304	39362	16213	19229	
5412	0	33996	39964	16132	19224	
5413	0	34080	40105	16093	19322	
5414	0	33817	39760	15992	19332	
5415	0	33192	40984	15942	19465	
5416	0	33792	40036	15906	19588	
5417	0	34436	39324	15866	19609	
5418	0	33872	39682	15857	19841	
5419	0	34674	40160	15802	19984	
5420	0	35408	39801	15862	20125	
5421	0	35992	39672	15858	20356	
5422	0	36868	38881	15916	20574	
5423	0	37820	38716	15980	20861	
5424	0	37216	39508	16024	21144	
5425	0	37837	40432	16112	21429	
5426	0	36436	42852	16210	21678	
5427	0	42720	32314	16300	22104	
5428	0	39824	38948	16460	22444	
5429	0	38248	39136	16561	22772	
5430	0	37044	39892	16726	23208	
5431	0	35796	40144	16901	23568	
5432	0	35648	39680	17038	23964	
5433	0	34988	37952	17188	24294	
5434	0	34880	38092	17389	24794	
5435	0	34952	37588	17606	25232	
5436	0	34994	37376	17855	25688	
5437	0	34320	36176	18027	26084	
5438	0	34300	36132	18280	26462	
5439	0	34244	35438	18472	26906	
5440	0	33712	35324	18713	27336	
5441	0	33046	35372	18967	27900	
5442	0	32998	35040	19216	28292	
5443	0	32800	34482	19456	28696	
5444	0	32824	34417	19606	29129	
5445	0	32520	34261	19896	29522	
5446	0	32376	34341	20157	29908	
5447	0	32316	34298	20404	30320	
5448	0	32205	33896	20633	30680	
5449	0	32340	33408	20832	31040	
5450	0	32744	33928	21053	31404	
5451	0	32752	33576	21285	31754	
5452	0	32808	33252	21486	32012	
5453	0	32892	33312	21700	32412	
5454	0	33013	33220	22000	32700	
5455	0	33148	33496	22146	33000	
5456	0	33112	33563	22362	33315	
5457	0	33337	33741	22576	33436	
5458	0	33016	33760	22836	33806	
5459	0	33412	33684	23108	33944	
5460	0	33440	33668	23269	34304	
5461	0	33808	33760	23467	34516	
5462	0	34116	33676	23684	34748	
5463	0	34308	33584	23896	34952	
5464	0	34704	33696	24078	35108	
5465	0	34821	33888	24242	35328	
5466	0	34996	34085	24440	35432	
5467	0	35296	34196	24688	35724	
5468	0	35297	34301	24889	35808	
5469	0	35232	34136	25104	35938	
5470	0	34832	33608	25312	36116	
5471	0	36704	32704	25512	36266	
5472	0	54216	29035	25749	36352	
5473	0	51464	49824	25858	36466	
5474	0	43700	43072	26080	36600	
5475	0	14184	37565	26336	36765	
5476	0	31280	48421	26510	36880	
5477	0	40072	39248	26728	36972	
5478	0	37028	33280	27048	37128	
5479	0	36964	30852	27284	37252	
5480	0	34438	32588	27510	37412	
5481	0	33858	36008	27728	37561	
5482	0	35193	37209	27972	37624	
5483	0	35933	37824	28200	37842	
5484	0	35928	37912	28480	37984	
5485	0	34660	37052	28730	38120	
5486	0	35176	36936	29013	38248	
5487	0	35592	36588	29273	38312	
5488	0	35680	36760	29532	38548	
5489	0	35172	36653	29812	38642	
5490	0	35164	36485	30096	38788	
5491	0	35460	36544	30380	39024	
5492	0	35536	36648	30669	39180	
5493	0	35512	36772	30953	39216	
5494	0	35398	36816	31272	39476	
5495	0	35456	36780	31572	39640	
5496	0	35484	36728	31852	39704	
5497	0	35280	36602	32154	39949	
5498	0	35261	37052	32460	40066	
5499	0	35208	37228	32760	40224	
5500	0	35148	37040	33101	40384	
5501	0	35172	36968	33396	40392	
5502	0	35101	36864	33714	40544	
5503	0	35068	36768	34008	40649	
5504	0	35018	36836	34296	40880	
5505	0	34920	36905	34612	40828	
5506	0	34852	37049	34964	41012	
5507	0	35008	37164	35272	41041	
5508	0	34996	37180	35545	41104	
5509	0	34556	37156	35773	41152	
5510	0	34744	37144	36116	41208	
5511	0	34744	37234	36420	41320	
5512	0	34672	37048	36600	41328	
5513	0	34756	37216	36908	41296	
5514	0	34624	37244	37112	41356	
5515	0	34432	37380	37348	41264	
5516	0	34560	37380	37644	41266	
5517	0	34484	37472	37896	41258	
5518	0	34564	37424	38033	41216	
5519	0	34370	37372	38232	41177	
5520	0	34360	37478	38428	41108	
5521	0	34313	37456	38616	41008	
5522	0	34348	37460	38796	41017	
5523	0	34338	37408	38956	40954	
5524	0	34320	37277	39108	40926	
5525	0	34264	37410	39328	40804	
5526	0	34170	37616	39392	40634	
5527	0	34308	37688	39520	40628	
5528	0	34336	37592	39656	40424	
5529	0	34324	37624	39826	40452	
5530	0	34273	37410	39868	40224	
5531	0	34296	37308	39968	40128	
5532	0	34316	37296	40026	40056	
5533	0	34352	37284	40120	39976	
5534	0	34296	37496	40186	39856	
5535	0	34432	37586	40384	39896	
5536	0	34436	37656	40352	39812	
5537	0	34536	37680	40520	39616	
5538	0	34326	37636	40444	39648	
5539	0	34256	37692	40576	39500	
5540	0	34340	37808	40548	39516	
5541	0	34357	38048	40720	39456	
5542	0	34572	38208	40644	39344	
5543	0	34528	38106	40828	39288	
5544	0	34120	38665	40729	39297	
5545	0	34504	39384	40876	39260	
5546	0	34536	39640	40796	39276	
5547	0	34082	39648	40968	39268	
5548	0	33980	38972	40868	39146	
5549	0	33881	39516	40888	39136	
5550	0	33644	39596	41032	39232	
5551	0	33210	39790	40944	39184	
5552	0	33352	39748	41024	39196	
5553	0	32677	40108	40968	39203	
5554	0	32612	40540	41032	39120	
5555	0	33185	39793	40993	39177	
5556	0	34906	38930	41024	39196	
5557	0	34772	39472	41061	39205	
5558	0	35248	38776	41116	39208	
5559	0	35784	39332	41014	39202	
5560	0	36104	39476	41004	39144	
5561	0	37382	39036	41008	39200	
5562	0	36608	39040	40984	39153	
5563	0	36923	39448	40976	39136	
5564	0	37492	41650	41005	39136	
5565	0	42032	35352	41052	39048	
5566	0	40672	38732	40940	39032	
5567	0	39385	38173	40896	39072	
5568	0	37880	38912	40986	38913	
5569	0	36568	40077	40892	38868	
5570	0	35576	39876	40788	38848	
5571	0	35173	39008	40720	38800	
5572	0	34988	38792	40656	38640	
5573	0	34116	38284	40600	38572	
5574	0	34356	37624	40528	38444	
5575	0	33912	37264	40464	38340	
5576	0	33421	36748	40412	38284	
5577	0	33568	36576	40246	38184	
5578	0	33120	35948	40136	37986	
5579	0	33032	35252	39996	37788	
5580	0	32920	34924	39848	37712	
5581	0	32737	34841	39680	37456	
5582	0	32828	34713	39584	37268	
5583	0	32816	34720	39328	37172	
5584	0	32888	34416	39228	36936	
5585	0	32836	34216	38944	36744	
5586	0	32989	34376	38740	36512	
5587	0	32876	33878	38540	36266	
5588	0	33152	33965	38309	35968	
5589	0	33452	33936	38080	35772	
5590	0	33296	34000	37842	35448	
5591	0	33461	34020	37569	35180	
5592	0	33548	33725	37308	34976	
5593	0	33640	33776	37056	34692	
5594	0	33792	33993	36780	34424	
5595	0	33693	33876	36504	34097	
5596	0	33816	34016	36217	33736	
5597	0	33807	34008	36016	33465	
5598	0	33792	34148	35650	33132	
5599	0	34012	34480	35320	32813	
5600	0	34144	34354	35105	32501	
5601	0	34332	34396	34688	32204	
5602	0	34625	34514	34460	31931	
5603	0	34780	34468	34117	31581	
5604	0	35009	34469	33740	31234	
5605	0	35124	34308	33424	30912	
5606	0	35196	34193	33124	30642	
5607	0	35304	34112	32790	30321	
5608	0	35304	34080	32436	30016	
5609	0	34600	34164	32144	29712	
5610	0	34072	33916	31808	29428	
5611	0	41060	33724	31452	29176	
5612	0	51684	29140	31137	28900	
5613	0	56225	48642	30764	28645	
5614	0	30796	39288	30496	28376	
5615	0	19949	37320	30190	28125	
5616	0	30560	46096	29760	27896	
5617	0	33796	42593	29552	27668	
5618	0	38356	39556	29237	27489	
5619	0	35292	36329	28984	27260	
5620	0	35752	33376	28701	27080	
5621	0	35364	32988	28428	26906	
5622	0	33368	33032	28156	26756	
5623	0	37376	35680	27898	26562	
5624	0	36052	36780	27624	26424	
5625	0	35000	37856	27392	26294	
5626	0	34284	37808	27161	26169	
5627	0	35328	37744	26858	26060	
5628	0	35868	37312	26672	25964	
5629	0	35873	37356	26444	25853	
5630	0	35190	36720	26292	25785	
5631	0	35040	36300	26052	25752	
5632	0	35304	36072	25916	25641	
5633	0	35520	36408	25717	25616	
5634	0	35284	36676	25505	25546	
5635	0	35444	36888	25406	25498	
5636	0	35496	36944	25177	25472	
5637	0	35532	36844	25044	25436	
5638	0	35644	36840	24913	25405	
5639	0	35272	36868	24816	25433	
5640	0	35200	36704	24668	25341	
5641	0	35284	36936	24552	25320	
5642	0	35380	36976	24404	25305	
5643	0	35292	36872	24297	25298	
5644	0	35176	36968	24148	25216	
5645	0	35100	36960	24109	25238	
5646	0	35052	36826	24020	25218	
5647	0	35112	36896	23836	25180	
5648	0	35008	37112	23736	25068	
5649	0	35008	36833	23649	25000	
5650	0	34969	36753	23604	24964	
5651	0	34873	36992	23510	24906	
5652	0	34750	37224	23400	24808	
5653	0	34912	37044	23373	24761	
5654	0	34792	37360	23327	24673	
5655	0	34838	37312	23253	24580	
5656	0	34656	37297	23106	24512	
5657	0	34528	37268	23064	24410	
5658	0	34540	37412	22994	24348	
5659	0	34536	37432	22944	24242	
5660	0	34612	37364	22840	24132	
5661	0	34533	37292	22815	24004	
5662	0	34536	37316	22773	23905	
5663	0	34529	37352	22714	23795	
5664	0	34432	37252	22650	23730	
5665	0	34464	37456	22566	23603	
5666	0	34428	37564	22530	23437	
5667	0	34416	37476	22466	23349	
5668	0	34384	37408	22356	23243	
5669	0	34428	37204	22266	23080	
5670	0	34373	37264	22280	23012	
5671	0	34549	37512	22235	22848	
5672	0	34584	37408	22142	22728	
5673	0	34520	37401	22132	22652	
5674	0	34664	37486	22044	22498	
5675	0	34106	37032	22016	22402	
5676	0	34610	37249	21940	22329	
5677	0	34745	37328	21872	22206	
5678	0	34525	37296	21912	22129	
5679	0	34580	37516	21872	22046	
5680	0	34468	37592	21844	21956	
5681	0	34488	37737	21813	21904	
5682	0	34796	37636	21788	21841	
5683	0	34796	38060	21696	21798	
5684	0	34829	38284	21745	21761	
5685	0	34826	37924	21708	21760	
5686	0	34320	38444	21748	21730	
5687	0	34702	39132	21696	21729	
5688	0	34784	39424	21704	21744	
5689	0	34752	39348	21780	21765	
5690	0	34352	39340	21824	21830	
5691	0	33781	39930	21804	21868	
5692	0	33730	40026	21878	21928	
5693	0	32980	39898	21890	22004	
5694	0	33140	40376	21984	22136	
5695	0	32732	40133	22040	22264	
5696	0	32548	39816	22162	22409	
5697	0	32912	39872	22168	22612	
5698	0	34672	39700	22301	22749	
5699	0	34224	39248	22432	22969	
5700	0	35344	40004	22544	23226	
5701	0	36346	40176	22610	23456	
5702	0	36516	39040	22728	23693	
5703	0	37640	39104	22946	24020	
5704	0	36056	38584	23008	24313	
5705	0	36360	38868	23240	24672	
5706	0	37424	39292	23392	24980	
5707	0	40920	38209	23540	25340	
5708	0	40092	37920	23656	25769	
5709	0	39424	37880	23892	26108	
5710	0	37860	38720	24048	26496	
5711	0	36300	39136	24245	26994	
5712	0	36256	39922	24464	27333	
5713	0	35244	38588	24588	27740	
5714	0	35592	38616	24828	28178	
5715	0	35684	37564	25025	28665	
5716	0	35388	37312	25264	29036	
5717	0	35544	37136	25380	29516	
5718	0	35424	36400	25605	29912	
5719	0	34401	36124	25868	30387	
5720	0	33876	35776	26056	30750	
5721	0	33560	35484	26285	31170	
5722	0	33368	35413	26440	31618	
5723	0	33057	34920	26648	32017	
5724	0	33086	34936	26848	32400	
5725	0	32450	34352	27078	32773	
5726	0	32584	34188	27274	33153	
5727	0	33176	34396	27464	33504	
5728	0	33220	33969	27646	33917	
5729	0	33392	33949	27848	34200	
5730	0	33440	34076	28052	34548	
5731	0	33228	34020	28246	34873	
5732	0	33308	34233	28416	35144	
5733	0	33353	33911	28594	35500	
5734	0	33597	33995	28776	35728	
5735	0	33788	33896	28952	36000	
5736	0	34128	34004	29136	36280	
5737	0	34365	34121	29310	36496	
5738	0	34576	34452	29485	36738	
5739	0	34874	34624	29673	36842	
5740	0	35068	34661	29828	37050	
5741	0	35236	34846	30002	37308	
5742	0	35480	34898	30184	37460	
5743	0	35736	34884	30344	37612	
5744	0	36028	35012	30536	37820	
5745	0	36624	35172	30717	37896	
5746	0	36850	35293	30866	38068	
5747	0	37088	35444	31044	38084	
5748	0	37364	35392	31208	38228	
5749	0	37432	35348	31392	38340	
5750	0	37194	35412	31556	38465	
5751	0	36932	35504	31745	38585	
5752	0	36396	35608	31952	38656	
5753	0	35616	35718	32120	38780	
5754	0	34844	35632	32257	38821	
5755	0	33981	35272	32440	38874	
5756	0	33313	34738	32672	38884	
5757	0	32865	34688	32818	39064	
5758	0	32425	35040	32969	39152	
5759	0	35888	33988	33200	39168	
5760	0	54372	50832	33298	39272	
5761	0	36370	52804	33492	39320	
5762	0	19856	44121	33696	39447	
5763	0	36360	39032	33900	39496	
5764	0	39696	35901	34076	39544	
5765	0	33988	33064	34264	39641	
5766	0	35596	33720	34520	39688	
5767	0	38006	35593	34692	39774	
5768	0	34364	35804	34894	39944	
5769	0	33566	35402	35156	39992	
5770	0	37040	37985	35352	40120	
5771	0	36288	38220	35576	40104	
5772	0	35082	36680	35888	40296	
5773	0	35701	35840	36138	40320	
5774	0	36072	36396	36317	40464	
5775	0	35714	36876	36594	40432	
5776	0	35562	36200	36945	40568	
5777	0	35154	36472	37204	40770	
5778	0	35532	36540	37513	40756	
5779	0	36024	36473	37700	40850	
5780	0	35728	36757	37992	41024	
5781	0	35656	36600	38308	41076	
5782	0	35744	36713	38617	41316	
5783	0	35729	36626	38928	41292	
5784	0	35640	36728	39281	41456	
5785	0	35744	36682	39644	41608	
5786	0	35656	36684	40000	41640	
5787	0	35653	36441	40229	41796	
5788	0	35332	36692	40586	41768	
5789	0	35404	36964	41000	41882	
5790	0	35480	36740	41240	41992	
5791	0	35448	36808	41556	41972	
5792	0	35372	36932	42028	42112	
5793	0	35312	36840	42230	42049	
5794	0	35168	36896	42608	42208	
5795	0	35152	36907	42880	42160	
5796	0	35010	36928	43296	42100	
5797	0	35144	36924	43524	42196	
5798	0	35180	36904	43912	42116	
5799	0	35068	36804	44180	42048	
5800	0	35088	36856	44441	42024	
5801	0	35088	36952	44800	41948	
5802	0	35084	36956	45024	41900	
5803	0	34944	37020	45296	41792	
5804	0	34860	37208	45552	41628	
5805	0	34912	37240	45860	41472	
5806	0	34860	37236	46112	41402	
5807	0	34864	37090	46344	41240	
5808	0	34972	36996	46580	41044	
5809	0	34940	36680	46725	40864	
5810	0	34916	37060	46948	40694	
5811	0	34828	37168	47144	40520	
5812	0	34952	37170	47408	40323	
5813	0	34964	36984	47540	40120	
5814	0	35028	37176	47668	39932	
5815	0	34954	37236	47920	39720	
5816	0	34960	37144	48048	39532	
5817	0	34864	37260	48112	39325	
5818	0	34812	37264	48289	39104	
5819	0	34852	37288	48372	38916	
5820	0	34932	37136	48468	38625	
5821	0	34913	37184	48648	38464	
5822	0	34853	37236	48736	38252	
5823	0	34824	37212	48736	38076	
5824	0	34790	37260	48800	37890	
5825	0	34840	37188	48872	37746	
5826	0	34900	37196	48904	37512	
5827	0	34793	37162	48952	37304	
5828	0	34692	37108	49060	37112	
5829	0	34729	37146	49060	37048	
5830	0	34636	37152	49024	36848	
5831	0	34706	37124	49016	36756	
5832	0	34657	37144	49004	36544	
5833	0	34776	37228	48960	36404	
5834	0	34804	37292	48937	36276	
5835	0	34837	37332	48980	36160	
5836	0	34760	37405	48876	36084	
5837	0	34644	37400	48872	35928	
5838	0	34794	37384	48780	35908	
5839	0	34645	37432	48672	35722	
5840	0	34753	37377	48624	35633	
5841	0	34704	37312	48496	35521	
5842	0	34716	37277	48352	35412	
5843	0	34725	37379	48228	35360	
5844	0	34604	37364	48124	35240	
5845	0	34748	37336	47960	35202	
5846	0	34624	37509	47864	35065	
5847	0	34580	37596	47700	35064	
5848	0	34820	37452	47448	34894	
5849	0	34724	37408	47316	34898	
5850	0	34560	37314	47064	34721	
5851	0	34632	37442	46872	34640	
5852	0	34713	37365	46722	34640	
5853	0	34784	37304	46460	34536	
5854	0	34868	37360	46201	34384	
5855	0	34788	37076	45936	34321	
5856	0	34636	37408	45680	34260	
5857	0	34524	37553	45424	34165	
5858	0	34312	37776	45176	34104	
5859	0	34104	37832	44885	34084	
5860	0	34512	37472	44588	33970	
5861	0	34652	37448	44312	33824	
5862	0	34824	37272	44064	33760	
5863	0	34778	37152	43716	33800	
5864	0	34746	37170	43400	33689	
5865	0	34856	36956	43157	33600	
5866	0	35012	36929	42772	33524	
5867	0	35244	36736	42464	33492	
5868	0	35688	36656	42052	33422	
5869	0	36072	36676	41720	33420	
5870	0	36260	36740	41352	33325	
5871	0	36392	36792	40976	33281	
5872	0	36378	36852	40620	33189	
5873	0	36416	36724	40304	33128	
5874	0	36337	36593	39916	33064	
5875	0	36004	36588	39508	33012	
5876	0	35686	36641	39081	32938	
5877	0	35384	36636	38792	32868	
5878	0	35324	36777	38346	32776	
5879	0	35136	36812	37940	32704	
5880	0	34896	36808	37520	32597	
5881	0	34768	36884	37032	32520	
5882	0	34672	36944	36644	32430	
5883	0	34604	37008	36252	32365	
5884	0	34568	37052	35800	32236	
5885	0	34256	37017	35354	32176	
5886	0	34146	37012	34900	32080	
5887	0	33988	37040	34528	31936	
5888	0	33728	37088	34092	31812	
5889	0	33652	37216	33652	31760	
5890	0	33558	37256	33160	31602	
5891	0	33628	37316	32780	31585	
5892	0	33800	37331	32304	31410	
5893	0	33848	37424	31876	31307	
5894	0	33816	37440	31432	31249	
5895	0	33688	37480	31008	31182	
5896	0	33536	37533	30560	31012	
5897	0	33392	37520	30133	30957	
5898	0	33332	37556	29696	30812	
5899	0	33064	37637	29260	30716	
5900	0	33002	37656	28841	30644	
5901	0	32672	37536	28377	30528	
5902	0	32444	37760	27984	30434	
5903	0	32340	37860	27596	30403	
5904	0	32208	37824	27208	30266	
5905	0	32036	37940	26757	30192	
5906	0	31892	37956	26456	30056	
5907	0	31850	37940	26040	29956	
5908	0	32517	37668	25716	29856	
5909	0	32056	37724	25368	29836	
5910	0	31940	37780	25002	29672	
5911	0	32688	37629	24682	29612	
5912	0	33616	37553	24370	29493	
5913	0	34152	37472	24088	29436	
5914	0	34540	37360	23752	29265	
5915	0	34928	37280	23472	29196	
5916	0	35208	37209	23200	29104	
5917	0	35204	37141	22916	29036	
5918	0	35048	37168	22593	28900	
5919	0	34756	37104	22329	28806	
5920	0	34452	37220	22104	28697	
5921	0	33944	37393	21821	28617	
5922	0	33728	37592	21598	28480	
5923	0	33648	37688	21392	28404	
5924	0	33728	37684	21115	28285	
5925	0	33629	37820	20898	28176	
5926	0	33960	37704	20732	28048	
5927	0	34036	37664	20458	27972	
5928	0	34240	37602	20252	27860	
5929	0	34232	37572	20108	27732	
5930	0	34261	37484	19880	27608	
5931	0	34216	37484	19719	27512	
5932	0	34144	37488	19536	27438	
5933	0	34140	37448	19420	27256	
5934	0	34100	37365	19281	27152	
5935	0	34097	37384	19082	27088	
5936	0	34104	37344	18988	26970	
5937	0	34084	37384	18828	26810	
5938	0	34157	37360	18708	26677	
5939	0	34192	37328	18556	26636	
5940	0	34162	37324	18490	26477	
5941	0	34260	37324	18362	26420	
5942	0	34236	37344	18220	26308	
5943	0	34212	37330	18199	26164	
5944	0	34200	37328	18097	26112	
5945	0	34182	37362	18013	25938	
5946	0	34166	37424	17940	25848	
5947	0	34140	37456	17872	25700	
5948	0	34156	37472	17792	25612	
5949	0	34184	37472	17732	25504	
5950	0	34177	37426	17684	25362	
5951	0	34197	37384	17624	25260	
5952	0	34205	37336	17532	25104	
5953	0	34256	37316	17548	25072	
5954	0	34258	37396	17496	24980	
5955	0	34204	37282	17440	24904	
5956	0	34165	37434	17456	24776	
5957	0	34237	37396	17376	24708	
5958	0	34198	37412	17433	24631	
5959	0	34206	37328	17400	24508	
5960	0	34240	37401	17388	24462	
5961	0	34234	37380	17360	24372	
5962	0	34240	37364	17408	24281	
5963	0	34248	37344	17432	24216	
5964	0	34256	37356	17444	24132	
5965	0	34256	37372	17409	24081	
5966	0	34228	37364	17489	23998	
5967	0	34269	37368	17440	23988	
5968	0	34269	37392	17492	23908	
5969	0	34240	37380	17557	23809	
5970	0	34250	37386	17627	23820	
5971	0	34252	37357	17684	23800	
5972	0	34241	37354	17724	23765	
5973	0	34282	37380	17748	23681	
5974	0	34270	37397	17849	23674	
5975	0	34290	37384	17868	23732	
5976	0	34304	37380	17944	23721	
5977	0	34324	37336	18074	23712	
5978	0	34300	37360	18098	23720	
5979	0	34309	37339	18196	23677	
5980	0	34308	37372	18299	23780	
5981	0	34292	37340	18416	23781	
5982	0	34276	37352	18494	23838	
5983	0	34301	37336	18616	23872	
5984	0	34252	37328	18736	23901	
5985	0	34248	37332	18774	23934	
5986	0	34258	37352	18964	23952	
5987	0	34268	37340	19049	24048	
5988	0	34260	37392	19124	24078	
5989	0	34298	37386	19325	24192	
5990	0	34276	37364	19442	24241	
5991	0	34284	37333	19556	24299	
5992	0	34300	37332	19729	24444	
5993	0	34312	37340	19837	24500	
5994	0	34288	37368	19918	24604	
5995	0	34298	37356	20121	24664	
5996	0	34312	37360	20288	24810	
5997	0	34272	37392	20366	24906	
5998	0	34308	37352	20506	25058	
5999	0	34304	37344	20650	25110	
6000	0	34288	37332	20837	25256	
6001	0	34264	37344	20936	25396	
6002	0	34272	37352	21097	25507	
6003	0	34258	37369	21269	25666	
6004	0	34288	37332	21469	25764	
6005	0	34256	37356	21601	25969	
6006	0	34280	37324	21752	26048	
6007	0	34308	37316	21908	26240	
6008	0	34297	37328	22086	26377	
6009	0	34309	37362	22240	26490	
6010	0	34288	37354	22412	26640	
6011	0	34276	37373	22570	26800	
6012	0	34302	37353	22742	27013	
6013	0	34288	37330	22944	27121	
6014	0	34306	37336	23096	27272	
6015	0	34292	37344	23245	27468	
6016	0	34284	37344	23365	27613	
6017	0	34292	37333	23581	27778	
6018	0	34286	37340	23715	27945	
6019	0	34312	37328	23908	28132	
6020	0	34280	37348	24064	28334	
6021	0	34308	37340	24272	28476	
6022	0	34284	37361	24422	28732	
6023	0	34240	37314	24578	28856	
6024	0	34296	37329	24729	29046	
6025	0	34252	37312	24888	29280	
6026	0	34308	37305	25084	29448	
6027	0	34272	37292	25248	29659	
6028	0	34300	37324	25410	29930	
6029	0	34288	37356	25556	30144	
6030	0	34284	37356	25709	30298	
6031	0	34276	37348	25886	30522	
6032	0	34250	37337	26028	30740	
6033	0	34272	37328	26161	30960	
6034	0	34280	37333	26352	31200	
6035	0	34290	37312	26510	31424	
6036	0	34288	37294	26698	31693	
6037	0	34276	37296	26866	31916	
6038	0	34290	37308	27038	32144	
6039	0	34276	37292	27144	32392	
6040	0	34292	37344	27352	32616	
6041	0	34276	37314	27492	32876	
6042	0	34265	37336	27689	33168	
6043	0	34296	37348	27884	33376	
6044	0	34292	37365	28048	33620	
6045	0	34296	37317	28224	33864	
6046	0	34268	37312	28414	34132	
6047	0	34304	37330	28586	34384	
6048	0	34252	37321	28773	34624	
6049	0	34264	37328	28960	34858	
6050	0	34269	37304	29148	35105	
6051	0	34265	37320	29309	35344	
6052	0	34275	37344	29497	35673	
6053	0	34228	37380	29704	35854	
6054	0	34272	37349	29890	36116	
6055	0	34268	37332	30084	36328	
6056	0	34272	37288	30282	36604	
6057	0	34288	37280	30472	36764	
6058	0	34272	37290	30672	37033	
6059	0	34304	37300	30864	37272	
6060	0	34260	37337	31072	37476	
6061	0	34252	37352	31261	37684	
6062	0	34212	37344	31484	37800	
6063	0	34276	37313	31668	38033	
6064	0	34256	37320	31864	38226	
6065	0	34276	37322	32064	38400	
6066	0	34262	37337	32272	38561	
6067	0	34232	37344	32484	38717	
6068	0	34234	37312	32688	38888	
6069	0	34240	37312	32882	39000	
6070	0	34245	37300	33112	39172	
6071	0	34244	37320	33290	39252	
6072	0	34240	37296	33488	39408	
6073	0	34240	37288	33716	39548	
6074	0	34244	37280	33896	39648	
6075	0	34240	37304	34099	39792	
6076	0	34242	37306	34354	39800	
6077	0	34248	37324	34506	39892	
6078	0	34245	37336	34712	40096	
6079	0	34217	37328	34972	40188	
6080	0	34260	37280	35116	40172	
6081	0	34258	37273	35317	40280	
6082	0	34264	37264	35508	40440	
6083	0	34264	37282	35700	40460	
6084	0	34224	37326	35964	40436	
6085	0	34236	37316	36100	40649	
6086	0	34244	37344	36336	40672	
6087	0	34236	37344	36520	40724	
6088	0	34260	37308	36704	40642	
6089	0	34268	37308	36868	40820	
6090	0	34272	37288	37060	40788	
6091	0	34252	37301	37245	40920	
6092	0	34240	37292	37412	40912	
6093	0	34218	37308	37620	40842	
6094	0	34237	37336	37845	40904	
6095	0	34229	37320	37915	40952	
6096	0	34225	37328	38140	40976	
6097	0	34250	37312	38300	41032	
6098	0	34232	37342	38472	41092	
6099	0	34248	37320	38692	41096	
6100	0	34264	37312	38880	40984	
6101	0	34268	37324	39072	41000	
6102	0	34248	37321	39121	41168	
6103	0	34244	37316	39380	41100	
6104	0	34248	37344	39444	41049	
6105	0	34246	37325	39624	41132	
6106	0	34244	37312	39744	41060	
6107	0	34250	37328	39964	41214	
6108	0	34252	37353	40024	41176	
6109	0	34240	37348	40316	41136	
6110	0	34265	37312	40332	41100	
6111	0	34272	37316	40464	41209	
6112	0	34264	37328	40604	41217	
6113	0	34248	37336	40760	41152	
6114	0	34268	37312	40888	41212	
6115	0	34256	37280	41040	41189	
6116	0	34264	37284	41185	41124	
6117	0	34245	37332	41320	41184	
6118	0	34240	37341	41600	41152	
6119	0	34258	37326	41692	41220	
6120	0	34281	37305	41728	41144	
6121	0	34272	37332	42008	41168	
6122	0	34272	37314	42012	41146	
6123	0	34260	37306	42160	41161	
6124	0	34260	37328	42268	41196	
6125	0	34264	37324	42400	41228	
6126	0	34257	37328	42600	41161	
6127	0	34252	37341	42776	41284	
6128	0	34248	37328	42872	41248	
6129	0	34258	37298	42913	41184	
6130	0	34260	37296	43120	41248	
6131	0	34284	37316	43166	41204	
6132	0	34264	37330	43300	41268	
6133	0	34260	37312	43448	41236	
6134	0	34280	37308	43544	41216	
6135	0	34260	37312	43648	41236	
6136	0	34273	37320	43762	41236	
6137	0	34280	37322	43896	41160	
6138	0	34293	37297	44004	41212	
6139	0	34272	37306	44092	41176	
6140	0	34276	37328	44192	41180	
6141	0	34280	37296	44376	41220	
6142	0	34280	37320	44416	41240	
6143	0	34256	37314	44556	41136	
6144	0	34286	37304	44628	41204	
6145	0	34272	37310	44684	41120	
6146	0	34253	37328	44786	41160	
6147	0	34260	37304	44858	41168	
6148	0	34262	37296	44952	41152	
6149	0	34264	37288	45096	41129	
6150	0	34276	37296	45128	41108	
6151	0	34274	37314	45236	41024	
6152	0	34282	37322	45300	41064	
6153	0	34248	37318	45372	41016	
6154	0	34268	37320	45400	40944	
6155	0	34253	37300	45496	40980	
6156	0	34250	37292	45520	40944	
6157	0	34292	37273	45616	40876	
6158	0	34256	37312	45632	40804	
6159	0	34288	37308	45736	40764	
6160	0	34276	37312	45752	40776	
6161	0	34284	37332	45780	40717	
6162	0	34312	37348	45852	40632	
6163	0	34272	37336	45964	40588	
6164	0	34276	37331	45929	40552	
6165	0	34273	37300	45984	40480	
6166	0	34272	37300	46016	40394	
6167	0	34264	37300	46057	40320	
6168	0	34256	37308	46068	40256	
6169	0	34244	37313	46148	40176	
6170	0	34272	37338	46205	40076	
6171	0	34284	37316	46168	39969	
6172	0	34280	37328	46194	39890	
6173	0	34248	37328	46208	39792	
6174	0	34304	37332	46228	39680	
6175	0	34273	37320	46288	39584	
6176	0	34292	37312	46336	39488	
6177	0	34288	37308	46276	39369	
6178	0	34280	37304	46308	39252	
6179	0	34276	37280	46349	39148	
6180	0	34280	37288	46296	39012	
6181	0	34308	37328	46272	38896	
6182	0	34264	37320	46309	38777	
6183	0	34268	37328	46292	38664	
6184	0	34260	37344	46232	38508	
6185	0	34284	37312	46180	38404	
6186	0	34300	37324	46177	38276	
6187	0	34272	37304	46138	38096	
6188	0	34228	37264	46124	38000	
6189	0	34240	37304	46072	37840	
6190	0	34253	37304	46088	37676	
6191	0	34304	37312	45946	37520	
6192	0	34280	37332	45940	37360	
6193	0	34300	37353	45836	37252	
6194	0	34284	37380	45768	37056	
6195	0	34312	37348	45744	36900	
6196	0	34308	37344	45596	36738	
6197	0	34312	37330	45496	36636	
6198	0	34296	37316	45412	36464	
6199	0	34292	37313	45296	36288	
6200	0	34306	37312	45232	36156	
6201	0	34289	37293	45056	35984	
6202	0	34284	37304	44924	35872	
6203	0	34268	37325	44820	35780	
6204	0	34281	37304	44610	35600	
6205	0	34306	37324	44452	35454	
6206	0	34296	37308	44264	35360	
6207	0	34284	37300	44072	35213	
6208	0	34281	37316	43976	35092	
6209	0	34288	37306	43680	35012	
6210	0	34269	37304	43560	34866	
6211	0	34264	37320	43316	34832	
6212	0	34273	37308	43013	34736	
6213	0	34288	37313	42780	34612	
6214	0	34296	37290	42564	34508	
6215	0	34300	37296	42288	34456	
6216	0	34292	37289	42130	34336	
6217	0	34320	37328	41738	34260	
6218	0	34292	37320	41608	34216	
6219	0	34300	37312	41308	34146	
6220	0	34328	37310	40908	34077	
6221	0	34290	37288	40616	34012	
6222	0	34288	37284	40324	33940	
6223	0	34272	37296	40032	33904	
6224	0	34296	37288	39708	33832	
6225	0	34274	37293	39500	33796	
6226	0	34316	37296	39113	33740	
6227	0	34288	37316	38784	33684	
6228	0	34304	37312	38464	33648	
6229	0	34328	37280	38244	33580	
6230	0	34296	37282	37885	33576	
6231	0	34320	37284	37504	33493	
6232	0	34304	37304	37194	33494	
6233	0	34308	37280	36852	33394	
6234	0	34296	37308	36531	33417	
6235	0	34296	37312	36197	33376	
6236	0	34308	37306	35872	33306	
6237	0	34300	37308	35601	33260	
6238	0	34314	37305	35222	33188	
6239	0	34304	37288	34970	33128	
6240	0	34312	37285	34577	33065	
6241	0	34306	37292	34262	33000	
6242	0	34304	37276	33949	32954	
6243	0	34308	37289	33630	33002	
6244	0	34296	37296	33332	32920	
6245	0	34298	37312	33008	32778	
6246	0	34312	37298	32692	32725	
6247	0	34300	37308	32420	32654	
6248	0	34308	37312	32086	32662	
6249	0	34312	37308	31772	32517	
6250	0	34296	37312	31492	32556	
6251	0	34297	37277	31174	32468	
6252	0	34297	37284	30876	32293	
6253	0	34304	37288	30584	32212	
6254	0	34297	37292	30292	32173	
6255	0	34314	37273	30008	32042	
6256	0	34320	37284	29722	31936	
6257	0	34296	37296	29437	31888	
6258	0	34314	37328	29145	31738	
6259	0	34304	37321	28873	31649	
6260	0	34294	37293	28632	31561	
6261	0	34320	37290	28364	31424	
6262	0	34300	37288	28132	31349	
6263	0	34288	37276	27876	31216	
6264	0	34309	37280	27649	31092	
6265	0	34276	37282	27364	30984	
6266	0	34297	37312	27126	30844	
6267	0	34310	37312	26902	30716	
6268	0	34306	37296	26720	30625	
6269	0	34304	37316	26470	30456	
6270	0	34317	37308	26322	30328	
6271	0	34320	37289	26143	30200	
6272	0	34300	37280	25944	30132	
6273	0	34308	37308	25728	29944	
6274	0	34296	37284	25584	29784	
6275	0	34317	37284	25396	29652	
6276	0	34317	37284	25192	29504	
6277	0	34314	37297	24988	29357	
6278	0	34309	37316	24920	29241	
6279	0	34298	37316	24720	29136	
6280	0	34298	37320	24620	29004	
6281	0	34301	37304	24450	28804	
6282	0	34316	37284	24316	28650	
6283	0	34320	37280	24184	28504	
6284	0	34306	37280	24084	28360	
6285	0	34304	37282	23980	28218	
6286	0	34317	37284	23872	28092	
6287	0	34304	37296	23752	27968	
6288	0	34312	37296	23660	27812	
6289	0	34309	37308	23558	27708	
6290	0	34292	37304	23440	27566	
6291	0	34304	37304	23332	27382	
6292	0	34296	37308	23257	27330	
6293	0	34324	37296	23218	27120	
6294	0	34303	37300	23140	26996	
6295	0	34312	37290	23024	26913	
6296	0	34300	37301	23016	26744	
6297	0	34304	37296	22860	26624	
6298	0	34289	37304	22832	26522	
6299	0	34312	37306	22808	26380	
6300	0	34284	37316	22714	26268	
6301	0	34312	37288	22721	26140	
6302	0	34316	37285	22704	26050	
6303	0	34308	37292	22656	25956	
6304	0	34306	37280	22550	25808	
6305	0	34308	37304	22556	25698	
6306	0	34306	37294	22592	25612	
6307	0	34296	37312	22576	25480	
6308	0	34324	37290	22480	25424	
6309	0	34293	37304	22542	25296	
6310	0	34292	37304	22475	25232	
6311	0	34284	37316	22500	25138	
6312	0	34284	37292	22504	25024	
6313	0	34320	37280	22522	25026	
6314	0	34324	37292	22556	24941	
6315	0	34308	37292	22499	24786	
6316	0	34292	37292	22594	24716	
6317	0	34316	37276	22520	24644	
6318	0	34304	37320	22644	24576	
6319	0	34317	37280	22680	24600	
6320	0	34309	37312	22686	24492	
6321	0	34314	37308	22757	24453	
6322	0	34312	37298	22768	24458	
6323	0	34296	37292	22848	24356	
6324	0	34304	37276	22913	24344	
6325	0	34312	37280	22952	24329	
6326	0	34316	37288	23006	24344	
6327	0	34324	37288	23101	24332	
6328	0	34304	37300	23154	24362	
6329	0	34304	37308	23252	24357	
6330	0	34292	37312	23292	24404	
6331	0	34304	37321	23384	24497	
6332	0	34300	37306	23480	24504	
6333	0	34320	37280	23586	24604	
6334	0	34312	37272	23728	24632	
6335	0	34325	37276	23881	24736	
6336	0	34320	37266	23988	24836	
6337	0	34320	37264	24080	24932	
6338	0	34294	37292	24236	25032	
6339	0	34317	37296	24328	25169	
6340	0	34297	37304	24477	25348	
6341	0	34301	37308	24608	25456	
6342	0	34308	37276	24694	25669	
6343	0	34321	37292	24864	25776	
6344	0	34320	37298	25032	25988	
6345	0	34300	37272	25180	26192	
6346	0	34296	37296	25325	26308	
6347	0	34316	37284	25466	26514	
6348	0	34312	37280	25644	26755	
6349	0	34304	37306	25768	26900	
6350	0	34282	37293	25968	27124	
6351	0	34308	37288	26132	27329	
6352	0	34292	37288	26280	27632	
6353	0	34314	37289	26436	27769	
6354	0	34297	37300	26604	28001	
6355	0	34321	37288	26848	28222	
6356	0	34300	37276	27024	28464	
6357	0	34306	37282	27218	28713	
6358	0	34288	37312	27344	28972	
6359	0	34288	37304	27608	29212	
6360	0	34280	37298	27753	29408	
6361	0	34292	37324	27956	29596	
6362	0	34304	37301	28169	29876	
6363	0	34292	37304	28401	30048	
6364	0	34332	37264	28580	30258	
6365	0	34328	37296	28830	30488	
6366	0	34321	37272	29024	30760	
6367	0	34292	37274	29240	30908	
6368	0	34300	37273	29476	31112	
6369	0	34264	37280	29690	31396	
6370	0	34269	37321	29938	31568	
6371	0	34292	37301	30153	31716	
6372	0	34294	37294	30397	31990	
6373	0	34313	37282	30629	32156	
6374	0	34296	37285	30864	32336	
6375	0	34296	37290	31105	32464	
6376	0	34297	37308	31339	32689	
6377	0	34276	37312	31598	32804	
6378	0	34284	37292	31824	33088	
6379	0	34280	37288	32065	33149	
6380	0	34300	37288	32308	33332	
6381	0	34300	37288	32576	33544	
6382	0	34292	37312	32832	33692	
6383	0	34296	37300	33116	33788	
6384	0	34292	37300	33316	33984	
6385	0	34296	37308	33569	34020	
6386	0	34288	37312	33842	34177	
6387	0	34312	37304	34124	34289	
6388	0	34297	37304	34360	34453	
6389	0	34313	37312	34640	34608	
6390	0	34276	37272	34920	34656	
6391	0	34284	37248	35186	34792	
6392	0	34260	37268	35354	34962	
6393	0	34286	37272	35680	35036	
6394	0	34288	37298	35884	35113	
6395	0	34274	37312	36125	35289	
6396	0	34300	37304	36448	35308	
6397	0	34280	37304	36716	35420	
6398	0	34268	37300	36858	35488	
6399	0	34300	37281	37100	35572	
6400	0	34280	37284	37344	35753	
6401	0	34272	37281	37656	35748	
6402	0	34280	37285	37836	35880	
6403	0	34280	37277	38046	35964	
6404	0	34288	37288	38281	36088	
6405	0	34268	37304	38512	36152	
6406	0	34272	37324	38731	36228	
6407	0	34290	37320	38938	36306	
6408	0	34284	37305	39164	36372	
6409	0	34272	37296	39373	36440	
6410	0	34288	37272	39600	36430	
6411	0	34268	37305	39804	36566	
6412	0	34292	37288	39992	36548	
6413	0	34272	37293	40296	36619	
6414	0	34272	37316	40424	36712	
6415	0	34304	37312	40588	36728	
6416	0	34280	37317	40932	36780	
6417	0	34277	37312	41004	36880	
6418	0	34268	37288	41180	36936	
6419	0	34280	37288	41372	36968	
6420	0	34269	37312	41552	36968	
6421	0	34256	37296	41736	37044	
6422	0	34282	37280	41922	37069	
6423	0	34272	37264	42140	37081	
6424	0	34272	37300	42272	37121	
6425	0	34284	37308	42570	37157	
6426	0	34280	37316	42628	37188	
6427	0	34288	37312	42776	37216	
6428	0	34256	37321	42980	37268	
6429	0	34284	37312	43096	37265	
6430	0	34272	37320	43264	37292	
6431	0	34312	37293	43392	37312	
6432	0	34280	37308	43556	37336	
6433	0	34264	37288	43700	37356	
6434	0	34301	37296	43836	37376	
6435	0	34277	37306	44048	37384	
6436	0	34260	37324	44108	37398	
6437	0	34264	37320	44292	37420	
6438	0	34260	37308	44360	37428	
6439	0	34296	37285	44553	37448	
6440	0	34288	37296	44600	37464	
6441	0	34269	37306	44705	37464	
6442	0	34260	37304	44816	37466	
6443	0	34288	37298	44912	37460	
6444	0	34276	37292	44996	37482	
6445	0	34266	37300	45140	37472	
6446	0	34282	37288	45188	37484	
6447	0	34298	37314	45281	37488	
6448	0	34300	37330	45352	37458	
6449	0	34272	37340	45448	37474	
6450	0	34212	37298	45504	37433	
6451	0	34250	37280	45608	37428	
6452	0	34288	37256	45632	37408	
6453	0	34272	37272	45696	37424	
6454	0	34237	37288	45768	37405	
6455	0	34224	37336	45792	37376	
6456	0	34254	37322	45836	37408	
6457	0	34273	37309	45940	37412	
6458	0	34296	37296	45904	37348	
6459	0	34284	37269	45932	37320	
6460	0	34281	37275	46000	37348	
6461	0	34270	37280	45980	37304	
6462	0	34240	37285	45964	37257	
6463	0	34204	37254	46112	37240	
6464	0	34236	37296	46052	37230	
6465	0	34212	37306	46017	37236	
6466	0	34216	37320	46048	37136	
6467	0	34240	37296	45989	37096	
6468	0	34252	37292	45940	37064	
6469	0	34248	37281	45956	37048	
6470	0	34282	37272	45948	36996	
6471	0	34254	37304	45848	36936	
6472	0	34232	37300	45876	36908	
6473	0	34233	37312	45828	36800	
6474	0	34224	37340	45720	36792	
6475	0	34216	37339	45672	36696	
6476	0	34224	37348	45676	36692	
6477	0	34208	37336	45524	36564	
6478	0	34216	37326	45512	36536	
6479	0	34185	37328	45428	36404	
6480	0	34208	37344	45332	36372	
6481	0	34208	37332	45176	36244	
6482	0	34192	37348	45032	36168	
6483	0	34193	37386	44924	36072	
6484	0	34172	37348	44812	35976	
6485	0	34172	37356	44644	35904	
6486	0	34176	37344	44484	35820	
6487	0	34168	37337	44344	35704	
6488	0	34160	37333	44204	35664	
6489	0	34132	37360	44064	35504	
6490	0	34157	37360	43796	35404	
6491	0	34146	37356	43565	35306	
6492	0	34144	37370	43356	35264	
6493	0	34152	37360	43121	35156	
6494	0	34140	37376	42889	35028	
6495	0	34188	37312	42664	34976	
6496	0	34144	37377	42372	34872	
6497	0	34141	37352	42104	34762	
6498	0	34148	37368	41832	34697	
6499	0	34124	37365	41544	34592	
6500	0	34132	37392	41340	34488	
6501	0	34160	37360	40908	34401	
6502	0	34133	37328	40569	34320	
6503	0	34152	37296	40356	34235	
6504	0	34116	37340	39924	34156	
6505	0	34132	37320	39696	34057	
6506	0	34148	37345	39272	33956	
6507	0	34100	37344	38992	33880	
6508	0	34098	37376	38528	33822	
6509	0	34108	37448	38264	33728	
6510	0	34105	37368	37808	33644	
6511	0	34116	37426	37533	33540	
6512	0	34100	37452	37065	33452	
6513	0	34122	37444	36716	33376	
6514	0	34148	37408	36320	33264	
6515	0	34130	37418	35964	33160	
6516	0	34128	37400	35636	33066	
6517	0	34062	37398	35276	33042	
6518	0	34016	37232	34864	32888	
6519	0	33984	37211	34474	32788	
6520	0	34128	37112	34108	32769	
6521	0	34136	37152	33744	32585	
6522	0	33976	37240	33412	32532	
6523	0	34024	37416	33009	32491	
6524	0	34012	37524	32645	32332	
6525	0	34172	37636	32300	32213	
6526	0	34072	37596	31941	32198	
6527	0	34385	37514	31584	32002	
6528	0	34272	37586	31232	31894	
6529	0	34113	37616	30877	31844	
6530	0	33848	37602	30530	31716	
6531	0	33952	37488	30195	31568	
6532	0	34249	37696	29833	31452	
6533	0	34452	37728	29508	31382	
6534	0	35592	37496	29176	31216	
6535	0	36728	37232	28824	31092	
6536	0	37424	37154	28488	30968	
6537	0	36228	37492	28189	30843	
6538	0	35000	37376	27836	30712	
6539	0	34412	37352	27580	30608	
6540	0	34582	37269	27280	30464	
6541	0	34728	37520	26928	30336	
6542	0	34528	37674	26704	30188	
6543	0	33856	37457	26414	30068	
6544	0	33584	37572	26146	29920	
6545	0	33022	37593	25884	29856	
6546	0	32776	37865	25620	29662	
6547	0	32500	37896	25350	29560	
6548	0	32353	38064	25132	29392	
6549	0	32578	38068	24904	29309	
6550	0	32777	37804	24682	29180	
6551	0	33244	37304	24504	29032	
6552	0	33168	37532	24224	28998	
6553	0	32948	37160	24052	28860	
6554	0	33484	37132	23888	28760	
6555	0	34520	37410	23637	28592	
6556	0	33044	36840	23516	28544	
6557	0	33732	36272	23386	28461	
6558	0	34208	37476	23170	28358	
6559	0	32420	36957	23010	28272	
6560	0	31560	36960	22920	28162	
6561	0	31057	37305	22688	28088	
6562	0	29888	38108	22640	27988	
6563	0	33936	37200	22465	27915	
6564	0	34994	38068	22406	27878	
6565	0	36009	38618	22253	27729	
6566	0	34824	38944	22144	27693	
6567	0	34532	38478	22072	27594	
6568	0	35408	37736	21996	27516	
6569	0	35284	37224	21900	27398	
6570	0	34960	37230	21785	27332	
6571	0	34736	37036	21732	27278	
6572	0	34388	37096	21657	27184	
6573	0	34468	37044	21538	27068	
6574	0	34728	37050	21512	26988	
6575	0	34864	36960	21434	26889	
6576	0	34892	37042	21384	26801	
6577	0	34865	37096	21292	26704	
6578	0	34868	37200	21268	26605	
6579	0	34776	37276	21176	26508	
6580	0	34758	37340	21152	26404	
6581	0	34696	37328	21118	26285	
6582	0	34812	37408	21060	26239	
6583	0	35065	37704	21061	26140	
6584	0	34808	37252	21001	26052	
6585	0	34940	37316	21040	25912	
6586	0	34944	37368	21013	25784	
6587	0	34912	37372	20966	25697	
6588	0	34792	37508	20978	25584	
6589	0	34994	37357	20956	25469	
6590	0	34845	37256	20916	25352	
6591	0	34784	37268	20906	25200	
6592	0	34816	37308	20976	25056	
6593	0	34745	37298	20916	24978	
6594	0	34725	37312	20976	24836	
6595	0	34768	37312	20976	24708	
6596	0	34724	37312	21012	24560	
6597	0	34564	37356	21028	24397	
6598	0	34708	37352	20968	24289	
6599	0	34672	37400	21002	24136	
6600	0	34658	37284	21057	23992	
6601	0	34592	37240	21121	23893	
6602	0	34636	37344	21125	23719	
6603	0	34692	37209	21117	23568	
6604	0	34700	37212	21184	23464	
6605	0	34696	37369	21278	23376	
6606	0	34824	37200	21282	23226	
6607	0	34968	37056	21312	23064	
6608	0	34884	36888	21396	22956	
6609	0	34672	37060	21421	22862	
6610	0	34400	37508	21488	22706	
6611	0	34045	37924	21572	22602	
6612	0	34602	37504	21638	22462	
6613	0	34528	37388	21660	22364	
6614	0	34853	37200	21734	22301	
6615	0	34844	37226	21788	22216	
6616	0	34977	37184	21912	22112	
6617	0	34928	37285	21926	22040	
6618	0	34788	37484	21959	21978	
6619	0	35008	37284	22116	21920	
6620	0	34856	37148	22122	21860	
6621	0	35072	37069	22230	21816	
6622	0	34905	37121	22260	21770	
6623	0	34944	37052	22363	21772	
6624	0	35058	36938	22440	21771	
6625	0	35096	37013	22529	21768	
6626	0	35128	37348	22632	21805	
6627	0	34992	37137	22669	21861	
6628	0	34913	37208	22806	21908	
6629	0	35044	36922	22904	21968	
6630	0	35124	36924	22994	22064	
6631	0	35041	36868	23065	22178	
6632	0	35168	36896	23184	22312	
6633	0	35348	36848	23274	22441	
6634	0	35208	36860	23296	22604	
6635	0	35000	36980	23448	22768	
6636	0	35194	37037	23592	22968	
6637	0	35344	36936	23660	23173	
6638	0	35356	37016	23778	23392	
6639	0	35464	37164	23908	23614	
6640	0	35480	37160	24022	23854	
6641	0	35356	37049	24173	24104	
6642	0	35488	36952	24276	24421	
6643	0	35433	36728	24412	24640	
6644	0	35412	36708	24555	24930	
6645	0	35464	36682	24640	25225	
6646	0	35364	36877	24826	25536	
6647	0	35552	36800	24962	25823	
6648	0	35588	37088	25140	26118	
6649	0	35780	36740	25282	26450	
6650	0	35734	37028	25489	26784	
6651	0	35504	36935	25660	27132	
6652	0	35432	36720	25784	27460	
6653	0	35276	36465	25968	27740	
6654	0	35101	36508	26204	28130	
6655	0	35242	36356	26380	28403	
6656	0	35448	36048	26557	28752	
6657	0	35836	36024	26772	29072	
6658	0	35848	36064	27021	29376	
6659	0	35638	36292	27233	29756	
6660	0	35432	36400	27476	30032	
6661	0	35428	36052	27668	30358	
6662	0	35596	35916	27932	30685	
6663	0	35640	36416	28164	30992	
6664	0	35732	37148	28420	31392	
6665	0	36301	36768	28672	31701	
6666	0	36388	36369	28936	32026	
6667	0	36060	36072	29176	32256	
6668	0	36052	35936	29452	32556	
6669	0	36112	36496	29712	32832	
6670	0	36230	36960	29996	33174	
6671	0	36280	37496	30268	33416	
6672	0	36328	38516	30525	33776	
6673	0	35893	38724	30812	33957	
6674	0	36096	39224	31120	34272	
6675	0	37060	39905	31396	34496	
6676	0	37912	41016	31700	34776	
6677	0	38172	42989	32000	35012	
6678	0	37924	45028	32292	35312	
6679	0	37344	46420	32545	35477	
6680	0	36786	46868	32872	35760	
6681	0	35826	45988	33154	35992	
6682	0	35856	44356	33424	36072	
6683	0	36140	42889	33732	36270	
6684	0	36128	40588	34016	36474	
6685	0	37243	38648	34272	36640	
6686	0	37920	35156	34560	36832	
6687	0	39556	31736	34904	37092	
6688	0	38904	27376	35216	37209	
6689	0	35988	28328	35469	37429	
6690	0	34936	29460	35740	37478	
6691	0	33092	30038	36041	37672	
6692	0	32844	29995	36340	37828	
6693	0	32450	27753	36612	38120	
6694	0	29878	31362	36932	38276	
6695	0	29601	32696	37256	38472	
6696	0	29552	32460	37609	38657	
6697	0	29185	32700	37910	38696	
6698	0	29404	32422	38252	38898	
6699	0	29768	32696	38708	39104	
6700	0	29776	33426	38944	39436	
6701	0	30244	33732	39292	39608	
6702	0	30724	33897	39768	39770	
6703	0	31204	34112	39992	40008	
6704	0	32160	34069	40380	40269	
6705	0	32544	34184	40776	40408	
6706	0	33232	34457	41126	40676	
6707	0	33368	34756	41484	40868	
6708	0	33504	35040	42024	41128	
6709	0	33808	35548	42384	41352	
6710	0	34132	35083	42656	41588	
6711	0	34912	35428	43088	41776	
6712	0	35544	35320	43428	41936	
6713	0	36092	35272	43744	42204	
6714	0	36537	36152	44084	42356	
6715	0	36402	35996	44457	42425	
6716	0	36698	36400	44761	42636	
6717	0	36828	36800	45072	42736	
6718	0	37044	37448	45372	42749	
6719	0	37321	37584	45704	42824	
6720	0	37448	38188	46036	42984	
6721	0	37257	37524	46248	43008	
6722	0	37568	38190	46580	43021	
6723	0	37324	38036	46788	43016	
6724	0	37476	38720	47008	42988	
6725	0	37492	38820	47264	42996	
6726	0	37553	38564	47516	42992	
6727	0	37432	38277	47760	42928	
6728	0	37108	38090	47909	42900	
6729	0	36784	38228	48112	42832	
6730	0	36832	38140	48308	42740	
6731	0	36440	37856	48504	42612	
6732	0	36340	38210	48680	42548	
6733	0	35396	38096	48824	42412	
6734	0	34904	37764	48960	42309	
6735	0	34776	37058	49124	42178	
6736	0	35144	36315	49308	42041	
6737	0	35672	35593	49368	41904	
6738	0	36106	35584	49529	41749	
6739	0	36228	35888	49704	41604	
6740	0	36057	36268	49712	41436	
6741	0	35596	36648	49888	41275	
6742	0	34738	36908	49988	41140	
6743	0	34001	37100	50024	40980	
6744	0	33256	36936	50084	40784	
6745	0	34620	22705	50160	40588	
6746	0	32336	40485	50232	40464	
6747	0	36466	37080	50280	40208	
6748	0	37800	40722	50325	40089	
6749	0	38304	41033	50352	39856	
6750	0	29880	48340	50428	39741	
6751	0	24320	34488	50489	39576	
6752	0	47760	40380	50425	39328	
6753	0	30952	46384	50428	39204	
6754	0	26088	47608	50496	39072	
6755	0	30200	48768	50508	38836	
6756	0	34345	39936	50564	38677	
6757	0	36440	34762	50508	38640	
6758	0	38617	35628	50560	38480	
6759	0	36368	35728	50468	38336	
6760	0	35861	34281	50560	38176	
6761	0	34869	35772	50520	37984	
6762	0	33956	36524	50548	37916	
6763	0	34688	36184	50569	37818	
6764	0	35752	35968	50573	37744	
6765	0	36156	37072	50572	37644	
6766	0	35882	37520	50560	37600	
6767	0	35296	37444	50644	37548	
6768	0	34592	37616	50685	37512	
6769	0	34912	37104	50788	37496	
6770	0	35044	37072	50844	37484	
6771	0	35069	36880	50906	37476	
6772	0	34732	36656	50972	37553	
6773	0	34740	36393	51100	37524	
6774	0	34538	36429	51240	37528	
6775	0	34600	36356	51360	37556	
6776	0	34817	36492	51396	37564	
6777	0	35208	36808	51545	37604	
6778	0	35240	37376	51688	37661	
6779	0	34684	37412	51728	37712	
6780	0	34896	37452	51872	37712	
6781	0	34889	37400	52024	37728	
6782	0	34808	37424	52060	37820	
6783	0	34896	37902	52116	37824	
6784	0	34798	37516	52288	37820	
6785	0	34920	37192	52388	37828	
6786	0	35072	37029	52356	37816	
6787	0	35121	36928	52488	37789	
6788	0	34784	37424	52448	37784	
6789	0	35016	37284	52504	37740	
6790	0	34981	37496	52504	37708	
6791	0	35004	37258	52504	37604	
6792	0	35316	36960	52500	37544	
6793	0	35236	36624	52484	37481	
6794	0	35430	36732	52440	37368	
6795	0	35154	36784	52432	37288	
6796	0	34808	36840	52424	37154	
6797	0	35104	36829	52340	37060	
6798	0	35524	36892	52184	36980	
6799	0	35516	37216	52136	36792	
6800	0	36088	37292	52024	36681	
6801	0	35441	37160	51896	36596	
6802	0	35812	36988	51792	36384	
6803	0	35616	36505	51716	36272	
6804	0	35332	35789	51508	36176	
6805	0	35300	35713	51413	36016	
6806	0	35724	35744	51184	35804	
6807	0	35360	35892	51032	35684	
6808	0	35788	36312	50812	35512	
6809	0	36065	36737	50600	35420	
6810	0	36564	37412	50448	35256	
6811	0	36612	37576	50204	35096	
6812	0	36064	36888	49988	34972	
6813	0	36288	36328	49824	34806	
6814	0	35736	36052	49512	34556	
6815	0	35656	35508	49265	34482	
6816	0	36108	35668	49033	34324	
6817	0	36288	36492	48764	34160	
6818	0	36256	37116	48528	33976	
6819	0	36364	37404	48320	33824	
6820	0	36900	38032	47997	33712	
6821	0	37096	39236	47728	33548	
6822	0	36424	41320	47456	33432	
6823	0	37008	43546	47176	33297	
6824	0	37624	44373	46908	33088	
6825	0	38786	45536	46668	33028	
6826	0	39236	45276	46372	32772	
6827	0	39194	45044	46061	32716	
6828	0	38036	43688	45760	32600	
6829	0	36042	41588	45528	32488	
6830	0	34800	38844	45208	32392	
6831	0	35840	37240	44956	32280	
6832	0	34736	35360	44684	32160	
6833	0	32396	34458	44344	32072	
6834	0	32377	31248	44089	32020	
6835	0	31042	29536	43776	31916	
6836	0	30298	28738	43564	31836	
6837	0	31276	30350	43232	31796	
6838	0	30538	29634	42957	31780	
6839	0	29949	30317	42660	31752	
6840	0	31090	31424	42528	31704	
6841	0	31018	32152	42120	31780	
6842	0	30616	32620	41892	31736	
6843	0	31170	33465	41632	31704	
6844	0	31202	33804	41338	31800	
6845	0	31568	34248	41080	31808	
6846	0	32089	34112	40857	31820	
6847	0	32784	34672	40593	31948	
6848	0	32496	34924	40368	31992	
6849	0	33520	34992	40112	32056	
6850	0	34320	35176	39892	32123	
6851	0	35256	35154	39648	32184	
6852	0	35704	35376	39413	32228	
6853	0	36268	35842	39188	32308	
6854	0	36556	36209	39032	32393	
6855	0	36381	36488	38658	32432	
6856	0	36129	37355	38412	32488	
6857	0	36448	37608	38168	32524	
6858	0	37248	37816	37896	32564	
6859	0	38084	38488	37616	32576	
6860	0	39072	38688	37364	32584	
6861	0	39376	38248	37056	32610	
6862	0	39524	38882	36764	32610	
6863	0	39488	38609	36485	32560	
6864	0	39617	38368	36181	32496	
6865	0	39204	37760	35904	32484	
6866	0	39036	37865	35649	32406	
6867	0	38924	37772	35256	32313	
6868	0	38360	37674	35008	32248	
6869	0	38164	37434	34642	32090	
6870	0	37216	37044	34320	32032	
6871	0	36796	37177	34000	31832	
6872	0	35844	37012	33640	31712	
6873	0	35282	37032	33313	31560	
6874	0	34928	36928	32996	31476	
6875	0	34857	36585	32648	31266	
6876	0	34736	35784	32317	31164	
6877	0	35708	36088	31980	30936	
6878	0	35454	35689	31680	30780	
6879	0	35314	35753	31304	30605	
6880	0	34794	36308	30980	30429	
6881	0	34304	36624	30648	30280	
6882	0	33944	36948	30308	30066	
6883	0	46554	36360	29968	29914	
6884	0	32144	32276	29669	29748	
6885	0	38184	38640	29262	29505	
6886	0	34388	36336	28949	29392	
6887	0	38288	47392	28553	29140	
6888	0	26437	38892	28252	28956	
6889	0	30030	42316	27904	28776	
6890	0	31384	43424	27597	28657	
6891	0	40620	35248	27281	28492	
6892	0	42944	47568	26866	28308	
6893	0	25790	45129	26561	28068	
6894	0	31604	47473	26205	27898	
6895	0	34366	41696	25924	27768	
6896	0	36132	34753	25572	27636	
6897	0	36548	35544	25264	27428	
6898	0	37780	34468	24952	27308	
6899	0	35768	35489	24632	27144	
6900	0	34458	36320	24227	27016	
6901	0	34496	36816	23968	26893	
6902	0	35484	36844	23640	26836	
6903	0	35586	37004	23366	26684	
6904	0	35476	37061	23036	26593	
6905	0	35101	36872	22800	26534	
6906	0	35504	36812	22484	26474	
6907	0	35096	36994	22226	26406	
6908	0	34952	36960	21980	26364	
6909	0	34896	36956	21704	26320	
6910	0	34770	36928	21481	26293	
6911	0	34784	36872	21284	26305	
6912	0	34824	37012	21077	26316	
6913	0	34833	37192	20914	26284	
6914	0	34649	37264	20682	26345	
6915	0	34804	37268	20472	26384	
6916	0	34792	37200	20269	26404	
6917	0	34845	37172	20114	26448	
6918	0	34913	37160	19988	26476	
6919	0	34962	37281	19752	26540	
6920	0	34970	37408	19530	26604	
6921	0	34920	37593	19389	26585	
6922	0	34946	37657	19140	26588	
6923	0	34892	37542	19005	26656	
6924	0	35093	37360	18733	26672	
6925	0	35328	37640	18610	26640	
6926	0	35004	37580	18348	26598	
6927	0	35288	37624	18167	26644	
6928	0	35176	37324	17920	26616	
6929	0	35348	36984	17716	26500	
6930	0	35080	36544	17453	26548	
6931	0	34960	36144	17232	26528	
6932	0	34964	35804	16968	26468	
6933	0	34904	35524	16746	26376	
6934	0	35684	36233	16508	26308	
6935	0	35152	37408	16224	26168	
6936	0	35812	37330	16005	26148	
6937	0	35601	37112	15775	26120	
6938	0	36064	36241	15500	26028	
6939	0	35792	36312	15280	25950	
6940	0	34864	35884	14964	25780	
6941	0	35464	35172	14797	25694	
6942	0	35416	35312	14548	25564	
6943	0	35349	35516	14314	25500	
6944	0	36216	36668	14104	25428	
6945	0	36690	38036	13860	25324	
6946	0	36544	37820	13633	25224	
6947	0	36080	36632	13416	25112	
6948	0	35776	35690	13213	24916	
6949	0	35556	35624	12987	24832	
6950	0	35996	36160	12780	24729	
6951	0	36336	36704	12596	24601	
6952	0	36508	37281	12421	24418	
6953	0	36802	37744	12197	24228	
6954	0	36960	38456	12064	24209	
6955	0	36448	38924	11870	24020	
6956	0	37112	40572	11708	23976	
6957	0	36685	43660	11548	23832	
6958	0	37612	45352	11398	23692	
6959	0	37540	45660	11234	23608	
6960	0	36768	44992	11045	23520	
6961	0	36690	43680	10981	23420	
6962	0	35368	41272	10828	23176	
6963	0	34844	38836	10618	23120	
6964	0	35004	37146	10571	23050	
6965	0	34288	35372	10412	23096	
6966	0	34857	33428	10362	23032	
6967	0	34218	34340	10258	22938	
6968	0	31781	32689	10208	22978	
6969	0	32444	30520	10084	22764	
6970	0	32624	30472	10069	23008	
6971	0	32776	30704	10022	22950	
6972	0	31300	30420	10002	23098	
6973	0	31701	30464	10009	23214	
6974	0	31685	31530	9970	23337	
6975	0	31940	32289	10087	23462	
6976	0	32032	32968	10096	23653	
6977	0	32000	33642	10172	23860	
6978	0	32248	34594	10235	24072	
6979	0	32610	34601	10350	24353	
6980	0	33012	34732	10446	24621	
6981	0	33513	34868	10604	24926	
6982	0	33402	34928	10741	25246	
6983	0	34025	35152	10913	25646	
6984	0	34638	35316	11082	25832	
6985	0	35160	35248	11292	26337	
6986	0	35505	35560	11464	26730	
6987	0	35824	35872	11690	27106	
6988	0	35868	36206	11909	27508	
6989	0	35576	36716	12101	27884	
6990	0	35256	37120	12396	28322	
6991	0	34761	37396	12634	28584	
6992	0	35136	37990	12885	29144	
6993	0	35701	38144	13122	29537	
6994	0	36268	38346	13376	29890	
6995	0	37456	39356	13586	30284	
6996	0	38092	38952	13872	30666	
6997	0	38348	38842	14113	31012	
6998	0	38444	38672	14388	31329	
6999	0	38744	38576	14632	31688	
7000	0	38745	37792	14832	31996	
7001	0	38384	37848	15166	32338	
7002	0	37904	37824	15381	32636	
7003	0	37052	37988	15644	32912	
7004	0	35769	38040	15956	33180	
7005	0	35488	37933	16159	33420	
7006	0	35024	37856	16420	33668	
7007	0	35396	37049	16738	33884	
7008	0	35764	36504	17022	34186	
7009	0	36632	36080	17248	34380	
7010	0	36785	35364	17564	34638	
7011	0	36688	35146	17831	34652	
7012	0	36377	35380	18147	35043	
7013	0	36108	35769	18437	35170	
7014	0	35612	36060	18744	35388	
7015	0	36024	36868	19016	35508	
7016	0	35120	36068	19338	35680	
7017	0	35456	36280	19618	35861	
7018	0	35021	36034	19868	35968	
7019	0	34688	36033	20258	36140	
7020	0	33808	35869	20560	36284	
7021	0	36944	20670	21020	36356	
7022	0	36000	42916	21211	36468	
7023	0	45208	25102	21568	36580	
7024	0	29954	48848	21752	36516	
7025	0	35508	42232	22102	36811	
7026	0	25850	41780	22424	36888	
7027	0	32420	39808	22730	36956	
7028	0	33656	38620	23105	37030	
7029	0	34092	41940	23344	37124	
7030	0	42232	39056	23705	37120	
7031	0	37616	45520	24004	37200	
7032	0	23610	48944	24288	37260	
7033	0	33300	44504	24632	37341	
7034	0	37010	36700	25014	37405	
7035	0	36792	35212	25333	37488	
7036	0	36656	35278	25650	37508	
7037	0	35908	35369	25917	37652	
7038	0	35136	34964	26242	37650	
7039	0	34936	35392	26600	37728	
7040	0	35492	35720	26945	37804	
7041	0	35480	36240	27266	37898	
7042	0	35817	36724	27576	38012	
7043	0	35664	36980	27956	38154	
7044	0	35900	37424	28276	38244	
7045	0	35496	37313	28681	38354	
7046	0	35476	37156	29025	38448	
7047	0	35092	37044	29400	38644	
7048	0	34984	36800	29824	38784	
7049	0	34984	36616	30220	38948	
7050	0	35012	36465	30636	39089	
7051	0	34788	36328	31045	39232	
7052	0	34808	36256	31464	39456	
7053	0	34833	36361	31910	39666	
7054	0	35122	36872	32330	39816	
7055	0	35162	37448	32760	40000	
7056	0	35016	37693	33200	40216	
7057	0	35076	37648	33656	40352	
7058	0	35096	37428	34080	40400	
7059	0	35036	37228	34528	40700	
7060	0	35094	37088	34972	40800	
7061	0	35120	37226	35400	41000	
7062	0	35084	37284	35880	40962	
7063	0	35200	37020	36336	41113	
7064	0	35122	36884	36692	41184	
7065	0	35120	36840	37140	41360	
7066	0	35060	36736	37496	41476	
7067	0	35236	37056	37961	41485	
7068	0	35640	36921	38328	41444	
7069	0	35624	36874	38608	41456	
7070	0	35177	36793	39072	41430	
7071	0	35572	36509	39354	41448	
7072	0	35504	36154	39597	41450	
7073	0	35376	35945	39912	41424	
7074	0	35436	36124	40208	41452	
7075	0	35822	36956	40544	41394	
7076	0	35492	37832	40856	41212	
7077	0	36085	37892	41032	41244	
7078	0	35756	37220	41288	41065	
7079	0	35801	36730	41600	40984	
7080	0	35373	36329	41786	40937	
7081	0	35352	35257	42012	40876	
7082	0	34992	34802	42232	40744	
7083	0	34804	34572	42492	40676	
7084	0	35688	35376	42672	40468	
7085	0	35784	37297	42944	40386	
7086	0	36236	37677	43124	40320	
7087	0	36692	37720	43204	40152	
7088	0	36492	37200	43365	39984	
7089	0	36156	36580	43604	39884	
7090	0	36048	36548	43656	39732	
7091	0	36372	37058	43882	39649	
7092	0	36384	37666	43938	39544	
7093	0	36426	37940	44054	39353	
7094	0	37148	38456	44160	39224	
7095	0	36512	41068	44244	39088	
7096	0	36424	43488	44328	38972	
7097	0	37060	45752	44416	38840	
7098	0	37080	46356	44436	38656	
7099	0	37133	45692	44496	38552	
7100	0	37226	43924	44592	38372	
7101	0	35412	41689	44600	38232	
7102	0	34924	39232	44569	38080	
7103	0	35548	37417	44632	37921	
7104	0	34250	35796	44618	37768	
7105	0	34707	33712	44576	37624	
7106	0	33354	33552	44532	37476	
7107	0	31644	31244	44540	37332	
7108	0	32603	30264	44468	37186	
7109	0	33276	30410	44416	37064	
7110	0	31845	31241	44376	36924	
7111	0	29748	30065	44368	36810	
7112	0	31464	30817	44249	36733	
7113	0	31585	31272	44268	36613	
7114	0	31792	31976	44160	36536	
7115	0	32378	32620	44192	36472	
7116	0	32371	33344	44104	36440	
7117	0	32336	33981	44098	36396	
7118	0	32425	34232	44096	36402	
7119	0	32704	34496	44004	36356	
7120	0	33432	34704	44032	36370	
7121	0	33560	35132	43960	36400	
7122	0	34396	35288	43978	36417	
7123	0	34960	35610	43880	36448	
7124	0	35264	35981	43944	36466	
7125	0	35412	36176	43892	36521	
7126	0	35736	36472	43864	36552	
7127	0	35984	36792	43776	36592	
7128	0	35892	37272	43712	36642	
7129	0	35850	37672	43640	36696	
7130	0	36121	37525	43564	36718	
7131	0	37000	37984	43460	36740	
7132	0	37632	37761	43452	36749	
7133	0	37952	37984	43340	36762	
7134	0	38770	38640	43136	36768	
7135	0	38972	38609	42964	36752	
7136	0	39192	38540	42812	36708	
7137	0	39040	38700	42633	36676	
7138	0	39121	38548	42449	36609	
7139	0	38736	38556	42296	36529	
7140	0	38564	38512	42004	36472	
7141	0	37880	38500	41797	36389	
7142	0	37508	38265	41624	36284	
7143	0	36688	37688	41288	36144	
7144	0	36296	36800	41020	36017	
7145	0	35904	36177	40752	35900	
7146	0	35584	35962	40536	35773	
7147	0	34960	35817	40233	35608	
7148	0	34476	35952	39972	35444	
7149	0	34456	36328	39580	35313	
7150	0	34360	36296	39264	35096	
7151	0	34264	35941	38976	34960	
7152	0	34700	36129	38620	34755	
7153	0	34904	35924	38290	34604	
7154	0	34968	35656	37960	34409	
7155	0	34774	35712	37636	34236	
7156	0	34554	35972	37348	34037	
7157	0	34205	36064	36968	33857	
7158	0	44448	39372	36648	33709	
7159	0	30776	40080	36280	33565	
7160	0	35580	39104	35946	33313	
7161	0	37884	33242	35645	33140	
7162	0	35384	51068	35268	32956	
7163	0	30208	41232	34945	32744	
7164	0	34192	40696	34618	32584	
7165	0	31184	39032	34252	32384	
7166	0	35256	40741	33929	32177	
7167	0	33962	39024	33604	32041	
7168	0	30400	39584	33236	31829	
7169	0	42008	46416	32916	31668	
7170	0	30852	46916	32556	31497	
7171	0	34704	39948	32212	31360	
7172	0	36368	35116	31888	31200	
7173	0	36964	34680	31553	31020	
7174	0	36120	35137	31176	30826	
7175	0	35408	36233	30848	30644	
7176	0	35100	36168	30534	30508	
7177	0	35376	36640	30212	30360	
7178	0	35600	36488	29900	30308	
7179	0	35520	36637	29602	30108	
7180	0	35580	36844	29312	30064	
7181	0	35580	36888	29033	29884	
7182	0	35420	37036	28792	29798	
7183	0	35348	37276	28560	29692	
7184	0	35256	37084	28300	29682	
7185	0	35152	36832	28092	29537	
7186	0	35113	36692	27921	29465	
7187	0	35105	36560	27709	29410	
7188	0	35288	36506	27549	29400	
7189	0	35160	36928	27380	29312	
7190	0	35064	37116	27184	29353	
7191	0	34893	37234	27090	29300	
7192	0	35037	37208	26950	29181	
7193	0	34841	37284	26816	29144	
7194	0	34896	37340	26632	29152	
7195	0	34932	37432	26528	29118	
7196	0	35076	37354	26412	29088	
7197	0	34888	37220	26270	28980	
7198	0	34869	37192	26120	28938	
7199	0	34976	37242	26000	28856	
7200	0	35124	37320	25812	28828	
7201	0	35068	37188	25680	28720	
7202	0	35092	37300	25593	28708	
7203	0	34812	36716	25410	28538	
7204	0	35336	36960	25244	28506	
7205	0	35244	37296	25028	28328	
7206	0	35032	37332	24882	28247	
7207	0	35112	37290	24642	28108	
7208	0	35436	37084	24528	27962	
7209	0	35132	36830	24336	27836	
7210	0	35242	36400	24096	27704	
7211	0	35472	36045	23896	27540	
7212	0	35628	35936	23700	27401	
7213	0	35392	36000	23460	27248	
7214	0	35416	35996	23201	27149	
7215	0	36080	36210	23004	26924	
7216	0	35537	36492	22757	26796	
7217	0	35680	36528	22587	26641	
7218	0	35564	36576	22369	26472	
7219	0	35486	36500	22108	26336	
7220	0	35744	36356	21900	26205	
7221	0	35580	35812	21704	26061	
7222	0	35528	35412	21404	25900	
7223	0	36140	35904	21212	25808	
7224	0	35988	36485	21048	25604	
7225	0	36024	36560	20802	25477	
7226	0	36080	36644	20636	25369	
7227	0	36440	36944	20336	25260	
7228	0	36293	37080	20177	25064	
7229	0	36748	37144	20022	24996	
7230	0	36994	37448	19765	24876	
7231	0	36362	38092	19624	24828	
7232	0	36944	38928	19392	24669	
7233	0	36876	40796	19258	24592	
7234	0	36880	42984	19036	24423	
7235	0	37876	44768	18896	24384	
7236	0	37604	45744	18780	24302	
7237	0	38080	46140	18604	24184	
7238	0	37440	45280	18448	24161	
7239	0	36256	43432	18285	24144	
7240	0	34872	40748	18138	24064	
7241	0	35137	38068	18013	23990	
7242	0	34945	36572	17880	24012	
7243	0	35144	34885	17758	23936	
7244	0	33592	32290	17689	23956	
7245	0	32624	29195	17571	23904	
7246	0	31914	28481	17485	23918	
7247	0	33129	29492	17372	23872	
7248	0	30274	31276	17276	23920	
7249	0	29060	30769	17220	23908	
7250	0	29868	31324	17154	23944	
7251	0	30745	32024	17042	24060	
7252	0	30366	33072	16979	24184	
7253	0	30588	33484	16978	24258	
7254	0	31329	33562	17057	24442	
7255	0	31676	33812	17001	24558	
7256	0	32389	33980	17122	24780	
7257	0	32924	34201	17168	24986	
7258	0	33612	34452	17241	25201	
7259	0	34008	34753	17331	25468	
7260	0	34912	35000	17412	25692	
7261	0	35130	35093	17596	26084	
7262	0	35484	35336	17762	26408	
7263	0	35868	35485	17932	26716	
7264	0	35793	35878	18058	27064	
7265	0	35616	36200	18338	27488	
7266	0	35760	36828	18512	27820	
7267	0	35624	37332	18744	28168	
7268	0	35466	37177	19065	28632	
7269	0	35112	37386	19292	29040	
7270	0	35256	38176	19574	29422	
7271	0	35650	38332	19812	29810	
7272	0	36448	38676	20139	30208	
7273	0	37004	38744	20368	30578	
7274	0	37412	38116	20706	30968	
7275	0	37868	38048	21026	31328	
7276	0	38064	38044	21304	31680	
7277	0	38089	38100	21588	32040	
7278	0	38424	37897	21864	32324	
7279	0	38441	37968	22146	32588	
7280	0	38768	38012	22532	32952	
7281	0	38120	38280	22813	33170	
7282	0	37493	38456	23064	33498	
7283	0	37016	38843	23403	33755	
7284	0	36604	38748	23700	33997	
7285	0	35872	38776	23984	34200	
7286	0	35728	38760	24352	34400	
7287	0	35244	38628	24614	34552	
7288	0	35433	37992	24960	34772	
7289	0	35762	37236	25225	34946	
7290	0	36352	36292	25504	35108	
7291	0	36994	35864	25824	35242	
7292	0	36344	35360	26121	35376	
7293	0	37236	36092	26412	35520	
7294	0	36252	37176	26760	35624	
7295	0	35276	37545	27064	35769	
7296	0	34928	37244	27336	35808	
7297	0	34060	36468	27650	35936	
7298	0	34168	35861	27976	36080	
7299	0	34416	32472	28296	36128	
7300	0	35400	23312	28617	36265	
7301	0	33448	44320	28874	36404	
7302	0	35428	35968	29204	36472	
7303	0	30666	37632	29505	36552	
7304	0	34040	49233	29748	36677	
7305	0	28514	38664	30124	36760	
7306	0	33346	39568	30400	36904	
7307	0	37706	38984	30724	36928	
7308	0	36452	44124	31012	37084	
7309	0	35632	45544	31304	37188	
7310	0	28920	46441	31648	37304	
7311	0	34556	42356	31984	37420	
7312	0	35592	36168	32232	37544	
7313	0	36520	35269	32541	37672	
7314	0	37068	35522	32832	37792	
7315	0	36336	36280	33132	37972	
7316	0	35640	36744	33484	38130	
7317	0	35312	36544	33768	38181	
7318	0	35425	37066	34016	38305	
7319	0	35489	37252	34317	38448	
7320	0	35402	36768	34692	38592	
7321	0	35644	36292	35004	38792	
7322	0	35600	36364	35229	38900	
7323	0	35368	36544	35604	39064	
7324	0	35188	36644	35906	39217	
7325	0	35229	36752	36236	39401	
7326	0	35304	36628	36560	39556	
7327	0	35388	36364	36888	39856	
7328	0	35264	36490	37332	39868	
7329	0	35404	36532	37665	40106	
7330	0	35057	36680	38004	40360	
7331	0	35216	36785	38344	40496	
7332	0	35112	36860	38696	40664	
7333	0	35276	36652	39005	40692	
7334	0	34840	37049	39336	40932	
7335	0	34884	37100	39704	40912	
7336	0	35150	37120	40012	41008	
7337	0	34920	37452	40408	41240	
7338	0	35060	37528	40652	41200	
7339	0	35178	37556	41026	41384	
7340	0	35220	37649	41248	41436	
7341	0	35028	37448	41536	41348	
7342	0	35242	37580	41908	41461	
7343	0	35244	37330	42189	41376	
7344	0	35258	37104	42344	41501	
7345	0	35420	37224	42508	41462	
7346	0	35210	36748	42712	41320	
7347	0	35404	36840	42984	41296	
7348	0	35464	37092	43129	41217	
7349	0	35432	36924	43256	41220	
7350	0	35284	37000	43504	41104	
7351	0	35322	37009	43546	40992	
7352	0	35158	36984	43689	40880	
7353	0	35156	37008	43840	40828	
7354	0	35250	36820	43920	40741	
7355	0	35286	36976	44100	40578	
7356	0	35588	37012	44184	40520	
7357	0	35304	36944	44232	40408	
7358	0	35316	36776	44318	40224	
7359	0	35385	36952	44468	40112	
7360	0	35316	36978	44468	40065	
7361	0	35092	36904	44600	39934	
7362	0	35140	37141	44620	39856	
7363	0	35436	37264	44740	39709	
7364	0	35548	37153	44732	39625	
7365	0	35616	37363	44777	39496	
7366	0	35496	37400	44836	39400	
7367	0	35736	37620	44928	39280	
7368	0	35492	37744	44976	39196	
7369	0	35354	37912	44976	39072	
7370	0	35252	38712	45032	38968	
7371	0	35224	39301	45088	38882	
7372	0	35780	39616	45060	38784	
7373	0	36000	39672	45100	38684	
7374	0	35548	39672	45098	38601	
7375	0	35072	40068	45165	38496	
7376	0	35076	39848	45184	38400	
7377	0	35164	39904	45104	38298	
7378	0	35032	40224	45152	38184	
7379	0	34618	39884	45140	38112	
7380	0	35050	40104	45120	37988	
7381	0	36028	39948	45116	37904	
7382	0	37489	39660	45040	37796	
7383	0	37596	39240	45096	37712	
7384	0	38292	38376	44996	37624	
7385	0	37813	37484	45004	37512	
7386	0	37448	36672	45002	37420	
7387	0	36840	36680	44900	37364	
7388	0	35821	36440	44880	37241	
7389	0	35160	35492	44864	37164	
7390	0	35026	35365	44776	37065	
7391	0	34960	34428	44728	36997	
7392	0	35016	34152	44728	36884	
7393	0	34368	34016	44601	36788	
7394	0	34640	33940	44588	36716	
7395	0	34016	32938	44500	36600	
7396	0	32876	33904	44376	36480	
7397	0	31696	34261	44252	36404	
7398	0	30796	34944	44136	36268	
7399	0	31156	34721	44008	36140	
7400	0	31278	34800	43884	36000	
7401	0	31530	34689	43736	35873	
7402	0	31368	35108	43608	35706	
7403	0	31713	35288	43480	35608	
7404	0	32178	35212	43264	35408	
7405	0	32640	35312	43024	35249	
7406	0	32892	35544	42836	35122	
7407	0	32948	36012	42624	34977	
7408	0	33088	36372	42496	34808	
7409	0	33272	36776	42214	34608	
7410	0	33776	37168	42072	34464	
7411	0	34202	37508	41784	34316	
7412	0	34741	37856	41473	34160	
7413	0	35252	38053	41292	33976	
7414	0	35738	38361	41020	33840	
7415	0	36076	38665	40700	33640	
7416	0	36260	38913	40392	33488	
7417	0	36224	39160	40136	33336	
7418	0	36320	39512	39844	33164	
7419	0	36576	39632	39568	32996	
7420	0	36536	39532	39352	32854	
7421	0	36616	39712	39026	32676	
7422	0	36340	39734	38776	32524	
7423	0	35949	39856	38404	32364	
7424	0	35114	40008	38124	32194	
7425	0	34304	39969	37812	32028	
7426	0	33824	40264	37552	31868	
7427	0	32909	40704	37225	31704	
7428	0	31908	40752	36988	31552	
7429	0	30578	40272	36682	31380	
7430	0	29912	39737	36328	31208	
7431	0	29408	39292	36033	31052	
7432	0	29729	38848	35712	30896	
7433	0	30660	38432	35416	30716	
7434	0	33768	37181	35117	30580	
7435	0	33808	37060	34852	30394	
7436	0	32338	37632	34528	30237	
7437	0	30588	44413	34220	30080	
7438	0	31781	42490	33914	29940	
7439	0	38816	37404	33584	29757	
7440	0	40028	40322	33307	29604	
7441	0	29572	39484	32996	29482	
7442	0	33708	39378	32684	29316	
7443	0	35402	41896	32388	29176	
7444	0	33549	40156	32052	29020	
7445	0	34546	37840	31764	28896	
7446	0	35414	36800	31464	28768	
7447	0	35094	36748	31140	28600	
7448	0	35676	36121	30809	28458	
7449	0	35296	36784	30522	28336	
7450	0	35324	36964	30222	28192	
7451	0	35001	37040	29942	28068	
7452	0	35000	37221	29648	27933	
7453	0	34840	37400	29341	27812	
7454	0	34932	37348	29077	27712	
7455	0	34800	37208	28826	27552	
7456	0	35017	37024	28576	27457	
7457	0	35216	36800	28296	27298	
7458	0	35340	36764	28061	27220	
7459	0	35293	37093	27831	27048	
7460	0	34812	37148	27620	26920	
7461	0	34798	37404	27342	26796	
7462	0	34780	37280	27146	26672	
7463	0	34936	37180	26956	26561	
7464	0	34984	37242	26733	26424	
7465	0	35040	37224	26521	26332	
7466	0	35002	37148	26353	26146	
7467	0	34960	37184	26172	26024	
7468	0	34857	37168	25920	25880	
7469	0	34684	37040	25817	25766	
7470	0	34868	37088	25622	25600	
7471	0	35132	37140	25386	25520	
7472	0	35024	37120	25260	25321	
7473	0	35001	36836	25097	25184	
7474	0	35112	37120	24876	25108	
7475	0	34986	37112	24776	24936	
7476	0	35068	36652	24625	24780	
7477	0	35040	37216	24463	24612	
7478	0	34882	37804	24304	24488	
7479	0	35024	37228	24168	24402	
7480	0	34904	36978	23972	24268	
7481	0	34912	37272	23921	24074	
7482	0	35084	36697	23784	23958	
7483	0	34980	37377	23628	23832	
7484	0	34972	37434	23490	23720	
7485	0	34972	37052	23400	23569	
7486	0	35020	36888	23266	23460	
7487	0	35076	36836	23186	23388	
7488	0	35148	37385	23084	23233	
7489	0	35102	37196	22940	23112	
7490	0	34992	37211	22820	23020	
7491	0	35068	36794	22783	22955	
7492	0	35045	37184	22700	22837	
7493	0	34989	36800	22624	22745	
7494	0	34968	37322	22568	22697	
7495	0	35082	37220	22489	22594	
7496	0	35032	37008	22436	22561	
7497	0	35120	36806	22384	22466	
7498	0	35036	37064	22369	22398	
7499	0	34905	37152	22299	22370	
7500	0	34944	37625	22243	22309	
7501	0	35200	37716	22221	22320	
7502	0	35314	37980	22221	22265	
7503	0	35400	37848	22169	22222	
7504	0	35560	38312	22146	22224	
7505	0	35564	38684	22188	22216	
7506	0	35228	39704	22094	22196	
7507	0	36226	40244	22082	22240	
7508	0	35520	41740	22096	22198	
7509	0	36488	42540	22156	22209	
7510	0	36257	43004	22065	22204	
7511	0	35889	43316	22088	22240	
7512	0	35228	44024	22102	22252	
7513	0	34644	43864	22075	22320	
7514	0	34584	43040	22110	22354	
7515	0	34977	42064	22197	22368	
7516	0	35324	40972	22196	22384	
7517	0	35584	38737	22194	22470	
7518	0	35430	36896	22177	22484	
7519	0	37552	35656	22266	22592	
7520	0	36264	34272	22320	22592	
7521	0	35032	33096	22342	22708	
7522	0	34744	31720	22427	22762	
7523	0	34528	32320	22493	22868	
7524	0	33814	32406	22552	22984	
7525	0	32484	32588	22626	23104	
7526	0	33888	31584	22716	23204	
7527	0	33100	32033	22780	23404	
7528	0	30877	33596	22945	23492	
7529	0	30668	34032	23048	23636	
7530	0	30842	34349	23165	23852	
7531	0	31248	34136	23320	23952	
7532	0	31334	34232	23471	24124	
7533	0	31428	34004	23609	24353	
7534	0	31721	34122	23749	24492	
7535	0	31960	34128	23964	24680	
7536	0	32360	34412	24140	24869	
7537	0	32713	34816	24336	25056	
7538	0	33155	35216	24548	25244	
7539	0	33660	35600	24718	25444	
7540	0	33954	36052	24936	25660	
7541	0	34376	36372	25164	25897	
7542	0	34720	36868	25392	26120	
7543	0	34840	37288	25600	26264	
7544	0	34516	37792	25848	26476	
7545	0	34792	38256	26060	26670	
7546	0	34977	38736	26260	26888	
7547	0	35488	39018	26530	27094	
7548	0	36193	38832	26796	27308	
7549	0	36592	38561	26986	27510	
7550	0	36984	37941	27252	27728	
7551	0	36800	38104	27562	27884	
7552	0	36481	38120	27800	28082	
7553	0	36264	37852	28072	28308	
7554	0	35844	37672	28312	28480	
7555	0	35520	37512	28540	28658	
7556	0	35217	37544	28824	28936	
7557	0	34488	37480	29084	29098	
7558	0	33961	37484	29324	29336	
7559	0	33872	37084	29584	29468	
7560	0	33924	37324	29821	29641	
7561	0	34300	37298	30088	29908	
7562	0	34492	36924	30341	30044	
7563	0	35010	36684	30592	30244	
7564	0	34704	36437	30836	30444	
7565	0	34328	36428	31080	30632	
7566	0	34504	36592	31356	30850	
7567	0	34497	36312	31600	31032	
7568	0	34636	36112	31840	31260	
7569	0	34776	36144	32092	31469	
7570	0	34830	36374	32304	31680	
7571	0	34174	36548	32540	31876	
7572	0	33636	36842	32772	32060	
7573	0	33404	36980	33048	32325	
7574	0	33041	37744	33256	32488	
7575	0	33041	37256	33520	32762	
7576	0	33828	37052	33752	32912	
7577	0	34314	35904	33940	33156	
7578	0	38132	27352	34182	33352	
7579	0	34084	37032	34397	33461	
7580	0	35608	41418	34640	33765	
7581	0	40196	39164	34852	33956	
7582	0	36816	42013	35073	34124	
7583	0	27934	47188	35344	34320	
7584	0	29932	32844	35488	34520	
7585	0	41396	55784	35728	34752	
7586	0	25832	56172	35900	34852	
7587	0	30736	43668	36120	35073	
7588	0	33492	33125	36420	35264	
7589	0	36784	35202	36508	35448	
7590	0	36336	31292	36731	35696	
7591	0	37993	35340	36916	35848	
7592	0	35394	35696	37128	36100	
7593	0	33637	36908	37328	36345	
7594	0	35272	36869	37610	36480	
7595	0	35496	37292	37844	36796	
7596	0	35272	37553	38016	36944	
7597	0	35332	37220	38273	37140	
7598	0	35172	36936	38580	37412	
7599	0	35201	36756	38728	37682	
7600	0	35237	37072	39096	37820	
7601	0	34912	36932	39304	38080	
7602	0	35010	36768	39686	38386	
7603	0	34920	36792	39920	38616	
7604	0	34908	36716	40172	38845	
7605	0	34824	36844	40616	38977	
7606	0	34968	36834	40984	39201	
7607	0	34954	37020	41224	39473	
7608	0	34908	37140	41558	39768	
7609	0	34720	37232	41906	39864	
7610	0	34904	37137	42408	40088	
7611	0	35036	37168	42649	40352	
7612	0	34944	37281	43080	40484	
7613	0	34866	37484	43456	40728	
7614	0	34904	37444	43836	40830	
7615	0	34770	37392	44144	41056	
7616	0	34860	37209	44552	41136	
7617	0	35060	37038	44896	41308	
7618	0	34992	37184	45200	41360	
7619	0	34933	37396	45528	41504	
7620	0	34916	37624	45944	41600	
7621	0	34656	37744	46208	41600	
7622	0	35024	37592	46556	41672	
7623	0	35222	37544	46828	41704	
7624	0	35276	37401	47140	41708	
7625	0	35512	37328	47408	41720	
7626	0	35642	37044	47712	41736	
7627	0	35600	36832	47976	41716	
7628	0	35280	36448	48209	41657	
7629	0	35504	36236	48444	41628	
7630	0	35130	36192	48680	41572	
7631	0	34532	36048	48948	41501	
7632	0	35272	36000	49098	41424	
7633	0	36056	36372	49376	41328	
7634	0	35848	37388	49500	41240	
7635	0	36760	37520	49720	41169	
7636	0	35828	36792	49912	41036	
7637	0	35660	36460	50064	40952	
7638	0	35276	35968	50244	40833	
7639	0	35544	35478	50396	40698	
7640	0	35537	35408	50500	40580	
7641	0	35470	35401	50696	40472	
7642	0	35584	35018	50784	40320	
7643	0	35940	35329	50892	40232	
7644	0	36561	36800	51008	40080	
7645	0	36596	37936	51040	39944	
7646	0	37372	38448	51148	39866	
7647	0	37684	38928	51276	39716	
7648	0	36464	40058	51304	39552	
7649	0	35434	41508	51320	39484	
7650	0	36410	42394	51348	39336	
7651	0	36968	43556	51400	39260	
7652	0	37644	45349	51412	39044	
7653	0	38484	45256	51380	38962	
7654	0	38268	44804	51440	38806	
7655	0	37130	43312	51376	38734	
7656	0	35216	40720	51328	38561	
7657	0	34696	38384	51308	38452	
7658	0	34688	36452	51237	38308	
7659	0	35932	35136	51224	38201	
7660	0	33856	34405	51105	38044	
7661	0	33060	31885	51032	37962	
7662	0	31056	28075	50932	37845	
7663	0	31197	28866	50848	37744	
7664	0	33092	29868	50816	37728	
7665	0	28834	29608	50720	37568	
7666	0	29073	30448	50616	37508	
7667	0	30618	31552	50540	37393	
7668	0	30390	32741	50336	37366	
7669	0	30536	33426	50256	37378	
7670	0	31284	34224	50220	37329	
7671	0	31881	34328	50040	37256	
7672	0	32357	34456	49956	37252	
7673	0	32644	34561	49808	37252	
7674	0	33301	34616	49732	37297	
7675	0	33744	34860	49673	37256	
7676	0	34478	35154	49488	37340	
7677	0	34977	35304	49408	37272	
7678	0	35288	35452	49225	37341	
7679	0	35788	35712	49112	37298	
7680	0	36192	35384	48944	37260	
7681	0	36468	35800	48784	37416	
7682	0	36640	36548	48652	37368	
7683	0	36860	36676	48444	37408	
7684	0	36720	37276	48324	37344	
7685	0	36480	36908	48104	37292	
7686	0	37356	37816	47820	37309	
7687	0	37442	38196	47652	37297	
7688	0	38244	38484	47377	37226	
7689	0	38644	38872	47184	37168	
7690	0	39298	39256	46928	37064	
7691	0	39256	38484	46648	37050	
7692	0	39292	38130	46280	36920	
7693	0	39448	37680	46064	36792	
7694	0	39488	37428	45681	36664	
7695	0	38276	37008	45384	36516	
7696	0	38808	37620	45012	36400	
7697	0	38116	37608	44676	36248	
7698	0	37294	37298	44332	36084	
7699	0	36300	37130	43962	35928	
7700	0	35756	36748	43684	35736	
7701	0	36176	36676	43208	35552	
7702	0	36048	36296	42842	35384	
7703	0	35728	35868	42482	35160	
7704	0	35457	35985	42020	34953	
7705	0	35163	36290	41620	34765	
7706	0	34960	36800	41242	34552	
7707	0	35084	36972	40793	34352	
7708	0	35072	37104	40432	34120	
7709	0	34762	36645	39981	33924	
7710	0	34588	36676	39626	33697	
7711	0	34294	36644	39184	33472	
7712	0	40041	32200	38841	33270	
7713	0	32320	28476	38346	33056	
7714	0	34560	44660	37914	32832	
7715	0	38144	32144	37545	32610	
7716	0	34228	48656	37076	32424	
7717	0	29745	42544	36644	32184	
7718	0	24862	42636	36249	31984	
7719	0	30417	42932	35820	31778	
7720	0	39064	37908	35440	31571	
7721	0	42328	47548	34944	31414	
7722	0	23996	46744	34592	31224	
7723	0	32292	43904	34174	31068	
7724	0	36352	37164	33756	30832	
7725	0	36660	34784	33380	30692	
7726	0	36528	34517	32954	30560	
7727	0	36192	35772	32512	30377	
7728	0	35304	36548	32156	30248	
7729	0	34796	36464	31753	30116	
7730	0	35584	36938	31380	29974	
7731	0	35748	37264	31000	29888	
7732	0	35592	37104	30642	29710	
7733	0	35528	36858	30284	29612	
7734	0	35424	36936	29946	29520	
7735	0	35320	36836	29608	29440	
7736	0	35440	36936	29285	29377	
7737	0	35196	36904	28964	29384	
7738	0	35152	36892	28674	29304	
7739	0	35093	36776	28360	29304	
7740	0	35100	36792	28108	29274	
7741	0	35044	36897	27840	29212	
7742	0	35068	36944	27586	29176	
7743	0	35012	37128	27340	29172	
7744	0	34941	37149	27088	29168	
7745	0	34888	37220	26809	29234	
7746	0	34936	37152	26642	29229	
7747	0	34900	37044	26434	29256	
7748	0	34844	37081	26213	29203	
7749	0	35017	37024	26021	29240	
7750	0	35112	37148	25808	29221	
7751	0	35164	37276	25582	29200	
7752	0	35232	37328	25400	29190	
7753	0	35128	37310	25198	29170	
7754	0	35108	37524	24972	29180	
7755	0	35208	37261	24744	29105	
7756	0	35386	37053	24499	29064	
7757	0	35128	36970	24316	29012	
7758	0	35256	36740	24122	28960	
7759	0	35236	36864	23816	28877	
7760	0	35362	36976	23588	28816	
7761	0	35493	37200	23432	28706	
7762	0	35388	37221	23184	28632	
7763	0	35328	36632	22980	28544	
7764	0	35776	36036	22723	28400	
7765	0	34645	35976	22436	28298	
7766	0	35256	35324	22286	28204	
7767	0	35536	35708	22028	28057	
7768	0	36257	36789	21752	27904	
7769	0	35705	37537	21526	27787	
7770	0	35606	37360	21294	27700	
7771	0	36184	36592	21080	27572	
7772	0	35958	35837	20890	27465	
7773	0	35669	35880	20626	27328	
7774	0	35929	36108	20412	27205	
7775	0	36064	36252	20180	27096	
7776	0	36448	36732	19986	26972	
7777	0	36196	37145	19726	26868	
7778	0	36218	37280	19544	26764	
7779	0	36544	37724	19340	26677	
7780	0	36364	38020	19122	26584	
7781	0	36740	38386	18934	26440	
7782	0	36692	40136	18658	26390	
7783	0	36876	43028	18528	26324	
7784	0	37688	45320	18280	26146	
7785	0	37536	46100	18142	26136	
7786	0	37952	45764	17971	26107	
7787	0	37064	44272	17771	26048	
7788	0	35370	42104	17628	25941	
7789	0	35342	39964	17474	25968	
7790	0	34260	37584	17264	25910	
7791	0	34712	34564	17166	25904	
7792	0	34584	34376	17024	25865	
7793	0	31760	32584	16822	25848	
7794	0	31060	30500	16788	25890	
7795	0	32408	30514	16598	25952	
7796	0	33524	30472	16577	26068	
7797	0	29202	30320	16496	26177	
7798	0	29220	30692	16409	26180	
7799	0	31210	31030	16388	26325	
7800	0	31532	31740	16299	26473	
7801	0	32246	32179	16256	26585	
7802	0	31744	33100	16313	26950	
7803	0	32345	33860	16278	27196	
7804	0	32592	34040	16320	27389	
7805	0	33072	34304	16388	27736	
7806	0	33884	34256	16483	27930	
7807	0	34124	34972	16605	28400	
7808	0	34505	34944	16663	28736	
7809	0	35229	35186	16853	28941	
7810	0	35672	35580	17025	29488	
7811	0	35936	35977	17149	29732	
7812	0	36244	36260	17328	30116	
7813	0	36330	36600	17522	30716	
7814	0	36368	36928	17776	31064	
7815	0	35804	37228	17964	31524	
7816	0	36240	38040	18204	31860	
7817	0	36418	37552	18422	32178	
7818	0	36748	38072	18672	32760	
7819	0	37520	38649	18916	33160	
7820	0	38032	38976	19188	33544	
7821	0	38480	38386	19377	33898	
7822	0	38674	38898	19662	34064	
7823	0	39272	38928	19922	34560	
7824	0	39216	38356	20138	34896	
7825	0	38724	37952	20384	35224	
7826	0	38868	37794	20665	35480	
7827	0	38108	37420	20870	35712	
7828	0	37682	37324	21169	35938	
7829	0	36812	36846	21412	36188	
7830	0	36368	36896	21672	36432	
7831	0	36280	36556	21874	36560	
7832	0	36312	36876	22146	36752	
7833	0	35860	36184	22356	36960	
7834	0	36312	35838	22654	37096	
7835	0	36408	35488	22892	37192	
7836	0	35840	35138	23137	37320	
7837	0	34956	35130	23356	37428	
7838	0	34080	35620	23533	37532	
7839	0	33766	35726	23816	37628	
7840	0	33660	36400	24032	37700	
7841	0	33798	36532	24282	37790	
7842	0	34000	36468	24524	37764	
7843	0	44832	32184	24784	37885	
7844	0	32704	38124	24997	37880	
7845	0	41440	35580	25265	37964	
7846	0	35656	47632	25484	38004	
7847	0	31404	44724	25618	38016	
7848	0	27093	42528	25928	38004	
7849	0	29558	39284	26189	37932	
7850	0	40697	38352	26419	38020	
7851	0	36860	39968	26620	38028	
7852	0	42192	52584	26817	37997	
7853	0	24200	49962	27092	37960	
7854	0	35294	39972	27308	37956	
7855	0	38036	33789	27585	37888	
7856	0	38061	33420	27816	37968	
7857	0	36440	35304	28028	37921	
7858	0	35313	36116	28274	37884	
7859	0	34856	35344	28505	37913	
7860	0	35504	35340	28744	37960	
7861	0	35756	36641	29000	38004	
7862	0	36068	37252	29248	38056	
7863	0	35976	37468	29497	38088	
7864	0	35512	37133	29765	38144	
7865	0	36184	36996	30074	38128	
7866	0	35894	36732	30368	38284	
7867	0	35676	36728	30676	38317	
7868	0	35440	36548	31000	38400	
7869	0	35284	36448	31316	38594	
7870	0	35060	36410	31652	38632	
7871	0	35060	36344	32012	38808	
7872	0	35114	36482	32376	38932	
7873	0	35093	36872	32734	39104	
7874	0	35400	37092	33138	39230	
7875	0	35416	37340	33506	39348	
7876	0	35216	37224	33952	39661	
7877	0	35196	37152	34368	39800	
7878	0	34896	37088	34776	39972	
7879	0	34776	36992	35097	40084	
7880	0	35076	36776	35600	40276	
7881	0	35138	36688	35920	40460	
7882	0	35434	36664	36309	40485	
7883	0	35445	36721	36744	40644	
7884	0	35332	36992	37089	40793	
7885	0	35264	37166	37436	40920	
7886	0	35376	37196	37902	41040	
7887	0	35688	37088	38228	41184	
7888	0	35920	37012	38544	41300	
7889	0	35856	36832	38916	41392	
7890	0	35712	36472	39210	41400	
7891	0	35594	36484	39493	41488	
7892	0	34936	36145	39818	41464	
7893	0	35116	36012	40092	41488	
7894	0	36145	35645	40212	41600	
7895	0	36276	35770	40464	41522	
7896	0	35976	36040	40696	41437	
7897	0	35748	36164	40908	41508	
7898	0	35170	35808	41264	41456	
7899	0	35292	35290	41344	41396	
7900	0	34977	35168	41676	41400	
7901	0	35226	35804	41752	41360	
7902	0	35988	36720	41900	41408	
7903	0	36885	37600	42198	41384	
7904	0	37116	38312	42224	41224	
7905	0	36368	37556	42376	41284	
7906	0	36528	36492	42528	41116	
7907	0	36402	36304	42792	41072	
7908	0	36065	37040	42818	41012	
7909	0	36230	37812	42976	41048	
7910	0	36768	38525	43064	41008	
7911	0	37101	41681	43161	40845	
7912	0	37820	44048	43284	40868	
7913	0	37965	46080	43364	40704	
7914	0	37842	46864	43468	40654	
7915	0	37344	46002	43512	40536	
7916	0	36216	44649	43640	40504	
7917	0	34500	41900	43640	40436	
7918	0	34529	39212	43752	40360	
7919	0	34288	36340	43832	40192	
7920	0	35080	34280	43808	40096	
7921	0	34812	34140	43832	40064	
7922	0	33456	32616	43866	39908	
7923	0	30704	31356	43888	39876	
7924	0	31254	30592	43897	39770	
7925	0	32610	30290	44004	39692	
7926	0	32016	30040	43968	39637	
7927	0	29976	30164	44008	39528	
7928	0	31056	29845	44000	39466	
7929	0	31693	30544	44088	39484	
7930	0	32570	31309	44132	39428	
7931	0	31800	32309	44172	39456	
7932	0	32040	33121	44136	39476	
7933	0	32156	33850	44253	39473	
7934	0	33472	34136	44296	39552	
7935	0	33110	34704	44316	39578	
7936	0	33224	35094	44422	39688	
7937	0	33912	35400	44460	39746	
7938	0	34256	35624	44520	39836	
7939	0	34701	35925	44512	40004	
7940	0	35294	36138	44596	40104	
7941	0	35432	36341	44597	40132	
7942	0	35392	36824	44624	40280	
7943	0	35406	36900	44640	40346	
7944	0	35636	37428	44648	40408	
7945	0	35633	37396	44656	40488	
7946	0	35532	37740	44680	40580	
7947	0	35669	37853	44612	40652	
7948	0	36200	37868	44620	40688	
7949	0	36716	37888	44484	40676	
7950	0	37792	38492	44364	40681	
7951	0	38568	38720	44256	40756	
7952	0	39072	38412	44130	40712	
7953	0	39686	38510	43968	40636	
7954	0	39992	38128	43764	40616	
7955	0	39472	37788	43540	40480	
7956	0	39504	37700	43396	40352	
7957	0	38410	37696	43160	40216	
7958	0	36612	37624	42828	40112	
7959	0	36268	37904	42560	40004	
7960	0	35680	37700	42192	39744	
7961	0	35712	37553	41952	39616	
7962	0	35608	37224	41576	39353	
7963	0	35292	36688	41256	39106	
7964	0	35593	36440	40824	38980	
7965	0	35340	35948	40473	38748	
7966	0	35132	35369	40148	38476	
7967	0	34920	35445	39721	38145	
7968	0	34652	35590	39456	37992	
7969	0	34660	36192	38972	37665	
7970	0	34488	36460	38540	37448	
7971	0	34312	36660	38130	37120	
7972	0	34365	36584	37704	36824	
7973	0	34299	36112	37276	36648	
7974	0	34228	35682	36840	36344	
7975	0	39002	31788	36416	35964	
7976	0	36646	24888	36024	35692	
7977	0	37260	40572	35552	35473	
7978	0	30176	40160	35080	35136	
7979	0	36644	46540	34694	34892	
7980	0	28680	37128	34209	34612	
7981	0	29325	40232	33744	34336	
7982	0	30212	38332	33282	34056	
7983	0	50140	40396	32840	33793	
7984	0	19804	54976	32314	33428	
7985	0	30772	55912	31849	33256	
7986	0	34400	41364	31456	32882	
7987	0	35188	30268	30966	32718	
7988	0	36776	35016	30496	32372	
7989	0	39784	32937	30072	32130	
7990	0	35073	32576	29564	31880	
7991	0	33504	35376	29121	31644	
7992	0	35178	35696	28668	31416	
7993	0	36000	36068	28248	31190	
7994	0	35976	37648	27764	31048	
7995	0	35776	38172	27402	30861	
7996	0	35625	37088	26950	30634	
7997	0	36072	36696	26632	30509	
7998	0	35664	36644	26289	30356	
7999	0	35456	36834	25932	30192	
8000	0	35436	36854	25597	30028	
8001	0	35196	36770	25350	29932	
8002	0	35040	36664	25080	29834	
8003	0	34912	36640	24803	29744	
8004	0	35272	36900	24562	29704	
8005	0	35304	36840	24344	29641	
8006	0	34954	37110	24170	29544	
8007	0	34968	37144	23964	29509	
8008	0	34964	37162	23765	29460	
8009	0	35112	37146	23662	29464	
8010	0	35164	36961	23496	29392	
8011	0	34844	36908	23296	29406	
8012	0	35132	37120	23179	29336	
8013	0	34704	37072	23081	29257	
8014	0	35172	36652	22998	29214	
8015	0	35124	36828	22902	29176	
8016	0	35258	36854	22696	29065	
8017	0	35044	37280	22665	29024	
8018	0	35336	37504	22484	28894	
8019	0	35476	37281	22422	28776	
8020	0	35520	37480	22269	28668	
8021	0	35433	37404	22176	28578	
8022	0	35438	37076	22069	28376	
8023	0	35620	36704	21961	28192	
8024	0	35533	36304	21793	28050	
8025	0	35156	35544	21700	27868	
8026	0	35668	35258	21576	27705	
8027	0	35217	35800	21344	27476	
8028	0	36398	37152	21284	27260	
8029	0	36090	37602	21151	27033	
8030	0	35702	37872	20997	26828	
8031	0	35676	37652	20864	26604	
8032	0	35792	36988	20718	26358	
8033	0	35640	36229	20526	26160	
8034	0	35260	35572	20402	25942	
8035	0	34720	34140	20326	25660	
8036	0	34896	32864	20120	25466	
8037	0	35772	32600	20020	25257	
8038	0	36296	35420	19917	24976	
8039	0	37138	39556	19728	24793	
8040	0	36280	40804	19582	24570	
8041	0	37216	39588	19518	24368	
8042	0	37704	39072	19352	24176	
8043	0	36376	39196	19240	24041	
8044	0	36372	39376	19161	23816	
8045	0	36290	40065	19033	23588	
8046	0	37392	40778	18916	23378	
8047	0	37634	42112	18894	23213	
8048	0	37866	43296	18809	23074	
8049	0	36836	44326	18616	22835	
8050	0	36413	44180	18592	22712	
8051	0	35912	43181	18468	22626	
8052	0	34824	41016	18360	22400	
8053	0	34644	38260	18337	22236	
8054	0	35153	36706	18246	22123	
8055	0	35784	35297	18184	21908	
8056	0	33264	34232	18116	21796	
8057	0	32984	31996	18052	21666	
8058	0	31584	28436	18017	21542	
8059	0	32936	28492	17944	21536	
8060	0	33488	29656	17865	21400	
8061	0	30938	31314	17775	21300	
8062	0	29804	30701	17832	21284	
8063	0	31264	31632	17816	21280	
8064	0	31480	32410	17784	21282	
8065	0	31180	33265	17798	21288	
8066	0	31588	33736	17760	21370	
8067	0	32161	34070	17882	21450	
8068	0	32525	34408	17956	21570	
8069	0	32952	34680	18024	21740	
8070	0	33440	34876	18088	21896	
8071	0	34080	35072	18248	22201	
8072	0	34540	35336	18385	22410	
8073	0	35128	35296	18508	22674	
8074	0	35429	35296	18692	23020	
8075	0	35816	35324	18901	23330	
8076	0	36332	35853	19117	23650	
8077	0	36724	36108	19383	23989	
8078	0	36888	36284	19609	24374	
8079	0	37192	36065	19860	24796	
8080	0	37129	36602	20048	25170	
8081	0	37060	36970	20354	25580	
8082	0	36700	36792	20598	26033	
8083	0	37064	37216	20849	26344	
8084	0	37384	37514	21132	26761	
8085	0	37822	37600	21409	27158	
8086	0	38596	37868	21684	27528	
8087	0	38749	37644	21962	27897	
8088	0	39008	38216	22202	28274	
8089	0	38944	37983	22466	28585	
8090	0	38850	38180	22712	28956	
8091	0	38301	37924	22955	29286	
8092	0	37820	37972	23240	29586	
8093	0	37472	37876	23476	29876	
8094	0	36880	37833	23724	30172	
8095	0	36072	37148	23908	30472	
8096	0	36328	37692	24140	30720	
8097	0	36008	37361	24434	30976	
8098	0	35372	37120	24660	31172	
8099	0	35092	37268	24892	31433	
8100	0	34832	36680	25040	31628	
8101	0	34992	36460	25345	31888	
8102	0	35652	35944	25560	32048	
8103	0	35892	35778	25808	32234	
8104	0	36276	35680	26048	32400	
8105	0	36286	36132	26273	32580	
8106	0	36084	36402	26514	32716	
8107	0	35376	36456	26677	32874	
8108	0	34893	36696	26972	33026	
8109	0	34309	37073	27220	33192	
8110	0	33792	36864	27457	33353	
8111	0	33468	36456	27680	33436	
8112	0	32809	36492	27936	33570	
8113	0	37736	36276	28171	33666	
8114	0	33292	30610	28428	33792	
8115	0	34000	44566	28591	33964	
8116	0	36728	31184	28900	34030	
8117	0	34656	43644	29136	34084	
8118	0	38116	37984	29400	34202	
8119	0	29124	43156	29568	34328	
8120	0	29204	39672	29877	34354	
8121	0	43600	34208	30144	34504	
8122	0	44468	44992	30334	34580	
8123	0	33072	47532	30552	34681	
8124	0	26717	51984	30782	34653	
8125	0	34068	47652	31074	34760	
8126	0	35472	35312	31307	34788	
8127	0	35617	34036	31516	34900	
8128	0	38276	33156	31756	35044	
8129	0	37396	33406	31980	35008	
8130	0	35528	35124	32209	35064	
8131	0	34453	35949	32483	35136	
8132	0	35580	35924	32720	35225	
8133	0	36208	35840	32924	35420	
8134	0	35874	36732	33152	35472	
8135	0	35904	37253	33400	35512	
8136	0	35652	37496	33696	35580	
8137	0	35608	37232	33928	35710	
8138	0	35454	36961	34208	35828	
8139	0	35497	36586	34548	35968	
8140	0	35652	36448	34798	36116	
8141	0	35408	36304	35184	36288	
8142	0	35516	36340	35520	36393	
8143	0	35364	36520	35748	36682	
8144	0	35152	36776	36132	36784	
8145	0	35156	36728	36536	36976	
8146	0	35072	36738	36792	37104	
8147	0	35308	36544	37204	37229	
8148	0	35496	36636	37584	37501	
8149	0	35496	37152	37864	37576	
8150	0	35428	37660	38228	37789	
8151	0	35012	37808	38648	37956	
8152	0	35466	37524	39024	38064	
8153	0	35469	37101	39345	38200	
8154	0	35408	36800	39632	38332	
8155	0	35479	36744	39940	38490	
8156	0	35520	36732	40340	38596	
8157	0	35436	36488	40696	38760	
8158	0	35208	36520	40860	38726	
8159	0	35576	36516	41120	38884	
8160	0	35841	37144	41380	38852	
8161	0	35381	37416	41744	38904	
8162	0	35906	37181	41872	39004	
8163	0	35768	36848	42132	38948	
8164	0	35808	36308	42312	38960	
8165	0	35748	35995	42518	38976	
8166	0	35620	36032	42716	39000	
8167	0	35605	35960	42884	38928	
8168	0	35204	35816	43058	38892	
8169	0	35232	35624	43248	38826	
8170	0	36004	35677	43476	38832	
8171	0	36468	36700	43620	38726	
8172	0	36420	37320	43720	38684	
8173	0	36040	37200	43816	38588	
8174	0	35822	36273	43962	38508	
8175	0	35856	35634	44088	38433	
8176	0	35880	35260	44144	38346	
8177	0	35856	35808	44228	38274	
8178	0	36196	36129	44386	38180	
8179	0	36176	36193	44461	38073	
8180	0	36604	36464	44512	37984	
8181	0	36952	37280	44652	37904	
8182	0	36808	37564	44712	37792	
8183	0	37352	37920	44808	37696	
8184	0	36616	39076	44800	37604	
8185	0	36416	39836	44864	37493	
8186	0	37089	40668	45000	37404	
8187	0	37840	41968	45032	37276	
8188	0	38148	43536	45032	37184	
8189	0	38616	44765	45096	37112	
8190	0	38932	45544	45130	36976	
8191	0	37776	44696	45212	36880	
8192	0	36842	43040	45184	36752	
8193	0	36816	40008	45234	36684	
8194	0	36492	37425	45248	36560	
8195	0	36802	35536	45194	36405	
8196	0	36938	33890	45236	36280	
8197	0	35908	32501	45232	36212	
8198	0	33730	31201	45152	36040	
8199	0	33348	29036	45106	35992	
8200	0	33157	29500	45088	35836	
8201	0	32368	29744	45032	35784	
8202	0	30377	31264	44992	35744	
8203	0	30052	31596	44988	35740	
8204	0	30580	32529	44968	35688	
8205	0	31132	32993	44870	35672	
8206	0	31161	33056	44872	35693	
8207	0	32180	32928	44784	35732	
8208	0	32508	32876	44745	35817	
8209	0	32664	33184	44693	35872	
8210	0	33368	33269	44632	35936	
8211	0	33464	34042	44592	36024	
8212	0	33516	35044	44572	36177	
8213	0	33261	35768	44480	36289	
8214	0	33478	36652	44458	36448	
8215	0	33226	37168	44340	36596	
8216	0	32926	37708	44296	36764	
8217	0	32704	38185	44256	36924	
8218	0	32697	38576	44068	37056	
8219	0	32816	38905	44016	37192	
8220	0	32692	39244	43810	37308	
8221	0	32721	39360	43672	37434	
8222	0	33156	39169	43481	37521	
8223	0	33277	39832	43296	37592	
8224	0	32902	39440	43108	37661	
8225	0	33156	40128	42864	37670	
8226	0	33444	40392	42696	37680	
8227	0	33768	40761	42508	37712	
8228	0	34124	40908	42122	37660	
8229	0	34656	41328	41820	37624	
8230	0	35232	41680	41596	37496	
8231	0	35160	41356	41316	37400	
8232	0	35724	42308	40868	37260	
8233	0	36146	42134	40601	37101	
8234	0	36132	41712	40236	36928	
8235	0	36204	41224	39820	36805	
8236	0	35908	40586	39520	36576	
8237	0	35556	39976	39104	36309	
8238	0	35504	39552	38732	36096	
8239	0	35492	38700	38344	35940	
8240	0	35608	38482	38016	35620	
8241	0	35298	38064	37569	35430	
8242	0	34944	37364	37178	35084	
8243	0	34880	36844	36794	34889	
8244	0	35240	36508	36460	34529	
8245	0	35730	36560	36104	34258	
8246	0	36256	36740	35634	33992	
8247	0	36304	36594	35336	33762	
8248	0	40776	38240	34888	33448	
8249	0	36114	34892	34528	33162	
8250	0	36072	41664	34149	32892	
8251	0	34136	40780	33776	32596	
8252	0	31706	39034	33412	32308	
8253	0	33817	36732	33012	32032	
8254	0	40112	31076	32662	31682	
8255	0	41644	38428	32304	31456	
8256	0	36818	43164	31916	31090	
8257	0	32861	39296	31584	30816	
8258	0	35924	37140	31234	30552	
8259	0	34868	37889	30896	30217	
8260	0	35297	37156	30540	29997	
8261	0	34536	36616	30204	29644	
8262	0	34853	37100	29864	29438	
8263	0	34876	36984	29553	29136	
8264	0	34825	37032	29229	28852	
8265	0	34656	36920	28900	28632	
8266	0	34744	37178	28622	28427	
8267	0	34392	37260	28336	28137	
8268	0	34497	37448	28060	27944	
8269	0	34566	37316	27768	27698	
8270	0	34740	37336	27489	27524	
8271	0	34716	37170	27252	27288	
8272	0	34644	37117	27001	27180	
8273	0	34746	37240	26828	26920	
8274	0	34664	37177	26588	26742	
8275	0	34664	37340	26428	26608	
8276	0	34688	37380	26164	26374	
8277	0	34712	37516	26034	26201	
8278	0	34729	37346	25896	26044	
8279	0	34797	37320	25700	25896	
8280	0	34800	37240	25552	25660	
8281	0	34800	37205	25408	25484	
8282	0	34817	37320	25262	25288	
8283	0	34924	37300	25149	25146	
8284	0	34658	37432	25050	24905	
8285	0	34848	37144	24950	24716	
8286	0	34732	37016	24844	24544	
8287	0	34877	37192	24764	24292	
8288	0	34884	37056	24632	24085	
8289	0	34852	37088	24546	23868	
8290	0	34738	36716	24474	23656	
8291	0	35096	37904	24429	23480	
8292	0	34700	36656	24360	23224	
8293	0	34964	37236	24280	23044	
8294	0	34489	36665	24256	22812	
8295	0	34936	37466	24205	22614	
8296	0	34928	37112	24124	22396	
8297	0	34904	37100	24105	22211	
8298	0	35076	37368	24040	22030	
8299	0	34632	36672	23952	21816	
8300	0	34944	37344	24004	21637	
8301	0	35068	37024	23904	21448	
8302	0	34884	37456	23912	21268	
8303	0	35008	37185	23886	21102	
8304	0	34881	37332	23912	20932	
8305	0	34976	37228	23841	20774	
8306	0	35104	37000	23836	20618	
8307	0	35068	36992	23820	20477	
8308	0	35168	36908	23828	20333	
8309	0	34922	37241	23774	20192	
8310	0	35225	37378	23797	20068	
8311	0	35020	37442	23772	19952	
8312	0	35180	37288	23748	19842	
8313	0	35114	37210	23744	19741	
8314	0	35372	37012	23732	19644	
8315	0	35328	36972	23708	19554	
8316	0	35280	36936	23663	19482	
8317	0	35360	37078	23632	19418	
8318	0	35576	36952	23650	19357	
8319	0	35544	37072	23640	19312	
8320	0	35600	37028	23581	19280	
8321	0	35560	37048	23564	19252	
8322	0	35424	37056	23568	19231	
8323	0	35469	37140	23520	19248	
8324	0	35516	36940	23514	19242	
8325	0	35384	36988	23446	19272	
8326	0	35696	36778	23456	19288	
8327	0	35606	36736	23394	19328	
8328	0	35640	36300	23432	19374	
8329	0	35556	37414	23404	19432	
8330	0	35552	37076	23381	19502	
8331	0	35808	37208	23333	19577	
8332	0	35984	37264	23352	19662	
8333	0	36092	37516	23308	19761	
8334	0	35988	37472	23284	19868	
8335	0	35905	37770	23280	19978	
8336	0	35864	37981	23274	20116	
8337	0	35560	38016	23244	20256	
8338	0	35756	38808	23304	20396	
8339	0	36376	39008	23236	20551	
8340	0	36298	39168	23288	20708	
8341	0	35746	39370	23296	20876	
8342	0	35258	39920	23360	21041	
8343	0	35264	40136	23388	21245	
8344	0	34420	40396	23394	21426	
8345	0	33876	40472	23418	21629	
8346	0	33832	40340	23524	21842	
8347	0	34712	40408	23552	22083	
8348	0	35325	39985	23638	22300	
8349	0	36500	39068	23694	22552	
8350	0	37604	37844	23749	22833	
8351	0	37808	38008	23920	23116	
8352	0	38368	37802	23936	23402	
8353	0	36496	37736	24097	23712	
8354	0	34800	37268	24245	24004	
8355	0	35224	36212	24428	24331	
8356	0	34904	36372	24524	24693	
8357	0	34532	35204	24721	25022	
8358	0	35962	35448	24898	25412	
8359	0	35832	34772	25116	25744	
8360	0	36400	29770	25336	26112	
8361	0	34433	34408	25520	26480	
8362	0	32258	33852	25728	26900	
8363	0	31008	34348	25934	27229	
8364	0	30289	34152	26140	27620	
8365	0	30752	34188	26378	27956	
8366	0	30836	34365	26593	28400	
8367	0	31026	34360	26808	28754	
8368	0	30592	34800	27034	29053	
8369	0	31458	35056	27249	29393	
8370	0	31646	35272	27492	29816	
8371	0	31598	35524	27712	30068	
8372	0	31758	35658	27940	30400	
8373	0	32148	35796	28144	30722	
8374	0	32312	35960	28389	31033	
8375	0	32681	35988	28605	31356	
8376	0	33249	35872	28813	31676	
8377	0	33805	36246	29029	32028	
8378	0	34400	36584	29242	32368	
8379	0	34833	36810	29468	32600	
8380	0	35060	36896	29668	32852	
8381	0	35712	37296	29884	33148	
8382	0	35985	37500	30100	33477	
8383	0	36230	37661	30309	33712	
8384	0	35804	37061	30505	34032	
8385	0	35817	37912	30700	34324	
8386	0	35762	37892	30904	34516	
8387	0	35768	37948	31085	34872	
8388	0	35880	38060	31292	35116	
8389	0	36128	37928	31468	35420	
8390	0	36320	38378	31660	35572	
8391	0	36320	37940	31841	35808	
8392	0	36252	37552	32026	36146	
8393	0	35880	37216	32208	36368	
8394	0	35385	36426	32408	36580	
8395	0	34875	36128	32592	36722	
8396	0	34657	36000	32736	36905	
8397	0	34736	36104	32938	37133	
8398	0	34812	35888	33133	37308	
8399	0	36104	35868	33297	37512	
8400	0	36300	35560	33465	37704	
8401	0	36376	35485	33644	37964	
8402	0	36660	35424	33832	37998	
8403	0	36168	35676	34074	38296	
8404	0	35488	36098	34196	38361	
8405	0	35204	36540	34364	38560	
8406	0	34756	36592	34548	38676	
8407	0	34584	36539	34784	38760	
8408	0	34488	36736	34960	38812	
8409	0	34104	36740	35120	38908	
8410	0	33180	36849	35346	39020	
8411	0	39076	30260	35605	39126	
8412	0	30252	41664	35737	39084	
8413	0	44594	32932	35912	39236	
8414	0	34096	45056	36140	39317	
8415	0	35860	42440	36288	39196	
8416	0	29252	41976	36472	39308	
8417	0	28488	46466	36672	39237	
8418	0	28810	38038	36856	39205	
8419	0	52124	38986	37088	39280	
8420	0	35618	44716	37241	39320	
8421	0	19444	46048	37440	39200	
8422	0	31024	50104	37677	39278	
8423	0	37905	40660	37840	39208	
8424	0	37525	36032	38068	39132	
8425	0	36480	34808	38268	39150	
8426	0	36296	35123	38344	39012	
8427	0	35072	35268	38556	39092	
8428	0	34977	35168	38744	39009	
8429	0	35560	35724	38948	38992	
8430	0	35986	36488	39185	39104	
8431	0	35494	37036	39368	39069	
8432	0	35360	37484	39716	39048	
8433	0	35406	37440	39932	39112	
8434	0	35792	37037	40172	39208	
8435	0	35488	36976	40344	39292	
8436	0	35232	36840	40644	39380	
8437	0	35032	36716	40912	39469	
8438	0	35156	36392	41216	39596	
8439	0	35002	36328	41532	39812	
8440	0	34912	36400	41873	39908	
8441	0	34892	36400	42216	40064	
8442	0	35044	36652	42652	40265	
8443	0	34984	36832	43028	40489	
8444	0	35125	36976	43354	40684	
8445	0	35152	37156	43736	40912	
8446	0	34992	37226	44052	41024	
8447	0	35044	37320	44420	41248	
8448	0	34904	37332	44816	41464	
8449	0	34876	37274	45196	41681	
8450	0	34936	37372	45636	41820	
8451	0	34968	37427	46024	42048	
8452	0	34960	37408	46360	42184	
8453	0	34988	37284	46800	42316	
8454	0	35017	37260	47128	42480	
8455	0	34945	37228	47516	42608	
8456	0	34954	37277	47872	42708	
8457	0	35036	37313	48212	42804	
8458	0	35034	37336	48560	42888	
8459	0	35041	37342	48917	42952	
8460	0	35040	37288	49240	42968	
8461	0	35018	37226	49569	42992	
8462	0	34984	37201	49948	43044	
8463	0	35206	37157	50176	43033	
8464	0	35084	37068	50480	43024	
8465	0	35120	37284	50872	42985	
8466	0	35296	36788	51073	42944	
8467	0	35036	36944	51440	42894	
8468	0	35272	36737	51712	42820	
8469	0	35337	36537	51924	42732	
8470	0	35394	36512	52292	42636	
8471	0	35200	36588	52492	42580	
8472	0	35376	36616	52756	42428	
8473	0	35716	36840	53016	42396	
8474	0	35056	37329	53234	42204	
8475	0	35434	37352	53536	42072	
8476	0	36050	36068	53736	42000	
8477	0	35680	35660	53968	41772	
8478	0	35928	35653	54148	41648	
8479	0	35648	35901	54360	41576	
8480	0	35748	36172	54544	41304	
8481	0	36080	36225	54756	41168	
8482	0	36032	36572	54912	40992	
8483	0	36208	37304	55072	40912	
8484	0	36388	37188	55196	40624	
8485	0	36365	36901	55364	40460	
8486	0	36016	36609	55460	40272	
8487	0	35992	36864	55584	40065	
8488	0	36572	37746	55716	39789	
8489	0	36968	38908	55712	39633	
8490	0	36590	40236	55804	39352	
8491	0	36440	42648	55824	39270	
8492	0	37748	44424	55840	39024	
8493	0	37738	46354	55892	38788	
8494	0	37888	46644	55876	38612	
8495	0	37544	45708	55880	38296	
8496	0	36200	43724	55873	38128	
8497	0	35084	41564	55872	37905	
8498	0	35073	37964	55776	37556	
8499	0	35730	36236	55736	37384	
8500	0	34384	34856	55620	37108	
8501	0	33840	32536	55488	36866	
8502	0	33956	33132	55440	36704	
8503	0	31496	31788	55308	36416	
8504	0	31566	29444	55256	36116	
8505	0	31568	28924	55072	35774	
8506	0	32100	29656	54954	35628	
8507	0	31072	30422	54828	35436	
8508	0	31248	29560	54756	35264	
8509	0	31397	30732	54624	35064	
8510	0	31464	31520	54528	34781	
8511	0	31334	32452	54362	34680	
8512	0	31495	33360	54240	34624	
8513	0	31829	34020	54116	34308	
8514	0	32314	34214	53988	34192	
8515	0	32520	34404	53880	34178	
8516	0	33468	34468	53748	34217	
8517	0	34160	34884	53672	34064	
8518	0	34146	35052	53532	34034	
8519	0	34672	35020	53460	34036	
8520	0	35266	35161	53248	33880	
8521	0	34560	35756	53148	34028	
8522	0	34332	36896	53064	33992	
8523	0	33825	38124	52904	33929	
8524	0	33520	38716	52712	33920	
8525	0	33193	39704	52601	33944	
8526	0	33104	39772	52360	33980	
8527	0	33624	39024	52224	33824	
8528	0	35344	39160	51969	33948	
8529	0	36944	38258	51768	33744	
8530	0	38594	39052	51560	33857	
8531	0	39516	39228	51320	33780	
8532	0	38992	39024	51044	33728	
8533	0	38476	39144	50732	33596	
8534	0	37844	39372	50480	33517	
8535	0	37672	39384	50064	33416	
8536	0	36396	38625	49792	33309	
8537	0	37592	39452	49472	33152	
8538	0	37241	38795	49057	33016	
8539	0	37476	38248	48692	32784	
8540	0	37384	37156	48292	32534	
8541	0	37140	36220	47952	32484	
8542	0	36892	35504	47536	32272	
8543	0	37088	35076	47076	32022	
8544	0	36960	34764	46656	31752	
8545	0	36464	35201	46192	31492	
8546	0	36040	35642	45784	31350	
8547	0	35148	36606	45332	31100	
8548	0	34172	37061	44888	30802	
8549	0	33580	36844	44485	30568	
8550	0	33412	36668	43968	30332	
8551	0	33508	36188	43552	30077	
8552	0	33872	35740	42984	29808	
8553	0	34553	35748	42560	29537	
8554	0	34673	35812	42160	29252	
8555	0	39440	34276	41668	29040	
8556	0	37000	29134	41092	28754	
8557	0	33988	41788	40556	28512	
8558	0	41624	30812	40008	28235	
8559	0	35976	49640	39556	27980	
8560	0	33896	37761	39016	27742	
8561	0	28540	44160	38520	27489	
8562	0	28816	42612	38004	27194	
8563	0	39300	38612	37540	26962	
8564	0	42034	40644	37004	26770	
8565	0	34150	43332	36528	26506	
8566	0	25458	40442	36056	26296	
8567	0	31986	47336	35520	26076	
8568	0	36584	41242	35065	25816	
8569	0	37996	36313	34556	25640	
8570	0	36328	35817	34130	25432	
8571	0	36026	35020	33628	25185	
8572	0	35696	35664	33132	25021	
8573	0	34992	35986	32682	24822	
8574	0	35253	36048	32243	24628	
8575	0	35857	36160	31800	24440	
8576	0	35672	36552	31384	24268	
8577	0	35664	36928	30968	24097	
8578	0	35604	37224	30570	23953	
8579	0	35697	37008	30176	23804	
8580	0	35488	37096	29816	23660	
8581	0	35200	36888	29478	23524	
8582	0	35112	36792	29129	23421	
8583	0	35033	36612	28784	23320	
8584	0	35088	36328	28496	23232	
8585	0	35148	36265	28197	23148	
8586	0	35084	36466	27904	23073	
8587	0	35097	36736	27637	22974	
8588	0	34988	36869	27376	22946	
8589	0	34944	37052	27141	22900	
8590	0	35144	37160	26852	22845	
8591	0	35109	37212	26598	22809	
8592	0	34976	37152	26409	22756	
8593	0	34936	37134	26222	22712	
8594	0	34928	37153	25960	22666	
8595	0	35044	37288	25793	22608	
8596	0	34989	37356	25492	22564	
8597	0	35024	37380	25264	22496	
8598	0	35244	37228	25041	22440	
8599	0	35074	37216	24848	22362	
8600	0	35176	37130	24608	22273	
8601	0	35205	37153	24396	22170	
8602	0	35128	37100	24130	22064	
8603	0	35260	37020	23852	21968	
8604	0	35074	37517	23693	21852	
8605	0	35110	37914	23371	21730	
8606	0	35416	37796	23140	21602	
8607	0	35496	37348	22884	21472	
8608	0	35520	37053	22596	21332	
8609	0	35284	36920	22320	21177	
8610	0	35244	36636	22142	21040	
8611	0	35304	36364	21848	20920	
8612	0	34880	36048	21614	20794	
8613	0	35096	36128	21302	20632	
8614	0	35812	36808	21061	20514	
8615	0	35184	37553	20777	20352	
8616	0	35448	37572	20570	20216	
8617	0	36180	36856	20290	20088	
8618	0	35714	36116	20048	19967	
8619	0	35900	35965	19798	19870	
8620	0	35493	35900	19560	19736	
8621	0	35804	35896	19310	19608	
8622	0	35704	35997	19122	19489	
8623	0	34904	35941	18880	19396	
8624	0	35753	35964	18593	19305	
8625	0	36697	36824	18443	19236	
8626	0	36476	37566	18181	19104	
8627	0	36696	37408	18001	19008	
8628	0	36372	36936	17788	18964	
8629	0	36426	37040	17530	18918	
8630	0	36456	37860	17394	18824	
8631	0	36402	38504	17190	18722	
8632	0	36537	39368	16946	18656	
8633	0	35723	41160	16802	18644	
8634	0	35452	42620	16615	18561	
8635	0	37424	43594	16444	18540	
8636	0	37196	44857	16224	18468	
8637	0	38084	45228	16109	18458	
8638	0	36984	44620	15898	18440	
8639	0	36036	43193	15663	18421	
8640	0	35140	41269	15618	18408	
8641	0	34465	38828	15462	18384	
8642	0	35174	36794	15290	18448	
8643	0	35576	35040	15192	18497	
8644	0	33969	33569	15052	18512	
8645	0	32660	32336	14904	18593	
8646	0	32180	31594	14866	18657	
8647	0	31602	29816	14803	18720	
8648	0	32179	29377	14728	18800	
8649	0	32832	29848	14617	18946	
8650	0	32126	30958	14563	19125	
8651	0	30225	29704	14572	19286	
8652	0	31576	31205	14564	19507	
8653	0	31544	31640	14580	19736	
8654	0	31840	32176	14572	20036	
8655	0	31577	32912	14664	20329	
8656	0	32104	33716	14704	20648	
8657	0	32300	34013	14833	21010	
8658	0	32588	34489	14946	21252	
8659	0	32832	34620	15101	21689	
8660	0	33929	34624	15220	22050	
8661	0	34120	35188	15403	22448	
8662	0	34584	35144	15604	22977	
8663	0	34808	35408	15764	23322	
8664	0	35432	35902	16013	23812	
8665	0	35480	36208	16180	24176	
8666	0	35460	37004	16454	24688	
8667	0	35025	37516	16676	25168	
8668	0	34784	38368	16929	25600	
8669	0	34880	39016	17181	25944	
8670	0	34776	39372	17444	26388	
8671	0	35146	39644	17620	26882	
8672	0	36690	39792	17892	27228	
8673	0	38380	40098	18150	27736	
8674	0	39517	39588	18403	28050	
8675	0	40236	39476	18628	28553	
8676	0	40616	39100	18832	28956	
8677	0	40128	38520	19106	29288	
8678	0	39548	38240	19350	29661	
8679	0	39244	37802	19536	30012	
8680	0	38178	37954	19740	30328	
8681	0	37224	38116	19997	30656	
8682	0	36132	37914	20188	30960	
8683	0	35778	38092	20416	31266	
8684	0	35202	37300	20606	31544	
8685	0	35152	37008	20806	31828	
8686	0	35260	36680	21085	31969	
8687	0	35252	36316	21288	32370	
8688	0	34812	35933	21500	32597	
8689	0	34548	35968	21700	32716	
8690	0	34492	36228	21837	33100	
8691	0	34348	36320	22105	33312	
8692	0	35252	36429	22268	33504	
8693	0	34944	35856	22460	33705	
8694	0	35424	35924	22722	33928	
8695	0	35228	35288	22896	34076	
8696	0	35208	35536	23116	34329	
8697	0	34640	35812	23264	34356	
8698	0	34364	36324	23524	34676	
8699	0	33996	36504	23718	34808	
8700	0	34968	32552	23943	34960	
8701	0	38760	23272	24215	35201	
8702	0	37288	39760	24349	35252	
8703	0	36008	38112	24576	35417	
8704	0	37908	49072	24704	35576	
8705	0	32740	37584	24928	35716	
8706	0	31105	40992	25154	35824	
8707	0	31041	40330	25380	35952	
8708	0	36936	37024	25580	35952	
8709	0	41400	42040	25772	36188	
8710	0	35240	45512	25965	36246	
8711	0	21600	46892	26124	36384	
8712	0	32964	50890	26344	36480	
8713	0	36997	37860	26628	36580	
8714	0	37908	33686	26882	36682	
8715	0	36742	34472	27085	36760	
8716	0	36412	34064	27325	36836	
8717	0	35194	34016	27564	36892	
8718	0	34668	35620	27792	37016	
8719	0	35312	36010	28038	37180	
8720	0	36200	36497	28328	37281	
8721	0	35884	37368	28605	37368	
8722	0	35750	37626	28920	37453	
8723	0	35556	37208	29256	37625	
8724	0	35716	36684	29597	37678	
8725	0	35644	36680	29944	37818	
8726	0	35240	36704	30328	38014	
8727	0	35028	36440	30724	38152	
8728	0	35056	36424	31134	38302	
8729	0	35112	36481	31568	38388	
8730	0	35122	36600	32020	38684	
8731	0	35137	36521	32458	38909	
8732	0	35220	37144	32974	39028	
8733	0	35020	37244	33476	39232	
8734	0	35032	37453	33941	39476	
8735	0	35152	37400	34432	39739	
8736	0	35156	37177	35020	39900	
8737	0	35044	37124	35457	40104	
8738	0	35036	37156	35988	40376	
8739	0	35010	37124	36496	40532	
8740	0	35040	37200	37097	40792	
8741	0	35180	37336	37596	41026	
8742	0	35160	37292	38074	41220	
8743	0	35148	37161	38436	41312	
8744	0	35016	37480	38898	41600	
8745	0	34885	37940	39352	41680	
8746	0	35344	37304	39844	41856	
8747	0	35392	36992	40144	42176	
8748	0	35218	36832	40660	42282	
8749	0	35372	36637	41024	42428	
8750	0	35204	36324	41265	42468	
8751	0	35116	35816	41632	42646	
8752	0	34938	35504	42064	42832	
8753	0	35760	36108	42248	42908	
8754	0	35892	37768	42634	43016	
8755	0	35676	38021	42836	43062	
8756	0	35737	37176	43096	43244	
8757	0	35900	36726	43352	43274	
8758	0	35726	36562	43596	43424	
8759	0	35204	35880	43820	43528	
8760	0	35376	35200	44044	43600	
8761	0	35809	35370	44256	43641	
8762	0	35420	36056	44456	43724	
8763	0	35861	37088	44672	43724	
8764	0	36412	37560	44868	43812	
8765	0	36656	37192	44992	43896	
8766	0	36692	36906	45196	43908	
8767	0	36256	36657	45384	43912	
8768	0	36020	36712	45469	44032	
8769	0	36020	37200	45660	44056	
8770	0	36202	37752	45740	44066	
8771	0	36481	38610	45872	44032	
8772	0	36176	40288	45976	44129	
8773	0	35433	41776	46073	44092	
8774	0	37089	42864	46192	44050	
8775	0	36978	44232	46272	44088	
8776	0	38112	44904	46344	44045	
8777	0	37332	45081	46472	44048	
8778	0	36041	44332	46488	43996	
8779	0	35464	42608	46584	43904	
8780	0	35032	40272	46624	43864	
8781	0	34924	38348	46632	43848	
8782	0	34860	36080	46666	43700	
8783	0	34284	34088	46600	43618	
8784	0	33392	33276	46684	43524	
8785	0	31944	32660	46684	43396	
8786	0	31692	30064	46604	43322	
8787	0	32228	29500	46664	43216	
8788	0	33133	29848	46580	43096	
8789	0	31682	30433	46568	42961	
8790	0	29870	29764	46608	42808	
8791	0	31644	30368	46572	42696	
8792	0	31824	30856	46592	42536	
8793	0	32103	31576	46648	42412	
8794	0	31836	32136	46592	42280	
8795	0	32028	33076	46601	42148	
8796	0	32400	33560	46648	41980	
8797	0	33024	33937	46712	41869	
8798	0	33180	34264	46749	41756	
8799	0	33152	34962	46732	41576	
8800	0	33564	35592	46800	41444	
8801	0	33864	36000	46776	41356	
8802	0	34597	36208	46808	41224	
8803	0	34752	36616	46868	41072	
8804	0	34948	37104	46857	40928	
8805	0	34864	36888	46864	40740	
8806	0	34696	37412	46924	40596	
8807	0	34916	37768	46904	40401	
8808	0	35352	38012	46920	40237	
8809	0	36048	38468	46868	40036	
8810	0	36066	38361	46824	39810	
8811	0	36576	38681	46776	39580	
8812	0	37136	39082	46704	39336	
8813	0	37685	39264	46628	39072	
8814	0	38688	40080	46528	38802	
8815	0	38976	40144	46386	38512	
8816	0	39364	39525	46304	38245	
8817	0	39268	39232	46089	37921	
8818	0	39064	38904	45900	37601	
8819	0	38353	38800	45732	37213	
8820	0	38272	38484	45528	36868	
8821	0	37818	37916	45221	36544	
8822	0	37393	37824	44972	36148	
8823	0	36872	37561	44704	35836	
8824	0	36740	36994	44476	35413	
8825	0	36520	36565	44128	34977	
8826	0	36416	36046	43880	34624	
8827	0	37269	36116	43464	34201	
8828	0	36884	35929	43136	33852	
8829	0	36148	36297	42804	33424	
8830	0	35136	36758	42560	33048	
8831	0	34241	36980	42104	32612	
8832	0	33628	36868	41688	32298	
8833	0	33136	36410	41316	31828	
8834	0	33612	36724	40976	31449	
8835	0	33520	36765	40556	31140	
8836	0	33632	36904	40152	30752	
8837	0	33300	36168	39846	30356	
8838	0	33684	36872	39477	30026	
8839	0	33472	36289	39090	29709	
8840	0	44416	36376	38681	29370	
8841	0	28532	33368	38168	29064	
8842	0	32581	42848	37760	28726	
8843	0	38481	28246	37460	28389	
8844	0	36480	48052	36964	28092	
8845	0	38748	42144	36530	27828	
8846	0	30288	42868	36120	27536	
8847	0	29713	43876	35704	27297	
8848	0	38688	38561	35272	27049	
8849	0	36300	38705	34852	26796	
8850	0	34848	40836	34468	26516	
8851	0	31612	38276	34037	26324	
8852	0	31780	46308	33658	26107	
8853	0	34552	46512	33218	25896	
8854	0	37008	38432	32828	25688	
8855	0	35964	35412	32404	25512	
8856	0	36404	34784	32052	25328	
8857	0	36684	34440	31624	25157	
8858	0	35296	35336	31250	25012	
8859	0	35296	36264	30864	24865	
8860	0	35796	36300	30505	24733	
8861	0	35872	36476	30132	24608	
8862	0	35684	36932	29762	24504	
8863	0	35728	37042	29428	24420	
8864	0	35872	36941	29080	24352	
8865	0	35652	36696	28740	24296	
8866	0	35532	36796	28428	24258	
8867	0	35284	36654	28097	24234	
8868	0	35164	36596	27786	24232	
8869	0	35232	36500	27472	24228	
8870	0	35304	36424	27220	24266	
8871	0	35076	36568	26968	24308	
8872	0	34957	36824	26654	24358	
8873	0	35056	36802	26440	24420	
8874	0	35116	36904	26184	24507	
8875	0	35140	37129	25924	24603	
8876	0	35018	37408	25640	24700	
8877	0	35000	37373	25410	24816	
8878	0	35016	37332	25226	24932	
8879	0	35016	37272	24948	25028	
8880	0	35004	37312	24728	25161	
8881	0	35036	37264	24538	25312	
8882	0	34992	37292	24330	25384	
8883	0	34965	37288	24100	25516	
8884	0	35172	37401	23852	25668	
8885	0	34960	37632	23581	25728	
8886	0	35216	37064	23349	25816	
8887	0	35180	37460	23096	25912	
8888	0	35485	37344	22802	26004	
8889	0	35280	37194	22513	26056	
8890	0	35344	37060	22200	26200	
8891	0	35345	36696	21955	26235	
8892	0	35216	36288	21636	26268	
8893	0	35144	36180	21438	26305	
8894	0	35356	36216	21131	26376	
8895	0	35944	37233	20866	26432	
8896	0	35592	37729	20489	26469	
8897	0	35592	37336	20200	26488	
8898	0	34904	36632	19985	26460	
8899	0	35664	35968	19681	26545	
8900	0	35468	35452	19406	26544	
8901	0	34800	35305	19164	26492	
8902	0	35348	35112	18818	26508	
8903	0	36056	35520	18616	26517	
8904	0	36576	37594	18277	26540	
8905	0	35848	38144	18018	26616	
8906	0	36268	37376	17772	26612	
8907	0	35928	36256	17541	26597	
8908	0	36096	35976	17347	26602	
8909	0	35604	35768	17140	26588	
8910	0	35829	35712	16898	26606	
8911	0	36168	35876	16682	26554	
8912	0	36196	36369	16466	26618	
8913	0	36176	36676	16262	26629	
8914	0	36760	37252	16036	26620	
8915	0	36960	37945	15878	26544	
8916	0	36985	38384	15692	26558	
8917	0	36722	38738	15500	26622	
8918	0	35662	39900	15296	26545	
8919	0	36444	42164	15136	26589	
8920	0	38064	43993	14985	26576	
8921	0	38824	44672	14872	26586	
8922	0	38976	46146	14725	26585	
8923	0	38834	45680	14565	26500	
8924	0	37720	44280	14430	26418	
8925	0	35316	41636	14359	26584	
8926	0	33989	38896	14234	26624	
8927	0	35500	36592	14096	26720	
8928	0	34970	34740	14076	26624	
8929	0	34016	33911	13972	26816	
8930	0	32600	32096	13948	26879	
8931	0	31560	32560	13874	26940	
8932	0	31468	31080	13853	27064	
8933	0	31385	29704	13854	27236	
8934	0	31624	29720	13856	27396	
8935	0	31976	29868	13858	27536	
8936	0	30994	30553	13882	27769	
8937	0	31412	30344	13914	27988	
8938	0	31152	30944	14048	28049	
8939	0	31756	31724	14124	28466	
8940	0	31764	32480	14174	28748	
8941	0	31821	33360	14358	29077	
8942	0	31896	33577	14488	29406	
8943	0	32484	34101	14700	29600	
8944	0	32804	34068	14953	30109	
8945	0	33284	34708	15170	30466	
8946	0	32952	34836	15341	30884	
8947	0	33488	35101	15636	31277	
8948	0	33901	35372	15924	31696	
8949	0	34340	35350	16193	32108	
8950	0	34684	35753	16498	32524	
8951	0	35028	36016	16794	33002	
8952	0	35648	36706	17064	33412	
8953	0	36192	37364	17362	33616	
8954	0	36312	38304	17711	34192	
8955	0	37168	38536	17976	34604	
8956	0	36588	38512	18320	35048	
8957	0	37920	37880	18648	35448	
8958	0	38468	37914	18918	35872	
8959	0	38786	37724	19216	36172	
8960	0	39448	37854	19570	36512	
8961	0	40257	37864	19844	36878	
8962	0	39972	38140	20121	37032	
8963	0	39744	38685	20419	37496	
8964	0	39317	38992	20684	37844	
8965	0	38696	39016	20996	38080	
8966	0	38820	38588	21268	38261	
8967	0	38168	37788	21478	38572	
8968	0	37712	37288	21743	38640	
8969	0	37528	37192	22012	38968	
8970	0	37510	36936	22248	39174	
8971	0	36817	36765	22576	39232	
8972	0	36481	37028	22774	39489	
8973	0	36344	36188	23021	39698	
8974	0	36052	36092	23324	39796	
8975	0	36080	35628	23497	39808	
8976	0	36005	35632	23773	40056	
8977	0	35981	35688	24012	40204	
8978	0	35812	35792	24252	40220	
8979	0	35505	36032	24473	40345	
8980	0	35120	36344	24700	40488	
8981	0	34860	36493	24917	40620	
8982	0	34624	36322	25184	40740	
8983	0	34365	36048	25436	40722	
8984	0	34060	36208	25593	40834	
8985	0	33708	36361	25825	40944	
8986	0	30816	36192	26048	40992	
8987	0	32916	27458	26357	41068	
8988	0	32873	40704	26492	41168	
8989	0	31441	41372	26724	41216	
8990	0	36704	36900	26993	41308	
8991	0	40472	41757	27156	41268	
8992	0	36768	43016	27336	41384	
8993	0	31133	42037	27564	41464	
8994	0	33168	40065	27844	41520	
8995	0	35880	39050	27992	41554	
8996	0	34324	36236	28257	41600	
8997	0	33754	38208	28472	41632	
8998	0	32688	39484	28620	41680	
8999	0	39420	42804	28864	41672	
9000	0	33120	47896	28961	41721	
9001	0	34042	43632	29221	41740	
9002	0	36032	37624	29452	41794	
9003	0	37376	35214	29688	41832	
9004	0	36828	34544	29908	41876	
9005	0	36096	34016	30128	41888	
9006	0	35680	34472	30344	41970	
9007	0	35664	35176	30528	42036	
9008	0	35768	35540	30776	42088	
9009	0	36144	36652	31020	42194	
9010	0	36428	37876	31270	42284	
9011	0	35737	37846	31534	42412	
9012	0	35896	37192	31808	42548	
9013	0	35933	36760	32104	42676	
9014	0	35620	36588	32424	42872	
9015	0	35780	36348	32732	42988	
9016	0	35481	36204	33096	43108	
9017	0	35496	36028	33430	43309	
9018	0	35413	35808	33864	43520	
9019	0	35448	35768	34188	43656	
9020	0	35544	35928	34668	43852	
9021	0	35668	36516	35040	44104	
9022	0	35432	37290	35465	44276	
9023	0	35396	37664	35884	44498	
9024	0	35652	37401	36296	44732	
9025	0	35668	37112	36764	44908	
9026	0	35590	36969	37192	45137	
9027	0	35290	36872	37748	45336	
9028	0	35400	36880	38152	45524	
9029	0	35412	36600	38536	45700	
9030	0	35512	36620	39072	45868	
9031	0	35564	36676	39436	46040	
9032	0	35464	36816	39916	46184	
9033	0	35576	36986	40212	46340	
9034	0	35824	36656	40620	46440	
9035	0	35504	36916	40952	46553	
9036	0	35540	36608	41412	46640	
9037	0	35552	36304	41760	46700	
9038	0	35668	35948	42073	46713	
9039	0	35560	35800	42320	46760	
9040	0	35600	35408	42556	46780	
9041	0	35529	35488	42864	46768	
9042	0	35720	36162	43168	46752	
9043	0	35880	36728	43416	46720	
9044	0	35913	37232	43536	46624	
9045	0	35792	37328	43746	46568	
9046	0	36153	36521	43940	46468	
9047	0	35652	36064	44112	46428	
9048	0	36008	35976	44273	46252	
9049	0	35893	36266	44484	46129	
9050	0	35868	36180	44560	46002	
9051	0	36232	35968	44680	45908	
9052	0	36312	36064	44824	45756	
9053	0	36765	36896	44912	45596	
9054	0	36648	38440	45000	45368	
9055	0	36500	40352	45060	45240	
9056	0	36329	43060	45108	45044	
9057	0	36944	45344	45244	44856	
9058	0	37116	45616	45227	44608	
9059	0	38324	45524	45256	44418	
9060	0	38240	45760	45344	44184	
9061	0	38025	45440	45409	43980	
9062	0	38944	45484	45336	43789	
9063	0	37292	42089	45332	43540	
9064	0	38266	39788	45316	43308	
9065	0	37801	37396	45296	43092	
9066	0	37700	34168	45316	42866	
9067	0	36648	32541	45220	42624	
9068	0	34712	29932	45202	42368	
9069	0	33720	29816	45134	42114	
9070	0	33196	30768	45096	41832	
9071	0	32497	30993	45052	41594	
9072	0	31904	31506	45036	41392	
9073	0	30540	30701	44940	41192	
9074	0	30808	31128	44932	40964	
9075	0	31137	30976	44888	40784	
9076	0	30884	31670	44784	40556	
9077	0	30899	32281	44736	40356	
9078	0	31716	32308	44772	40172	
9079	0	31788	32936	44692	40048	
9080	0	31788	33468	44636	39940	
9081	0	31568	34314	44596	39768	
9082	0	31236	34677	44628	39680	
9083	0	32253	35440	44514	39602	
9084	0	32852	35624	44492	39508	
9085	0	33396	35828	44484	39380	
9086	0	33896	36033	44360	39332	
9087	0	34176	36444	44297	39264	
9088	0	34424	36568	44200	39204	
9089	0	34730	36682	44100	39148	
9090	0	34692	37321	44040	39076	
9091	0	34500	38032	43873	38936	
9092	0	34460	38552	43740	38901	
9093	0	34772	39234	43560	38802	
9094	0	35288	39664	43380	38724	
9095	0	35164	39288	43180	38616	
9096	0	35200	39873	42928	38436	
9097	0	35090	40244	42784	38293	
9098	0	35293	40172	42425	38180	
9099	0	35936	39909	42208	38036	
9100	0	36864	39722	41906	37792	
9101	0	37642	39236	41544	37632	
9102	0	37564	39316	41228	37380	
9103	0	37324	39810	40874	37210	
9104	0	36740	40576	40580	36938	
9105	0	36768	41116	40164	36644	
9106	0	37084	40641	39858	36381	
9107	0	37328	39909	39376	36130	
9108	0	36984	39348	39072	35825	
9109	0	36600	39188	38616	35581	
9110	0	36106	38908	38232	35290	
9111	0	35456	38480	37860	34928	
9112	0	34653	38372	37465	34585	
9113	0	34370	38190	37016	34324	
9114	0	34222	37824	36624	33952	
9115	0	34176	37756	36232	33696	
9116	0	33948	37400	35824	33308	
9117	0	33681	36956	35493	33068	
9118	0	33600	36828	35068	32672	
9119	0	33638	37144	34689	32356	
9120	0	27104	46932	34356	32092	
9121	0	32088	43988	34004	31748	
9122	0	37248	36096	33624	31498	
9123	0	37600	40148	33256	31114	
9124	0	30114	41456	32924	30832	
9125	0	32080	37912	32561	30588	
9126	0	35640	36024	32256	30290	
9127	0	35588	41172	31900	29960	
9128	0	34120	41184	31585	29686	
9129	0	34872	37384	31248	29404	
9130	0	36110	36572	30916	29164	
9131	0	34808	37024	30602	28884	
9132	0	35536	36304	30300	28600	
9133	0	35250	36616	30000	28345	
9134	0	35134	36872	29712	28137	
9135	0	34930	37032	29428	27863	
9136	0	34892	37268	29158	27621	
9137	0	34868	37236	28860	27397	
9138	0	34920	37136	28634	27186	
9139	0	35088	37113	28384	26976	
9140	0	35200	37180	28146	26804	
9141	0	35032	36685	27912	26573	
9142	0	35242	36929	27678	26376	
9143	0	35124	37136	27460	26184	
9144	0	34976	36849	27296	26040	
9145	0	35060	37008	27094	25836	
9146	0	35080	37324	26882	25645	
9147	0	35130	37282	26718	25453	
9148	0	35000	36784	26494	25245	
9149	0	35324	37504	26292	25050	
9150	0	35200	36754	26181	24872	
9151	0	35152	36872	26028	24677	
9152	0	35189	37236	25829	24476	
9153	0	35100	37708	25674	24292	
9154	0	35066	37244	25565	24102	
9155	0	35110	37104	25301	23905	
9156	0	35124	36976	25228	23706	
9157	0	35168	36980	25019	23508	
9158	0	35304	37172	24932	23308	
9159	0	35224	37077	24793	23136	
9160	0	35120	37056	24619	22940	
9161	0	35210	36580	24459	22753	
9162	0	35172	37164	24368	22572	
9163	0	35076	36850	24205	22400	
9164	0	35172	37234	24073	22228	
9165	0	35240	37080	23941	22050	
9166	0	35094	36768	23814	21902	
9167	0	35280	37388	23712	21728	
9168	0	35352	36049	23578	21580	
9169	0	35436	37676	23385	21424	
9170	0	35040	36856	23260	21282	
9171	0	35340	36736	23161	21137	
9172	0	35413	37080	23030	20996	
9173	0	35500	36784	22952	20885	
9174	0	35521	37120	22740	20780	
9175	0	35444	37141	22654	20650	
9176	0	35428	37300	22485	20560	
9177	0	35094	36868	22372	20440	
9178	0	35272	36980	22221	20356	
9179	0	35476	36980	22192	20272	
9180	0	35557	36920	22046	20192	
9181	0	35669	36848	21914	20128	
9182	0	35580	36946	21776	20081	
9183	0	35500	37012	21673	20026	
9184	0	35604	36912	21528	19986	
9185	0	35476	37248	21436	19956	
9186	0	35520	37137	21382	19938	
9187	0	35344	37262	21234	19946	
9188	0	35424	37376	21131	19920	
9189	0	35248	36820	21056	19916	
9190	0	35740	37656	20969	19940	
9191	0	35784	37360	20841	19950	
9192	0	36172	37640	20717	19980	
9193	0	36073	37772	20684	20033	
9194	0	36028	38428	20573	20050	
9195	0	35956	39020	20511	20106	
9196	0	35944	39248	20452	20155	
9197	0	35917	39448	20353	20206	
9198	0	35724	39588	20266	20286	
9199	0	35284	39746	20244	20332	
9200	0	35384	39956	20132	20418	
9201	0	35872	40164	20051	20533	
9202	0	36368	40460	20070	20612	
9203	0	36296	40480	19952	20680	
9204	0	36176	40712	19998	20772	
9205	0	36028	40480	19937	20844	
9206	0	35964	40736	19834	20978	
9207	0	37272	39908	19874	21124	
9208	0	36452	40176	19872	21238	
9209	0	35752	39064	19793	21358	
9210	0	36180	39152	19832	21472	
9211	0	36408	37888	19861	21648	
9212	0	35440	37136	19872	21802	
9213	0	33557	36640	19890	21960	
9214	0	32546	35398	19957	22088	
9215	0	32888	34168	20000	22304	
9216	0	34208	34444	20062	22536	
9217	0	34977	34189	20125	22658	
9218	0	34620	35404	20188	22886	
9219	0	33824	32334	20184	23062	
9220	0	32468	31472	20356	23233	
9221	0	34405	34258	20408	23377	
9222	0	30816	35476	20516	23568	
9223	0	30160	34912	20603	23756	
9224	0	30096	34596	20692	23952	
9225	0	30104	34629	20746	24072	
9226	0	30360	34705	20867	24220	
9227	0	30824	34546	20976	24356	
9228	0	31532	34964	21052	24444	
9229	0	31982	34852	21164	24592	
9230	0	32600	35224	21285	24698	
9231	0	32922	35544	21380	24840	
9232	0	32904	36136	21410	24931	
9233	0	33100	36592	21512	25044	
9234	0	33721	37348	21556	25160	
9235	0	33252	37468	21731	25210	
9236	0	33844	38172	21819	25320	
9237	0	33737	38556	21924	25408	
9238	0	33888	39048	21971	25458	
9239	0	33565	39510	22052	25536	
9240	0	33908	39860	22210	25652	
9241	0	33905	40168	22254	25700	
9242	0	34052	40220	22380	25810	
9243	0	34360	40580	22464	25896	
9244	0	34600	40528	22576	25960	
9245	0	34884	40852	22686	26052	
9246	0	35396	41156	22804	26104	
9247	0	35680	41180	22916	26168	
9248	0	35689	41312	22973	26242	
9249	0	35936	41052	23053	26313	
9250	0	35666	40840	23200	26380	
9251	0	35204	40729	23324	26437	
9252	0	34564	40556	23392	26462	
9253	0	34286	40392	23525	26536	
9254	0	34123	39846	23633	26568	
9255	0	35880	38552	23736	26674	
9256	0	39204	37096	23816	26740	
9257	0	40640	43816	23848	26728	
9258	0	36756	36080	24028	26756	
9259	0	34008	40221	24073	26808	
9260	0	30648	39218	24146	26834	
9261	0	30120	39984	24292	26844	
9262	0	29025	41148	24341	26893	
9263	0	32136	37824	24475	26924	
9264	0	36229	35961	24516	26945	
9265	0	36505	36778	24632	27064	
9266	0	35704	43004	24680	27026	
9267	0	34236	39380	24752	27057	
9268	0	35868	37760	24832	27108	
9269	0	35084	37394	24888	27132	
9270	0	35280	36560	24992	27220	
9271	0	34448	36880	25068	27232	
9272	0	34665	36952	25090	27314	
9273	0	34672	37288	25244	27336	
9274	0	34504	37200	25328	27394	
9275	0	34696	37493	25384	27472	
9276	0	34674	37364	25476	27533	
9277	0	34584	37308	25572	27612	
9278	0	34694	37316	25684	27690	
9279	0	34760	37120	25782	27776	
9280	0	34764	37056	25940	27888	
9281	0	34709	37104	26002	27982	
9282	0	34728	37272	26168	28058	
9283	0	34642	37360	26344	28133	
9284	0	34536	37440	26480	28272	
9285	0	34524	37473	26608	28336	
9286	0	34624	37372	26800	28401	
9287	0	34768	37404	26972	28489	
9288	0	34624	37410	27075	28584	
9289	0	34696	37280	27290	28648	
9290	0	34584	37188	27425	28744	
9291	0	34442	37216	27600	28820	
9292	0	34501	37280	27809	28848	
9293	0	34588	37226	27946	28902	
9294	0	34528	37264	28171	28992	
9295	0	34665	37416	28328	29013	
9296	0	34714	37364	28480	29056	
9297	0	34584	37508	28660	29096	
9298	0	34866	37262	28824	29140	
9299	0	34690	37152	28976	29157	
9300	0	34653	37212	29166	29272	
9301	0	34725	37192	29320	29296	
9302	0	34676	37145	29465	29260	
9303	0	34644	37185	29632	29344	
9304	0	34660	37156	29780	29280	
9305	0	34840	37292	29918	29300	
9306	0	34580	38300	30076	29308	
9307	0	34732	37144	30210	29328	
9308	0	34724	37412	30332	29397	
9309	0	34784	37464	30480	29352	
9310	0	34764	37425	30596	29356	
9311	0	34824	37378	30720	29380	
9312	0	34780	37352	30837	29392	
9313	0	34744	37220	30960	29416	
9314	0	34560	37002	31072	29444	
9315	0	34696	36392	31184	29462	
9316	0	35068	36968	31284	29501	
9317	0	35777	37880	31408	29544	
9318	0	34800	38368	31497	29560	
9319	0	35240	38220	31597	29581	
9320	0	35324	37408	31693	29616	
9321	0	35108	37124	31780	29686	
9322	0	35012	36584	31880	29708	
9323	0	34960	36068	31972	29763	
9324	0	35404	35856	32034	29840	
9325	0	34814	34600	32160	29896	
9326	0	34656	33833	32188	29913	
9327	0	35116	33360	32280	30016	
9328	0	36424	34880	32360	30029	
9329	0	36417	38932	32416	30092	
9330	0	36264	39996	32488	30160	
9331	0	36594	38712	32544	30212	
9332	0	36158	37390	32608	30264	
9333	0	36052	36360	32628	30328	
9334	0	35616	36168	32704	30381	
9335	0	35576	35972	32770	30472	
9336	0	35357	36736	32776	30472	
9337	0	36376	37442	32824	30564	
9338	0	36660	39096	32865	30564	
9339	0	37092	41388	32920	30621	
9340	0	37140	43069	32960	30640	
9341	0	37728	44484	32940	30662	
9342	0	38352	44988	32969	30731	
9343	0	36544	45264	33040	30756	
9344	0	36408	44664	33057	30776	
9345	0	36176	43624	33112	30752	
9346	0	35376	42346	33084	30757	
9347	0	33936	39512	33128	30827	
9348	0	34428	36602	33128	30796	
9349	0	35176	34448	33224	30828	
9350	0	35764	32674	33248	30852	
9351	0	35621	31561	33248	30840	
9352	0	34656	29437	33326	30864	
9353	0	34360	28812	33364	30972	
9354	0	34068	29437	33378	31004	
9355	0	36168	30393	33520	31048	
9356	0	30016	28787	33521	31178	
9357	0	28576	30604	33616	31272	
9358	0	31857	31225	33704	31376	
9359	0	30978	32109	33836	31600	
9360	0	31020	32764	33941	31724	
9361	0	31404	33504	34116	31996	
9362	0	31389	33920	34250	32224	
9363	0	31480	34104	34468	32436	
9364	0	32194	34224	34692	32736	
9365	0	32448	34216	34896	33020	
9366	0	32680	34497	35010	33348	
9367	0	33704	34596	35288	33696	
9368	0	33778	34958	35548	34080	
9369	0	33892	35444	35772	34476	
9370	0	33628	36072	35968	34884	
9371	0	33418	36560	36172	35400	
9372	0	33872	37352	36417	35800	
9373	0	33984	37664	36680	36280	
9374	0	34680	38073	36996	36686	
9375	0	35312	38841	37170	37164	
9376	0	35280	38694	37432	37664	
9377	0	34912	38784	37732	38088	
9378	0	34804	38756	37948	38576	
9379	0	34817	39104	38128	39100	
9380	0	35836	39052	38388	39530	
9381	0	37648	39739	38600	39956	
9382	0	38564	39016	38772	40264	
9383	0	38856	39489	38968	40714	
9384	0	39532	39168	39162	41068	
9385	0	39344	38580	39352	41370	
9386	0	38936	38204	39528	41744	
9387	0	38368	37716	39764	42056	
9388	0	37812	37752	39866	42378	
9389	0	36752	37684	40113	42588	
9390	0	35780	38186	40253	42841	
9391	0	34864	38149	40330	43096	
9392	0	34540	37952	40492	43320	
9393	0	35008	37716	40654	43528	
9394	0	35384	37420	40816	43740	
9395	0	35828	37184	40988	43908	
9396	0	36112	36440	41124	44096	
9397	0	36292	35836	41436	44288	
9398	0	36104	35272	41572	44384	
9399	0	35688	35124	41624	44516	
9400	0	35121	35456	41808	44636	
9401	0	34793	36305	42088	44817	
9402	0	34618	36792	42137	44856	
9403	0	34536	37080	42316	45020	
9404	0	34280	37290	42512	45072	
9405	0	34238	37276	42688	45184	
9406	0	33688	37236	42878	45276	
9407	0	34144	37036	43072	45282	
9408	0	34272	36992	43360	45360	
9409	0	43004	26612	43464	45400	
9410	0	25796	42770	43708	45468	
9411	0	30324	37820	43832	45536	
9412	0	42720	32321	44046	45508	
9413	0	39249	45600	44240	45592	
9414	0	29816	39232	44424	45556	
9415	0	27330	43698	44596	45616	
9416	0	30610	39256	44832	45648	
9417	0	40460	37669	44992	45604	
9418	0	36048	45424	45192	45612	
9419	0	25889	45768	45371	45656	
9420	0	30881	50336	45524	45626	
9421	0	35296	43104	45712	45648	
9422	0	36630	34084	45880	45688	
9423	0	36909	35218	46124	45664	
9424	0	37312	33636	46236	45700	
9425	0	35920	33868	46408	45728	
9426	0	34672	35536	46613	45744	
9427	0	35244	35914	46800	45704	
9428	0	35616	36056	46992	45768	
9429	0	35896	36896	47164	45752	
9430	0	35576	37444	47400	45808	
9431	0	36000	37240	47536	45836	
9432	0	35276	36976	47724	45904	
9433	0	35512	36944	47968	45928	
9434	0	35192	36824	48242	46032	
9435	0	35068	36764	48474	46104	
9436	0	35108	36500	48652	46256	
9437	0	35220	36520	48936	46312	
9438	0	35100	36724	49209	46444	
9439	0	34944	36858	49396	46530	
9440	0	34832	37025	49668	46716	
9441	0	34908	36932	49940	46800	
9442	0	34946	37084	50268	46968	
9443	0	35032	37052	50548	47104	
9444	0	34880	37092	50816	47236	
9445	0	34834	37292	51152	47336	
9446	0	34708	37569	51368	47520	
9447	0	34464	37968	51680	47632	
9448	0	34683	37897	51912	47764	
9449	0	34812	37692	52240	47840	
9450	0	34712	37588	52513	47924	
9451	0	34896	37412	52720	48026	
9452	0	34928	37394	52936	48122	
9453	0	35029	37336	53220	48168	
9454	0	35120	37148	53484	48168	
9455	0	35141	36933	53620	48248	
9456	0	35372	36316	53844	48252	
9457	0	35192	37408	53976	48216	
9458	0	35904	38096	54196	48204	
9459	0	35161	38088	54296	48160	
9460	0	35408	37403	54489	48120	
9461	0	35296	36404	54560	48052	
9462	0	35189	36112	54706	47988	
9463	0	35600	35612	54768	47900	
9464	0	35284	35044	54880	47808	
9465	0	35012	35012	54938	47677	
9466	0	35452	35456	55072	47560	
9467	0	35912	36496	55060	47433	
9468	0	36072	38552	55156	47300	
9469	0	36554	38192	55176	47169	
9470	0	36412	37032	55216	47032	
9471	0	35712	36464	55216	46873	
9472	0	35528	35818	55280	46733	
9473	0	35788	35544	55224	46572	
9474	0	35592	35668	55300	46404	
9475	0	35436	35640	55264	46240	
9476	0	36386	36624	55288	46076	
9477	0	36436	38492	55232	45904	
9478	0	36596	40388	55268	45708	
9479	0	36984	42337	55264	45560	
9480	0	36572	44868	55185	45384	
9481	0	37660	46276	55200	45182	
9482	0	36780	47260	55128	45024	
9483	0	37824	47176	55020	44812	
9484	0	38720	46200	54992	44620	
9485	0	37460	43480	54944	44480	
9486	0	35576	40744	54788	44232	
9487	0	34256	37904	54736	44052	
9488	0	35020	35686	54676	43848	
9489	0	35048	34796	54472	43668	
9490	0	33346	33692	54420	43493	
9491	0	31920	30784	54284	43280	
9492	0	30424	28060	54140	43080	
9493	0	29824	27485	54068	42956	
9494	0	32160	29578	53836	42720	
9495	0	32009	28690	53740	42532	
9496	0	30193	29328	53672	42408	
9497	0	31304	30256	53488	42320	
9498	0	32024	31288	53353	42096	
9499	0	31516	32304	53300	41944	
9500	0	31780	32953	53156	41852	
9501	0	32392	33472	52972	41745	
9502	0	32328	33956	52868	41728	
9503	0	32669	34390	52801	41665	
9504	0	32772	34793	52728	41600	
9505	0	32908	35008	52620	41532	
9506	0	32884	35216	52516	41480	
9507	0	33460	35138	52473	41376	
9508	0	33852	35024	52392	41397	
9509	0	35108	35256	52217	41352	
9510	0	34724	35817	52210	41292	
9511	0	34469	35432	52041	41249	
9512	0	34492	36528	51960	41148	
9513	0	34022	36672	51816	41124	
9514	0	34240	37856	51720	41048	
9515	0	34316	38986	51648	40904	
9516	0	34378	39384	51409	40884	
9517	0	34818	40256	51352	40756	
9518	0	36432	39788	51184	40576	
9519	0	37860	39900	50916	40452	
9520	0	39956	39800	50762	40196	
9521	0	41404	40520	50568	40008	
9522	0	41920	39804	50321	39836	
9523	0	41181	38489	49984	39556	
9524	0	40492	36677	49740	39344	
9525	0	39328	36824	49516	38972	
9526	0	38660	36832	49220	38684	
9527	0	37692	37290	48860	38420	
9528	0	36416	37732	48584	38028	
9529	0	35354	37780	48208	37688	
9530	0	34813	37088	47920	37312	
9531	0	34800	36390	47524	37024	
9532	0	34774	36107	47184	36617	
9533	0	35880	36240	46788	36216	
9534	0	35844	35372	46416	35860	
9535	0	35740	35444	46096	35416	
9536	0	34112	34896	45720	34972	
9537	0	34784	36276	45274	34608	
9538	0	34144	36488	44928	34144	
9539	0	33909	36253	44488	33804	
9540	0	33943	36000	44096	33328	
9541	0	34847	33054	43737	32904	
9542	0	36964	23245	43264	32600	
9543	0	37241	41584	42812	32104	
9544	0	38962	37484	42400	31768	
9545	0	38480	45944	42016	31328	
9546	0	30433	42728	41568	30944	
9547	0	28442	45328	41097	30520	
9548	0	33648	39080	40673	30144	
9549	0	38184	37208	40352	29785	
9550	0	35168	44078	39797	29333	
9551	0	26862	43876	39412	28982	
9552	0	30220	50412	38968	28608	
9553	0	35692	44634	38561	28286	
9554	0	37068	35128	38116	27897	
9555	0	37258	33472	37713	27576	
9556	0	36920	33892	37300	27224	
9557	0	35708	34741	36888	26876	
9558	0	34400	36121	36448	26533	
9559	0	35648	36752	36056	26240	
9560	0	35437	36892	35660	25940	
9561	0	35376	36637	35312	25658	
9562	0	35468	37036	34952	25336	
9563	0	35984	36953	34632	25100	
9564	0	35544	37192	34265	24833	
9565	0	35312	37048	33996	24600	
9566	0	35140	37194	33710	24381	
9567	0	34806	36832	33444	24189	
9568	0	34960	36636	33140	24008	
9569	0	34794	36664	32900	23844	
9570	0	34970	36624	32673	23682	
9571	0	34768	36676	32461	23508	
9572	0	34810	36728	32224	23378	
9573	0	34870	36816	32048	23240	
9574	0	34770	37009	31841	23120	
9575	0	34828	37152	31660	22976	
9576	0	34724	37282	31493	22874	
9577	0	34665	37456	31312	22744	
9578	0	34748	37672	31136	22644	
9579	0	34564	37784	30945	22545	
9580	0	34704	37860	30764	22445	
9581	0	34704	37752	30572	22332	
9582	0	34925	37652	30372	22214	
9583	0	34857	37524	30152	22069	
9584	0	34980	37348	29936	21960	
9585	0	34992	37364	29680	21852	
9586	0	35048	37344	29433	21727	
9587	0	35066	37001	29160	21552	
9588	0	35148	36592	28908	21440	
9589	0	35354	36984	28580	21292	
9590	0	34889	37872	28269	21154	
9591	0	35452	37872	27978	21008	
9592	0	35786	37462	27620	20844	
9593	0	34916	36576	27297	20700	
9594	0	35248	36000	27005	20568	
9595	0	34976	35533	26668	20440	
9596	0	35596	34968	26264	20296	
9597	0	34832	35104	25910	20149	
9598	0	35296	35544	25562	20008	
9599	0	35788	36792	25140	19890	
9600	0	35472	38648	24768	19749	
9601	0	34968	38268	24464	19616	
9602	0	37140	36832	24128	19498	
9603	0	35745	35297	23768	19386	
9604	0	35946	35704	23448	19266	
9605	0	35632	35964	23069	19145	
9606	0	35762	35608	22680	19037	
9607	0	35972	35580	22400	18936	
9608	0	35681	36460	22080	18830	
9609	0	35972	36856	21788	18736	
9610	0	36704	37240	21438	18644	
9611	0	37066	38285	21129	18558	
9612	0	36737	39292	20853	18468	
9613	0	35478	40888	20571	18390	
9614	0	35800	43044	20274	18309	
9615	0	37008	44724	19996	18245	
9616	0	37572	46440	19764	18170	
9617	0	38032	46892	19512	18096	
9618	0	38044	46445	19201	18058	
9619	0	37460	44608	18934	18000	
9620	0	35424	41354	18752	17956	
9621	0	34020	39032	18498	17910	
9622	0	34860	36097	18309	17881	
9623	0	34872	34684	18080	17844	
9624	0	33648	33628	17890	17860	
9625	0	32969	30853	17664	17820	
9626	0	31770	28696	17488	17812	
9627	0	31288	28296	17220	17832	
9628	0	32170	28872	17136	17918	
9629	0	31220	30758	16920	17955	
9630	0	29818	28878	16774	18013	
9631	0	31328	30104	16738	18128	
9632	0	31428	30974	16644	18212	
9633	0	31280	31872	16548	18412	
9634	0	31388	32688	16480	18584	
9635	0	31748	33460	16461	18786	
9636	0	32321	33884	16434	19030	
9637	0	32889	34116	16428	19232	
9638	0	32948	34228	16400	19588	
9639	0	33530	34442	16520	19890	
9640	0	33516	35116	16560	20220	
9641	0	33700	35354	16718	20548	
9642	0	33900	35628	16776	20956	
9643	0	34232	36290	16963	21348	
9644	0	34384	36765	17089	21772	
9645	0	34932	36944	17290	22192	
9646	0	35456	37616	17493	22610	
9647	0	36536	37960	17636	22976	
9648	0	36844	37956	17893	23428	
9649	0	37504	38556	18120	23952	
9650	0	37442	38380	18337	24382	
9651	0	37532	38904	18576	24846	
9652	0	38208	39356	18802	25304	
9653	0	38360	39234	18973	25753	
9654	0	38652	39144	19274	26156	
9655	0	38820	39232	19502	26588	
9656	0	38924	39426	19676	26992	
9657	0	38660	39996	19960	27308	
9658	0	37904	39328	20114	27749	
9659	0	37673	38864	20362	28097	
9660	0	37184	38424	20517	28473	
9661	0	36868	38280	20800	28792	
9662	0	36304	37940	21012	29128	
9663	0	36301	37384	21220	29392	
9664	0	36816	36938	21358	29740	
9665	0	37056	36464	21592	30018	
9666	0	36944	36000	21768	30280	
9667	0	36646	35916	21985	30549	
9668	0	36308	35848	22190	30820	
9669	0	35933	36272	22368	31041	
9670	0	35600	36712	22626	31232	
9671	0	35044	36764	22744	31568	
9672	0	34352	36920	23003	31732	
9673	0	33912	36688	23216	31944	
9674	0	33692	36548	23430	32144	
9675	0	33888	36736	23628	32352	
9676	0	33780	36680	23889	32480	
9677	0	33972	36610	24097	32685	
9678	0	33940	36572	24332	32888	
9679	0	34156	36472	24548	33121	
9680	0	34664	36428	24790	33224	
9681	0	37680	30376	25060	33388	
9682	0	28188	41052	25252	33560	
9683	0	35592	38996	25468	33708	
9684	0	42484	27181	25798	33873	
9685	0	37076	45616	25876	34029	
9686	0	34234	41276	26200	34181	
9687	0	29232	41348	26404	34368	
9688	0	29800	39192	26704	34533	
9689	0	35562	38224	26952	34670	
9690	0	36946	38084	27176	34776	
9691	0	37202	45448	27356	34930	
9692	0	21172	48704	27604	35152	
9693	0	33352	49012	27824	35348	
9694	0	35149	41432	28088	35500	
9695	0	35656	33624	28381	35696	
9696	0	36340	35666	28600	35824	
9697	0	37068	34556	28836	36008	
9698	0	35472	34976	29064	36258	
9699	0	34984	35756	29300	36372	
9700	0	34632	36100	29536	36548	
9701	0	35308	35828	29778	36764	
9702	0	35804	36464	30024	36996	
9703	0	35604	37292	30284	37249	
9704	0	35552	37489	30544	37456	
9705	0	35432	37064	30821	37608	
9706	0	35308	36820	31108	37904	
9707	0	35216	36680	31380	38152	
9708	0	35184	36728	31676	38436	
9709	0	35173	36745	31993	38588	
9710	0	35100	36792	32324	38972	
9711	0	35084	36874	32641	39232	
9712	0	35013	36888	32964	39516	
9713	0	35056	37036	33333	39736	
9714	0	35072	37156	33632	40050	
9715	0	35040	37200	33982	40236	
9716	0	35040	37204	34340	40549	
9717	0	35096	37374	34721	40850	
9718	0	35026	37312	35024	41158	
9719	0	35048	37288	35428	41428	
9720	0	34866	37289	35702	41760	
9721	0	35048	37346	36057	42084	
9722	0	35112	37400	36432	42213	
9723	0	35180	37384	36704	42472	
9724	0	35189	37240	37004	42776	
9725	0	35126	37300	37300	43012	
9726	0	35176	37312	37612	43200	
9727	0	35080	37124	37896	43408	
9728	0	35064	37256	38164	43592	
9729	0	35332	36824	38504	43804	
9730	0	35387	36728	38668	43960	
9731	0	35400	36637	38917	44113	
9732	0	35345	36609	39080	44276	
9733	0	35220	36596	39400	44420	
9734	0	35700	36280	39556	44536	
9735	0	35788	36140	39652	44651	
9736	0	35557	36116	39922	44760	
9737	0	35764	36065	40000	44868	
9738	0	35488	36244	40248	44960	
9739	0	35448	36336	40312	44992	
9740	0	35317	36249	40458	45096	
9741	0	36172	36008	40562	45122	
9742	0	36360	36498	40780	45148	
9743	0	36368	37156	40800	45168	
9744	0	36312	37434	40929	45208	
9745	0	35900	36888	41010	45264	
9746	0	35094	35593	41120	45256	
9747	0	35680	34745	41304	45216	
9748	0	35776	35186	41312	45216	
9749	0	36457	36369	41289	45188	
9750	0	36796	37410	41372	45204	
9751	0	36946	38104	41504	45152	
9752	0	37108	38153	41477	45136	
9753	0	36704	38644	41456	45034	
9754	0	35036	39288	41500	44968	
9755	0	35937	40724	41512	44906	
9756	0	36586	41856	41568	44832	
9757	0	37072	43225	41509	44768	
9758	0	37184	44456	41508	44633	
9759	0	36880	44874	41524	44536	
9760	0	37925	44180	41501	44432	
9761	0	37569	43368	41480	44304	
9762	0	36448	41512	41460	44192	
9763	0	34784	39192	41536	44088	
9764	0	34594	36517	41564	43906	
9765	0	35540	34386	41384	43696	
9766	0	36340	33760	41340	43540	
9767	0	34680	32684	41300	43448	
9768	0	32248	30522	41329	43209	
9769	0	32042	31272	41208	43056	
9770	0	31756	30258	41144	42984	
9771	0	32204	30312	41100	42720	
9772	0	32040	30240	41084	42552	
9773	0	31112	30456	41048	42388	
9774	0	29953	31836	40972	42192	
9775	0	31468	31708	40932	42148	
9776	0	31712	31741	40952	42014	
9777	0	31456	32494	40972	41856	
9778	0	31384	33274	40884	41704	
9779	0	31820	33922	40898	41546	
9780	0	31948	34288	40876	41482	
9781	0	32168	34640	40968	41424	
9782	0	32868	34648	40864	41408	
9783	0	33673	35040	40880	41308	
9784	0	33344	35576	40968	41160	
9785	0	33868	35905	40912	41000	
9786	0	34661	36080	41026	40986	
9787	0	34624	36236	41010	40866	
9788	0	35056	36496	40912	40760	
9789	0	35304	36416	40892	40692	
9790	0	35648	36420	40868	40492	
9791	0	35214	37240	40844	40454	
9792	0	35296	37696	40780	40217	
9793	0	34789	38252	40785	40040	
9794	0	34853	38500	40684	39858	
9795	0	35556	39208	40660	39692	
9796	0	36109	39370	40545	39556	
9797	0	37081	39308	40304	39224	
9798	0	37932	39320	40160	38984	
9799	0	38496	39112	39970	38716	
9800	0	39516	39301	39868	38501	
9801	0	39228	38802	39572	38232	
9802	0	38841	38352	39346	37892	
9803	0	38300	38072	39128	37596	
9804	0	37720	38253	38834	37210	
9805	0	37169	38176	38624	36900	
9806	0	37193	38816	38312	36456	
9807	0	35860	37928	38056	36100	
9808	0	36029	37434	37650	35752	
9809	0	36000	37065	37306	35416	
9810	0	36240	36614	37032	35048	
9811	0	36576	36108	36706	34644	
9812	0	37641	35932	36260	34280	
9813	0	37916	35778	35960	33816	
9814	0	37501	35901	35512	33436	
9815	0	35976	35865	35136	33006	
9816	0	35592	36712	34704	32700	
9817	0	34512	36608	34316	32265	
9818	0	33988	36765	33876	31932	
9819	0	33744	36464	33468	31474	
9820	0	33768	36204	33049	31128	
9821	0	34016	36104	32664	30736	
9822	0	34090	35808	32252	30357	
9823	0	46484	34190	31788	29986	
9824	0	28824	33193	31361	29664	
9825	0	37932	40352	30936	29272	
9826	0	30692	40684	30514	28932	
9827	0	36856	47332	30012	28596	
9828	0	32556	35652	29653	28256	
9829	0	29396	47196	29192	27960	
9830	0	35296	32576	28810	27688	
9831	0	44464	54680	28292	27340	
9832	0	25389	55244	27940	27056	
9833	0	30833	44736	27472	26816	
9834	0	34632	32232	27128	26552	
9835	0	37776	32704	26700	26256	
9836	0	36080	32742	26300	26016	
9837	0	36768	35170	25860	25828	
9838	0	35368	34824	25448	25632	
9839	0	34869	36892	25065	25408	
9840	0	35436	36681	24748	25182	
9841	0	36392	36416	24372	25027	
9842	0	36064	37356	23972	24900	
9843	0	35537	37320	23712	24728	
9844	0	35720	36732	23357	24617	
9845	0	35944	36448	23040	24534	
9846	0	35776	36732	22816	24440	
9847	0	35365	36896	22548	24368	
9848	0	35353	36812	22280	24300	
9849	0	35222	36532	22052	24272	
9850	0	35224	36396	21808	24252	
9851	0	35210	36544	21560	24312	
9852	0	35012	36649	21400	24282	
9853	0	34988	36600	21217	24252	
9854	0	34814	36720	21100	24322	
9855	0	35020	37048	20908	24380	
9856	0	35120	37176	20798	24432	
9857	0	34993	37176	20661	24482	
9858	0	34930	37096	20466	24584	
9859	0	34986	37050	20394	24700	
9860	0	34916	36978	20244	24708	
9861	0	35034	37060	20166	24762	
9862	0	35264	37264	20065	24829	
9863	0	35258	37466	19905	24872	
9864	0	35312	37684	19846	24929	
9865	0	35380	37824	19744	25028	
9866	0	35361	37736	19649	25025	
9867	0	35296	37477	19514	25065	
9868	0	35604	37034	19406	25051	
9869	0	35536	36712	19282	25010	
9870	0	35400	36306	19112	25024	
9871	0	34948	36264	19000	25074	
9872	0	35520	35028	18916	25006	
9873	0	35421	35584	18686	24952	
9874	0	35992	36416	18616	24882	
9875	0	36128	37424	18464	24852	
9876	0	35968	37664	18328	24808	
9877	0	35712	37696	18176	24795	
9878	0	35682	36984	17976	24708	
9879	0	35644	36072	17864	24612	
9880	0	35052	34666	17736	24500	
9881	0	34497	33808	17507	24473	
9882	0	34964	33052	17377	24380	
9883	0	36312	34776	17302	24292	
9884	0	37148	38904	17090	24253	
9885	0	37060	40480	16940	24146	
9886	0	36532	38922	16834	24101	
9887	0	36572	37600	16696	23948	
9888	0	35892	36992	16554	23912	
9889	0	36552	36212	16423	23840	
9890	0	35464	37144	16274	23760	
9891	0	36676	36010	16142	23776	
9892	0	35564	35640	16005	23643	
9893	0	36104	36936	15828	23659	
9894	0	36738	38624	15728	23606	
9895	0	37002	40962	15657	23520	
9896	0	37525	42856	15516	23520	
9897	0	37465	44192	15311	23365	
9898	0	37788	44552	15309	23400	
9899	0	37804	44296	15124	23353	
9900	0	36637	43236	15038	23308	
9901	0	35893	41352	14956	23289	
9902	0	35657	38772	14862	23269	
9903	0	36404	37252	14764	23270	
9904	0	36261	35228	14664	23224	
9905	0	33468	32696	14542	23137	
9906	0	32676	30041	14441	23141	
9907	0	33053	28156	14421	23090	
9908	0	34476	29268	14334	23120	
9909	0	31280	30656	14258	23116	
9910	0	29264	30946	14181	23124	
9911	0	29540	31261	14156	23122	
9912	0	31073	32728	14073	23190	
9913	0	30848	33113	14116	23257	
9914	0	31500	33292	14111	23300	
9915	0	32272	33492	14120	23396	
9916	0	32666	33824	14109	23544	
9917	0	33146	34097	14230	23732	
9918	0	33778	34157	14252	23834	
9919	0	34106	34400	14350	24101	
9920	0	34388	34536	14499	24346	
9921	0	34628	34732	14628	24619	
9922	0	34952	34928	14787	24778	
9923	0	34970	35232	14926	25204	
9924	0	35061	35808	15119	25524	
9925	0	34893	36205	15360	25852	
9926	0	35156	36832	15578	26242	
9927	0	34776	37204	15812	26580	
9928	0	34360	37612	16058	26940	
9929	0	34189	38052	16320	27370	
9930	0	34141	38165	16612	27716	
9931	0	34278	38253	16824	28204	
9932	0	35156	38228	17140	28564	
9933	0	35680	38336	17380	28976	
9934	0	36748	38176	17656	29356	
9935	0	37816	39276	17968	29725	
9936	0	38008	39328	18252	30104	
9937	0	37412	38457	18505	30480	
9938	0	37276	38176	18773	30864	
9939	0	36705	38140	19053	31188	
9940	0	36540	38612	19354	31532	
9941	0	36636	39072	19568	31864	
9942	0	36569	39196	19810	32190	
9943	0	36768	39104	20073	32480	
9944	0	36624	38626	20346	32788	
9945	0	36613	38330	20524	33045	
9946	0	36421	37532	20808	33360	
9947	0	36722	37228	21052	33592	
9948	0	37168	36512	21177	33872	
9949	0	37426	36188	21436	34084	
9950	0	37514	35942	21620	34168	
9951	0	37137	36065	21900	34580	
9952	0	36844	36524	22068	34816	
9953	0	36328	37221	22284	34992	
9954	0	36004	37696	22457	35232	
9955	0	35916	37185	22739	35432	
9956	0	34760	36324	22893	35625	
9957	0	35156	36232	23136	35780	
9958	0	34384	35962	23328	35972	
9959	0	33951	36032	23600	36192	
9960	0	33472	35912	23780	36340	
9961	0	33084	35824	24058	36580	
9962	0	31888	36481	24272	36718	
9963	0	41840	18929	24608	36936	
9964	0	38196	40324	24672	37092	
9965	0	36960	27666	25028	37228	
9966	0	36064	51884	25116	37420	
9967	0	27464	42998	25429	37596	
9968	0	32628	40968	25652	37588	
9969	0	42832	38145	25976	37856	
9970	0	38252	53200	26157	38000	
9971	0	29732	54080	26504	38214	
9972	0	31988	43552	26636	38324	
9973	0	35308	33413	27025	38392	
9974	0	36752	35608	27238	38644	
9975	0	38080	32772	27548	38800	
9976	0	36744	35696	27797	38892	
9977	0	35396	35732	28044	39072	
9978	0	35240	36372	28336	39196	
9979	0	35766	36540	28600	39276	
9980	0	35592	35808	28876	39401	
9981	0	36196	36408	29156	39596	
9982	0	35808	36392	29440	39824	
9983	0	35604	36408	29733	39909	
9984	0	35792	36388	30040	40112	
9985	0	35707	36712	30356	40248	
9986	0	35800	36764	30684	40304	
9987	0	35840	36649	31024	40480	
9988	0	35736	36438	31380	40716	
9989	0	35514	36480	31736	40878	
9990	0	35572	36568	32077	41024	
9991	0	35701	36764	32442	41280	
9992	0	35308	36928	32825	41328	
9993	0	35296	37008	33204	41550	
9994	0	35076	36804	33600	41784	
9995	0	34876	36412	34044	41884	
9996	0	35000	36418	34390	42060	
9997	0	35314	36516	34784	42120	
9998	0	35508	36394	35261	42249	
9999	0	35180	36877	35596	42340	
10000	0	35540	37132	35953	42564	
10001	0	35460	37478	36332	42660	
10002	0	35044	37680	36756	42680	
10003	0	35220	37618	37068	42736	
10004	0	35392	37372	37516	42829	
10005	0	35468	37292	37810	42844	
10006	0	35594	37296	38074	42972	
10007	0	35624	37280	38452	42973	
10008	0	35548	37212	38708	42920	
10009	0	35522	37268	38920	42897	
10010	0	35584	37204	39185	42956	
10011	0	35572	37200	39392	42880	
10012	0	35676	37032	39620	42842	
10013	0	35708	37048	39805	42792	
10014	0	35336	37216	39996	42700	
10015	0	35485	36920	40284	42629	
10016	0	35688	37128	40372	42564	
10017	0	35506	36944	40498	42488	
10018	0	35640	36754	40736	42500	
10019	0	35520	36786	40792	42360	
10020	0	35544	36802	40920	42384	
10021	0	35725	37105	41020	42196	
10022	0	35792	37240	41120	42208	
10023	0	35837	37252	41304	42132	
10024	0	36024	37370	41412	41980	
10025	0	36010	37664	41452	41912	
10026	0	36016	37800	41568	41920	
10027	0	36032	37818	41645	41804	
10028	0	35817	37988	41816	41692	
10029	0	35808	37976	41832	41752	
10030	0	35728	38176	41904	41588	
10031	0	35276	38704	42008	41492	
10032	0	35302	39184	42080	41460	
10033	0	36544	39524	42141	41464	
10034	0	36692	39272	42304	41376	
10035	0	35928	39760	42378	41252	
10036	0	35457	40808	42473	41152	
10037	0	36256	41376	42444	41064	
10038	0	37040	41857	42608	40956	
10039	0	36672	42504	42566	40928	
10040	0	36426	42464	42685	40889	
10041	0	36872	41692	42692	40808	
10042	0	36872	41396	42828	40612	
10043	0	35909	39417	42808	40632	
10044	0	37564	38988	42864	40513	
10045	0	36444	39154	42996	40432	
10046	0	34422	37476	43040	40292	
10047	0	32740	35805	43012	40229	
10048	0	31948	34436	43144	40113	
10049	0	33404	33936	43092	39961	
10050	0	36664	34653	43136	39916	
10051	0	35740	34416	43192	39816	
10052	0	34068	33513	43324	39664	
10053	0	34216	30356	43360	39492	
10054	0	33232	32168	43300	39376	
10055	0	32926	34832	43332	39292	
10056	0	30324	34536	43364	39096	
10057	0	30474	34433	43392	38928	
10058	0	31036	34528	43452	38740	
10059	0	30624	33988	43464	38596	
10060	0	31160	34204	43425	38368	
10061	0	31832	34556	43440	38204	
10062	0	32149	34830	43404	37990	
10063	0	33041	35234	43392	37746	
10064	0	33194	35780	43388	37496	
10065	0	32932	36408	43292	37248	
10066	0	32772	37000	43248	37000	
10067	0	32220	37056	43182	36738	
10068	0	32516	38646	43114	36468	
10069	0	32364	39226	43020	36196	
10070	0	33005	39568	42908	35928	
10071	0	33300	39380	42802	35632	
10072	0	33372	39818	42696	35365	
10073	0	33401	39780	42569	35065	
10074	0	33252	40096	42400	34790	
10075	0	32844	40480	42308	34504	
10076	0	32612	40808	42096	34229	
10077	0	32554	41191	41948	33921	
10078	0	32724	41484	41752	33616	
10079	0	32868	41668	41552	33370	
10080	0	33360	41704	41352	33052	
10081	0	33892	41434	41153	32798	
10082	0	34493	41048	40928	32521	
10083	0	35152	40636	40716	32244	
10084	0	35688	40196	40488	31920	
10085	0	36470	39648	40305	31684	
10086	0	37384	38853	40000	31421	
10087	0	37566	38848	39808	31156	
10088	0	37204	38472	39604	30912	
10089	0	37249	38066	39240	30617	
10090	0	37254	37272	39088	30401	
10091	0	37608	36945	38724	30126	
10092	0	38004	36320	38448	29933	
10093	0	38322	36064	38164	29700	
10094	0	38305	36289	37972	29444	
10095	0	38032	35790	37628	29249	
10096	0	37224	35570	37329	29012	
10097	0	28982	44336	37044	28797	
10098	0	32070	43912	36758	28568	
10099	0	30652	42801	36473	28376	
10100	0	31436	40460	36192	28164	
10101	0	38361	34257	35913	27965	
10102	0	43616	31954	35572	27793	
10103	0	34354	44744	35298	27589	
10104	0	33420	42540	35000	27412	
10105	0	35104	37776	34732	27212	
10106	0	35708	38292	34368	27040	
10107	0	35612	36788	34120	26904	
10108	0	33925	35368	33820	26732	
10109	0	34876	37616	33521	26548	
10110	0	34580	37356	33293	26421	
10111	0	34578	37120	33008	26266	
10112	0	34629	36908	32730	26121	
10113	0	34762	37444	32521	25980	
10114	0	34680	37500	32281	25826	
10115	0	34549	37357	32040	25662	
10116	0	34804	37364	31846	25540	
10117	0	34444	37068	31650	25396	
10118	0	34753	37300	31493	25249	
10119	0	34668	37088	31328	25100	
10120	0	34624	37257	31174	24952	
10121	0	34568	37280	31033	24812	
10122	0	34690	37220	30914	24642	
10123	0	34736	37312	30808	24488	
10124	0	34596	37044	30692	24312	
10125	0	35124	38218	30600	24142	
10126	0	34400	37008	30512	23949	
10127	0	34720	37256	30432	23776	
10128	0	34900	37404	30352	23578	
10129	0	34656	37152	30272	23392	
10130	0	34884	37300	30194	23168	
10131	0	34940	37368	30120	22956	
10132	0	34848	37230	30044	22761	
10133	0	34922	37288	29956	22539	
10134	0	35072	37248	29900	22295	
10135	0	34976	37345	29826	22093	
10136	0	34804	37096	29740	21850	
10137	0	35084	37232	29658	21660	
10138	0	35016	37053	29564	21412	
10139	0	35024	37100	29492	21197	
10140	0	35040	37136	29392	20994	
10141	0	35008	36624	29306	20793	
10142	0	35020	37184	29217	20618	
10143	0	35004	37176	29101	20427	
10144	0	35212	36980	29000	20240	
10145	0	35348	37084	28877	20036	
10146	0	34960	36709	28801	19890	
10147	0	35288	37076	28668	19706	
10148	0	35360	37140	28591	19560	
10149	0	35344	37193	28460	19420	
10150	0	35261	37061	28364	19337	
10151	0	35338	37061	28252	19170	
10152	0	35348	37636	28148	19080	
10153	0	35240	37072	28041	18998	
10154	0	35201	37324	27909	18932	
10155	0	35236	36816	27809	18846	
10156	0	35453	36976	27705	18753	
10157	0	35496	36936	27589	18736	
10158	0	35324	36800	27466	18685	
10159	0	35504	36844	27312	18659	
10160	0	35562	37096	27244	18668	
10161	0	35316	37212	27136	18611	
10162	0	35336	37024	26960	18632	
10163	0	35442	37260	26882	18652	
10164	0	35132	37221	26788	18686	
10165	0	35380	37368	26672	18646	
10166	0	35512	37604	26550	18747	
10167	0	36032	37924	26444	18786	
10168	0	35993	38144	26329	18802	
10169	0	35980	38564	26248	18844	
10170	0	35776	38880	26148	18922	
10171	0	35504	39396	26016	19064	
10172	0	35842	40004	25886	19115	
10173	0	35993	40276	25840	19245	
10174	0	35568	40712	25752	19344	
10175	0	34488	41444	25653	19456	
10176	0	34180	42288	25504	19578	
10177	0	34616	43544	25458	19705	
10178	0	34360	44064	25344	19864	
10179	0	34292	42736	25330	20002	
10180	0	34405	42096	25253	20166	
10181	0	37544	40816	25186	20348	
10182	0	37962	39649	25168	20524	
10183	0	36656	38712	25138	20732	
10184	0	37108	37812	25144	20936	
10185	0	35252	37093	25108	21157	
10186	0	33404	35564	25080	21389	
10187	0	33022	34728	25085	21632	
10188	0	32208	33996	25149	21876	
10189	0	37876	33410	25216	22132	
10190	0	36705	33772	25228	22408	
10191	0	34940	31829	25316	22672	
10192	0	34828	29092	25393	22944	
10193	0	35740	32672	25458	23232	
10194	0	31681	32928	25544	23494	
10195	0	31012	33003	25633	23802	
10196	0	31064	33500	25766	24068	
10197	0	31080	33292	25856	24378	
10198	0	31346	33646	26002	24634	
10199	0	31176	33928	26146	24928	
10200	0	31596	34312	26252	25222	
10201	0	31736	34594	26428	25538	
10202	0	32604	34908	26585	25810	
10203	0	32868	35380	26754	26096	
10204	0	32704	35584	26900	26424	
10205	0	32760	35960	27044	26664	
10206	0	33088	36324	27258	26948	
10207	0	33392	36732	27429	27232	
10208	0	33669	37020	27632	27520	
10209	0	33764	37312	27832	27848	
10210	0	33856	37504	28036	28112	
10211	0	34168	38048	28216	28344	
10212	0	34060	38081	28438	28624	
10213	0	34409	38384	28592	28904	
10214	0	35438	38052	28842	29184	
10215	0	36304	38068	29060	29509	
10216	0	36912	38016	29296	29725	
10217	0	37496	37424	29512	30045	
10218	0	37592	37432	29732	30256	
10219	0	37915	37977	29960	30536	
10220	0	37352	37896	30186	30774	
10221	0	37032	37593	30402	31058	
10222	0	36200	37101	30641	31288	
10223	0	35040	36424	30872	31612	
10224	0	34240	36274	31104	31868	
10225	0	33920	36756	31340	32040	
10226	0	33728	36874	31585	32281	
10227	0	33981	37164	31806	32520	
10228	0	34388	37336	32058	32810	
10229	0	34088	36556	32262	33060	
10230	0	34532	36780	32501	33265	
10231	0	34992	36657	32780	33569	
10232	0	34996	36185	33012	33712	
10233	0	35008	35964	33248	33912	
10234	0	34996	36012	33410	34145	
10235	0	35016	36252	33642	34352	
10236	0	35132	36216	33872	34572	
10237	0	34960	36936	34140	34888	
10238	0	35138	37600	34316	34984	
10239	0	34544	36952	34544	35250	
10240	0	34732	36572	34696	35446	
10241	0	48244	37624	34896	35620	
10242	0	28274	38528	35060	35904	
10243	0	37581	40860	35292	35975	
10244	0	40780	29946	35467	36269	
10245	0	31856	51917	35649	36425	
10246	0	27324	40736	35816	36596	
10247	0	29552	40058	35952	36756	
10248	0	34632	40080	36108	36888	
10249	0	35025	41148	36301	37072	
10250	0	33724	38320	36421	37260	
10251	0	30964	41684	36582	37470	
10252	0	39880	42501	36748	37664	
10253	0	34720	43716	36897	37904	
10254	0	33940	41408	37024	38101	
10255	0	36417	36764	37176	38336	
10256	0	36410	35117	37380	38520	
10257	0	36340	34930	37552	38628	
10258	0	36668	34836	37672	38936	
10259	0	35768	35423	37859	39064	
10260	0	35708	36198	38056	39344	
10261	0	35789	36660	38160	39628	
10262	0	35884	36837	38292	39724	
10263	0	35989	37242	38472	40064	
10264	0	36106	37464	38658	40197	
10265	0	35961	37345	38968	40496	
10266	0	35834	37352	39186	40840	
10267	0	35522	37120	39404	41064	
10268	0	35394	36936	39554	41312	
10269	0	34988	36740	39825	41484	
10270	0	34657	36924	40096	41796	
10271	0	35292	36393	40424	42152	
10272	0	34929	36329	40692	42308	
10273	0	35260	36044	40912	42588	
10274	0	35248	36220	41256	42936	
10275	0	35248	36356	41528	43124	
10276	0	35293	36628	41853	43436	
10277	0	35008	36548	42177	43688	
10278	0	34856	36676	42520	43988	
10279	0	34857	36788	42944	44232	
10280	0	34768	36868	43164	44393	
10281	0	34692	37002	43540	44672	
10282	0	34658	37128	43816	44816	
10283	0	34828	37106	44112	44992	
10284	0	34617	37720	44460	45196	
10285	0	35562	37262	44676	45312	
10286	0	35048	37480	44944	45504	
10287	0	35384	37476	45192	45580	
10288	0	35424	37272	45444	45670	
10289	0	35472	36914	45724	45768	
10290	0	35564	36212	45912	45836	
10291	0	35288	36088	46092	45840	
10292	0	35944	37108	46336	45888	
10293	0	35297	37994	46496	45840	
10294	0	35932	37969	46644	45808	
10295	0	35732	36788	46849	45737	
10296	0	35181	35568	46944	45700	
10297	0	35112	34226	47128	45632	
10298	0	34824	33120	47168	45497	
10299	0	34836	32624	47268	45400	
10300	0	35136	35180	47368	45324	
10301	0	35688	39792	47456	45212	
10302	0	36552	41306	47516	45080	
10303	0	37148	39132	47608	44944	
10304	0	37049	36756	47613	44740	
10305	0	35176	35520	47684	44640	
10306	0	35216	35056	47708	44436	
10307	0	35768	35588	47772	44274	
10308	0	35920	36697	47704	44160	
10309	0	36220	37364	47732	43936	
10310	0	36328	37904	47788	43812	
10311	0	36624	38290	47712	43592	
10312	0	37114	38882	47745	43416	
10313	0	37136	39825	47656	43293	
10314	0	35146	42272	47644	43072	
10315	0	35792	44872	47576	42920	
10316	0	36552	46304	47560	42748	
10317	0	36480	46184	47448	42516	
10318	0	36996	44744	47428	42344	
10319	0	36372	42468	47345	42144	
10320	0	34908	39796	47214	41928	
10321	0	34692	37832	47152	41680	
10322	0	34404	36440	47056	41522	
10323	0	34973	33266	46948	41292	
10324	0	34736	33961	46884	41020	
10325	0	33200	31820	46808	40832	
10326	0	32140	31292	46648	40568	
10327	0	32994	30608	46604	40333	
10328	0	33716	30144	46440	40104	
10329	0	33752	30508	46404	39832	
10330	0	30374	29080	46256	39608	
10331	0	32120	29876	46184	39356	
10332	0	32281	30345	46144	39128	
10333	0	32266	31620	46044	38880	
10334	0	32068	32596	46008	38664	
10335	0	32089	33576	45888	38456	
10336	0	32428	34444	45848	38240	
10337	0	32872	34736	45793	38028	
10338	0	33344	35360	45817	37808	
10339	0	32904	35568	45722	37609	
10340	0	33412	35836	45688	37472	
10341	0	33544	36184	45641	37232	
10342	0	34685	36188	45664	37112	
10343	0	35332	36177	45576	36921	
10344	0	35440	36352	45568	36708	
10345	0	35196	36780	45488	36564	
10346	0	35076	37648	45449	36368	
10347	0	34318	38288	45376	36228	
10348	0	33828	39804	45264	36012	
10349	0	33618	39732	45180	35828	
10350	0	34108	40256	45064	35556	
10351	0	34884	40128	44925	35420	
10352	0	35900	40046	44856	35164	
10353	0	37284	39640	44692	34968	
10354	0	38825	39696	44508	34696	
10355	0	39640	40489	44237	34445	
10356	0	39680	38782	44036	34194	
10357	0	39232	38080	43792	33912	
10358	0	37612	37674	43584	33588	
10359	0	36508	37980	43269	33260	
10360	0	35536	38600	43000	32976	
10361	0	35296	38932	42688	32720	
10362	0	34997	38709	42378	32382	
10363	0	35376	38200	42048	32040	
10364	0	36880	37840	41720	31696	
10365	0	37240	36380	41504	31356	
10366	0	37572	35197	41100	30949	
10367	0	37496	34844	40682	30594	
10368	0	36516	35844	40292	30306	
10369	0	35300	36556	39928	29968	
10370	0	34634	36856	39540	29572	
10371	0	34034	36653	39193	29253	
10372	0	33892	36296	38756	28837	
10373	0	33881	36320	38392	28520	
10374	0	33488	36336	37992	28176	
10375	0	33248	36637	37600	27848	
10376	0	33293	36708	37296	27457	
10377	0	34216	37152	36816	27148	
10378	0	31329	35088	36408	26829	
10379	0	44012	23134	36041	26508	
10380	0	32142	44256	35632	26128	
10381	0	46888	27080	35208	25809	
10382	0	32872	49001	34816	25548	
10383	0	33675	38896	34412	25256	
10384	0	26304	43620	34053	24925	
10385	0	32956	42529	33664	24656	
10386	0	35904	39128	33281	24361	
10387	0	40656	40512	32914	24120	
10388	0	33965	43186	32492	23836	
10389	0	24748	46788	32144	23574	
10390	0	32825	45340	31804	23360	
10391	0	37321	37712	31432	23073	
10392	0	38452	34034	31100	22876	
10393	0	36288	34314	30692	22646	
10394	0	36122	34069	30352	22464	
10395	0	35202	35338	30010	22225	
10396	0	34837	36124	29674	22083	
10397	0	35906	36417	29333	21878	
10398	0	35816	37072	29036	21754	
10399	0	35896	37688	28733	21588	
10400	0	35241	37505	28420	21498	
10401	0	35764	37016	28160	21396	
10402	0	35624	36848	27904	21302	
10403	0	35216	36748	27652	21250	
10404	0	35064	36741	27441	21216	
10405	0	34962	36524	27238	21193	
10406	0	34828	36420	27042	21186	
10407	0	34832	36520	26860	21176	
10408	0	34688	36630	26736	21234	
10409	0	34820	36704	26613	21272	
10410	0	34604	36705	26496	21326	
10411	0	34656	37064	26370	21404	
10412	0	34457	37236	26285	21484	
10413	0	34584	37369	26128	21576	
10414	0	34788	37408	26090	21673	
10415	0	34884	37492	26028	21771	
10416	0	34780	37424	25969	21874	
10417	0	34780	37496	25868	21980	
10418	0	34696	37601	25801	22080	
10419	0	34572	37712	25728	22168	
10420	0	34624	37704	25608	22260	
10421	0	34764	37583	25550	22332	
10422	0	34784	37664	25476	22414	
10423	0	34700	37781	25356	22466	
10424	0	34792	38104	25201	22525	
10425	0	35136	38096	25150	22552	
10426	0	35277	37844	24928	22573	
10427	0	35425	37248	24796	22625	
10428	0	35284	37020	24697	22616	
10429	0	35360	36796	24544	22612	
10430	0	34556	36572	24386	22614	
10431	0	35146	36480	24172	22622	
10432	0	35212	36096	24064	22640	
10433	0	35376	36464	23920	22606	
10434	0	35546	36576	23720	22612	
10435	0	35364	36588	23570	22602	
10436	0	35733	36441	23384	22612	
10437	0	35321	36772	23233	22616	
10438	0	34996	36064	23056	22628	
10439	0	35500	35124	22909	22649	
10440	0	35972	35212	22674	22634	
10441	0	35484	36332	22548	22634	
10442	0	35714	37680	22398	22644	
10443	0	35932	37328	22276	22673	
10444	0	36796	36620	22077	22677	
10445	0	36312	36440	22000	22721	
10446	0	35968	36682	21858	22752	
10447	0	36154	36521	21688	22817	
10448	0	36380	36692	21597	22800	
10449	0	36504	37276	21469	22836	
10450	0	35884	37224	21341	22824	
10451	0	35524	37290	21217	22880	
10452	0	36184	37140	21043	22896	
10453	0	36880	38884	20974	23005	
10454	0	36964	41633	20852	23004	
10455	0	38264	44024	20780	23050	
10456	0	38380	45989	20620	23120	
10457	0	37844	46752	20612	23160	
10458	0	37257	46168	20512	23178	
10459	0	36208	44664	20486	23244	
10460	0	34788	42468	20392	23328	
10461	0	34080	40180	20337	23300	
10462	0	34060	37824	20312	23370	
10463	0	34128	35210	20265	23404	
10464	0	32725	34813	20234	23517	
10465	0	31180	31632	20208	23528	
10466	0	30060	27844	20228	23628	
10467	0	31336	29336	20196	23709	
10468	0	32268	30880	20172	23828	
10469	0	30093	28261	20194	23896	
10470	0	30904	29712	20209	24040	
10471	0	31634	30341	20285	24200	
10472	0	32105	31721	20340	24402	
10473	0	31634	32484	20446	24521	
10474	0	32040	33264	20533	24736	
10475	0	32112	34004	20681	24924	
10476	0	32428	34186	20811	25176	
10477	0	32664	34233	20982	25392	
10478	0	33732	34420	21128	25666	
10479	0	34045	34578	21389	25888	
10480	0	34185	35241	21594	26233	
10481	0	34216	35616	21798	26524	
10482	0	34708	36393	22112	26813	
10483	0	34788	37042	22340	27160	
10484	0	35120	37820	22573	27428	
10485	0	34913	38424	22888	27778	
10486	0	34580	39080	23192	28152	
10487	0	34760	39832	23520	28436	
10488	0	35216	38870	23810	28760	
10489	0	36536	39696	24128	29105	
10490	0	37740	38752	24396	29437	
10491	0	39617	39856	24712	29716	
10492	0	40821	39116	24996	30036	
10493	0	40912	39284	25308	30310	
10494	0	40840	39608	25587	30592	
10495	0	39996	38724	25907	30885	
10496	0	39384	38116	26144	31124	
10497	0	38916	38148	26452	31354	
10498	0	37745	38348	26724	31640	
10499	0	36996	38416	26912	31826	
10500	0	36964	38372	27168	32110	
10501	0	36608	38296	27384	32254	
10502	0	37108	38036	27684	32440	
10503	0	37441	37176	27901	32641	
10504	0	37884	36232	28128	32828	
10505	0	38048	35620	28352	33036	
10506	0	37248	35808	28554	33148	
10507	0	35464	35956	28748	33376	
10508	0	33256	36316	28968	33424	
10509	0	31593	36508	29173	33580	
10510	0	30968	36608	29381	33704	
10511	0	31178	36784	29572	33836	
10512	0	31740	37304	29780	34028	
10513	0	31792	37570	29978	34096	
10514	0	32560	38376	30180	34224	
10515	0	32828	37604	30392	34321	
10516	0	33732	37088	30592	34488	
10517	0	34008	35880	30792	34516	
10518	0	41016	19972	31072	34624	
10519	0	37520	39584	31208	34752	
10520	0	44104	31572	31392	34816	
10521	0	37428	45744	31588	34884	
10522	0	34584	43532	31812	34884	
10523	0	28128	40336	32005	34976	
10524	0	30784	43528	32248	35092	
10525	0	33280	39700	32437	35064	
10526	0	38124	39468	32650	35136	
10527	0	37512	42229	32865	35204	
10528	0	32416	42272	33076	35276	
10529	0	27442	48064	33254	35329	
10530	0	35504	46836	33497	35420	
10531	0	37392	37944	33684	35512	
10532	0	37264	34145	33912	35696	
10533	0	36800	33210	34146	35696	
10534	0	36440	33656	34372	35920	
10535	0	34713	35122	34656	35929	
10536	0	35074	36706	34872	36120	
10537	0	35852	36676	35092	36216	
10538	0	35994	37202	35390	36440	
10539	0	35948	37849	35653	36536	
10540	0	35792	37408	35944	36717	
10541	0	35884	36740	36196	36912	
10542	0	35900	36780	36496	37212	
10543	0	35520	36809	36874	37448	
10544	0	34900	36896	37220	37596	
10545	0	35176	36568	37472	37962	
10546	0	35072	36464	37836	38148	
10547	0	35089	36338	38201	38437	
10548	0	35068	36288	38656	38788	
10549	0	34875	36436	39000	39129	
10550	0	35102	36481	39484	39464	
10551	0	35372	36644	39852	39724	
10552	0	35256	36968	40177	39996	
10553	0	34944	37100	40584	40324	
10554	0	34892	37168	41000	40660	
10555	0	34736	37332	41416	41012	
10556	0	34781	37508	41968	41458	
10557	0	34888	37464	42332	41652	
10558	0	34892	37368	42752	42100	
10559	0	34936	37208	43064	42336	
10560	0	34940	37276	43452	42636	
10561	0	35064	37280	43904	42860	
10562	0	35220	37628	44188	43225	
10563	0	35201	37896	44556	43448	
10564	0	35264	37744	44884	43648	
10565	0	35344	37508	45172	43820	
10566	0	35684	36868	45484	44070	
10567	0	35468	36544	45814	44200	
10568	0	35213	35966	46057	44364	
10569	0	35146	35664	46340	44544	
10570	0	35256	35996	46504	44672	
10571	0	35308	36938	46776	44728	
10572	0	36041	37928	46920	44864	
10573	0	36573	37772	47098	44882	
10574	0	36617	36760	47361	44932	
10575	0	35849	36484	47488	45025	
10576	0	35328	36468	47584	45033	
10577	0	35400	35776	47748	45048	
10578	0	35640	34864	47912	45076	
10579	0	36194	34140	47956	45058	
10580	0	36368	35292	48136	45084	
10581	0	36160	36756	48220	45028	
10582	0	36516	37844	48241	44992	
10583	0	37180	39008	48296	44964	
10584	0	36660	39896	48324	44952	
10585	0	36402	41044	48424	44916	
10586	0	36632	42533	48492	44792	
10587	0	38176	43488	48428	44768	
10588	0	39560	44391	48524	44624	
10589	0	36940	46072	48520	44580	
10590	0	37480	46480	48460	44460	
10591	0	36804	45462	48420	44412	
10592	0	35672	43229	48448	44244	
10593	0	34488	40305	48392	44140	
10594	0	34336	37492	48372	44040	
10595	0	35173	35873	48312	43896	
10596	0	34145	34576	48250	43750	
10597	0	33440	31916	48138	43576	
10598	0	33444	31356	48096	43388	
10599	0	31452	28513	47988	43258	
10600	0	31428	28400	47872	43073	
10601	0	32760	28736	47760	42872	
10602	0	30818	29912	47745	42672	
10603	0	30112	28960	47636	42497	
10604	0	31392	29920	47524	42304	
10605	0	30178	31352	47508	42112	
10606	0	31368	31600	47432	41932	
10607	0	31176	32342	47320	41760	
10608	0	31296	33081	47277	41602	
10609	0	31901	33610	47244	41428	
10610	0	32489	33704	47228	41232	
10611	0	33132	34004	47232	41080	
10612	0	34192	34452	47212	40922	
10613	0	33736	35188	47184	40748	
10614	0	33774	35528	47144	40592	
10615	0	34604	36244	47120	40442	
10616	0	34908	36684	47096	40288	
10617	0	35138	36682	47060	40128	
10618	0	35362	37092	47036	39966	
10619	0	35380	37442	46929	39808	
10620	0	35752	37784	46928	39620	
10621	0	36460	37624	46821	39436	
10622	0	36524	38012	46730	39268	
10623	0	36646	39008	46696	39072	
10624	0	36344	39124	46568	38864	
10625	0	36828	40264	46408	38652	
10626	0	37632	40440	46192	38408	
10627	0	38038	40072	45996	38156	
10628	0	38700	40732	45824	37932	
10629	0	38924	39768	45632	37656	
10630	0	39172	39952	45332	37384	
10631	0	38580	38640	45064	37080	
10632	0	38568	37952	44804	36796	
10633	0	38192	37308	44512	36472	
10634	0	37624	36992	44180	36132	
10635	0	36988	36964	43824	35805	
10636	0	36380	36652	43461	35466	
10637	0	35744	35560	43096	35129	
10638	0	37106	36008	42720	34724	
10639	0	37432	35840	42324	34404	
10640	0	37569	35905	41948	34024	
10641	0	36900	36473	41580	33666	
10642	0	35968	36864	41288	33280	
10643	0	35216	37148	40748	32900	
10644	0	34680	36800	40388	32582	
10645	0	34533	36424	40049	32228	
10646	0	34252	36130	39628	31841	
10647	0	34192	35964	39234	31469	
10648	0	33896	36096	38720	31136	
10649	0	33572	35680	38352	30772	
10650	0	44466	34061	37964	30446	
10651	0	29362	40108	37426	30080	
10652	0	36572	39204	37100	29768	
10653	0	43476	29468	36748	29432	
10654	0	33224	49492	36300	29120	
10655	0	31832	38652	35856	28808	
10656	0	29462	42868	35476	28492	
10657	0	33300	42304	35080	28225	
10658	0	36380	42126	34669	27936	
10659	0	34360	36424	34268	27656	
10660	0	37864	37376	33852	27384	
10661	0	33020	39136	33464	27104	
10662	0	32128	42704	33096	26872	
10663	0	33194	47614	32665	26624	
10664	0	37489	40660	32281	26372	
10665	0	37904	36176	31870	26159	
10666	0	35876	35826	31501	25912	
10667	0	35748	35144	31096	25720	
10668	0	35908	35108	30716	25508	
10669	0	35400	35644	30352	25325	
10670	0	35578	35768	29965	25142	
10671	0	35848	35929	29601	24968	
10672	0	35876	36788	29232	24813	
10673	0	35905	37488	28876	24684	
10674	0	35620	37485	28532	24554	
10675	0	35680	37168	28193	24446	
10676	0	35493	36852	27841	24361	
10677	0	35336	36737	27545	24272	
10678	0	35344	36644	27224	24216	
10679	0	35008	36504	26888	24199	
10680	0	35172	36546	26660	24168	
10681	0	35068	36580	26340	24164	
10682	0	35008	36612	26118	24165	
10683	0	35028	36544	25832	24188	
10684	0	35096	36580	25622	24176	
10685	0	35276	36788	25404	24252	
10686	0	35208	37016	25129	24261	
10687	0	34954	37249	24993	24300	
10688	0	35000	37428	24758	24415	
10689	0	35048	37466	24589	24432	
10690	0	34954	37524	24302	24492	
10691	0	34937	37520	24136	24555	
10692	0	35074	37346	23976	24605	
10693	0	35144	37384	23750	24660	
10694	0	35064	37164	23513	24752	
10695	0	34984	36788	23350	24748	
10696	0	35068	36896	23156	24770	
10697	0	35248	37824	22937	24858	
10698	0	35192	37876	22635	24781	
10699	0	35696	38132	22436	24776	
10700	0	35788	37428	22220	24812	
10701	0	35652	36834	22008	24834	
10702	0	35356	36400	21692	24800	
10703	0	35092	36069	21450	24720	
10704	0	35272	35792	21261	24704	
10705	0	34920	34716	21016	24628	
10706	0	34776	34713	20748	24624	
10707	0	35784	34896	20448	24576	
10708	0	36544	38081	20213	24514	
10709	0	36180	39392	20008	24465	
10710	0	36549	37988	19741	24348	
10711	0	36176	36561	19526	24308	
10712	0	35476	35702	19192	24244	
10713	0	34768	34880	19056	24175	
10714	0	35649	33756	18824	24096	
10715	0	36064	34720	18512	24046	
10716	0	36612	36868	18317	23970	
10717	0	36688	38072	18078	23928	
10718	0	37536	38516	17876	23824	
10719	0	38084	38632	17702	23812	
10720	0	38266	39697	17470	23744	
10721	0	36400	40520	17310	23688	
10722	0	33908	42720	17062	23580	
10723	0	37480	43604	16853	23516	
10724	0	38124	44344	16680	23452	
10725	0	37640	45193	16517	23457	
10726	0	38804	45332	16410	23336	
10727	0	37269	44472	16194	23320	
10728	0	36385	42312	16040	23286	
10729	0	34936	39852	15900	23180	
10730	0	35240	36620	15770	23184	
10731	0	35617	35757	15641	23056	
10732	0	34645	34441	15516	23147	
10733	0	34178	30292	15408	23096	
10734	0	32848	28385	15266	23090	
10735	0	31452	28138	15151	23090	
10736	0	32080	29496	15082	22992	
10737	0	30137	31625	14970	23108	
10738	0	28336	30448	14856	23148	
10739	0	30416	31200	14823	23176	
10740	0	30820	32112	14754	23265	
10741	0	30677	32592	14784	23309	
10742	0	31088	33064	14763	23436	
10743	0	31732	33392	14832	23540	
10744	0	32378	33556	14852	23741	
10745	0	32680	33664	14929	23892	
10746	0	33500	33952	15015	24136	
10747	0	34153	33968	15092	24356	
10748	0	34528	34437	15269	24625	
10749	0	34644	34984	15441	24848	
10750	0	34461	35680	15626	25194	
10751	0	34008	36156	15828	25481	
10752	0	33872	36884	16001	25806	
10753	0	33616	37474	16294	26166	
10754	0	33376	37724	16538	26532	
10755	0	33504	38056	16820	26820	
10756	0	33904	38140	17088	27132	
10757	0	34380	37984	17405	27570	
10758	0	35516	38264	17677	27974	
10759	0	36680	37592	17994	28344	
10760	0	38236	38476	18300	28688	
10761	0	38880	38252	18625	29020	
10762	0	39404	38212	18915	29405	
10763	0	39404	37565	19162	29764	
10764	0	39756	38616	19490	30092	
10765	0	39136	38268	19776	30424	
10766	0	39257	38228	20130	30760	
10767	0	38828	38112	20410	31053	
10768	0	39264	37836	20644	31348	
10769	0	38456	37660	20962	31662	
10770	0	38052	37188	21276	31926	
10771	0	37460	36320	21539	32152	
10772	0	36984	35732	21808	32404	
10773	0	36744	35252	22109	32636	
10774	0	36400	35420	22371	32878	
10775	0	35736	35672	22625	33104	
10776	0	35224	35940	22848	33296	
10777	0	35240	36536	23114	33476	
10778	0	35104	36688	23352	33665	
10779	0	34884	36636	23625	33800	
10780	0	34612	36544	23846	34004	
10781	0	34288	36165	24118	34156	
10782	0	34004	36088	24336	34286	
10783	0	34396	35212	24548	34412	
10784	0	37237	39964	24780	34529	
10785	0	40564	38489	25020	34664	
10786	0	35032	42304	25222	34752	
10787	0	36768	44208	25504	34774	
10788	0	29118	43520	25738	34937	
10789	0	30496	46418	25921	35044	
10790	0	36816	39026	26230	35128	
10791	0	39904	41228	26396	35216	
10792	0	35640	41133	26696	35288	
10793	0	31764	38884	26923	35408	
10794	0	34520	41137	27134	35449	
10795	0	35033	40840	27396	35578	
10796	0	36272	38448	27620	35682	
10797	0	36196	36218	27886	35804	
10798	0	36040	35464	28144	35944	
10799	0	36220	35884	28412	36036	
10800	0	36068	35917	28672	36200	
10801	0	35904	36224	28924	36288	
10802	0	36044	36228	29192	36520	
10803	0	36080	36418	29484	36696	
10804	0	36064	36629	29748	36852	
10805	0	35940	36724	30060	37001	
10806	0	36005	36792	30348	37220	
10807	0	36004	36802	30668	37412	
10808	0	35966	36764	30996	37585	
10809	0	35760	36648	31309	37828	
10810	0	35744	36552	31644	38108	
10811	0	35668	36320	31988	38310	
10812	0	35664	36076	32352	38560	
10813	0	35665	35994	32753	38740	
10814	0	35493	35988	33082	39088	
10815	0	35420	36157	33480	39306	
10816	0	35356	36197	33909	39540	
10817	0	35560	36356	34240	39754	
10818	0	35818	36356	34640	39946	
10819	0	35424	36808	35122	40292	
10820	0	35225	37157	35448	40440	
10821	0	35146	37472	35932	40708	
10822	0	35374	37312	36260	40868	
10823	0	35336	37308	36668	41120	
10824	0	35400	37194	37036	41308	
10825	0	35552	36992	37444	41488	
10826	0	35568	36944	37788	41752	
10827	0	35544	36772	38241	41828	
10828	0	35500	36548	38572	42064	
10829	0	35560	36580	38828	42136	
10830	0	35625	36960	39136	42252	
10831	0	35689	37156	39452	42498	
10832	0	35960	37360	39828	42516	
10833	0	35920	37160	40024	42612	
10834	0	36106	36802	40285	42784	
10835	0	35694	36672	40545	42736	
10836	0	35569	36208	40756	42916	
10837	0	35442	36032	40976	42908	
10838	0	35029	35400	41336	42904	
10839	0	35720	34712	41488	43058	
10840	0	35904	34648	41664	43008	
10841	0	36217	35920	41796	43072	
10842	0	35988	37248	41876	43104	
10843	0	35984	37732	42049	43120	
10844	0	36202	37496	42144	43056	
10845	0	36384	36936	42276	43124	
10846	0	36044	36732	42376	43108	
10847	0	35836	36856	42481	43104	
10848	0	36200	36129	42656	43096	
10849	0	36376	35996	42744	43041	
10850	0	36360	35884	42732	43024	
10851	0	37092	36228	42788	43056	
10852	0	37085	37216	42840	43069	
10853	0	37128	38420	42884	42964	
10854	0	37304	39812	42922	42928	
10855	0	37392	41420	42973	42948	
10856	0	38028	42664	42984	42976	
10857	0	38968	43624	43000	42932	
10858	0	39632	44568	42988	42892	
10859	0	38425	46000	43052	42800	
10860	0	37718	45482	42981	42696	
10861	0	37920	44996	42968	42716	
10862	0	36580	43446	42960	42668	
10863	0	36536	41872	42904	42624	
10864	0	36832	39920	42956	42520	
10865	0	36540	37880	42912	42472	
10866	0	37914	35984	42777	42408	
10867	0	36044	34106	42720	42320	
10868	0	33504	32868	42660	42222	
10869	0	32168	29548	42692	42224	
10870	0	31853	30240	42600	42088	
10871	0	31232	30888	42601	42004	
10872	0	30997	33052	42400	41969	
10873	0	30832	31608	42356	41948	
10874	0	31082	31352	42304	41878	
10875	0	31545	31752	42268	41880	
10876	0	32136	32124	42244	41844	
10877	0	32052	32440	42232	41896	
10878	0	31952	32977	42224	41868	
10879	0	32136	32968	42314	41942	
10880	0	32629	33540	42220	41920	
10881	0	31794	34514	42360	42020	
10882	0	32064	34888	42228	42004	
10883	0	32366	35180	42360	42068	
10884	0	32796	35848	42328	42188	
10885	0	32913	36108	42348	42296	
10886	0	33472	36664	42180	42284	
10887	0	33524	37028	42264	42392	
10888	0	33928	37176	42116	42454	
10889	0	33812	37640	42056	42432	
10890	0	34200	38336	41980	42397	
10891	0	34184	39152	41932	42504	
10892	0	34294	39972	41800	42568	
10893	0	34480	40584	41648	42480	
10894	0	35300	40660	41576	42500	
10895	0	35828	41144	41441	42384	
10896	0	35740	41146	41124	42444	
10897	0	35828	40962	40924	42360	
10898	0	36592	41944	40724	42212	
10899	0	37218	42040	40504	42176	
10900	0	37740	41728	40152	41892	
10901	0	37785	41021	39836	41772	
10902	0	37865	40472	39604	41556	
10903	0	37897	41540	39200	41504	
10904	0	37476	40680	38936	41300	
10905	0	37552	40356	38528	41012	
10906	0	37416	39524	38152	40658	
10907	0	36789	39188	37808	40492	
10908	0	36118	39008	37408	40272	
10909	0	34984	38780	37053	39858	
10910	0	34581	38316	36658	39565	
10911	0	34596	37504	36332	39280	
10912	0	35178	36746	35912	38968	
10913	0	35828	36056	35524	38626	
10914	0	35936	36434	35145	38333	
10915	0	35432	36408	34780	38052	
10916	0	35161	37684	34397	37696	
10917	0	37840	38790	34088	37480	
10918	0	30596	41552	33714	37056	
10919	0	29626	42648	33384	36826	
10920	0	38812	32272	33016	36460	
10921	0	40397	36852	32646	36234	
10922	0	38665	43884	32280	35833	
10923	0	32436	41776	31965	35568	
10924	0	37184	36101	31666	35324	
10925	0	34788	37140	31345	35012	
10926	0	35580	36408	31012	34644	
10927	0	34880	36128	30732	34382	
10928	0	34704	37504	30421	34148	
10929	0	34788	37320	30140	33828	
10930	0	34744	37284	29860	33556	
10931	0	35196	36912	29584	33384	
10932	0	35116	36922	29324	33056	
10933	0	35064	37064	29082	32796	
10934	0	34992	36987	28808	32596	
10935	0	35048	37080	28584	32336	
10936	0	34992	37212	28410	32160	
10937	0	34940	37168	28212	31892	
10938	0	34864	37317	28028	31648	
10939	0	34866	37328	27836	31370	
10940	0	34948	37320	27656	31132	
10941	0	34992	37297	27516	30892	
10942	0	35112	37272	27364	30678	
10943	0	35081	37090	27226	30400	
10944	0	35144	37204	27064	30144	
10945	0	35016	37152	26960	29913	
10946	0	35250	37124	26816	29656	
10947	0	35004	37536	26718	29474	
10948	0	34948	37192	26596	29153	
10949	0	35244	37348	26466	28848	
10950	0	35184	37264	26324	28592	
10951	0	35168	36984	26244	28388	
10952	0	35058	37068	26148	28088	
10953	0	34941	37316	25957	27768	
10954	0	35016	36994	25904	27525	
10955	0	35180	36908	25753	27208	
10956	0	35377	37617	25696	26945	
10957	0	35178	36725	25593	26704	
10958	0	35613	36600	25462	26410	
10959	0	34976	36713	25362	26138	
10960	0	35112	37920	25225	25897	
10961	0	35714	36317	25116	25636	
10962	0	35528	36584	24956	25451	
10963	0	35100	36776	24840	25185	
10964	0	35416	37252	24752	24956	
10965	0	35444	36724	24636	24726	
10966	0	35400	37064	24460	24560	
10967	0	35456	36610	24330	24344	
10968	0	35448	37024	24298	24174	
10969	0	35465	37094	24148	24036	
10970	0	35540	36683	24072	23816	
10971	0	35744	37120	23918	23720	
10972	0	35552	36884	23810	23544	
10973	0	35696	36968	23696	23458	
10974	0	35656	37056	23600	23305	
10975	0	35508	37050	23426	23184	
10976	0	35528	36972	23350	23152	
10977	0	35732	37492	23268	23041	
10978	0	35717	37204	23190	22964	
10979	0	35576	37470	23024	22912	
10980	0	35576	36720	22968	22876	
10981	0	35568	37048	22874	22828	
10982	0	35512	36811	22764	22804	
10983	0	35900	37240	22684	22805	
10984	0	36100	37456	22562	22845	
10985	0	36226	37272	22504	22845	
10986	0	36069	37777	22428	22809	
10987	0	36214	37944	22370	22856	
10988	0	36112	37968	22292	22872	
10989	0	35972	38404	22232	22914	
10990	0	35256	38584	22196	23032	
10991	0	35770	38916	22058	23104	
10992	0	36321	39008	22081	23123	
10993	0	36228	38960	22008	23260	
10994	0	35628	39041	21954	23338	
10995	0	34224	39120	21941	23360	
10996	0	33736	39636	21833	23521	
10997	0	34824	40340	21830	23572	
10998	0	34756	40832	21836	23676	
10999	0	36924	41348	21762	23792	
11000	0	36544	41665	21804	23938	
11001	0	36602	40908	21792	24048	
11002	0	37976	40336	21804	24221	
11003	0	37790	39848	21773	24324	
11004	0	37837	38876	21842	24468	
11005	0	37620	39604	21832	24608	
11006	0	36306	37504	21876	24792	
11007	0	34488	37120	21925	24962	
11008	0	32832	36404	21938	25136	
11009	0	32544	35252	22060	25296	
11010	0	33228	34848	22064	25516	
11011	0	34816	35848	22122	25701	
11012	0	36668	33930	22276	25941	
11013	0	34180	33756	22342	26109	
11014	0	34077	32371	22467	26365	
11015	0	31714	30153	22584	26545	
11016	0	34656	33872	22708	26780	
11017	0	32072	35000	22788	26980	
11018	0	29584	35028	22856	27216	
11019	0	29853	34936	23128	27436	
11020	0	29408	34640	23132	27677	
11021	0	29940	35148	23320	27906	
11022	0	29860	35024	23460	28084	
11023	0	30552	35230	23608	28344	
11024	0	31548	35552	23688	28576	
11025	0	32588	35836	23880	28792	
11026	0	32960	35912	23946	29005	
11027	0	33568	36416	24152	29236	
11028	0	33952	36734	24296	29528	
11029	0	33804	37002	24392	29696	
11030	0	33512	37436	24520	29929	
11031	0	33269	38330	24710	30176	
11032	0	33108	39008	24848	30382	
11033	0	33216	39416	25024	30632	
11034	0	33426	39636	25149	30854	
11035	0	33286	39692	25273	31140	
11036	0	33580	40064	25460	31352	
11037	0	33501	40293	25628	31585	
11038	0	33760	40720	25762	31816	
11039	0	34188	41024	25938	32092	
11040	0	34428	41290	26136	32293	
11041	0	34944	41505	26312	32524	
11042	0	35380	41584	26400	32744	
11043	0	35604	41500	26592	33013	
11044	0	35588	41408	26740	33302	
11045	0	35064	40860	26984	33464	
11046	0	34652	40544	27113	33708	
11047	0	34285	40244	27293	33916	
11048	0	34400	39716	27484	34185	
11049	0	35506	38860	27672	34329	
11050	0	37852	37076	27813	34625	
11051	0	39240	36936	28021	34752	
11052	0	38640	37396	28198	35037	
11053	0	37188	37764	28320	35192	
11054	0	35168	37728	28496	35396	
11055	0	33905	38968	28712	35616	
11056	0	29904	35692	28889	35770	
11057	0	37712	40370	29044	36016	
11058	0	35712	39657	29248	36184	
11059	0	31944	40064	29412	36388	
11060	0	39768	33921	29584	36540	
11061	0	38156	33561	29756	36656	
11062	0	32292	40736	29953	36856	
11063	0	34440	41172	30137	37016	
11064	0	35500	39208	30296	37129	
11065	0	33732	38612	30488	37277	
11066	0	33752	37250	30668	37420	
11067	0	34893	37050	30852	37584	
11068	0	34968	36544	31044	37754	
11069	0	34560	36596	31232	37889	
11070	0	34749	36829	31440	37986	
11071	0	34792	36836	31626	38189	
11072	0	34676	37068	31856	38292	
11073	0	34460	37396	32051	38372	
11074	0	34330	37354	32272	38480	
11075	0	34344	37337	32537	38601	
11076	0	34484	37088	32733	38741	
11077	0	34608	37282	32990	38812	
11078	0	34592	37449	33261	38912	
11079	0	34472	37312	33492	38994	
11080	0	34426	37304	33773	39129	
11081	0	34392	37592	34050	39204	
11082	0	34338	37450	34304	39192	
11083	0	34442	37401	34570	39304	
11084	0	34512	37444	34840	39318	
11085	0	34400	37112	35133	39392	
11086	0	34432	37245	35440	39428	
11087	0	34329	37365	35769	39528	
11088	0	34440	37290	36045	39588	
11089	0	34428	37296	36252	39456	
11090	0	34316	37248	36528	39529	
11091	0	34242	37135	36818	39504	
11092	0	34332	37288	37136	39456	
11093	0	34956	38232	37440	39428	
11094	0	34265	36931	37628	39432	
11095	0	34596	37248	37897	39364	
11096	0	34120	36640	38140	39304	
11097	0	34419	37610	38393	39392	
11098	0	34376	37532	38729	39204	
11099	0	34516	37604	38984	39284	
11100	0	34552	37408	39108	39152	
11101	0	34992	38560	39329	39132	
11102	0	34272	36785	39532	39116	
11103	0	34488	37112	39756	39036	
11104	0	34484	37416	39964	38960	
11105	0	34596	37344	40121	38869	
11106	0	34428	36912	40316	38921	
11107	0	34464	37048	40528	38832	
11108	0	34325	36936	40713	38808	
11109	0	34548	37505	40866	38744	
11110	0	34252	37840	41121	38744	
11111	0	34724	37472	41173	38704	
11112	0	34996	37608	41326	38596	
11113	0	34992	37378	41481	38628	
11114	0	34996	37364	41612	38552	
11115	0	34416	36746	41732	38560	
11116	0	35453	37130	41988	38528	
11117	0	34456	37357	42001	38480	
11118	0	34556	37476	42125	38464	
11119	0	34404	37268	42232	38472	
11120	0	34781	36968	42392	38441	
11121	0	34540	36584	42576	38372	
11122	0	35613	37445	42552	38412	
11123	0	34504	37700	42646	38368	
11124	0	35828	37984	42733	38356	
11125	0	35810	36800	42900	38396	
11126	0	35360	35676	42954	38364	
11127	0	35416	35820	43092	38417	
11128	0	34576	36928	43057	38392	
11129	0	34648	36764	43136	38378	
11130	0	35024	36840	43256	38436	
11131	0	35105	35768	43288	38394	
11132	0	35176	35524	43292	38452	
11133	0	36160	36005	43352	38428	
11134	0	35968	37800	43344	38408	
11135	0	36736	38420	43472	38417	
11136	0	36560	37808	43417	38440	
11137	0	36024	37092	43497	38437	
11138	0	35560	36328	43396	38404	
11139	0	35252	35673	43448	38381	
11140	0	35552	35296	43472	38384	
11141	0	35496	35636	43372	38380	
11142	0	35856	36444	43368	38380	
11143	0	36176	37208	43302	38348	
11144	0	36664	37820	43257	38320	
11145	0	36720	38689	43202	38324	
11146	0	36504	40268	43146	38312	
11147	0	36792	41496	43066	38252	
11148	0	36216	44628	43044	38218	
11149	0	37168	46182	42941	38196	
11150	0	36036	46640	42844	38148	
11151	0	34377	45720	42768	38168	
11152	0	34936	43056	42644	38128	
11153	0	34804	40009	42548	38084	
11154	0	33485	37736	42460	38040	
11155	0	33226	35752	42337	37940	
11156	0	33578	34240	42216	37924	
11157	0	34752	32709	42228	37840	
11158	0	32800	32724	41968	37752	
11159	0	32720	31296	41844	37720	
11160	0	32948	32152	41716	37656	
11161	0	33116	32472	41608	37624	
11162	0	34713	32380	41444	37548	
11163	0	34130	30972	41332	37558	
11164	0	32522	28572	41240	37532	
11165	0	32832	28728	41132	37505	
11166	0	33868	29488	40980	37480	
11167	0	32396	31386	40888	37488	
11168	0	32416	32698	40800	37426	
11169	0	32352	33509	40778	37444	
11170	0	32268	34392	40704	37476	
11171	0	32544	34917	40608	37552	
11172	0	32642	34794	40444	37569	
11173	0	32574	34892	40476	37628	
11174	0	32929	35064	40312	37666	
11175	0	33010	35936	40268	37732	
11176	0	33472	36312	40212	37816	
11177	0	33756	36792	40059	37876	
11178	0	33986	37204	39984	37912	
11179	0	34449	37668	39988	38072	
11180	0	34944	37962	39800	38032	
11181	0	35432	38048	39688	38158	
11182	0	35201	38444	39620	38112	
11183	0	35828	38784	39568	38209	
11184	0	36824	39156	39322	38196	
11185	0	37184	39448	39176	38232	
11186	0	38880	40662	39101	38222	
11187	0	38668	39520	38916	38218	
11188	0	38222	38808	38705	38069	
11189	0	38672	38568	38580	38072	
11190	0	38704	38801	38265	37914	
11191	0	38554	39180	38066	37864	
11192	0	38384	39096	37808	37784	
11193	0	38044	39012	37565	37516	
11194	0	37080	38476	37288	37400	
11195	0	36433	38316	37012	37217	
11196	0	35874	38096	36740	37064	
11197	0	35984	37345	36452	36808	
11198	0	36124	36384	36156	36488	
11199	0	36058	35428	35848	36204	
11200	0	35616	35008	35532	35920	
11201	0	35384	35613	35300	35624	
11202	0	34788	37032	34897	35333	
11203	0	33841	37954	34532	35020	
11204	0	33540	38124	34249	34729	
11205	0	33145	36404	33945	34340	
11206	0	34418	36488	33572	33996	
11207	0	35408	36232	33248	33720	
11208	0	35773	35872	32908	33296	
11209	0	35860	35820	32520	33017	
11210	0	35424	36349	32156	32640	
11211	0	35080	36608	31816	32188	
11212	0	43342	29437	31468	31800	
11213	0	25664	44608	31110	31432	
11214	0	34756	35284	30772	31037	
11215	0	35390	43748	30425	30697	
11216	0	34560	45136	30024	30284	
11217	0	26696	40324	29680	29904	
11218	0	29960	44812	29324	29538	
11219	0	28744	34956	29028	29176	
11220	0	41200	41992	28644	28860	
11221	0	29492	51392	28274	28452	
11222	0	27916	52472	27944	28104	
11223	0	34216	45029	27653	27852	
11224	0	35536	32612	27388	27472	
11225	0	36604	35200	27072	27168	
11226	0	37928	33450	26760	26937	
11227	0	36008	35777	26437	26600	
11228	0	35792	35693	26116	26356	
11229	0	34584	36176	25812	26110	
11230	0	35148	36802	25576	25929	
11231	0	35708	36436	25288	25682	
11232	0	35680	36848	25062	25496	
11233	0	35764	37260	24842	25324	
11234	0	35616	37060	24601	25176	
11235	0	35240	36896	24362	25090	
11236	0	35408	36852	24212	24928	
11237	0	35392	36720	24044	24832	
11238	0	35330	36648	23884	24752	
11239	0	35008	36653	23754	24740	
11240	0	35148	36656	23610	24653	
11241	0	35132	36540	23512	24604	
11242	0	35002	36781	23425	24585	
11243	0	35144	36928	23336	24621	
11244	0	35312	36968	23192	24604	
11245	0	34836	37092	23168	24608	
11246	0	34714	37012	23124	24544	
11247	0	34800	36957	23088	24545	
11248	0	35060	37056	22976	24618	
11249	0	34957	37313	22980	24540	
11250	0	35092	37320	22961	24580	
11251	0	34968	37420	22922	24608	
11252	0	34976	37440	22868	24584	
11253	0	34936	37428	22872	24536	
11254	0	35276	37533	22856	24568	
11255	0	35288	37192	22864	24546	
11256	0	35000	37412	22812	24466	
11257	0	35236	37616	22814	24429	
11258	0	35064	37552	22781	24352	
11259	0	34904	37352	22696	24370	
11260	0	35080	37056	22696	24250	
11261	0	35136	36624	22692	24208	
11262	0	35084	36328	22636	24138	
11263	0	35296	36580	22564	24061	
11264	0	35348	36696	22546	23996	
11265	0	35692	37136	22481	23932	
11266	0	35608	37432	22500	23892	
11267	0	35696	37340	22397	23814	
11268	0	35576	37220	22389	23752	
11269	0	35284	36760	22400	23588	
11270	0	35024	36092	22368	23533	
11271	0	34848	34634	22380	23460	
11272	0	35168	33292	22337	23390	
11273	0	36320	33780	22336	23341	
11274	0	36424	35840	22296	23261	
11275	0	36065	38316	22283	23137	
11276	0	35696	38977	22274	23089	
11277	0	35928	38072	22233	23040	
11278	0	36444	36569	22234	22994	
11279	0	36116	35336	22278	22873	
11280	0	35892	34996	22277	22825	
11281	0	35344	34586	22252	22804	
11282	0	35722	34744	22205	22728	
11283	0	36280	36472	22248	22676	
11284	0	36896	38584	22286	22624	
11285	0	37044	39170	22312	22560	
11286	0	37296	38784	22274	22569	
11287	0	36784	39077	22326	22510	
11288	0	36360	40394	22374	22540	
11289	0	36514	42080	22370	22469	
11290	0	37464	43460	22384	22480	
11291	0	38016	45152	22418	22466	
11292	0	37684	45872	22472	22475	
11293	0	37152	45076	22460	22525	
11294	0	36246	43884	22572	22548	
11295	0	35152	42000	22522	22544	
11296	0	33736	39132	22644	22560	
11297	0	33488	37184	22752	22636	
11298	0	35048	35312	22813	22640	
11299	0	33932	32938	22924	22704	
11300	0	34940	31922	22994	22721	
11301	0	34776	30988	23108	22798	
11302	0	33428	29058	23216	22889	
11303	0	32772	28820	23345	22998	
11304	0	31582	29180	23460	23049	
11305	0	32356	29824	23586	23168	
11306	0	29617	30888	23729	23296	
11307	0	29272	29764	23932	23465	
11308	0	31242	31176	24122	23594	
11309	0	31476	32032	24340	23752	
11310	0	31532	33010	24525	23973	
11311	0	31826	33500	24816	24137	
11312	0	32092	34180	25068	24332	
11313	0	32664	34400	25328	24589	
11314	0	33216	34977	25601	24848	
11315	0	33144	35417	25923	25072	
11316	0	33245	35892	26261	25320	
11317	0	33764	36588	26561	25593	
11318	0	34072	36796	26866	25920	
11319	0	34129	37208	27234	26180	
11320	0	34708	37244	27624	26422	
11321	0	34828	37380	27976	26752	
11322	0	35400	37949	28300	26998	
11323	0	35728	38012	28641	27272	
11324	0	36001	38960	29026	27560	
11325	0	37216	39116	29385	27844	
11326	0	38332	39658	29728	28165	
11327	0	38456	39353	30068	28434	
11328	0	39540	39706	30456	28656	
11329	0	40009	40280	30780	28960	
11330	0	40804	40238	31120	29136	
11331	0	40932	39600	31432	29390	
11332	0	40428	38624	31728	29604	
11333	0	40512	38297	32032	29824	
11334	0	39651	37536	32308	30042	
11335	0	39280	36692	32580	30233	
11336	0	38976	36256	32840	30486	
11337	0	38570	36214	33152	30656	
11338	0	37992	36420	33345	30777	
11339	0	37388	36394	33601	31005	
11340	0	36816	36508	33824	31096	
11341	0	35680	36660	34060	31252	
11342	0	34976	36516	34294	31420	
11343	0	34408	36020	34472	31552	
11344	0	34237	35970	34664	31680	
11345	0	34408	36562	34860	31860	
11346	0	33509	36148	35064	31988	
11347	0	33272	36793	35272	32069	
11348	0	33104	37012	35476	32248	
11349	0	33152	37165	35593	32308	
11350	0	32944	37032	35741	32460	
11351	0	32924	36969	35920	32572	
11352	0	37012	24441	36082	32702	
11353	0	33313	42056	36256	32816	
11354	0	46704	29217	36412	32892	
11355	0	34592	47728	36560	33006	
11356	0	33092	41352	36672	33108	
11357	0	27928	40864	36821	33232	
11358	0	31124	46108	36978	33340	
11359	0	25100	30204	37102	33430	
11360	0	46256	44432	37250	33546	
11361	0	30608	43962	37388	33616	
11362	0	24257	51976	37524	33768	
11363	0	32616	48522	37680	33860	
11364	0	35517	36740	37818	34002	
11365	0	37065	35321	37933	34096	
11366	0	37690	33868	38024	34233	
11367	0	36236	34548	38264	34384	
11368	0	34964	34273	38316	34472	
11369	0	34624	35928	38432	34688	
11370	0	35020	36176	38596	34793	
11371	0	35800	36400	38704	34944	
11372	0	35920	37356	38900	35160	
11373	0	35412	37616	39041	35312	
11374	0	35318	37109	39312	35501	
11375	0	35588	36768	39396	35736	
11376	0	35448	36620	39592	35938	
11377	0	35184	36772	39784	36160	
11378	0	35172	36552	40098	36332	
11379	0	35056	36485	40236	36600	
11380	0	34929	36540	40505	36784	
11381	0	35034	36616	40848	37084	
11382	0	35109	36780	40980	37308	
11383	0	35008	37280	41261	37528	
11384	0	34736	37472	41544	37784	
11385	0	34792	37612	41806	37976	
11386	0	34992	37348	42088	38258	
11387	0	35069	37192	42512	38501	
11388	0	35101	37162	42666	38697	
11389	0	34968	37204	42952	38916	
11390	0	34985	37280	43288	39152	
11391	0	34956	37264	43528	39398	
11392	0	34866	37328	43832	39608	
11393	0	34848	37272	44064	39756	
11394	0	34988	37200	44336	39968	
11395	0	34964	37692	44594	40136	
11396	0	34964	37684	44830	40280	
11397	0	34916	37660	45133	40360	
11398	0	34644	37841	45300	40492	
11399	0	35128	37144	45524	40616	
11400	0	35228	36948	45718	40698	
11401	0	35189	36952	45921	40832	
11402	0	34948	36797	46160	40908	
11403	0	35124	36452	46300	40928	
11404	0	35244	36480	46485	41013	
11405	0	35736	37289	46688	41032	
11406	0	35166	37672	46800	41060	
11407	0	35312	37680	46936	41096	
11408	0	35416	37493	47072	41124	
11409	0	35148	37012	47256	41140	
11410	0	35072	36544	47360	41124	
11411	0	35424	35508	47528	41124	
11412	0	35388	34544	47545	41112	
11413	0	35140	34712	47744	41088	
11414	0	35440	35729	47820	41072	
11415	0	36376	37981	47864	41024	
11416	0	36244	39520	47976	41000	
11417	0	36594	38384	48089	40948	
11418	0	35748	36677	48156	40897	
11419	0	35553	35620	48160	40852	
11420	0	35596	35181	48227	40780	
11421	0	35440	35131	48252	40732	
11422	0	35488	35072	48288	40664	
11423	0	35822	35728	48320	40584	
11424	0	35892	36360	48344	40484	
11425	0	36584	37160	48416	40392	
11426	0	36774	38369	48372	40300	
11427	0	36652	39544	48320	40198	
11428	0	37004	39312	48320	40136	
11429	0	35184	39776	48324	39980	
11430	0	35662	41788	48296	39868	
11431	0	36908	43628	48200	39748	
11432	0	37428	44992	48208	39616	
11433	0	37056	45128	48089	39532	
11434	0	36493	44484	48064	39356	
11435	0	35912	42856	47944	39260	
11436	0	34676	40604	47892	39098	
11437	0	34246	38328	47764	38900	
11438	0	34620	36880	47692	38736	
11439	0	34164	34636	47496	38600	
11440	0	34517	34176	47376	38473	
11441	0	33885	33340	47224	38314	
11442	0	31920	31858	47120	38108	
11443	0	30688	31312	47008	37933	
11444	0	32700	30908	46921	37826	
11445	0	34730	30594	46772	37616	
11446	0	33852	29889	46596	37444	
11447	0	29920	29400	46496	37288	
11448	0	32472	29844	46424	37221	
11449	0	32108	31256	46268	37032	
11450	0	33113	31717	46148	36952	
11451	0	32512	32748	46068	36784	
11452	0	32320	33428	46024	36696	
11453	0	32385	34208	45892	36576	
11454	0	32906	34440	45857	36472	
11455	0	33596	34768	45736	36445	
11456	0	33064	35200	45708	36360	
11457	0	32804	35776	45608	36288	
11458	0	33664	35924	45492	36128	
11459	0	34356	35884	45400	36106	
11460	0	35332	35800	45344	36000	
11461	0	35428	36276	45240	35868	
11462	0	35360	36512	45136	35804	
11463	0	35636	36900	45040	35680	
11464	0	36037	38244	44904	35576	
11465	0	35842	38488	44824	35492	
11466	0	35096	39048	44640	35352	
11467	0	34980	39108	44484	35248	
11468	0	35212	40012	44376	35057	
11469	0	36932	40160	44204	34968	
11470	0	37980	39308	43968	34826	
11471	0	39641	39272	43776	34644	
11472	0	40776	39720	43504	34400	
11473	0	40972	39764	43272	34173	
11474	0	39972	38236	43028	34036	
11475	0	39233	37820	42832	33814	
11476	0	37708	37540	42508	33512	
11477	0	36676	37496	42316	33266	
11478	0	35856	37660	42040	33020	
11479	0	35280	37892	41700	32832	
11480	0	34989	37626	41388	32546	
11481	0	34953	37112	40988	32276	
11482	0	35193	36768	40652	31988	
11483	0	35677	36624	40344	31712	
11484	0	36048	36361	40000	31485	
11485	0	36264	36324	39676	31205	
11486	0	35844	36484	39384	30904	
11487	0	35348	36624	38992	30656	
11488	0	34700	36820	38634	30348	
11489	0	33881	36784	38290	30080	
11490	0	33440	37226	37920	29824	
11491	0	32722	36537	37572	29545	
11492	0	32617	36737	37216	29264	
11493	0	32616	36777	36842	29040	
11494	0	33049	36738	36476	28788	
11495	0	28560	34632	36120	28529	
11496	0	34820	30045	35763	28314	
11497	0	33704	43568	35413	28084	
11498	0	47553	24136	35132	27857	
11499	0	33988	49672	34672	27637	
11500	0	35112	36192	34260	27393	
11501	0	30888	42688	33896	27192	
11502	0	31204	42440	33517	26988	
11503	0	35120	41172	33168	26788	
11504	0	36440	37624	32796	26634	
11505	0	38193	41576	32388	26436	
11506	0	33762	39968	32040	26244	
11507	0	31090	48388	31592	26075	
11508	0	32622	45584	31292	25928	
11509	0	36404	38185	30912	25764	
11510	0	36768	35404	30520	25612	
11511	0	36472	34484	30177	25461	
11512	0	37285	33920	29794	25344	
11513	0	35136	34608	29428	25214	
11514	0	35140	35640	29064	25090	
11515	0	35608	36036	28720	24993	
11516	0	36072	36376	28356	24897	
11517	0	35913	37129	28026	24832	
11518	0	35700	37714	27712	24738	
11519	0	35800	37568	27380	24701	
11520	0	35722	37320	27120	24636	
11521	0	35412	36952	26825	24602	
11522	0	35232	36800	26584	24587	
11523	0	35033	36476	26298	24612	
11524	0	34848	36210	26108	24582	
11525	0	34938	35792	25882	24626	
11526	0	34805	35428	25677	24674	
11527	0	35224	35368	25488	24723	
11528	0	35413	35572	25328	24722	
11529	0	35348	36336	25172	24834	
11530	0	35096	37652	24988	24857	
11531	0	34928	38248	24813	24949	
11532	0	34984	38206	24712	25028	
11533	0	35028	37880	24524	25101	
11534	0	35168	37460	24446	25145	
11535	0	35020	37221	24316	25200	
11536	0	34976	37144	24220	25256	
11537	0	35172	37173	24118	25308	
11538	0	35116	37010	23971	25336	
11539	0	34192	37044	23849	25398	
11540	0	35028	36452	23738	25410	
11541	0	35796	37141	23608	25490	
11542	0	35128	38132	23500	25505	
11543	0	35081	38268	23373	25429	
11544	0	35520	37384	23244	25444	
11545	0	35252	37232	23072	25416	
11546	0	35092	36912	22892	25392	
11547	0	35052	36401	22798	25392	
11548	0	35232	35456	22612	25320	
11549	0	34969	34644	22537	25286	
11550	0	35020	34081	22381	25224	
11551	0	35804	35512	22222	25206	
11552	0	35872	38652	21988	25142	
11553	0	35261	39432	21834	25072	
11554	0	36320	38040	21746	25012	
11555	0	36360	36877	21614	24948	
11556	0	35732	36412	21426	24916	
11557	0	34652	35196	21310	24904	
11558	0	34240	34184	21106	24760	
11559	0	35656	34504	20988	24714	
11560	0	36384	36124	20856	24652	
11561	0	36685	37956	20718	24568	
11562	0	36464	38540	20556	24474	
11563	0	36776	38708	20456	24396	
11564	0	36992	38576	20281	24332	
11565	0	36377	38488	20162	24256	
11566	0	35850	39104	20044	24224	
11567	0	35508	41532	19906	24060	
11568	0	35536	43792	19803	24048	
11569	0	36280	44468	19682	23980	
11570	0	36616	44352	19571	23880	
11571	0	36804	43752	19417	23780	
11572	0	36464	42376	19307	23728	
11573	0	35888	40768	19211	23700	
11574	0	35632	38704	19104	23594	
11575	0	34634	37266	19030	23562	
11576	0	34464	36064	18944	23403	
11577	0	33942	34552	18913	23400	
11578	0	34388	33396	18830	23296	
11579	0	33744	33304	18778	23300	
11580	0	33292	30536	18746	23244	
11581	0	32157	29386	18724	23236	
11582	0	33524	29960	18696	23242	
11583	0	33658	30328	18692	23190	
11584	0	29884	29252	18710	23294	
11585	0	31624	30845	18671	23322	
11586	0	31876	31821	18814	23428	
11587	0	32116	32741	18884	23458	
11588	0	31908	33676	18986	23620	
11589	0	32448	34218	19107	23829	
11590	0	32984	34288	19175	23962	
11591	0	33036	34604	19394	24192	
11592	0	33304	34732	19592	24438	
11593	0	33604	34580	19780	24676	
11594	0	34060	34532	20012	24962	
11595	0	34808	34580	20267	25250	
11596	0	34616	35021	20492	25586	
11597	0	34672	35748	20788	25854	
11598	0	34504	36532	21084	26175	
11599	0	34276	37728	21366	26540	
11600	0	33752	38540	21680	26849	
11601	0	33552	39509	21928	27220	
11602	0	32954	39964	22234	27601	
11603	0	33432	39596	22590	27928	
11604	0	34186	39660	22895	28265	
11605	0	34865	39644	23258	28588	
11606	0	35744	39888	23532	28909	
11607	0	36874	40464	23880	29252	
11608	0	37604	40876	24146	29549	
11609	0	36609	39404	24452	29818	
11610	0	36572	39800	24730	30156	
11611	0	36281	40512	25020	30412	
11612	0	35834	40192	25291	30642	
11613	0	35708	40098	25564	30896	
11614	0	35250	39576	25881	31184	
11615	0	35054	39468	26098	31376	
11616	0	34541	39064	26384	31620	
11617	0	34618	38532	26616	31800	
11618	0	35161	37697	26882	32048	
11619	0	35626	36722	27120	32193	
11620	0	36145	35744	27352	32392	
11621	0	36464	35376	27562	32565	
11622	0	36388	35568	27797	32715	
11623	0	35917	35888	27992	32859	
11624	0	35100	36228	28236	33004	
11625	0	34461	36280	28424	33213	
11626	0	34250	36328	28648	33292	
11627	0	34372	36556	28834	33472	
11628	0	34312	36596	29058	33568	
11629	0	33960	36500	29256	33756	
11630	0	33508	36404	29457	33792	
11631	0	33121	36520	29660	33956	
11632	0	33101	36569	29848	34064	
11633	0	33353	36656	30044	34162	
11634	0	33676	36737	30240	34248	
11635	0	32041	36114	30420	34333	
11636	0	43989	23841	30629	34452	
11637	0	35252	40168	30796	34616	
11638	0	40860	30392	31020	34636	
11639	0	45040	44372	31141	34732	
11640	0	35174	42532	31328	34852	
11641	0	30133	42748	31496	34926	
11642	0	29330	41808	31684	35017	
11643	0	37992	38736	31833	35160	
11644	0	34000	43082	32002	35256	
11645	0	28864	43256	32146	35368	
11646	0	27044	42164	32320	35352	
11647	0	33272	46720	32476	35572	
11648	0	36929	40664	32676	35600	
11649	0	36932	34768	32812	35636	
11650	0	35728	35572	33020	35812	
11651	0	36236	34704	33170	35832	
11652	0	35356	35864	33304	35944	
11653	0	34813	36396	33476	36109	
11654	0	35308	36680	33674	36164	
11655	0	35380	36781	33850	36297	
11656	0	35213	36921	34078	36436	
11657	0	35292	36856	34233	36616	
11658	0	35704	37064	34441	36745	
11659	0	35128	37220	34704	36962	
11660	0	35161	37304	34960	37004	
11661	0	35010	36940	35128	37204	
11662	0	35036	36712	35369	37328	
11663	0	35032	36640	35716	37560	
11664	0	34945	36824	35980	37672	
11665	0	34860	36964	36176	37848	
11666	0	34680	37000	36444	38044	
11667	0	34554	37040	36808	38176	
11668	0	34664	36972	37106	38392	
11669	0	34712	37024	37320	38504	
11670	0	34728	37176	37664	38813	
11671	0	34688	37217	37864	38832	
11672	0	34612	37484	38161	38988	
11673	0	34552	37665	38525	39120	
11674	0	34688	37520	38774	39328	
11675	0	34565	37548	39065	39517	
11676	0	34596	37525	39234	39476	
11677	0	34552	37520	39488	39612	
11678	0	34686	37456	39736	39664	
11679	0	34668	37401	39956	39728	
11680	0	34704	37196	40220	39784	
11681	0	34676	37034	40398	39822	
11682	0	34748	38152	40644	39865	
11683	0	34840	37380	40816	39938	
11684	0	34904	38014	40924	39896	
11685	0	34445	37680	41084	39952	
11686	0	34817	37496	41264	39912	
11687	0	35000	37320	41360	39860	
11688	0	35081	36880	41537	39916	
11689	0	34940	37212	41590	39793	
11690	0	34941	36653	41752	39792	
11691	0	35184	36489	41880	39792	
11692	0	34816	36140	41880	39653	
11693	0	34664	36154	41936	39624	
11694	0	35604	36648	42104	39592	
11695	0	35656	37921	42060	39477	
11696	0	34778	37889	42073	39416	
11697	0	35464	37242	42112	39280	
11698	0	35832	36880	42260	39204	
11699	0	35501	37028	42204	39108	
11700	0	35196	36772	42201	39032	
11701	0	35568	36256	42208	38949	
11702	0	35252	36305	42336	38948	
11703	0	35137	35984	42344	38848	
11704	0	35144	35565	42296	38792	
11705	0	35360	35976	42244	38632	
11706	0	36380	36756	42268	38640	
11707	0	35744	37981	42285	38560	
11708	0	35948	38244	42220	38492	
11709	0	35652	37009	42208	38408	
11710	0	35584	35684	42324	38324	
11711	0	36144	35880	42228	38272	
11712	0	36012	36644	42140	38176	
11713	0	35908	36644	42126	38146	
11714	0	36176	36712	42097	38032	
11715	0	35996	36969	42064	37981	
11716	0	36280	37520	42020	37968	
11717	0	36400	38336	42104	37892	
11718	0	35413	38765	41928	37776	
11719	0	35381	39596	41856	37770	
11720	0	36028	41336	41784	37716	
11721	0	35964	42622	41720	37578	
11722	0	36280	43253	41640	37560	
11723	0	36428	42596	41536	37441	
11724	0	37700	43608	41454	37400	
11725	0	38640	42168	41360	37296	
11726	0	38136	40572	41198	37230	
11727	0	37034	38707	41072	37181	
11728	0	35484	37061	41064	37092	
11729	0	33284	36073	40858	36976	
11730	0	35154	34418	40740	36920	
11731	0	35136	34284	40472	36852	
11732	0	34533	32674	40416	36768	
11733	0	32746	31124	40224	36628	
11734	0	31932	31208	39988	36541	
11735	0	32278	30624	39852	36504	
11736	0	33512	31872	39688	36373	
11737	0	32032	31888	39484	36320	
11738	0	30320	31084	39312	36324	
11739	0	31592	32494	39220	36210	
11740	0	31908	32692	39000	36232	
11741	0	31804	33116	38952	36194	
11742	0	32172	33736	38684	36176	
11743	0	32586	33820	38576	36128	
11744	0	32824	33868	38401	36224	
11745	0	33080	33812	38276	36192	
11746	0	33268	34017	38264	36187	
11747	0	33516	34264	38004	36226	
11748	0	33804	34452	38000	36222	
11749	0	34120	34773	37837	36269	
11750	0	34336	35320	37624	36392	
11751	0	34708	35724	37600	36328	
11752	0	34790	36136	37367	36352	
11753	0	35128	36650	37200	36424	
11754	0	35404	36696	37194	36460	
11755	0	35520	36858	36945	36408	
11756	0	35722	36844	36848	36529	
11757	0	35861	36992	36686	36456	
11758	0	35856	37573	36496	36456	
11759	0	35956	38196	36354	36352	
11760	0	36080	38644	36204	36432	
11761	0	36248	39648	35977	36370	
11762	0	36468	39568	35804	36220	
11763	0	36442	39548	35560	36080	
11764	0	36672	39491	35338	35972	
11765	0	36844	39008	35153	35888	
11766	0	37848	40212	34904	35728	
11767	0	38532	39884	34672	35705	
11768	0	38184	39544	34444	35456	
11769	0	38048	39096	34196	35298	
11770	0	38053	39028	33940	35240	
11771	0	38144	38592	33668	35012	
11772	0	38005	38936	33406	34818	
11773	0	37657	37968	33136	34625	
11774	0	37228	38108	32882	34452	
11775	0	35624	38249	32589	34320	
11776	0	34732	38613	32304	34076	
11777	0	34154	38656	32020	33924	
11778	0	34796	38256	31720	33818	
11779	0	35641	37424	31432	33586	
11780	0	36056	36672	31156	33330	
11781	0	36736	36169	30850	33138	
11782	0	36064	35729	30576	33056	
11783	0	34994	36481	30274	32786	
11784	0	33377	37089	29992	32612	
11785	0	32568	38076	29684	32434	
11786	0	32056	38568	29414	32272	
11787	0	31352	37897	29144	32165	
11788	0	30808	37360	28852	31985	
11789	0	31053	34057	28592	31840	
11790	0	40320	25036	28344	31754	
11791	0	41876	37796	28058	31625	
11792	0	28378	25874	27820	31461	
11793	0	28188	55080	27508	31322	
11794	0	28826	41256	27238	31218	
11795	0	33136	44548	26903	31116	
11796	0	45961	39364	26760	31081	
11797	0	28824	48944	26460	30980	
11798	0	34872	49056	26179	30888	
11799	0	33325	44424	26017	30836	
11800	0	34000	37081	25816	30756	
11801	0	36108	35776	25600	30728	
11802	0	37880	34072	25366	30672	
11803	0	36756	35170	25153	30658	
11804	0	35390	35780	24963	30644	
11805	0	35169	36120	24769	30608	
11806	0	35100	35872	24524	30601	
11807	0	35680	35356	24370	30596	
11808	0	36152	35584	24188	30634	
11809	0	35988	35864	23972	30681	
11810	0	35522	36244	23832	30742	
11811	0	35513	36792	23752	30844	
11812	0	35336	37180	23554	30852	
11813	0	35358	37336	23480	30968	
11814	0	35368	37144	23428	31036	
11815	0	35296	36940	23315	31141	
11816	0	35264	36548	23260	31250	
11817	0	35392	36664	23218	31373	
11818	0	35348	36428	23180	31497	
11819	0	35164	36402	23140	31620	
11820	0	35260	36584	23110	31772	
11821	0	35164	37101	23093	31897	
11822	0	34972	36892	23080	32029	
11823	0	35378	37732	23016	32129	
11824	0	34641	37440	23036	32252	
11825	0	34746	37280	23065	32372	
11826	0	35098	37604	23056	32474	
11827	0	35136	37680	23092	32546	
11828	0	34948	37680	23026	32564	
11829	0	34856	37504	23073	32693	
11830	0	34900	37336	23109	32748	
11831	0	34920	37140	23114	32801	
11832	0	34940	37128	23099	32816	
11833	0	35020	37178	23086	32808	
11834	0	35040	37164	23093	32792	
11835	0	35028	37232	23028	32785	
11836	0	35172	37172	23058	32744	
11837	0	35044	37184	23024	32736	
11838	0	34912	37308	22997	32640	
11839	0	35068	37233	22972	32588	
11840	0	34972	37048	22916	32416	
11841	0	35028	36944	22904	32432	
11842	0	35008	36916	22904	32338	
11843	0	34932	36897	22867	32220	
11844	0	34826	37056	22808	32144	
11845	0	34732	36988	22844	32034	
11846	0	34882	37180	22770	31928	
11847	0	35034	37080	22691	31829	
11848	0	34936	37384	22660	31722	
11849	0	34928	37272	22617	31628	
11850	0	34992	37068	22656	31536	
11851	0	35160	37156	22611	31381	
11852	0	34778	36656	22636	31304	
11853	0	34940	37424	22644	31194	
11854	0	34816	37108	22601	31088	
11855	0	34980	37152	22574	31008	
11856	0	35220	37754	22594	30888	
11857	0	35358	37788	22621	30808	
11858	0	35008	37776	22576	30689	
11859	0	35064	37500	22640	30608	
11860	0	35122	37384	22640	30520	
11861	0	35272	37338	22673	30434	
11862	0	34912	37073	22652	30340	
11863	0	34872	37316	22696	30288	
11864	0	35168	36953	22725	30172	
11865	0	34948	36908	22737	30096	
11866	0	34684	37264	22780	29980	
11867	0	34112	37764	22728	29922	
11868	0	34432	37929	22797	29904	
11869	0	34564	38096	22878	29829	
11870	0	34872	38152	22880	29728	
11871	0	35136	37910	22956	29700	
11872	0	35332	37842	22968	29624	
11873	0	35524	37637	23005	29572	
11874	0	35312	37332	23067	29488	
11875	0	35860	36912	23126	29480	
11876	0	36388	36768	23224	29464	
11877	0	37141	36640	23242	29405	
11878	0	37992	36613	23360	29345	
11879	0	37970	36600	23428	29312	
11880	0	37632	36556	23440	29362	
11881	0	37632	36584	23584	29334	
11882	0	37284	36434	23628	29268	
11883	0	36664	36308	23744	29244	
11884	0	36396	36556	23792	29240	
11885	0	35856	36560	23896	29233	
11886	0	35552	36588	23937	29226	
11887	0	35016	36769	24077	29264	
11888	0	34637	36752	24162	29260	
11889	0	34108	36920	24289	29352	
11890	0	33900	36896	24417	29358	
11891	0	33782	36984	24498	29392	
11892	0	33680	37088	24656	29384	
11893	0	33496	36992	24708	29448	
11894	0	33364	37089	24846	29484	
11895	0	33156	37224	24997	29521	
11896	0	32808	37140	25080	29665	
11897	0	32624	37532	25217	29696	
11898	0	32424	38144	25328	29732	
11899	0	31824	37800	25444	29784	
11900	0	31576	38020	25620	29853	
11901	0	31040	38520	25728	29926	
11902	0	30881	37832	25908	30032	
11903	0	30168	39032	26024	30164	
11904	0	30100	38832	26156	30212	
11905	0	29650	38720	26260	30340	
11906	0	29202	38764	26445	30392	
11907	0	29076	38704	26608	30489	
11908	0	29118	38665	26742	30588	
11909	0	29381	38320	26918	30732	
11910	0	29945	38172	27000	30850	
11911	0	31024	37930	27152	30902	
11912	0	32864	37533	27324	31024	
11913	0	33944	37620	27528	31144	
11914	0	34804	37672	27681	31248	
11915	0	35194	37392	27780	31373	
11916	0	35456	37369	27982	31492	
11917	0	35170	37400	28149	31616	
11918	0	34728	37389	28285	31734	
11919	0	34392	37592	28424	31928	
11920	0	34292	37529	28619	32056	
11921	0	33934	37692	28764	32197	
11922	0	33732	37664	28958	32268	
11923	0	33600	37820	29124	32355	
11924	0	33766	37796	29284	32476	
11925	0	33827	37828	29453	32608	
11926	0	33908	37852	29616	32768	
11927	0	34020	37772	29760	32893	
11928	0	34100	37704	29946	32978	
11929	0	34112	37664	30105	33096	
11930	0	34198	37520	30260	33224	
11931	0	34024	37597	30424	33332	
11932	0	33964	37496	30572	33464	
11933	0	33948	37472	30736	33564	
11934	0	33948	37464	30888	33669	
11935	0	34000	37378	31040	33793	
11936	0	33960	37362	31188	33881	
11937	0	33960	37320	31324	34080	
11938	0	33988	37401	31464	34070	
11939	0	34020	37429	31592	34141	
11940	0	34048	37448	31750	34220	
11941	0	34140	37408	31866	34413	
11942	0	34144	37348	31983	34392	
11943	0	34096	37332	32122	34457	
11944	0	34034	37344	32240	34512	
11945	0	34034	37346	32333	34632	
11946	0	34056	37358	32448	34612	
11947	0	34009	37365	32528	34672	
11948	0	34040	37392	32644	34792	
11949	0	34040	37377	32733	34728	
11950	0	33996	37413	32816	34752	
11951	0	34024	37380	32904	34868	
11952	0	34068	37400	32972	34836	
11953	0	34000	37456	33056	34853	
11954	0	34126	37384	33153	34829	
11955	0	33941	37665	33232	34881	
11956	0	34028	37388	33284	34804	
11957	0	34073	37408	33328	34756	
11958	0	34021	37396	33381	34729	
11959	0	34090	37404	33472	34825	
11960	0	34072	37385	33476	34684	
11961	0	34040	37472	33569	34708	
11962	0	34080	37460	33613	34608	
11963	0	34076	37456	33652	34698	
11964	0	34044	37444	33692	34520	
11965	0	34052	37412	33684	34520	
11966	0	34060	37409	33705	34528	
11967	0	34050	37408	33748	34378	
11968	0	34032	37442	33762	34413	
11969	0	34056	37456	33822	34318	
11970	0	34068	37388	33797	34272	
11971	0	34064	37432	33844	34221	
11972	0	34133	37416	33892	34104	
11973	0	34152	37408	33905	34062	
11974	0	34104	37404	33858	33948	
11975	0	34092	37416	33896	33985	
11976	0	34084	37426	33880	33848	
11977	0	34080	37436	33888	33736	
11978	0	34076	37412	33932	33708	
11979	0	34072	37396	33956	33632	
11980	0	34076	37409	33920	33608	
11981	0	34076	37400	33916	33456	
11982	0	34088	37389	33920	33472	
11983	0	34072	37416	33956	33296	
11984	0	34044	37432	33962	33262	
11985	0	34081	37428	33972	33224	
11986	0	34092	37416	33966	33120	
11987	0	34113	37420	33925	33076	
11988	0	34108	37380	33932	32924	
11989	0	34101	37384	33949	32852	
11990	0	34096	37418	33980	32838	
11991	0	34084	37428	33988	32784	
11992	0	34088	37440	33972	32656	
11993	0	34085	37408	33952	32560	
11994	0	34104	37361	33989	32524	
11995	0	34080	37388	33936	32421	
11996	0	34062	37420	33932	32356	
11997	0	34066	37418	33941	32289	
11998	0	34076	37408	33922	32297	
11999	0	34116	37376	33948	32164	
12000	0	34104	37364	33924	32092	
12001	0	34064	37412	33944	32072	
12002	0	34096	37424	33980	32028	
12003	0	34088	37403	33933	31972	
12004	0	34116	37400	33931	31836	
12005	0	34112	37372	33936	31816	
12006	0	34084	37424	33952	31784	
12007	0	34076	37432	33953	31730	
12008	0	34096	37404	33945	31665	
12009	0	34100	37394	34008	31620	
12010	0	34104	37370	33984	31572	
12011	0	34112	37376	34008	31530	
12012	0	34066	37440	34012	31452	
12013	0	34072	37436	33984	31425	
12014	0	34100	37440	33984	31391	
12015	0	34084	37460	33996	31312	
12016	0	34084	37416	34020	31304	
12017	0	34088	37400	34056	31226	
12018	0	34113	37356	34016	31188	
12019	0	34100	37393	34024	31176	
12020	0	34079	37388	34024	31114	
12021	0	34128	37380	34044	31096	
12022	0	34105	37396	34096	31064	
12023	0	34084	37420	34076	31092	
12024	0	34092	37424	34044	31028	
12025	0	34086	37412	34052	30996	
12026	0	34102	37412	34052	31037	
12027	0	34112	37360	34092	31004	
12028	0	34084	37354	34076	31016	
12029	0	34088	37358	34126	30964	
12030	0	34106	37388	34089	30950	
12031	0	34093	37400	34098	30970	
12032	0	34090	37408	34068	30972	
12033	0	34124	37425	34132	30937	
12034	0	34116	37400	34096	30922	
12035	0	34080	37417	34104	30928	
12036	0	34076	37416	34088	30980	
12037	0	34100	37408	34104	30938	
12038	0	34072	37372	34100	30942	
12039	0	34088	37376	34136	30952	
12040	0	34104	37364	34112	30962	
12041	0	34104	37368	34116	30976	
12042	0	34104	37400	34144	31016	
12043	0	34112	37424	34144	31019	
12044	0	34076	37410	34140	31021	
12045	0	34048	37409	34096	31064	
12046	0	34108	37405	34124	31064	
12047	0	34104	37377	34104	31072	
12048	0	34120	37384	34132	31114	
12049	0	34061	37396	34120	31127	
12050	0	34064	37380	34152	31188	
12051	0	34084	37376	34096	31154	
12052	0	34081	37372	34124	31236	
12053	0	34104	37368	34112	31244	
12054	0	34112	37356	34112	31224	
12055	0	34106	37369	34170	31276	
12056	0	34108	37416	34157	31297	
12057	0	34048	37440	34176	31282	
12058	0	34058	37417	34144	31370	
12059	0	34069	37418	34152	31393	
12060	0	34068	37404	34152	31380	
12061	0	34080	37404	34180	31428	
12062	0	34116	37376	34156	31444	
12063	0	34080	37384	34164	31466	
12064	0	34096	37361	34172	31496	
12065	0	34089	37364	34220	31500	
12066	0	34084	37400	34189	31532	
12067	0	34096	37376	34237	31612	
12068	0	34088	37388	34216	31598	
12069	0	34054	37408	34240	31648	
12070	0	34097	37392	34265	31680	
12071	0	34072	37396	34298	31712	
12072	0	34102	37392	34336	31820	
12073	0	34094	37380	34348	31812	
12074	0	34116	37356	34336	31916	
12075	0	34084	37372	34368	31910	
12076	0	34100	37364	34456	31988	
12077	0	34114	37380	34436	32084	
12078	0	34066	37385	34460	32099	
12079	0	34088	37372	34544	32132	
12080	0	34078	37392	34529	32232	
12081	0	34080	37385	34573	32284	
12082	0	34081	37408	34610	32408	
12083	0	34108	37396	34720	32412	
12084	0	34089	37404	34694	32516	
12085	0	34116	37393	34813	32577	
12086	0	34088	37380	34816	32692	
12087	0	34116	37370	34856	32820	
12088	0	34110	37388	34904	32933	
12089	0	34105	37364	34972	33001	
12090	0	34104	37392	35036	33069	
12091	0	34100	37408	35076	33186	
12092	0	34088	37392	35138	33304	
12093	0	34104	37408	35248	33388	
12094	0	34109	37392	35314	33500	
12095	0	34116	37376	35352	33624	
12096	0	34130	37336	35496	33832	
12097	0	34112	37369	35568	33896	
12098	0	34084	37376	35566	33988	
12099	0	34112	37384	35681	34140	
12100	0	34100	37364	35752	34230	
12101	0	34106	37396	35792	34436	
12102	0	34072	37372	35880	34497	
12103	0	34096	37396	35976	34625	
12104	0	34096	37390	36033	34764	
12105	0	34100	37404	36193	34916	
12106	0	34144	37380	36249	35005	
12107	0	34122	37388	36300	35192	
12108	0	34132	37380	36484	35298	
12109	0	34116	37348	36536	35386	
12110	0	34108	37368	36592	35520	
12111	0	34084	37372	36752	35720	
12112	0	34100	37376	36784	35760	
12113	0	34108	37400	36860	35968	
12114	0	34112	37400	36946	36072	
12115	0	34113	37372	37146	36118	
12116	0	34120	37360	37160	36309	
12117	0	34112	37370	37234	36352	
12118	0	34108	37376	37428	36488	
12119	0	34110	37380	37424	36616	
12120	0	34093	37408	37515	36633	
12121	0	34120	37384	37652	36792	
12122	0	34108	37400	37774	36848	
12123	0	34112	37392	37792	36994	
12124	0	34108	37388	37980	37092	
12125	0	34128	37351	38040	37101	
12126	0	34100	37416	38113	37264	
12127	0	34120	37380	38200	37212	
12128	0	34128	37365	38309	37364	
12129	0	34168	37314	38365	37440	
12130	0	34136	37408	38500	37400	
12131	0	34120	37398	38464	37482	
12132	0	34100	37412	38532	37496	
12133	0	34092	37408	38657	37536	
12134	0	34136	37424	38664	37617	
12135	0	34100	37416	38740	37666	
12136	0	34104	37408	38786	37690	
12137	0	34137	37374	38893	37756	
12138	0	34077	37540	38944	37745	
12139	0	34092	37384	38986	37788	
12140	0	34104	37354	39032	37706	
12141	0	34104	37168	39042	37720	
12142	0	34064	37372	39094	37692	
12143	0	34084	37384	39208	37712	
12144	0	33992	37504	39136	37772	
12145	0	34072	37384	39168	37652	
12146	0	34126	37458	39180	37624	
12147	0	34120	37396	39224	37596	
12148	0	34152	37376	39284	37632	
12149	0	34176	37384	39348	37640	
12150	0	34212	37361	39232	37536	
12151	0	34160	37364	39324	37450	
12152	0	34164	37392	39228	37432	
12153	0	34125	37464	39344	37396	
12154	0	34120	37434	39296	37404	
12155	0	34130	37440	39204	37289	
12156	0	34098	37432	39256	37290	
12157	0	34132	37380	39210	37152	
12158	0	34132	37405	39140	37152	
12159	0	34144	37404	39224	37016	
12160	0	34140	37388	39072	36952	
12161	0	34150	37368	39041	36892	
12162	0	34156	37350	39064	36876	
12163	0	34120	37361	39032	36745	
12164	0	34105	37417	38904	36700	
12165	0	34134	37448	38841	36596	
12166	0	34160	37420	38804	36544	
12167	0	34136	37428	38816	36448	
12168	0	34177	37380	38700	36392	
12169	0	34208	37392	38680	36320	
12170	0	34216	37386	38584	36224	
12171	0	34178	37364	38501	36224	
12172	0	34209	37360	38512	36097	
12173	0	34205	37344	38364	36056	
12174	0	34192	37362	38288	35912	
12175	0	34185	37392	38264	35898	
12176	0	34204	37377	38140	35809	
12177	0	34192	37404	38172	35644	
12178	0	34156	37400	38066	35652	
12179	0	34212	37376	38008	35508	
12180	0	34180	37372	37937	35408	
12181	0	34232	37384	37856	35328	
12182	0	34200	37378	37684	35316	
12183	0	34222	37344	37620	35178	
12184	0	34233	37376	37594	35090	
12185	0	34198	37352	37460	35051	
12186	0	34196	37371	37434	34976	
12187	0	34189	37372	37289	34832	
12188	0	34216	37368	37213	34792	
12189	0	34204	37382	37136	34716	
12190	0	34208	37384	37132	34649	
12191	0	34256	37368	37032	34568	
12192	0	34232	37364	36868	34480	
12193	0	34240	37360	36856	34328	
12194	0	34272	37352	36748	34244	
12195	0	34272	37336	36656	34161	
12196	0	34272	37340	36528	34104	
12197	0	34258	37336	36448	34008	
12198	0	34241	37348	36440	33962	
12199	0	34314	37386	36300	33833	
12200	0	34240	37392	36200	33800	
12201	0	34304	37381	36104	33657	
12202	0	34246	37384	36004	33560	
12203	0	34316	37356	35946	33476	
12204	0	34296	37340	35800	33456	
12205	0	34304	37352	35716	33309	
12206	0	34288	37333	35621	33274	
12207	0	34289	37320	35528	33164	
12208	0	34296	37336	35432	33074	
12209	0	34277	37340	35352	33014	
12210	0	34276	37348	35264	32944	
12211	0	34315	37344	35168	32804	
12212	0	34312	37320	35136	32744	
12213	0	34296	37330	35002	32701	
12214	0	34316	37370	34901	32577	
12215	0	34336	37332	34836	32496	
12216	0	34308	37312	34800	32476	
12217	0	34324	37352	34692	32328	
12218	0	34308	37328	34584	32318	
12219	0	34314	37360	34492	32189	
12220	0	34328	37340	34404	32122	
12221	0	34308	37362	34364	32064	
12222	0	34332	37345	34256	32048	
12223	0	34326	37360	34202	31988	
12224	0	34324	37338	34140	31925	
12225	0	34333	37324	34080	31824	
12226	0	34336	37336	33964	31808	
12227	0	34334	37328	33941	31692	
12228	0	34360	37324	33884	31712	
12229	0	34320	37344	33792	31668	
12230	0	34358	37357	33772	31549	
12231	0	34348	37336	33704	31574	
12232	0	34312	37336	33644	31452	
12233	0	34334	37332	33549	31424	
12234	0	34364	37328	33493	31372	
12235	0	34348	37305	33426	31348	
12236	0	34348	37340	33386	31364	
12237	0	34354	37324	33332	31288	
12238	0	34377	37314	33292	31244	
12239	0	34368	37336	33228	31264	
12240	0	34388	37356	33196	31208	
12241	0	34348	37370	33196	31244	
12242	0	34372	37337	33148	31226	
12243	0	34360	37365	33112	31172	
12244	0	34376	37296	33044	31188	
12245	0	34384	37316	33012	31152	
12246	0	34404	37265	32972	31117	
12247	0	34380	37252	32921	31108	
12248	0	34396	37304	32916	31068	
12249	0	34354	37314	32896	31056	
12250	0	34380	37336	32824	31052	
12251	0	34377	37353	32796	31058	
12252	0	34372	37348	32809	31044	
12253	0	34412	37340	32772	31053	
12254	0	34400	37312	32736	31040	
12255	0	34396	37321	32704	31044	
12256	0	34412	37332	32696	31040	
12257	0	34400	37308	32672	31064	
12258	0	34396	37308	32652	31090	
12259	0	34392	37316	32668	31120	
12260	0	34418	37321	32668	31168	
12261	0	34389	37324	32638	31176	
12262	0	34384	37376	32672	31188	
12263	0	34400	37344	32672	31245	
12264	0	34388	37333	32680	31188	
12265	0	34432	37296	32673	31233	
12266	0	34405	37313	32692	31272	
12267	0	34404	37320	32729	31308	
12268	0	34405	37324	32748	31376	
12269	0	34408	37312	32773	31413	
12270	0	34404	37336	32813	31416	
12271	0	34404	37336	32846	31536	
12272	0	34392	37333	32894	31509	
12273	0	34409	37328	32984	31592	
12274	0	34404	37322	32994	31618	
12275	0	34418	37332	33092	31720	
12276	0	34418	37272	33142	31722	
12277	0	34424	37296	33172	31758	
12278	0	34416	37308	33282	31883	
12279	0	34404	37288	33301	31940	
12280	0	34416	37348	33372	31954	
12281	0	34416	37320	33484	32044	
12282	0	34408	37356	33561	32064	
12283	0	34396	37362	33628	32204	
12284	0	34396	37332	33708	32276	
12285	0	34432	37313	33792	32325	
12286	0	34424	37304	33904	32404	
12287	0	34432	37301	34000	32454	
12288	0	34428	37321	34096	32472	
12289	0	34425	37313	34220	32576	
12290	0	34412	37320	34272	32633	
12291	0	34424	37336	34364	32744	
12292	0	34420	37372	34465	32833	
12293	0	34408	37357	34552	32968	
12294	0	34416	37334	34656	32984	
12295	0	34430	37322	34760	33064	
12296	0	34432	37304	34904	33170	
12297	0	34444	37296	34977	33312	
12298	0	34448	37272	35064	33436	
12299	0	34440	37280	35160	33488	
12300	0	34432	37312	35236	33626	
12301	0	34416	37344	35352	33738	
12302	0	34437	37352	35412	33844	
12303	0	34440	37384	35488	33860	
12304	0	34416	37337	35664	33995	
12305	0	34452	37296	35730	34168	
12306	0	34460	37304	35744	34194	
12307	0	34436	37289	35800	34364	
12308	0	34440	37300	35948	34384	
12309	0	34452	37309	36008	34512	
12310	0	34450	37316	36008	34664	
12311	0	34428	37320	36065	34674	
12312	0	34416	37353	36116	34826	
12313	0	34456	37306	36165	34972	
12314	0	34444	37320	36218	35016	
12315	0	34448	37296	36298	35056	
12316	0	34452	37292	36364	35204	
12317	0	34452	37280	36365	35249	
12318	0	34452	37278	36372	35272	
12319	0	34441	37313	36328	35392	
12320	0	34452	37345	36336	35482	
12321	0	34448	37324	36356	35477	
12322	0	34440	37352	36393	35612	
12323	0	34444	37316	36340	35577	
12324	0	34436	37321	36410	35650	
12325	0	34444	37316	36348	35682	
12326	0	34444	37320	36408	35740	
12327	0	34432	37312	36320	35692	
12328	0	34428	37320	36316	35816	
12329	0	34461	37304	36274	35828	
12330	0	34444	37320	36240	35790	
12331	0	34456	37306	36296	35764	
12332	0	34448	37324	36212	35808	
12333	0	34456	37328	36248	35748	
12334	0	34452	37320	36118	35749	
12335	0	34444	37320	36080	35848	
12336	0	34464	37316	36040	35754	
12337	0	34452	37296	36008	35701	
12338	0	34432	37304	35960	35772	
12339	0	34453	37292	35912	35664	
12340	0	34468	37300	35952	35652	
12341	0	34464	37312	35832	35618	
12342	0	34474	37304	35776	35504	
12343	0	34432	37336	35736	35468	
12344	0	34452	37312	35676	35524	
12345	0	34464	37313	35616	35370	
12346	0	34457	37312	35564	35288	
12347	0	34468	37293	35506	35313	
12348	0	34472	37301	35449	35201	
12349	0	34448	37312	35472	35084	
12350	0	34464	37308	35358	35008	
12351	0	34456	37321	35360	34940	
12352	0	34448	37320	35232	34912	
12353	0	34456	37297	35216	34872	
12354	0	34458	37290	35163	34690	
12355	0	34472	37300	35090	34624	
12356	0	34472	37296	35000	34524	
12357	0	34452	37320	34932	34532	
12358	0	34456	37314	34893	34376	
12359	0	34448	37304	34881	34312	
12360	0	34464	37304	34752	34164	
12361	0	34476	37292	34694	34058	
12362	0	34469	37312	34648	34040	
12363	0	34456	37312	34616	33901	
12364	0	34468	37320	34500	33834	
12365	0	34469	37320	34456	33684	
12366	0	34464	37316	34412	33696	
12367	0	34474	37304	34300	33504	
12368	0	34480	37292	34242	33396	
12369	0	34464	37288	34177	33346	
12370	0	34468	37281	34160	33277	
12371	0	34464	37300	34066	33164	
12372	0	34472	37304	33964	33052	
12373	0	34488	37312	33896	33036	
12374	0	34469	37304	33845	32870	
12375	0	34468	37308	33764	32824	
12376	0	34468	37294	33681	32792	
12377	0	34488	37308	33650	32688	
12378	0	34473	37290	33588	32644	
12379	0	34460	37300	33460	32488	
12380	0	34468	37300	33444	32410	
12381	0	34480	37292	33372	32320	
12382	0	34488	37296	33260	32293	
12383	0	34480	37312	33188	32210	
12384	0	34452	37312	33116	32182	
12385	0	34460	37304	33088	32057	
12386	0	34476	37304	33012	32000	
12387	0	34468	37290	32900	31905	
12388	0	34478	37284	32832	31880	
12389	0	34464	37298	32804	31765	
12390	0	34460	37304	32704	31768	
12391	0	34472	37293	32641	31656	
12392	0	34472	37292	32578	31580	
12393	0	34472	37306	32501	31540	
12394	0	34471	37300	32469	31456	
12395	0	34465	37304	32372	31420	
12396	0	34448	37308	32336	31348	
12397	0	34458	37304	32278	31354	
12398	0	34456	37284	32224	31316	
12399	0	34460	37300	32148	31196	
12400	0	34472	37296	32092	31144	
12401	0	34456	37304	32052	31098	
12402	0	34464	37316	32016	31052	
12403	0	34468	37297	31962	31014	
12404	0	34456	37288	31888	31040	
12405	0	34468	37312	31850	30914	
12406	0	34484	37304	31805	30868	
12407	0	34453	37316	31789	30900	
12408	0	34476	37288	31738	30868	
12409	0	34464	37292	31706	30824	
12410	0	34469	37280	31652	30728	
12411	0	34476	37276	31632	30692	
12412	0	34468	37273	31588	30700	
12413	0	34464	37284	31540	30662	
12414	0	34440	37316	31512	30632	
12415	0	34452	37322	31480	30594	
12416	0	34448	37344	31442	30496	
12417	0	34432	37336	31420	30512	
12418	0	34448	37320	31400	30493	
12419	0	34440	37285	31353	30436	
12420	0	34472	37272	31336	30401	
12421	0	34476	37268	31320	30360	
12422	0	34464	37276	31284	30400	
12423	0	34460	37276	31268	30344	
12424	0	34456	37310	31237	30296	
12425	0	34456	37328	31216	30318	
12426	0	34464	37316	31200	30250	
12427	0	34453	37321	31180	30236	
12428	0	34444	37304	31168	30292	
12429	0	34464	37293	31138	30280	
12430	0	34472	37282	31129	30216	
12431	0	34469	37296	31112	30210	
12432	0	34464	37294	31093	30176	
12433	0	34472	37276	31073	30192	
12434	0	34464	37288	31068	30184	
12435	0	34448	37296	31049	30244	
12436	0	34464	37316	31036	30168	
12437	0	34457	37292	31033	30157	
12438	0	34460	37309	31017	30168	
12439	0	34468	37320	31016	30218	
12440	0	34464	37300	31012	30218	
12441	0	34480	37304	30998	30228	
12442	0	34460	37272	30988	30156	
12443	0	34476	37272	30980	30180	
12444	0	34464	37288	30981	30176	
12445	0	34464	37285	30976	30225	
12446	0	34444	37308	30969	30240	
12447	0	34456	37320	30973	30272	
12448	0	34452	37344	30960	30261	
12449	0	34436	37344	30956	30272	
12450	0	34440	37321	30960	30226	
12451	0	34468	37288	30952	30236	
12452	0	34464	37284	30940	30252	
12453	0	34468	37268	30948	30278	
12454	0	34441	37288	30944	30300	
12455	0	34452	37304	30952	30294	
12456	0	34456	37328	30940	30304	
12457	0	34432	37324	30944	30380	
12458	0	34444	37298	30944	30333	
12459	0	34464	37316	30940	30361	
12460	0	34456	37304	30929	30356	
12461	0	34456	37304	30944	30404	
12462	0	34440	37300	30940	30400	
12463	0	34464	37317	30944	30388	
12464	0	34416	37316	30952	30408	
12465	0	34448	37288	30948	30480	
12466	0	34468	37297	30945	30462	
12467	0	34456	37280	30954	30445	
12468	0	34458	37296	30957	30472	
12469	0	34468	37300	30960	30481	
12470	0	34437	37340	30958	30482	
12471	0	34456	37320	30964	30496	
12472	0	34444	37292	30970	30560	
12473	0	34432	37285	30982	30520	
12474	0	34464	37280	30988	30584	
12475	0	34468	37266	30996	30564	
12476	0	34468	37280	31004	30616	
12477	0	34441	37304	31008	30560	
12478	0	34452	37306	31034	30584	
12479	0	34476	37305	31044	30568	
12480	0	34441	37316	31041	30648	
12481	0	34456	37320	31056	30584	
12482	0	34468	37304	31068	30666	
12483	0	34482	37300	31084	30608	
12484	0	34468	37280	31104	30618	
12485	0	34468	37270	31120	30617	
12486	0	34452	37276	31136	30629	
12487	0	34468	37280	31148	30620	
12488	0	34456	37304	31164	30700	
12489	0	34464	37300	31178	30657	
12490	0	34456	37312	31200	30634	
12491	0	34468	37300	31216	30656	
12492	0	34460	37289	31248	30640	
12493	0	34464	37276	31256	30698	
12494	0	34480	37276	31280	30669	
12495	0	34476	37272	31296	30656	
12496	0	34480	37264	31308	30690	
12497	0	34496	37288	31364	30736	
12498	0	34448	37272	31360	30664	
12499	0	34460	37312	31365	30668	
12500	0	34474	37320	31396	30664	
12501	0	34476	37304	31428	30669	
12502	0	34476	37292	31426	30688	
12503	0	34480	37284	31464	30748	
12504	0	34474	37252	31476	30704	
12505	0	34496	37264	31494	30760	
12506	0	34490	37264	31512	30764	
12507	0	34476	37280	31524	30752	
12508	0	34472	37300	31565	30701	
12509	0	34500	37312	31584	30713	
12510	0	34492	37304	31596	30716	
12511	0	34476	37314	31616	30760	
12512	0	34488	37324	31646	30781	
12513	0	34488	37286	31640	30744	
12514	0	34490	37305	31652	30748	
12515	0	34484	37272	31680	30820	
12516	0	34496	37292	31714	30772	
12517	0	34500	37280	31728	30820	
12518	0	34496	37288	31720	30865	
12519	0	34496	37288	31749	30904	
12520	0	34488	37288	31760	30890	
12521	0	34488	37285	31768	30916	
12522	0	34504	37336	31777	30926	
12523	0	34500	37284	31800	30912	
12524	0	34497	37298	31817	30902	
12525	0	34488	37286	31808	30912	
12526	0	34520	37258	31826	31016	
12527	0	34496	37280	31852	30974	
12528	0	34508	37280	31850	30980	
12529	0	34492	37297	31852	31074	
12530	0	34488	37308	31888	31024	
12531	0	34488	37324	31901	31044	
12532	0	34524	37305	31900	31052	
12533	0	34472	37300	31912	31072	
12534	0	34473	37273	31929	31096	
12535	0	34488	37276	31928	31189	
12536	0	34512	37268	31956	31156	
12537	0	34528	37259	31980	31152	
12538	0	34497	37304	32001	31184	
12539	0	34504	37320	31992	31276	
12540	0	34482	37288	32022	31237	
12541	0	34498	37296	32016	31256	
12542	0	34488	37276	32034	31244	
12543	0	34488	37280	32072	31336	
12544	0	34500	37305	32066	31288	
12545	0	34488	37276	32088	31296	
12546	0	34497	37280	32132	31330	
12547	0	34484	37256	32140	31332	
12548	0	34492	37248	32140	31348	
12549	0	34496	37244	32178	31357	
12550	0	34505	37240	32184	31360	
12551	0	34516	37288	32212	31389	
12552	0	34512	37304	32236	31384	
12553	0	34460	37312	32229	31392	
12554	0	34464	37337	32240	31417	
12555	0	34514	37306	32257	31400	
12556	0	34476	37280	32280	31464	
12557	0	34520	37252	32304	31432	
12558	0	34504	37236	32332	31480	
12559	0	34512	37232	32344	31504	
12560	0	34520	37224	32364	31516	
12561	0	34473	37268	32385	31509	
12562	0	34506	37276	32385	31524	
12563	0	34473	37336	32400	31448	
12564	0	34468	37293	32448	31478	
12565	0	34493	37276	32440	31528	
12566	0	34505	37257	32448	31460	
12567	0	34524	37249	32456	31489	
12568	0	34528	37216	32476	31517	
12569	0	34505	37220	32468	31464	
12570	0	34521	37216	32489	31505	
12571	0	34508	37241	32503	31465	
12572	0	34516	37256	32506	31556	
12573	0	34480	37285	32536	31544	
12574	0	34492	37304	32540	31492	
12575	0	34490	37312	32524	31470	
12576	0	34497	37281	32522	31528	
12577	0	34512	37240	32508	31494	
12578	0	34514	37224	32504	31553	
12579	0	34524	37232	32508	31532	
12580	0	34520	37232	32504	31545	
12581	0	34516	37246	32536	31504	
12582	0	34504	37224	32501	31512	
12583	0	34496	37234	32480	31544	
12584	0	34522	37312	32504	31528	
12585	0	34516	37340	32462	31560	
12586	0	34492	37344	32456	31536	
12587	0	34504	37360	32448	31554	
12588	0	34528	37300	32448	31608	
12589	0	34556	37238	32416	31578	
12590	0	34536	37236	32422	31672	
12591	0	34560	37224	32416	31602	
12592	0	34584	37309	32412	31624	
12593	0	34528	37236	32365	31688	
12594	0	34480	37148	32357	31661	
12595	0	34584	37168	32333	31744	
12596	0	34636	37300	32314	31721	
12597	0	34532	37416	32306	31760	
12598	0	34620	37400	32312	31800	
12599	0	34620	37338	32276	31804	
12600	0	34636	37244	32264	31808	
12601	0	34629	37208	32258	31864	
12602	0	34638	37168	32266	31836	
12603	0	34610	37184	32232	31832	
12604	0	34536	37186	32208	31905	
12605	0	34569	37176	32205	31936	
12606	0	34592	37244	32202	31980	
12607	0	34596	37189	32185	31913	
12608	0	34713	37205	32155	32000	
12609	0	34748	37204	32142	31978	
12610	0	34738	37248	32152	32018	
12611	0	34680	37324	32128	32075	
12612	0	34752	37256	32144	32084	
12613	0	34752	37242	32128	32084	
12614	0	34632	37180	32120	32156	
12615	0	34656	37132	32081	32170	
12616	0	34672	37092	32082	32132	
12617	0	34752	37081	32060	32180	
12618	0	34793	37129	32052	32220	
12619	0	34868	37120	32032	32205	
12620	0	34892	37176	32036	32228	
12621	0	34924	37212	32008	32254	
12622	0	34896	37200	32008	32269	
12623	0	34796	37229	31996	32364	
12624	0	34804	37192	31980	32328	
12625	0	34838	37093	31964	32440	
12626	0	34802	37032	31968	32404	
12627	0	34808	37056	31954	32400	
12628	0	34861	37024	31928	32424	
12629	0	34876	37008	31908	32520	
12630	0	34912	36996	31896	32473	
12631	0	34956	37048	31873	32584	
12632	0	34916	37130	31864	32601	
12633	0	34916	37102	31844	32538	
12634	0	34908	37032	31828	32562	
12635	0	34872	36944	31828	32580	
12636	0	34920	36956	31802	32652	
12637	0	35010	36992	31794	32686	
12638	0	35112	36924	31765	32640	
12639	0	35074	36889	31758	32656	
12640	0	35228	37024	31736	32672	
12641	0	35074	37516	31717	32756	
12642	0	35188	37596	31720	32698	
12643	0	35132	37425	31700	32709	
12644	0	35088	37320	31674	32765	
12645	0	35200	37216	31666	32764	
12646	0	35164	37093	31670	32740	
12647	0	35200	37120	31632	32740	
12648	0	35153	37072	31622	32776	
12649	0	35105	37036	31618	32832	
12650	0	35264	37040	31608	32805	
12651	0	35040	36940	31593	32816	
12652	0	35044	37015	31580	32832	
12653	0	35240	37206	31564	32796	
12654	0	35044	37165	31552	32796	
12655	0	35026	37057	31576	32816	
12656	0	35016	37024	31557	32848	
12657	0	35132	36984	31540	32872	
12658	0	34824	36881	31541	32874	
12659	0	35080	37096	31536	32904	
12660	0	35008	37048	31544	32916	
12661	0	35114	37074	31553	33020	
12662	0	35096	37040	31548	33042	
12663	0	34828	37180	31568	33012	
12664	0	34968	37248	31577	33108	
12665	0	35052	37360	31580	33076	
12666	0	34952	37166	31598	33112	
12667	0	34964	37152	31596	33213	
12668	0	35040	37272	31613	33188	
12669	0	35060	37256	31626	33208	
12670	0	35314	37320	31648	33244	
12671	0	35244	37380	31648	33360	
12672	0	35166	37344	31653	33304	
12673	0	35040	37298	31688	33346	
12674	0	35156	37232	31676	33376	
12675	0	35264	37594	31702	33364	
12676	0	35501	37386	31708	33438	
12677	0	35541	37525	31714	33372	
12678	0	35224	37489	31713	33472	
12679	0	35520	37738	31721	33448	
12680	0	35300	38016	31736	33440	
12681	0	35089	38332	31716	33448	
12682	0	35084	38716	31745	33380	
12683	0	34986	39081	31758	33296	
12684	0	34812	39481	31776	33316	
12685	0	34868	39872	31773	33232	
12686	0	35205	39952	31800	33180	
12687	0	35284	40260	31804	33148	
12688	0	35024	40560	31804	33164	
12689	0	35184	40985	31800	33108	
12690	0	35104	41300	31840	32998	
12691	0	35104	41104	31853	33028	
12692	0	34453	40916	31848	32861	
12693	0	35610	39792	31880	32900	
12694	0	36736	39832	31896	32740	
12695	0	35737	38928	31936	32696	
12696	0	36580	37468	31948	32636	
12697	0	37740	36936	31984	32588	
12698	0	38096	37548	32036	32632	
12699	0	37285	37125	32072	32562	
12700	0	37592	36060	32112	32584	
12701	0	37114	35728	32152	32514	
12702	0	36961	36016	32248	32444	
12703	0	38260	35354	32266	32432	
12704	0	36740	34880	32357	32402	
12705	0	35540	34944	32384	32416	
12706	0	31394	36056	32472	32508	
12707	0	33760	36676	32549	32440	
12708	0	32984	36768	32620	32425	
12709	0	32289	36208	32696	32449	
12710	0	32536	35384	32772	32496	
12711	0	32858	35572	32852	32586	
12712	0	33036	35528	32971	32624	
12713	0	32800	35668	33037	32668	
12714	0	32640	35520	33124	32624	
12715	0	32765	35626	33220	32754	
12716	0	32693	35513	33368	32760	
12717	0	32768	35260	33480	32860	
12718	0	32804	35320	33572	32916	
12719	0	33077	36056	33677	33060	
12720	0	33172	35248	33792	33108	
12721	0	33680	34984	33826	33160	
12722	0	33732	34992	33918	33256	
12723	0	33504	35387	34056	33424	
12724	0	33357	35561	34105	33517	
12725	0	33528	35037	34224	33584	
12726	0	33220	35436	34380	33800	
12727	0	33600	35188	34404	33810	
12728	0	33348	35433	34580	33924	
12729	0	33216	35560	34588	34128	
12730	0	33460	35570	34682	34176	
12731	0	33760	35432	34784	34338	
12732	0	33856	35464	34888	34496	
12733	0	34664	35817	34988	34528	
12734	0	34418	35592	35020	34656	
12735	0	34736	35612	35102	34802	
12736	0	35016	35340	35196	34928	
12737	0	35300	35392	35232	35005	
12738	0	35268	35400	35296	35141	
12739	0	35128	35484	35408	35226	
12740	0	35324	35309	35493	35424	
12741	0	34610	34752	35489	35508	
12742	0	33736	33661	35536	35528	
12743	0	51664	41576	35604	35676	
12744	0	56240	42624	35664	35722	
12745	0	22790	42996	35724	35940	
12746	0	20846	37768	35804	35920	
12747	0	32552	42401	35808	36010	
12748	0	35020	38930	35872	36144	
12749	0	37848	35302	35892	36280	
12750	0	36716	34108	35993	36288	
12751	0	36385	32348	35992	36416	
12752	0	34864	34296	36089	36509	
12753	0	34012	35904	36128	36704	
12754	0	34540	37060	36162	36693	
12755	0	35828	37072	36220	36765	
12756	0	36600	37386	36261	36908	
12757	0	35636	37304	36409	36972	
12758	0	35268	36740	36485	37176	
12759	0	35088	37042	36476	37188	
12760	0	35848	36344	36568	37434	
12761	0	35516	36304	36652	37420	
12762	0	35324	36456	36749	37501	
12763	0	35378	36564	36892	37620	
12764	0	35634	36620	37002	37720	
12765	0	35708	36828	37072	37884	
12766	0	35734	36717	37200	38048	
12767	0	35557	36832	37328	38124	
12768	0	35488	37080	37460	38224	
12769	0	35400	36656	37606	38292	
12770	0	35557	36706	37752	38324	
12771	0	35348	36828	37904	38464	
12772	0	35385	36480	38076	38476	
12773	0	35488	36992	38204	38548	
12774	0	35232	37042	38390	38709	
12775	0	35285	36940	38644	38772	
12776	0	35164	36832	38693	38728	
12777	0	35272	36912	38876	38748	
12778	0	35234	36916	39168	38772	
12779	0	35156	36736	39232	38904	
12780	0	35368	36856	39393	38876	
12781	0	35156	36972	39571	38816	
12782	0	35144	37024	39752	38825	
12783	0	35144	36960	39949	38828	
12784	0	34872	37001	40120	38876	
12785	0	35004	37232	40304	38884	
12786	0	34929	37221	40496	38880	
12787	0	34808	37506	40672	38784	
12788	0	34780	37204	40888	38787	
12789	0	34937	37237	41036	38789	
12790	0	34892	37106	41345	38796	
12791	0	34885	37216	41404	38708	
12792	0	34825	37168	41712	38684	
12793	0	34924	37114	41852	38737	
12794	0	34904	37108	41940	38708	
12795	0	34740	37008	42160	38673	
12796	0	34900	36912	42328	38680	
12797	0	34928	36842	42480	38584	
12798	0	34778	36834	42740	38636	
12799	0	34924	37012	42888	38624	
12800	0	35004	37300	43026	38586	
12801	0	34968	37537	43072	38608	
12802	0	34880	37704	43240	38600	
12803	0	34844	37520	43460	38572	
12804	0	35130	37432	43510	38594	
12805	0	35214	37224	43624	38612	
12806	0	35208	37140	43844	38660	
12807	0	35032	37153	43896	38729	
12808	0	35064	37592	44000	38724	
12809	0	35144	37824	44148	38821	
12810	0	35136	38009	44277	38842	
12811	0	35048	38240	44338	38949	
12812	0	35288	37948	44482	39000	
12813	0	34549	37961	44512	39121	
12814	0	34460	38792	44660	39220	
12815	0	35564	39488	44708	39326	
12816	0	35820	39800	44862	39400	
12817	0	35460	40248	44936	39570	
12818	0	34156	40540	44964	39660	
12819	0	34497	41161	45056	39840	
12820	0	34112	40334	45164	39996	
12821	0	33561	40446	45256	40120	
12822	0	33841	40048	45368	40300	
12823	0	33886	39756	45472	40458	
12824	0	34894	40064	45616	40672	
12825	0	34852	40096	45744	40856	
12826	0	35950	39168	45856	41076	
12827	0	38121	38962	45980	41320	
12828	0	38629	38828	46032	41524	
12829	0	38716	38496	46176	41729	
12830	0	37248	40004	46288	41950	
12831	0	41024	33672	46444	42232	
12832	0	40740	37360	46600	42456	
12833	0	38145	40340	46756	42650	
12834	0	37480	40160	46880	42964	
12835	0	35944	40036	47026	43152	
12836	0	34806	39005	47212	43444	
12837	0	34480	38605	47352	43676	
12838	0	34528	38020	47572	43912	
12839	0	34960	37388	47772	44132	
12840	0	34838	36844	47892	44308	
12841	0	34556	36284	48044	44536	
12842	0	33976	35832	48164	44768	
12843	0	33576	35720	48420	44924	
12844	0	33218	35852	48500	45088	
12845	0	32928	35576	48724	45276	
12846	0	32816	35164	48842	45404	
12847	0	32467	35376	48972	45592	
12848	0	32320	34760	49168	45648	
12849	0	32528	34872	49248	45800	
12850	0	32620	34201	49408	45868	
12851	0	32540	33896	49592	45892	
12852	0	32964	34472	49678	45940	
12853	0	32216	33634	49792	45984	
12854	0	32481	34017	49972	46010	
12855	0	32537	33880	50012	45998	
12856	0	32742	33574	50132	45936	
12857	0	33160	34016	50248	45916	
12858	0	32864	33760	50304	45836	
12859	0	33040	33556	50448	45705	
12860	0	33240	33896	50512	45632	
12861	0	33344	33888	50604	45460	
12862	0	33788	34058	50712	45336	
12863	0	33848	33989	50762	45196	
12864	0	34224	34400	50817	45000	
12865	0	34329	34324	50952	44852	
12866	0	34568	34400	50972	44648	
12867	0	34468	34352	51096	44444	
12868	0	34400	34928	51080	44232	
12869	0	33996	34856	51168	44000	
12870	0	33656	35232	51236	43793	
12871	0	33252	35468	51354	43568	
12872	0	33244	35672	51364	43336	
12873	0	33356	35888	51384	43093	
12874	0	33588	35720	51424	42873	
12875	0	34290	35601	51496	42616	
12876	0	34468	35480	51552	42376	
12877	0	34916	34877	51612	42144	
12878	0	34969	36160	51600	41924	
12879	0	40196	43568	51612	41682	
12880	0	55836	43104	51732	41529	
12881	0	28064	37300	51672	41226	
12882	0	20282	29888	51744	41016	
12883	0	38024	43436	51680	40768	
12884	0	38624	38112	51676	40681	
12885	0	32204	35520	51672	40400	
12886	0	34424	33984	51657	40204	
12887	0	36704	34345	51628	40024	
12888	0	36496	37560	51584	39956	
12889	0	35417	36577	51536	39720	
12890	0	35112	36468	51496	39561	
12891	0	35264	36740	51400	39406	
12892	0	36228	36888	51408	39348	
12893	0	35612	36600	51272	39098	
12894	0	35392	36744	51264	39049	
12895	0	35684	36709	51092	39000	
12896	0	35672	36404	51048	38928	
12897	0	35720	36033	50881	38740	
12898	0	35520	36356	50768	38716	
12899	0	35600	36514	50592	38560	
12900	0	35564	36389	50528	38465	
12901	0	35628	36389	50308	38412	
12902	0	35748	36717	50164	38317	
12903	0	35422	36828	50016	38216	
12904	0	35553	36820	49828	38072	
12905	0	35456	36710	49684	38084	
12906	0	35430	36512	49432	37956	
12907	0	35328	37002	49273	37860	
12908	0	35370	36832	49060	37762	
12909	0	35341	36772	48836	37516	
12910	0	35180	36888	48616	37416	
12911	0	35244	36608	48324	37336	
12912	0	35192	36672	48042	37126	
12913	0	35180	37060	47784	36980	
12914	0	35156	37108	47492	36832	
12915	0	35320	37089	47220	36576	
12916	0	35004	37024	46940	36328	
12917	0	35012	37034	46608	36176	
12918	0	34980	36832	46364	35993	
12919	0	34984	37096	46024	35692	
12920	0	34880	37114	45620	35444	
12921	0	34884	37128	45288	35188	
12922	0	34788	37136	45004	34977	
12923	0	34626	37188	44576	34680	
12924	0	34704	37256	44208	34505	
12925	0	34680	37284	43833	34156	
12926	0	34528	37296	43456	33937	
12927	0	34670	37140	43052	33565	
12928	0	34644	36984	42780	33360	
12929	0	34680	37120	42260	32993	
12930	0	34792	37588	41956	32729	
12931	0	34664	37856	41488	32456	
12932	0	34552	37932	41144	32104	
12933	0	34608	37828	40632	31826	
12934	0	34772	37444	40256	31552	
12935	0	34824	37137	39752	31296	
12936	0	34812	36986	39312	30992	
12937	0	34710	37012	38853	30717	
12938	0	34681	37269	38422	30416	
12939	0	34820	37564	37968	30140	
12940	0	34660	37710	37548	29852	
12941	0	34768	37988	37080	29586	
12942	0	34884	37690	36616	29324	
12943	0	34964	37504	36208	29094	
12944	0	35108	37244	35716	28858	
12945	0	34976	37432	35268	28603	
12946	0	35032	37584	34812	28381	
12947	0	35120	37654	34360	28160	
12948	0	34876	37860	33928	27954	
12949	0	34776	37977	33472	27745	
12950	0	34544	38456	33024	27560	
12951	0	35104	39496	32592	27376	
12952	0	35686	39580	32132	27216	
12953	0	35672	39628	31688	27037	
12954	0	34732	40433	31250	26888	
12955	0	34496	39808	30772	26749	
12956	0	33354	40377	30397	26612	
12957	0	34069	41624	29896	26504	
12958	0	33920	40104	29424	26389	
12959	0	33856	39837	29048	26264	
12960	0	34152	39888	28576	26181	
12961	0	34889	40064	28168	26106	
12962	0	35653	39557	27713	26044	
12963	0	35348	40021	27317	25988	
12964	0	37604	39049	26832	25954	
12965	0	38812	39292	26460	25925	
12966	0	37824	38778	26060	25952	
12967	0	38090	38768	25589	25898	
12968	0	39872	38600	25252	25924	
12969	0	39641	35757	24869	25925	
12970	0	39936	38338	24396	25956	
12971	0	38316	39540	24084	26000	
12972	0	37381	39688	23664	26053	
12973	0	36622	39264	23332	26144	
12974	0	36540	38940	22978	26184	
12975	0	36456	38420	22577	26240	
12976	0	35856	37944	22232	26276	
12977	0	35660	37828	21883	26328	
12978	0	34800	37168	21558	26410	
12979	0	34080	37088	21234	26452	
12980	0	33528	36936	20956	26458	
12981	0	32630	36328	20670	26507	
12982	0	32418	35904	20360	26458	
12983	0	32474	35568	20044	26512	
12984	0	32317	34560	19784	26504	
12985	0	32168	34744	19560	26448	
12986	0	31976	34128	19256	26420	
12987	0	32029	34472	19017	26357	
12988	0	32240	34068	18798	26240	
12989	0	32184	33794	18537	26158	
12990	0	32400	33836	18318	26036	
12991	0	32312	33312	18050	25842	
12992	0	32512	34370	17829	25684	
12993	0	31936	32616	17594	25602	
12994	0	32436	33048	17388	25325	
12995	0	32756	32944	17160	25165	
12996	0	32962	32808	16905	24982	
12997	0	33088	33256	16728	24656	
12998	0	32752	33152	16530	24458	
12999	0	32742	33936	16296	24256	
13000	0	33060	34464	16100	24020	
13001	0	33314	34186	15833	23678	
13002	0	33817	34589	15678	23465	
13003	0	34148	34888	15480	23188	
13004	0	34603	35072	15282	22941	
13005	0	35034	35456	15060	22616	
13006	0	35440	35350	14873	22344	
13007	0	36121	35320	14677	22056	
13008	0	36124	35056	14466	21748	
13009	0	36380	35093	14324	21428	
13010	0	36432	34616	14136	21185	
13011	0	36864	34460	13924	20976	
13012	0	37177	33952	13744	20630	
13013	0	37176	33408	13632	20472	
13014	0	36984	32532	13444	20201	
13015	0	36688	32064	13287	19996	
13016	0	55008	34992	13104	19680	
13017	0	56344	46693	13007	19472	
13018	0	17718	34804	12856	19220	
13019	0	11488	41240	12726	19064	
13020	0	35488	44112	12603	18888	
13021	0	40428	40376	12454	18674	
13022	0	38970	33706	12325	18457	
13023	0	36116	33024	12229	18372	
13024	0	35348	34326	12129	18257	
13025	0	34276	36028	12040	18133	
13026	0	36434	35776	11908	18012	
13027	0	35648	37052	11806	17832	
13028	0	35896	36884	11800	17780	
13029	0	35208	36740	11739	17748	
13030	0	35872	36748	11682	17650	
13031	0	35944	36986	11626	17621	
13032	0	35536	36876	11613	17600	
13033	0	35508	36492	11580	17529	
13034	0	35608	36144	11604	17515	
13035	0	35665	36352	11564	17554	
13036	0	35720	36776	11590	17626	
13037	0	35832	36652	11602	17665	
13038	0	35608	36536	11659	17657	
13039	0	35760	36608	11685	17776	
13040	0	35690	36696	11784	17840	
13041	0	35676	36777	11861	17956	
13042	0	35648	36948	11948	18081	
13043	0	35424	36844	12052	18185	
13044	0	35264	36681	12136	18308	
13045	0	35444	36829	12284	18488	
13046	0	35296	36516	12377	18582	
13047	0	35508	36896	12554	18770	
13048	0	35274	36888	12739	18867	
13049	0	35322	36828	12850	19061	
13050	0	35244	36596	13012	19340	
13051	0	35185	36584	13234	19485	
13052	0	35241	36804	13400	19688	
13053	0	35268	36928	13622	19896	
13054	0	35012	37032	13765	20130	
13055	0	34780	37032	14044	20322	
13056	0	35100	37376	14260	20528	
13057	0	34908	37316	14461	20748	
13058	0	34764	37181	14664	20946	
13059	0	34858	37133	14936	21152	
13060	0	34984	37016	15093	21314	
13061	0	34936	37032	15402	21581	
13062	0	34920	37224	15636	21784	
13063	0	34873	37044	15892	22034	
13064	0	34853	37088	16064	22244	
13065	0	34768	37177	16393	22424	
13066	0	34720	37217	16634	22650	
13067	0	34720	37228	16890	22880	
13068	0	34864	37264	17154	23084	
13069	0	34876	37336	17361	23290	
13070	0	34854	37404	17661	23496	
13071	0	34816	37600	17905	23746	
13072	0	34849	37554	18148	23925	
13073	0	34794	37592	18425	24142	
13074	0	34765	37400	18644	24376	
13075	0	34816	37328	18937	24532	
13076	0	35048	37308	19157	24836	
13077	0	35024	37384	19466	25012	
13078	0	34984	37332	19692	25240	
13079	0	35320	37080	19939	25484	
13080	0	35069	37248	20254	25744	
13081	0	34840	37548	20513	25948	
13082	0	35080	37596	20769	26224	
13083	0	34922	37880	21037	26494	
13084	0	35316	38736	21209	26720	
13085	0	35088	38340	21552	26990	
13086	0	34144	38472	21802	27301	
13087	0	34828	39188	22052	27529	
13088	0	35120	39240	22364	27877	
13089	0	35436	39316	22603	28204	
13090	0	34720	39792	22888	28480	
13091	0	34600	39618	23178	28804	
13092	0	33804	40418	23362	29204	
13093	0	34048	41052	23646	29545	
13094	0	34210	39876	23920	29908	
13095	0	34120	40436	24266	30264	
13096	0	34928	40200	24580	30648	
13097	0	36282	40596	24834	31132	
13098	0	36680	39976	25126	31468	
13099	0	37572	38984	25420	31922	
13100	0	39044	39072	25752	32324	
13101	0	37676	37948	26040	32793	
13102	0	37617	38976	26309	33284	
13103	0	40560	39632	26662	33736	
13104	0	40064	36760	27024	34202	
13105	0	39716	38808	27261	34708	
13106	0	38752	38980	27581	35189	
13107	0	37696	40276	27900	35752	
13108	0	36668	39048	28308	36218	
13109	0	36225	38272	28632	36764	
13110	0	35953	38253	28952	37184	
13111	0	35568	37624	29248	37613	
13112	0	34824	36868	29584	38192	
13113	0	33985	36428	29920	38612	
13114	0	33660	35552	30233	39076	
13115	0	33497	35888	30557	39540	
13116	0	32992	35522	30884	39965	
13117	0	32881	35168	31210	40296	
13118	0	32496	35348	31509	40708	
13119	0	32400	34813	31800	41088	
13120	0	32628	35216	32137	41416	
13121	0	32332	34460	32453	41772	
13122	0	32200	34569	32736	42057	
13123	0	32257	34762	32992	42428	
13124	0	31848	34709	33360	42680	
13125	0	31616	34152	33596	42884	
13126	0	31980	34704	33826	43104	
13127	0	31876	34744	34080	43280	
13128	0	31930	34490	34400	43488	
13129	0	32440	34128	34656	43608	
13130	0	32256	34770	34856	43680	
13131	0	32404	34240	35101	43776	
13132	0	32864	34082	35292	43872	
13133	0	32920	34144	35493	43941	
13134	0	33340	33500	35730	43929	
13135	0	33732	34251	35894	43968	
13136	0	34152	34001	36061	43905	
13137	0	34464	34649	36329	43928	
13138	0	34772	34800	36404	43840	
13139	0	34917	35092	36610	43752	
13140	0	35616	35029	36728	43720	
13141	0	36032	35064	36960	43572	
13142	0	36288	34908	36980	43444	
13143	0	36888	34848	37106	43320	
13144	0	37680	34209	37241	43236	
13145	0	37256	34664	37352	43016	
13146	0	37440	34212	37568	42877	
13147	0	37526	34178	37613	42808	
13148	0	37636	33680	37680	42601	
13149	0	37208	33614	37782	42446	
13150	0	36564	33313	37865	42220	
13151	0	35648	32872	37960	42020	
13152	0	38980	36992	38096	41940	
13153	0	54748	27409	38128	41672	
13154	0	40032	50892	38192	41508	
13155	0	16036	40324	38328	41482	
13156	0	25389	42364	38346	41328	
13157	0	39368	41772	38437	41072	
13158	0	41700	34576	38556	40928	
13159	0	36516	31218	38552	40796	
13160	0	35244	34053	38621	40672	
13161	0	33008	36468	38720	40634	
13162	0	34856	36792	38708	40349	
13163	0	37496	36651	38781	40244	
13164	0	35540	36172	38848	40120	
13165	0	35228	36736	38944	40008	
13166	0	35935	36828	38880	39890	
13167	0	35901	36740	38932	39804	
13168	0	35736	36600	38976	39764	
13169	0	35296	36224	38993	39657	
13170	0	35524	36210	39028	39530	
13171	0	35760	36240	39064	39449	
13172	0	35714	36385	39104	39444	
13173	0	35713	36554	39124	39217	
13174	0	35525	36744	39144	39114	
13175	0	35548	36496	39206	39004	
13176	0	35584	36897	39293	39018	
13177	0	35458	36648	39324	38885	
13178	0	35456	36690	39316	38756	
13179	0	35372	36566	39348	38548	
13180	0	35361	36844	39236	38528	
13181	0	35323	36685	39232	38328	
13182	0	35268	36780	39232	38128	
13183	0	35221	36848	39192	37976	
13184	0	35260	36668	39248	37936	
13185	0	35222	36912	39152	37650	
13186	0	35128	36952	39192	37532	
13187	0	35112	37208	39092	37332	
13188	0	34964	37054	39060	37206	
13189	0	34976	37104	38928	36948	
13190	0	34908	37164	38912	36704	
13191	0	34720	37254	38772	36517	
13192	0	34832	37144	38678	36316	
13193	0	34784	36860	38564	36136	
13194	0	34876	37121	38500	35836	
13195	0	34712	37146	38348	35645	
13196	0	34673	37308	38216	35380	
13197	0	34752	37280	38010	35112	
13198	0	34796	37124	37844	34922	
13199	0	34808	37152	37674	34616	
13200	0	34760	37309	37548	34356	
13201	0	34660	37472	37268	34108	
13202	0	34701	37553	37040	33824	
13203	0	34752	37569	36816	33530	
13204	0	34861	37461	36657	33268	
13205	0	34820	37228	36336	33032	
13206	0	34812	37170	36168	32768	
13207	0	34710	37248	35812	32456	
13208	0	34724	37320	35544	32236	
13209	0	34664	37224	35292	31904	
13210	0	34744	37056	35010	31648	
13211	0	34800	37552	34704	31392	
13212	0	34972	37602	34408	31148	
13213	0	34788	37804	34114	30876	
13214	0	34968	37644	33872	30650	
13215	0	34809	37280	33528	30393	
13216	0	34688	37276	33220	30192	
13217	0	34864	37252	32920	29960	
13218	0	34980	37226	32636	29744	
13219	0	34980	37294	32348	29542	
13220	0	34732	37656	32033	29392	
13221	0	35264	37553	31734	29172	
13222	0	35129	37656	31436	28992	
13223	0	35008	37864	31144	28816	
13224	0	35496	37952	30852	28705	
13225	0	34684	37728	30552	28557	
13226	0	34944	37888	30256	28385	
13227	0	34820	38372	29988	28264	
13228	0	35104	38173	29668	28176	
13229	0	35188	39016	29401	28020	
13230	0	34880	39080	29129	27913	
13231	0	35385	39377	28873	27828	
13232	0	34426	39836	28537	27734	
13233	0	34752	40833	28316	27652	
13234	0	33840	40496	28096	27586	
13235	0	33460	39700	27832	27529	
13236	0	33024	40108	27596	27482	
13237	0	33918	39620	27350	27432	
13238	0	34688	39356	27112	27396	
13239	0	36345	39736	26889	27412	
13240	0	36184	38884	26665	27332	
13241	0	37017	38652	26524	27338	
13242	0	38260	38628	26288	27340	
13243	0	37236	38364	26112	27392	
13244	0	36648	38592	25954	27419	
13245	0	37584	38685	25706	27376	
13246	0	40288	36352	25596	27451	
13247	0	39510	37216	25448	27523	
13248	0	39556	37914	25288	27481	
13249	0	38476	38352	25124	27538	
13250	0	37464	38760	25028	27578	
13251	0	36492	38794	24870	27640	
13252	0	36036	38816	24780	27722	
13253	0	35516	38500	24644	27721	
13254	0	35689	38208	24516	27841	
13255	0	35558	37765	24392	27785	
13256	0	35360	37181	24300	27828	
13257	0	35640	36544	24182	27904	
13258	0	35488	36388	24140	27876	
13259	0	34760	36448	24030	27948	
13260	0	33832	36508	23980	27856	
13261	0	33412	36224	23810	27834	
13262	0	33296	36028	23814	27816	
13263	0	32620	35289	23714	27771	
13264	0	32428	35160	23644	27720	
13265	0	32440	34816	23496	27696	
13266	0	32196	34308	23440	27547	
13267	0	31936	34048	23346	27476	
13268	0	31992	33921	23264	27381	
13269	0	32352	33608	23195	27254	
13270	0	32816	34740	23134	27112	
13271	0	31812	33848	23054	27016	
13272	0	31793	33928	22952	26844	
13273	0	31909	34077	22845	26692	
13274	0	32528	34489	22674	26472	
13275	0	32760	33893	22627	26332	
13276	0	33116	33818	22536	26100	
13277	0	33150	33945	22420	25893	
13278	0	33677	34032	22336	25744	
13279	0	33944	34352	22221	25472	
13280	0	34277	34040	22094	25252	
13281	0	34500	35024	21900	25040	
13282	0	35288	34504	21792	24834	
13283	0	35740	34972	21652	24608	
13284	0	36332	34664	21628	24396	
13285	0	36708	35196	21512	24232	
13286	0	37260	35308	21356	23941	
13287	0	37701	35050	21229	23724	
13288	0	38044	34688	21132	23528	
13289	0	37924	34418	21016	23346	
13290	0	37832	34332	20808	23140	
13291	0	37316	34208	20745	22952	
13292	0	36576	33841	20636	22768	
13293	0	35104	33464	20521	22584	
13294	0	32540	32956	20398	22411	
13295	0	52232	35136	20296	22272	
13296	0	56244	39052	20190	22138	
13297	0	17622	41076	20072	21996	
13298	0	9584	42712	19979	21885	
13299	0	38540	44244	19873	21762	
13300	0	42236	38224	19837	21645	
13301	0	39930	32988	19764	21573	
13302	0	34265	32544	19622	21474	
13303	0	35208	34248	19645	21409	
13304	0	34796	35944	19596	21368	
13305	0	36888	36860	19552	21356	
13306	0	36000	37712	19448	21325	
13307	0	35008	36784	19480	21281	
13308	0	35880	36340	19464	21284	
13309	0	36204	36609	19418	21292	
13310	0	35872	37029	19451	21344	
13311	0	35684	36672	19499	21312	
13312	0	35692	36264	19508	21396	
13313	0	35897	36432	19561	21508	
13314	0	35848	36496	19612	21512	
13315	0	35705	36520	19661	21568	
13316	0	35672	36608	19708	21666	
13317	0	35745	36536	19832	21824	
13318	0	36004	36788	19924	21956	
13319	0	35604	36584	19988	21992	
13320	0	35556	36824	20112	22184	
13321	0	35597	36705	20286	22288	
13322	0	35670	36516	20436	22435	
13323	0	35608	36680	20579	22560	
13324	0	35422	36770	20760	22717	
13325	0	35616	36724	20992	22882	
13326	0	35308	36628	21121	23044	
13327	0	35340	36632	21333	23244	
13328	0	35394	36669	21569	23449	
13329	0	35296	36852	21708	23622	
13330	0	35280	36872	22001	23848	
13331	0	35125	36936	22212	24064	
13332	0	35200	37016	22434	24269	
13333	0	34920	37040	22701	24500	
13334	0	35096	37048	22879	24728	
13335	0	35081	37064	23138	24954	
13336	0	35164	36928	23384	25212	
13337	0	35185	36984	23624	25414	
13338	0	35004	37076	23848	25688	
13339	0	34961	37192	24122	25884	
13340	0	34932	37281	24344	26129	
13341	0	35056	37312	24580	26352	
13342	0	35016	37273	24880	26612	
13343	0	34932	37312	25112	26859	
13344	0	34976	37396	25328	27076	
13345	0	34954	37412	25584	27357	
13346	0	34945	37272	25820	27549	
13347	0	34880	37227	26020	27820	
13348	0	35088	37030	26210	28024	
13349	0	34948	37434	26476	28253	
13350	0	35000	37368	26700	28484	
13351	0	35036	37716	26882	28712	
13352	0	34904	37712	27108	28952	
13353	0	34904	37848	27296	29182	
13354	0	34900	37708	27524	29424	
13355	0	35132	36940	27708	29634	
13356	0	35182	36774	27870	29952	
13357	0	35220	36968	28084	30112	
13358	0	35097	37389	28260	30344	
13359	0	35164	37480	28472	30572	
13360	0	35408	37188	28638	30820	
13361	0	35456	36810	28852	31067	
13362	0	35636	36436	29026	31316	
13363	0	35528	36768	29217	31625	
13364	0	35672	36968	29418	31813	
13365	0	35477	37352	29604	32116	
13366	0	35704	37905	29793	32344	
13367	0	35804	38269	29985	32704	
13368	0	35417	38666	30148	32893	
13369	0	35560	38516	30372	33152	
13370	0	34992	38912	30569	33448	
13371	0	35196	39800	30785	33752	
13372	0	36088	40390	30989	34084	
13373	0	35186	40444	31208	34360	
13374	0	34976	40386	31424	34656	
13375	0	34158	40308	31610	34961	
13376	0	33788	39488	31872	35336	
13377	0	33648	39452	32108	35641	
13378	0	33920	39004	32344	36096	
13379	0	35664	40018	32588	36344	
13380	0	36060	39416	32844	36782	
13381	0	36229	38452	33113	37144	
13382	0	37528	38232	33388	37412	
13383	0	38561	37772	33632	37920	
13384	0	36672	37744	33904	38248	
13385	0	36738	37768	34242	38626	
13386	0	37328	38160	34496	38952	
13387	0	39888	36024	34808	39420	
13388	0	41232	35164	35180	39748	
13389	0	40420	36104	35529	40056	
13390	0	39217	37176	35856	40513	
13391	0	37392	37244	36152	40778	
13392	0	36256	38540	36492	41136	
13393	0	35504	39272	36832	41552	
13394	0	34554	38892	37133	41820	
13395	0	33949	38352	37480	42141	
13396	0	33488	37834	37832	42400	
13397	0	33549	37801	38205	42726	
13398	0	33384	37896	38521	42985	
13399	0	33320	37640	38860	43225	
13400	0	33417	37452	39192	43504	
13401	0	33502	36912	39632	43724	
13402	0	33640	35972	39840	43854	
13403	0	33364	34976	40132	44010	
13404	0	33020	34776	40568	44198	
13405	0	31792	35352	40840	44284	
13406	0	31568	35544	41156	44400	
13407	0	31841	34544	41296	44468	
13408	0	31116	35180	41546	44548	
13409	0	31168	35044	41872	44584	
13410	0	31264	34972	42044	44600	
13411	0	31733	34620	42352	44648	
13412	0	32024	34516	42524	44644	
13413	0	32272	34889	42752	44568	
13414	0	32480	34716	42892	44472	
13415	0	32584	34904	43116	44444	
13416	0	32989	35380	43256	44296	
13417	0	33168	35664	43352	44180	
13418	0	33384	35929	43450	44080	
13419	0	33636	36421	43616	43916	
13420	0	33760	36290	43662	43804	
13421	0	34220	36992	43724	43666	
13422	0	34496	37548	43873	43413	
13423	0	34944	38029	43916	43226	
13424	0	35292	38420	43880	43008	
13425	0	35828	38948	43917	42825	
13426	0	36188	39289	43984	42696	
13427	0	36508	39844	43901	42372	
13428	0	37056	40292	43884	42180	
13429	0	37700	40800	43864	41976	
13430	0	38524	41124	43812	41852	
13431	0	39140	41548	43785	41636	
13432	0	39752	41848	43720	41384	
13433	0	40673	42060	43704	41164	
13434	0	41896	42064	43545	40960	
13435	0	43024	41316	43448	40721	
13436	0	44096	40121	43408	40524	
13437	0	44422	39146	43256	40356	
13438	0	43188	38200	43148	40164	
13439	0	42368	37388	43008	39916	
13440	0	41957	37080	42940	39776	
13441	0	41450	36820	42809	39576	
13442	0	38670	46740	42576	39396	
13443	0	39372	35180	42593	39249	
13444	0	21948	47936	42281	39013	
13445	0	27498	38757	42140	38893	
13446	0	35716	40712	41994	38672	
13447	0	38252	33552	41892	38496	
13448	0	40810	36372	41668	38330	
13449	0	33538	41840	41536	38240	
13450	0	34244	42748	41384	38112	
13451	0	35352	40201	41184	37952	
13452	0	36172	36532	41116	37792	
13453	0	32060	38200	40820	37588	
13454	0	35200	36985	40744	37424	
13455	0	33050	37048	40520	37349	
13456	0	33924	37898	40380	37164	
13457	0	33060	37612	40288	36992	
13458	0	33418	37465	40009	36848	
13459	0	33504	37402	39864	36704	
13460	0	33812	37753	39760	36580	
13461	0	33985	37784	39578	36448	
13462	0	34060	37480	39457	36360	
13463	0	33872	37142	39328	36140	
13464	0	33504	37796	39194	36000	
13465	0	33776	37528	39076	35924	
13466	0	33660	37800	39058	35744	
13467	0	33848	37936	38896	35632	
13468	0	33972	37704	38809	35464	
13469	0	34153	37102	38640	35336	
13470	0	34040	37648	38552	35118	
13471	0	34116	37388	38432	35024	
13472	0	33976	37536	38312	34800	
13473	0	33878	37588	38194	34644	
13474	0	34160	37396	38156	34468	
13475	0	34004	37513	37964	34328	
13476	0	34176	37364	37845	34136	
13477	0	34140	37324	37828	33896	
13478	0	34240	37252	37673	33762	
13479	0	34040	37404	37434	33550	
13480	0	34178	37293	37368	33296	
13481	0	34176	37224	37192	33134	
13482	0	34092	37328	37096	32928	
13483	0	34192	37340	36868	32704	
13484	0	34537	37573	36736	32504	
13485	0	34224	37096	36544	32267	
13486	0	34552	37728	36368	32075	
13487	0	34092	37082	36274	31840	
13488	0	34409	37102	36040	31640	
13489	0	34309	37432	35936	31442	
13490	0	34384	37224	35714	31216	
13491	0	34386	37428	35556	31016	
13492	0	34396	37404	35380	30841	
13493	0	34702	37652	35184	30624	
13494	0	34294	37344	35008	30436	
13495	0	34329	37100	34828	30260	
13496	0	34392	37592	34668	30060	
13497	0	34409	37340	34536	29884	
13498	0	34370	37353	34356	29728	
13499	0	34532	37472	34176	29532	
13500	0	34336	37525	33960	29392	
13501	0	34457	37604	33812	29216	
13502	0	34396	37456	33636	29059	
13503	0	34434	37712	33430	28920	
13504	0	34440	37775	33220	28760	
13505	0	34692	37860	33080	28640	
13506	0	34593	38096	32896	28504	
13507	0	34657	38120	32725	28360	
13508	0	34180	38445	32541	28228	
13509	0	34168	38548	32368	28118	
13510	0	34348	39428	32192	27984	
13511	0	34652	40280	32008	27880	
13512	0	35176	40596	31834	27764	
13513	0	34552	41005	31660	27636	
13514	0	34068	41280	31469	27529	
13515	0	34640	42240	31321	27432	
13516	0	34520	42988	31112	27332	
13517	0	33644	43780	30938	27224	
13518	0	33076	43818	30738	27115	
13519	0	33866	42773	30584	27010	
13520	0	34084	41824	30416	26924	
13521	0	37632	42244	30212	26828	
13522	0	38112	41529	30036	26722	
13523	0	36432	40328	29836	26652	
13524	0	33740	39224	29700	26568	
13525	0	31969	37948	29562	26490	
13526	0	31205	37408	29380	26420	
13527	0	32072	36372	29244	26368	
13528	0	34076	35801	29077	26316	
13529	0	33072	36924	28928	26274	
13530	0	34680	35218	28800	26232	
13531	0	34636	32544	28660	26200	
13532	0	34334	32328	28536	26138	
13533	0	34834	34373	28408	26098	
13534	0	34838	34668	28288	26104	
13535	0	34868	34276	28168	26053	
13536	0	34912	34649	28060	26016	
13537	0	35232	34880	27918	25992	
13538	0	35065	34706	27822	25968	
13539	0	35412	34596	27716	25924	
13540	0	35634	34604	27617	25884	
13541	0	34980	34608	27490	25849	
13542	0	34768	34876	27386	25808	
13543	0	34930	34960	27272	25750	
13544	0	35108	35016	27196	25739	
13545	0	35488	35208	27076	25632	
13546	0	35676	35441	26977	25576	
13547	0	35852	35752	26848	25496	
13548	0	36600	36160	26740	25441	
13549	0	36972	36876	26634	25364	
13550	0	37244	37240	26492	25285	
13551	0	37644	37493	26376	25200	
13552	0	37996	37616	26256	25150	
13553	0	38460	37921	26160	25064	
13554	0	38689	37936	26016	24936	
13555	0	38988	37972	25932	24858	
13556	0	39040	38080	25851	24789	
13557	0	38968	38116	25712	24708	
13558	0	38976	38392	25626	24624	
13559	0	39032	38640	25488	24544	
13560	0	39174	38812	25404	24456	
13561	0	39392	38704	25261	24435	
13562	0	39513	39225	25172	24336	
13563	0	39762	39276	25066	24280	
13564	0	39464	39381	24960	24209	
13565	0	39488	39444	24898	24154	
13566	0	39088	39481	24768	24109	
13567	0	38620	39564	24652	24082	
13568	0	38491	39661	24614	24041	
13569	0	38422	39564	24520	24036	
13570	0	38488	39334	24442	24037	
13571	0	38569	39072	24277	23996	
13572	0	38556	38944	24196	23990	
13573	0	38520	38752	24122	24002	
13574	0	37930	38284	24073	24041	
13575	0	37932	37760	24024	24052	
13576	0	38616	37584	23878	24052	
13577	0	39812	37089	23892	24090	
13578	0	40156	37788	23769	24160	
13579	0	39240	37824	23730	24208	
13580	0	38148	37492	23628	24260	
13581	0	37616	37184	23596	24348	
13582	0	33021	44722	23513	24460	
13583	0	27370	35028	23472	24498	
13584	0	22424	44372	23304	24608	
13585	0	34068	40832	23246	24750	
13586	0	36202	39600	23217	24882	
13587	0	36752	36876	23226	24968	
13588	0	36388	36970	23175	25120	
13589	0	37824	38952	23068	25247	
13590	0	34096	40930	23062	25369	
13591	0	33064	38112	23020	25532	
13592	0	35400	39284	22992	25672	
13593	0	33952	37148	22988	25844	
13594	0	33281	37008	22915	25988	
13595	0	32956	38260	22892	26168	
13596	0	33456	37106	22952	26348	
13597	0	33964	37300	22940	26556	
13598	0	34092	37304	22984	26764	
13599	0	34230	37292	23024	26854	
13600	0	33996	37592	23046	27048	
13601	0	33985	37496	23097	27244	
13602	0	34110	37513	23222	27457	
13603	0	33868	37652	23228	27605	
13604	0	33914	37568	23432	27778	
13605	0	33892	37500	23563	28008	
13606	0	33962	37536	23624	28104	
13607	0	33968	37516	23796	28282	
13608	0	34065	37460	24009	28482	
13609	0	34084	37561	24160	28650	
13610	0	34100	37589	24380	28777	
13611	0	34388	37508	24613	28856	
13612	0	34020	37500	24812	28972	
13613	0	34017	37396	25025	29116	
13614	0	33932	37434	25162	29240	
13615	0	33916	37420	25437	29284	
13616	0	34193	37438	25664	29379	
13617	0	34272	37444	25904	29444	
13618	0	34362	37288	26124	29532	
13619	0	34316	37440	26284	29624	
13620	0	34080	37308	26534	29612	
13621	0	34060	37540	26778	29662	
13622	0	34220	38024	26984	29689	
13623	0	34064	37464	27176	29801	
13624	0	34306	37792	27400	29804	
13625	0	34520	37744	27600	29748	
13626	0	34149	37516	27740	29810	
13627	0	34585	38156	27921	29760	
13628	0	34344	37356	28157	29806	
13629	0	34496	37336	28297	29748	
13630	0	34465	37332	28516	29788	
13631	0	34597	37456	28684	29744	
13632	0	34626	37428	28808	29760	
13633	0	34284	37584	28986	29725	
13634	0	34436	37200	29136	29708	
13635	0	34413	37740	29294	29704	
13636	0	34336	37580	29432	29714	
13637	0	34705	37644	29576	29696	
13638	0	34284	37556	29701	29697	
13639	0	34398	37244	29848	29752	
13640	0	34604	37033	29977	29690	
13641	0	34688	36774	30092	29737	
13642	0	34604	36800	30220	29708	
13643	0	34273	36984	30332	29704	
13644	0	34656	37008	30445	29792	
13645	0	34770	36788	30558	29732	
13646	0	35088	36416	30664	29812	
13647	0	35341	36448	30773	29768	
13648	0	35452	36676	30870	29781	
13649	0	35456	37132	30972	29862	
13650	0	35088	37664	31081	29840	
13651	0	35296	38028	31160	29868	
13652	0	35136	39000	31272	29939	
13653	0	35177	39492	31360	29896	
13654	0	35244	39952	31444	29952	
13655	0	34832	40112	31508	30004	
13656	0	35402	40924	31624	30040	
13657	0	34552	40816	31681	30036	
13658	0	34740	40856	31757	30116	
13659	0	34464	41240	31842	30116	
13660	0	33932	41280	31930	30185	
13661	0	33592	40984	32056	30217	
13662	0	33480	40544	32128	30296	
13663	0	33788	40184	32229	30358	
13664	0	34568	39706	32314	30460	
13665	0	35300	39744	32396	30568	
13666	0	35648	39692	32496	30628	
13667	0	35360	39416	32596	30749	
13668	0	37856	40057	32696	30893	
13669	0	36704	40148	32796	30992	
13670	0	34728	39640	32890	31128	
13671	0	33594	39264	32998	31316	
13672	0	31772	42880	33080	31432	
13673	0	39280	33993	33164	31652	
13674	0	38032	36356	33304	31787	
13675	0	41060	34225	33380	31937	
13676	0	38684	36652	33520	32152	
13677	0	38792	38040	33586	32340	
13678	0	37840	37680	33704	32466	
13679	0	37101	38560	33756	32688	
13680	0	35970	38320	33840	32906	
13681	0	35772	36876	33952	33058	
13682	0	35764	35760	34050	33248	
13683	0	35556	36016	34132	33472	
13684	0	36012	35448	34188	33561	
13685	0	36060	35720	34288	33781	
13686	0	35865	34860	34397	33892	
13687	0	36100	34648	34429	34156	
13688	0	35840	34129	34600	34249	
13689	0	35394	33754	34610	34392	
13690	0	35613	33985	34728	34528	
13691	0	35272	33546	34800	34776	
13692	0	35132	33834	34808	34921	
13693	0	34904	33352	34900	34981	
13694	0	34436	33088	35016	35129	
13695	0	34288	33564	35096	35260	
13696	0	34488	33705	35212	35364	
13697	0	34332	33488	35202	35485	
13698	0	34352	33449	35269	35712	
13699	0	34552	33189	35434	35836	
13700	0	34365	32496	35440	35958	
13701	0	34468	32800	35576	36093	
13702	0	34380	32632	35584	36193	
13703	0	33988	32850	35677	36204	
13704	0	34028	33025	35802	36440	
13705	0	34384	32700	35880	36516	
13706	0	34372	33076	35922	36640	
13707	0	34668	33156	35992	36676	
13708	0	34784	33540	36072	36920	
13709	0	35232	33932	36165	37033	
13710	0	35320	34208	36252	37057	
13711	0	35762	34178	36460	37216	
13712	0	36264	34108	36430	37324	
13713	0	36740	33764	36572	37572	
13714	0	36961	33708	36681	37625	
13715	0	36756	33704	36736	37820	
13716	0	36976	33542	36840	37924	
13717	0	36692	33526	37058	38028	
13718	0	35872	33652	37064	38176	
13719	0	34924	33664	37160	38368	
13720	0	45992	38636	37344	38544	
13721	0	56104	40828	37396	38800	
13722	0	34282	50572	37556	38824	
13723	0	17384	36744	37668	39004	
13724	0	19316	42449	37824	39195	
13725	0	40256	39436	37992	39440	
13726	0	38336	31060	38216	39700	
13727	0	37208	34184	38288	39860	
13728	0	34758	34048	38444	40105	
13729	0	34612	35936	38692	40160	
13730	0	34568	37189	38804	40413	
13731	0	35876	36474	39072	40666	
13732	0	36000	36944	39204	40992	
13733	0	36372	36729	39466	41064	
13734	0	35508	37330	39648	41412	
13735	0	35224	37102	39976	41564	
13736	0	35964	36782	40221	41880	
13737	0	35641	36562	40328	42148	
13738	0	35473	36388	40580	42329	
13739	0	35766	36280	40936	42656	
13740	0	35693	36664	41196	42780	
13741	0	35764	36860	41376	43120	
13742	0	35232	36450	41672	43272	
13743	0	35645	36929	41968	43512	
13744	0	35532	36832	42364	43744	
13745	0	35512	36786	42592	44048	
13746	0	35528	36994	42862	44196	
13747	0	35369	36912	43100	44484	
13748	0	35364	36896	43384	44652	
13749	0	35240	36884	43696	44828	
13750	0	35044	37137	44080	45000	
13751	0	35296	36752	44330	45168	
13752	0	35136	37180	44612	45332	
13753	0	35136	36912	44840	45480	
13754	0	35323	37181	45164	45616	
13755	0	34930	37021	45364	45756	
13756	0	34904	37001	45698	45828	
13757	0	34880	36944	45916	45932	
13758	0	34970	36852	46168	46028	
13759	0	34988	36945	46461	46100	
13760	0	34713	36968	46680	46084	
13761	0	34756	36984	46948	46112	
13762	0	34616	37146	47136	46180	
13763	0	34664	37172	47316	46112	
13764	0	34600	37302	47576	46120	
13765	0	34725	37384	47756	46112	
13766	0	34608	37588	48020	46080	
13767	0	34424	37406	48202	45984	
13768	0	34544	37376	48332	45888	
13769	0	34620	37265	48516	45812	
13770	0	34420	37381	48722	45728	
13771	0	34392	37557	48808	45657	
13772	0	34304	38105	48992	45518	
13773	0	34412	38324	49124	45405	
13774	0	34544	37880	49240	45276	
13775	0	34592	37432	49400	45144	
13776	0	34548	37136	49516	45006	
13777	0	34746	37156	49632	44832	
13778	0	34520	37065	49808	44744	
13779	0	34584	37066	49856	44561	
13780	0	34692	37212	49964	44428	
13781	0	34900	37008	50060	44301	
13782	0	34953	37256	50178	44188	
13783	0	35114	37204	50300	44080	
13784	0	34976	37368	50356	43950	
13785	0	35104	37360	50464	43816	
13786	0	35120	37472	50560	43752	
13787	0	34892	37757	50616	43664	
13788	0	34968	37708	50660	43572	
13789	0	35032	38009	50838	43484	
13790	0	34853	38244	50880	43468	
13791	0	34730	38408	50956	43428	
13792	0	34665	39008	51048	43396	
13793	0	34577	39808	51136	43392	
13794	0	35372	40328	51164	43400	
13795	0	35284	40396	51236	43404	
13796	0	34810	40828	51404	43428	
13797	0	34520	40700	51480	43484	
13798	0	32890	41760	51498	43536	
13799	0	32256	41265	51664	43592	
13800	0	33090	40872	51705	43678	
13801	0	34776	40968	51796	43754	
13802	0	36308	40876	51908	43840	
13803	0	37532	40960	52056	43932	
13804	0	37292	39856	52136	44021	
13805	0	37792	39696	52212	44104	
13806	0	37868	39492	52320	44200	
13807	0	36580	39588	52416	44296	
13808	0	37648	39694	52544	44394	
13809	0	40701	37092	52696	44496	
13810	0	39072	36358	52812	44596	
13811	0	39396	38274	52860	44704	
13812	0	39068	39137	53008	44800	
13813	0	38280	39144	53056	44896	
13814	0	36668	38648	53220	44980	
13815	0	35944	37812	53296	45061	
13816	0	34708	37612	53440	45124	
13817	0	34713	37408	53540	45188	
13818	0	34153	36488	53632	45236	
13819	0	33940	36000	53696	45280	
13820	0	33748	35659	53800	45316	
13821	0	33632	35004	53832	45312	
13822	0	33068	35076	53956	45308	
13823	0	32564	35368	54020	45288	
13824	0	32304	35632	54081	45248	
13825	0	32034	35420	54184	45186	
13826	0	31682	34960	54168	45100	
13827	0	31720	34628	54296	44988	
13828	0	31972	34436	54280	44853	
13829	0	32169	33516	54300	44722	
13830	0	32416	33277	54377	44596	
13831	0	32701	33440	54320	44396	
13832	0	32720	32240	54312	44200	
13833	0	32604	32512	54240	43932	
13834	0	32480	32732	54308	43688	
13835	0	32370	32385	54220	43448	
13836	0	32440	32486	54184	43136	
13837	0	32664	32648	54058	42880	
13838	0	32744	32568	54008	42636	
13839	0	32840	32980	53964	42337	
13840	0	33052	32740	53808	41992	
13841	0	33403	33180	53656	41664	
13842	0	34204	33650	53576	41322	
13843	0	34918	34392	53416	40944	
13844	0	35453	35156	53272	40580	
13845	0	36008	35645	53084	40196	
13846	0	36464	35860	52938	39860	
13847	0	36312	35801	52753	39616	
13848	0	35956	35608	52540	39256	
13849	0	35564	35504	52388	38896	
13850	0	35480	35553	52138	38576	
13851	0	35880	35352	51988	38260	
13852	0	36701	35004	51776	37952	
13853	0	37498	34216	51596	37648	
13854	0	37840	33168	51314	37368	
13855	0	37632	32632	51084	37088	
13856	0	48224	38224	50921	36822	
13857	0	56232	33601	50680	36554	
13858	0	23298	46736	50400	36320	
13859	0	20546	45024	50128	36098	
13860	0	26214	42488	49864	35808	
13861	0	37700	39228	49641	35636	
13862	0	39360	34264	49448	35460	
13863	0	39616	32618	49189	35280	
13864	0	34361	32674	48861	35140	
13865	0	34120	35881	48668	34964	
13866	0	34921	36589	48344	34792	
13867	0	36944	36696	48097	34656	
13868	0	35677	37768	47852	34564	
13869	0	35034	36824	47520	34428	
13870	0	35437	36776	47320	34314	
13871	0	35904	36960	46992	34248	
13872	0	35660	37052	46728	34116	
13873	0	35372	36396	46402	34064	
13874	0	35398	36125	46124	34004	
13875	0	35638	36848	45900	33876	
13876	0	35657	36708	45568	33717	
13877	0	35469	36646	45296	33704	
13878	0	35601	36956	45020	33596	
13879	0	35466	37012	44736	33490	
13880	0	35361	36880	44504	33452	
13881	0	35216	36988	44148	33276	
13882	0	35532	36656	43929	33142	
13883	0	35280	36692	43552	33088	
13884	0	35176	37104	43352	32936	
13885	0	35216	36985	43072	32840	
13886	0	35240	36952	42764	32672	
13887	0	35184	36914	42456	32512	
13888	0	35066	36992	42144	32364	
13889	0	34944	36796	41696	32256	
13890	0	35040	37228	41364	32018	
13891	0	34860	37000	41069	31913	
13892	0	34872	37128	40704	31668	
13893	0	34816	37024	40354	31504	
13894	0	34852	37260	40012	31260	
13895	0	34904	37121	39673	31034	
13896	0	34880	37121	39372	30856	
13897	0	34760	37392	38988	30587	
13898	0	34812	37360	38560	30409	
13899	0	34860	37356	38292	30172	
13900	0	34864	37252	37809	29918	
13901	0	34742	37165	37516	29676	
13902	0	34888	37282	37016	29405	
13903	0	34860	37138	36620	29161	
13904	0	34852	37021	36208	28876	
13905	0	34889	37280	35840	28620	
13906	0	34836	37752	35436	28329	
13907	0	34856	37906	34944	28096	
13908	0	34698	37912	34508	27806	
13909	0	34748	37872	34138	27530	
13910	0	34744	37492	33682	27253	
13911	0	34856	37164	33216	26978	
13912	0	35020	36653	32781	26730	
13913	0	35048	36440	32356	26440	
13914	0	34924	36916	31913	26194	
13915	0	34896	37234	31492	25933	
13916	0	34956	37292	31058	25680	
13917	0	34992	37444	30616	25428	
13918	0	34872	37056	30184	25186	
13919	0	35072	36946	29758	24953	
13920	0	35176	36664	29320	24720	
13921	0	35293	36825	28914	24505	
13922	0	35143	37112	28492	24288	
13923	0	35032	37408	28072	24094	
13924	0	34896	37338	27660	23892	
13925	0	34780	37748	27196	23706	
13926	0	34916	38722	26816	23537	
13927	0	35584	39348	26410	23382	
13928	0	35217	38952	26036	23212	
13929	0	35620	39104	25664	23075	
13930	0	35403	39428	25256	22940	
13931	0	34784	39746	24904	22822	
13932	0	34564	40256	24521	22704	
13933	0	33688	41364	24084	22600	
13934	0	33876	40684	23773	22512	
13935	0	33530	40544	23372	22420	
13936	0	33218	39956	23088	22392	
13937	0	34036	39608	22746	22318	
13938	0	34904	39380	22436	22241	
13939	0	36048	39026	22100	22200	
13940	0	36116	38256	21840	22149	
13941	0	36796	37282	21592	22192	
13942	0	37156	37776	21325	22152	
13943	0	36464	37644	20984	22170	
13944	0	35908	37686	20802	22112	
13945	0	37572	35928	20475	22139	
13946	0	37720	35152	20324	22154	
13947	0	37452	36472	20068	22197	
13948	0	36588	39376	19848	22212	
13949	0	36646	39826	19616	22324	
13950	0	35913	38776	19433	22297	
13951	0	35532	38380	19177	22370	
13952	0	35788	38026	19004	22416	
13953	0	36124	38152	18873	22454	
13954	0	36304	37914	18700	22490	
13955	0	36464	37604	18496	22498	
13956	0	36532	37148	18326	22545	
13957	0	35725	37305	18111	22601	
13958	0	35640	36544	17944	22584	
13959	0	35172	36321	17812	22581	
13960	0	34616	36289	17588	22649	
13961	0	34296	36284	17392	22674	
13962	0	34105	36305	17240	22668	
13963	0	33745	36056	17102	22625	
13964	0	33218	35674	16897	22603	
13965	0	33544	35416	16670	22594	
13966	0	33444	35288	16554	22462	
13967	0	33162	34512	16353	22467	
13968	0	32968	35004	16172	22404	
13969	0	32892	34674	15968	22324	
13970	0	32636	34356	15736	22230	
13971	0	32582	33780	15536	22162	
13972	0	32752	34188	15295	22032	
13973	0	32914	33816	15109	21985	
13974	0	32752	33592	14900	21809	
13975	0	32981	33992	14676	21696	
13976	0	32910	34004	14440	21552	
13977	0	33062	34056	14209	21540	
13978	0	33244	33512	13940	21370	
13979	0	33380	34048	13726	21220	
13980	0	33370	34076	13452	21146	
13981	0	33342	34372	13276	21056	
13982	0	33528	34796	13030	20878	
13983	0	33648	34872	12757	20789	
13984	0	34076	35049	12586	20672	
13985	0	34317	35156	12294	20468	
13986	0	34704	34993	12145	20456	
13987	0	34756	34812	11925	20329	
13988	0	34952	34656	11714	20124	
13989	0	35076	34344	11504	20075	
13990	0	35321	33900	11269	20000	
13991	0	35485	33816	11036	19922	
13992	0	44112	36596	10898	19780	
13993	0	55968	31488	10724	19592	
13994	0	47265	45884	10570	19664	
13995	0	20491	31973	10365	19558	
13996	0	15304	39884	10181	19444	
13997	0	32320	43728	10049	19411	
13998	0	42872	43050	9876	19394	
13999	0	39816	36937	9768	19346	
14000	0	36016	35152	9689	19300	
14001	0	36893	34365	9561	19298	
14002	0	30486	33594	9532	19273	
14003	0	35877	34640	9395	19208	
14004	0	38552	36308	9265	19262	
14005	0	35434	37144	9194	19273	
14006	0	34799	37108	9213	19308	
14007	0	35360	36300	9124	19328	
14008	0	35952	36609	9139	19382	
14009	0	35760	37064	9150	19290	
14010	0	35357	37104	9117	19498	
14011	0	35740	36812	9154	19632	
14012	0	35716	36529	9180	19697	
14013	0	35648	36604	9243	19715	
14014	0	35704	36502	9311	19938	
14015	0	35656	36552	9352	19988	
14016	0	35578	36850	9478	20205	
14017	0	35616	36476	9528	20256	
14018	0	35484	36688	9678	20532	
14019	0	35472	36722	9853	20613	
14020	0	35552	36832	9919	20768	
14021	0	35421	36868	10092	21000	
14022	0	35460	36740	10233	21133	
14023	0	35392	36794	10345	21462	
14024	0	35448	36757	10560	21642	
14025	0	35388	36640	10660	21864	
14026	0	35424	36792	10928	21906	
14027	0	35216	36912	11108	22261	
14028	0	34932	36896	11299	22453	
14029	0	35185	36540	11486	22654	
14030	0	35168	36692	11664	22658	
14031	0	35165	36808	11849	23000	
14032	0	35066	36784	12031	23182	
14033	0	35169	37160	12272	23318	
14034	0	34832	36984	12417	23582	
14035	0	34960	37394	12634	23576	
14036	0	34732	37145	12776	23882	
14037	0	34896	37136	12992	23889	
14038	0	34994	37116	13198	24162	
14039	0	34954	36932	13332	24314	
14040	0	34988	36620	13588	24354	
14041	0	34920	36700	13748	24468	
14042	0	35000	37080	13905	24587	
14043	0	34912	37597	14072	24706	
14044	0	34972	37708	14250	24800	
14045	0	34792	37872	14404	24928	
14046	0	34832	37784	14493	25016	
14047	0	34828	37572	14691	25091	
14048	0	34913	37296	14830	25164	
14049	0	34957	37044	14972	25276	
14050	0	35072	36932	15110	25228	
14051	0	35186	37048	15235	25412	
14052	0	35138	37004	15336	25512	
14053	0	34796	37184	15512	25518	
14054	0	34940	37221	15616	25592	
14055	0	35010	36828	15740	25684	
14056	0	35228	36764	15832	25740	
14057	0	35362	37097	16001	25836	
14058	0	35016	37152	16074	25890	
14059	0	35180	37524	16196	25919	
14060	0	35056	37716	16351	25974	
14061	0	35144	37857	16461	26077	
14062	0	35198	37912	16569	26200	
14063	0	35094	37780	16722	26214	
14064	0	34794	38272	16802	26363	
14065	0	35440	38960	17016	26464	
14066	0	35724	39280	17150	26476	
14067	0	35996	39516	17269	26642	
14068	0	35306	39146	17384	26729	
14069	0	34980	39424	17584	26914	
14070	0	34684	39656	17664	26976	
14071	0	33956	40256	17858	27084	
14072	0	33626	40609	18021	27160	
14073	0	33856	40532	18162	27364	
14074	0	34248	39706	18324	27456	
14075	0	34581	39512	18478	27616	
14076	0	35232	39413	18604	27781	
14077	0	34944	38880	18796	27888	
14078	0	36296	38568	18988	28133	
14079	0	38045	38824	19112	28316	
14080	0	38545	38098	19328	28476	
14081	0	37460	37456	19452	28640	
14082	0	36924	38292	19680	28901	
14083	0	37369	38848	19872	29128	
14084	0	39056	35820	20084	29320	
14085	0	37704	35264	20294	29604	
14086	0	37049	37536	20464	29844	
14087	0	37080	37708	20612	30082	
14088	0	36648	39416	20824	30340	
14089	0	36128	38633	21084	30612	
14090	0	35964	37864	21228	30792	
14091	0	36205	37884	21444	31176	
14092	0	36432	37576	21652	31426	
14093	0	35904	37316	21880	31724	
14094	0	35456	36928	22073	32008	
14095	0	35181	36316	22280	32320	
14096	0	34792	35705	22521	32588	
14097	0	34458	35437	22704	32900	
14098	0	33989	35404	22893	33188	
14099	0	32477	35628	23131	33470	
14100	0	32074	35742	23290	33824	
14101	0	32348	35348	23516	34064	
14102	0	32552	35468	23696	34385	
14103	0	32513	35280	23920	34668	
14104	0	32080	35224	24096	34962	
14105	0	32408	34981	24292	35220	
14106	0	31965	34992	24506	35528	
14107	0	32068	35133	24772	35781	
14108	0	32240	34344	24954	36058	
14109	0	32466	34822	25181	36316	
14110	0	32136	34260	25382	36610	
14111	0	32536	34780	25592	36908	
14112	0	32804	34226	25829	37116	
14113	0	33146	34048	26076	37328	
14114	0	33152	33869	26273	37577	
14115	0	33504	34368	26532	37844	
14116	0	33720	34146	26760	38020	
14117	0	33957	34592	27020	38148	
14118	0	33772	34472	27252	38420	
14119	0	33853	34648	27520	38708	
14120	0	33950	34684	27772	38938	
14121	0	34004	35080	28036	39088	
14122	0	33944	35313	28301	39269	
14123	0	34336	35368	28564	39488	
14124	0	34513	35241	28848	39572	
14125	0	34757	35176	29139	39844	
14126	0	35194	34845	29424	40028	
14127	0	35421	35620	29708	40132	
14128	0	35736	36288	30004	40392	
14129	0	36389	35453	30305	40548	
14130	0	37080	34766	30616	40660	
14131	0	37432	34365	30920	40944	
14132	0	37721	34036	31192	41100	
14133	0	37984	33876	31504	41316	
14134	0	38040	33732	31840	41440	
14135	0	37360	33260	32116	41584	
14136	0	46196	36768	32442	41881	
14137	0	55856	32800	32808	42080	
14138	0	23613	44582	33012	42192	
14139	0	19425	39696	33357	42336	
14140	0	24696	41480	33680	42600	
14141	0	43809	41788	33968	42784	
14142	0	37808	37122	34276	42964	
14143	0	37976	34552	34532	43072	
14144	0	32116	33776	34828	43260	
14145	0	34724	35240	35156	43500	
14146	0	35600	35612	35404	43588	
14147	0	36924	36877	35660	43816	
14148	0	35828	37564	35896	43922	
14149	0	35200	36901	36152	44104	
14150	0	35524	36393	36416	44264	
14151	0	36033	36580	36700	44416	
14152	0	35536	36549	36912	44568	
14153	0	35336	36440	37116	44704	
14154	0	35492	36329	37340	44864	
14155	0	35656	36544	37659	44992	
14156	0	35868	36436	37764	45113	
14157	0	35610	36838	37964	45232	
14158	0	35565	36650	38173	45380	
14159	0	35362	36704	38437	45480	
14160	0	35714	36632	38544	45546	
14161	0	35520	36746	38781	45632	
14162	0	35600	36636	38921	45736	
14163	0	35458	36668	39064	45788	
14164	0	35476	36834	39212	45840	
14165	0	35424	36601	39360	45816	
14166	0	35371	36792	39521	45860	
14167	0	35396	36792	39725	45849	
14168	0	35385	36568	39744	45852	
14169	0	35464	36804	39848	45752	
14170	0	35356	36812	39956	45698	
14171	0	35388	36892	40042	45609	
14172	0	35277	36816	40138	45476	
14173	0	35124	36676	40172	45392	
14174	0	35162	36768	40325	45248	
14175	0	35262	36908	40324	45012	
14176	0	35202	36972	40307	44836	
14177	0	34844	36728	40380	44608	
14178	0	35106	36936	40328	44376	
14179	0	34980	36720	40328	44136	
14180	0	34833	37020	40313	43865	
14181	0	34936	36992	40304	43568	
14182	0	35226	37456	40248	43265	
14183	0	34937	36936	40184	42968	
14184	0	34930	37020	40108	42608	
14185	0	35010	37089	40036	42344	
14186	0	34992	37084	39940	41968	
14187	0	34852	37157	39840	41704	
14188	0	35052	37180	39792	41312	
14189	0	34800	37132	39652	40836	
14190	0	34689	37277	39426	40545	
14191	0	34706	37536	39274	40212	
14192	0	34838	37518	39200	39796	
14193	0	34920	37516	38936	39304	
14194	0	34800	37268	38844	39020	
14195	0	34765	37160	38568	38528	
14196	0	34844	36912	38376	38132	
14197	0	34860	36840	38196	37844	
14198	0	34888	36956	38100	37432	
14199	0	34956	36872	37856	37086	
14200	0	35000	37288	37586	36716	
14201	0	34952	37380	37442	36273	
14202	0	34888	37584	37220	35873	
14203	0	34792	37536	36964	35540	
14204	0	34808	37697	36784	35176	
14205	0	34892	37525	36568	34784	
14206	0	34992	37596	36452	34460	
14207	0	34938	37664	36252	34122	
14208	0	35096	37676	35984	33798	
14209	0	35049	37844	35796	33513	
14210	0	35192	38169	35632	33221	
14211	0	34690	38560	35440	32868	
14212	0	35064	39101	35252	32585	
14213	0	35133	39610	35036	32368	
14214	0	35032	39549	34904	32064	
14215	0	35168	39744	34704	31800	
14216	0	34992	39626	34528	31632	
14217	0	34718	40160	34382	31392	
14218	0	34409	40560	34216	31148	
14219	0	33613	41116	34069	30945	
14220	0	34352	40913	33924	30756	
14221	0	33652	40099	33769	30612	
14222	0	33660	39944	33640	30474	
14223	0	34346	39288	33482	30328	
14224	0	35196	39620	33376	30168	
14225	0	35329	38740	33270	30065	
14226	0	36629	38116	33156	29988	
14227	0	38106	37245	33028	29890	
14228	0	38066	37928	32944	29817	
14229	0	37136	37696	32872	29768	
14230	0	35936	37784	32784	29726	
14231	0	39741	35566	32716	29736	
14232	0	38832	36132	32642	29680	
14233	0	38208	36141	32610	29701	
14234	0	37836	37488	32565	29678	
14235	0	37042	38672	32552	29688	
14236	0	36257	38524	32556	29720	
14237	0	35905	38424	32501	29745	
14238	0	35732	38448	32488	29760	
14239	0	35893	38436	32480	29776	
14240	0	36313	38016	32473	29825	
14241	0	36184	37244	32440	29828	
14242	0	36172	37100	32468	29846	
14243	0	36319	36686	32456	29904	
14244	0	35568	36324	32469	29920	
14245	0	34688	36297	32448	29892	
14246	0	34840	36144	32497	29893	
14247	0	34152	35824	32464	29896	
14248	0	33956	35920	32444	29892	
14249	0	33568	35300	32468	29861	
14250	0	33360	35276	32477	29808	
14251	0	32772	35100	32424	29793	
14252	0	32777	35626	32412	29702	
14253	0	32185	35348	32428	29621	
14254	0	32189	35272	32357	29575	
14255	0	31801	34904	32320	29501	
14256	0	31946	35201	32281	29380	
14257	0	31860	34473	32249	29276	
14258	0	31688	33856	32170	29168	
14259	0	31677	33497	32116	29032	
14260	0	32061	33544	32060	28944	
14261	0	32240	33616	32010	28794	
14262	0	32200	33724	31904	28685	
14263	0	32458	34008	31789	28545	
14264	0	32676	34077	31688	28392	
14265	0	33208	34572	31584	28282	
14266	0	33368	34945	31512	28128	
14267	0	33504	35277	31385	28020	
14268	0	33648	35780	31249	27869	
14269	0	33949	36204	31128	27772	
14270	0	34332	36612	31004	27632	
14271	0	34660	36820	30872	27522	
14272	0	34892	37056	30744	27396	
14273	0	35224	37324	30600	27281	
14274	0	35604	37484	30477	27206	
14275	0	35993	37624	30328	27117	
14276	0	36737	37721	30200	27016	
14277	0	37460	37496	30038	26938	
14278	0	38056	37000	29896	26861	
14279	0	38594	36356	29777	26808	
14280	0	38856	35896	29640	26756	
14281	0	38929	35392	29504	26698	
14282	0	39384	34840	29368	26664	
14283	0	39720	34224	29256	26664	
14284	0	39620	33746	29128	26636	
14285	0	39649	32676	28977	26585	
14286	0	39424	35466	28856	26608	
14287	0	43213	34608	28753	26582	
14288	0	55672	40552	28581	26609	
14289	0	41602	48916	28456	26619	
14290	0	18350	40222	28362	26658	
14291	0	28694	38712	28342	26676	
14292	0	40684	36848	28260	26682	
14293	0	35684	34056	28184	26728	
14294	0	30884	36082	28088	26748	
14295	0	37722	36554	28040	26866	
14296	0	37868	35616	27972	26920	
14297	0	33840	36976	27944	26992	
14298	0	35280	37524	27868	27030	
14299	0	35936	36848	27873	27104	
14300	0	35260	36936	27844	27196	
14301	0	35116	36585	27852	27297	
14302	0	35360	36572	27840	27400	
14303	0	35301	36788	27900	27553	
14304	0	35364	37072	27928	27632	
14305	0	35202	37152	27976	27756	
14306	0	35313	36961	28029	27858	
14307	0	35456	36780	28097	28056	
14308	0	35324	36824	28186	28176	
14309	0	35293	36824	28276	28272	
14310	0	35308	36844	28379	28392	
14311	0	35276	36797	28488	28526	
14312	0	35170	37176	28586	28648	
14313	0	35244	36840	28760	28848	
14314	0	35310	36938	28896	28916	
14315	0	35096	37053	29036	29045	
14316	0	35154	37056	29198	29224	
14317	0	35088	37100	29326	29360	
14318	0	35092	37056	29529	29432	
14319	0	34960	37180	29674	29549	
14320	0	34904	37064	29872	29712	
14321	0	34864	36992	30048	29838	
14322	0	34968	36897	30208	29936	
14323	0	34952	36893	30408	30009	
14324	0	34796	36933	30586	30121	
14325	0	34880	37196	30767	30188	
14326	0	34863	37140	30941	30289	
14327	0	34762	37256	31128	30428	
14328	0	34793	37134	31304	30505	
14329	0	34746	37218	31481	30664	
14330	0	34780	37100	31652	30700	
14331	0	34776	37228	31832	30868	
14332	0	34793	37276	31992	30890	
14333	0	34744	37332	32188	31042	
14334	0	34792	37288	32324	31078	
14335	0	34844	37304	32512	31186	
14336	0	34832	37316	32676	31342	
14337	0	34784	37280	32826	31420	
14338	0	34848	37209	32964	31452	
14339	0	34944	37176	33144	31540	
14340	0	34664	37128	33300	31616	
14341	0	34892	37296	33432	31708	
14342	0	34680	37296	33604	31840	
14343	0	34896	37250	33784	31876	
14344	0	34976	37232	33900	31948	
14345	0	34940	37227	34066	32090	
14346	0	34866	37212	34232	32173	
14347	0	34848	37162	34424	32232	
14348	0	34960	37168	34556	32317	
14349	0	34964	37104	34724	32370	
14350	0	34752	37113	34908	32476	
14351	0	34792	37200	35069	32568	
14352	0	34756	37192	35305	32638	
14353	0	34808	37272	35448	32785	
14354	0	34557	37337	35682	32833	
14355	0	34521	37708	35776	32960	
14356	0	34762	37848	36041	33053	
14357	0	34504	37516	36168	33236	
14358	0	34346	37280	36448	33360	
14359	0	34560	36984	36576	33445	
14360	0	34540	37364	36788	33592	
14361	0	34728	37568	36962	33724	
14362	0	34984	37464	37177	33856	
14363	0	34624	37520	37408	34027	
14364	0	34742	37648	37577	34221	
14365	0	34744	37740	37800	34356	
14366	0	34857	37696	37960	34552	
14367	0	34738	37948	38144	34738	
14368	0	35166	38072	38352	34884	
14369	0	34708	38305	38560	35104	
14370	0	34756	38936	38789	35280	
14371	0	35136	38816	38936	35464	
14372	0	35320	39628	39168	35664	
14373	0	35276	39930	39320	35868	
14374	0	35117	39797	39552	36101	
14375	0	35136	40624	39712	36300	
14376	0	34844	41090	39920	36460	
14377	0	35384	41484	40064	36732	
14378	0	34706	41664	40228	36960	
14379	0	33725	41764	40416	37104	
14380	0	34093	41600	40569	37380	
14381	0	33516	41152	40748	37545	
14382	0	33768	40520	40952	37776	
14383	0	35200	40504	41152	38060	
14384	0	35744	39477	41249	38288	
14385	0	36245	39200	41433	38565	
14386	0	36844	37856	41608	38737	
14387	0	36329	37997	41800	39044	
14388	0	34168	35861	41964	39216	
14389	0	33140	35188	42268	39564	
14390	0	32656	34956	42480	39764	
14391	0	32749	35328	42533	40025	
14392	0	34304	35368	42717	40288	
14393	0	34626	34872	43014	40529	
14394	0	33668	34884	43088	40776	
14395	0	34328	32376	43272	40916	
14396	0	34906	33772	43500	41156	
14397	0	34804	34790	43698	41464	
14398	0	34528	35384	43816	41688	
14399	0	35264	35648	43964	41802	
14400	0	33940	34892	44132	42029	
14401	0	33766	34856	44340	42252	
14402	0	33872	35136	44464	42404	
14403	0	34298	35228	44633	42586	
14404	0	34616	35004	44768	42828	
14405	0	34809	35144	44916	42940	
14406	0	35218	35489	45050	43128	
14407	0	35804	35593	45228	43236	
14408	0	36088	35600	45336	43413	
14409	0	36388	35924	45448	43572	
14410	0	36464	36240	45585	43740	
14411	0	36793	36348	45752	43844	
14412	0	36840	36632	45848	44008	
14413	0	37068	37228	45937	44096	
14414	0	37516	37553	45998	44268	
14415	0	38080	37620	46106	44393	
14416	0	38464	37780	46264	44444	
14417	0	38712	37848	46290	44580	
14418	0	38930	38116	46371	44720	
14419	0	38986	38264	46504	44832	
14420	0	39496	38704	46610	44896	
14421	0	39512	38784	46674	44972	
14422	0	39508	38836	46748	45090	
14423	0	39784	39020	46777	45172	
14424	0	40060	39372	46776	45272	
14425	0	40424	39222	46868	45356	
14426	0	40656	39192	46936	45408	
14427	0	40768	39056	46912	45469	
14428	0	40820	39800	46912	45488	
14429	0	40400	39297	47000	45556	
14430	0	40312	39225	46968	45658	
14431	0	39816	39242	46980	45728	
14432	0	38760	39176	46969	45752	
14433	0	38072	38984	46984	45816	
14434	0	37476	38624	46976	45844	
14435	0	37145	38274	46986	45888	
14436	0	37844	37780	46916	45905	
14437	0	38104	37492	46872	45924	
14438	0	38465	37008	46836	45956	
14439	0	38556	36920	46808	45920	
14440	0	37997	36604	46824	45976	
14441	0	37680	36716	46776	45960	
14442	0	37560	36904	46640	45976	
14443	0	37696	36824	46600	45968	
14444	0	37390	36692	46596	45936	
14445	0	37252	36296	46524	45892	
14446	0	32680	44886	46380	45826	
14447	0	24154	39754	46352	45788	
14448	0	24720	39368	46240	45792	
14449	0	31796	41497	46144	45696	
14450	0	37760	39272	46104	45656	
14451	0	38252	29004	46036	45640	
14452	0	33752	40041	45888	45576	
14453	0	37284	42292	45850	45480	
14454	0	32308	41268	45708	45364	
14455	0	35352	38464	45712	45252	
14456	0	34806	37396	45536	45221	
14457	0	33292	37944	45520	45040	
14458	0	34129	36673	45364	44976	
14459	0	33338	37268	45332	44853	
14460	0	33236	37704	45196	44753	
14461	0	33800	37896	45140	44548	
14462	0	33610	37064	45068	44416	
14463	0	33788	36326	44924	44328	
14464	0	33572	37420	44840	44176	
14465	0	33731	37474	44756	44012	
14466	0	34132	37785	44692	43842	
14467	0	34020	37624	44672	43680	
14468	0	34065	37594	44568	43532	
14469	0	33992	37648	44468	43372	
14470	0	33992	37704	44416	43204	
14471	0	33952	37721	44380	43088	
14472	0	33912	37828	44240	42840	
14473	0	34036	37596	44168	42656	
14474	0	34188	37608	44088	42452	
14475	0	34216	37628	43992	42304	
14476	0	34358	37472	43962	42080	
14477	0	34141	37500	43820	41864	
14478	0	34125	37468	43724	41672	
14479	0	34228	37432	43564	41432	
14480	0	34248	37377	43420	41152	
14481	0	34173	37492	43344	40892	
14482	0	34066	37548	43132	40725	
14483	0	34232	37312	42964	40460	
14484	0	34104	37353	42908	40108	
14485	0	34117	37264	42596	39912	
14486	0	34188	37440	42560	39608	
14487	0	34424	37261	42212	39312	
14488	0	34196	37353	42137	39088	
14489	0	34464	37420	41852	38812	
14490	0	34388	37232	41572	38473	
14491	0	34336	37466	41481	38180	
14492	0	34364	37128	41096	37916	
14493	0	34328	37356	40844	37544	
14494	0	34128	37633	40592	37308	
14495	0	34620	37692	40328	37008	
14496	0	34412	37297	40072	36676	
14497	0	34548	37496	39788	36365	
14498	0	34264	36936	39510	36042	
14499	0	34250	37004	39232	35708	
14500	0	34588	37504	38944	35416	
14501	0	34436	37328	38752	35059	
14502	0	34648	37324	38464	34757	
14503	0	34404	37096	38144	34448	
14504	0	34424	37224	37836	34128	
14505	0	34584	37581	37596	33800	
14506	0	34561	37216	37212	33537	
14507	0	34364	37278	36960	33172	
14508	0	34488	37380	36668	32868	
14509	0	34580	37661	36412	32576	
14510	0	34562	37617	36101	32286	
14511	0	34864	37883	35897	31932	
14512	0	34912	38326	35568	31634	
14513	0	34280	38552	35288	31328	
14514	0	34246	38752	35052	31044	
14515	0	33824	39080	34785	30697	
14516	0	34246	39204	34538	30404	
14517	0	34440	39316	34316	30112	
14518	0	34525	39604	34068	29820	
14519	0	34509	39868	33813	29537	
14520	0	34698	40220	33588	29260	
14521	0	34880	40488	33368	28984	
14522	0	34744	40740	33136	28708	
14523	0	34416	40793	32914	28444	
14524	0	33920	40444	32692	28188	
14525	0	33176	40568	32486	27940	
14526	0	33440	40393	32252	27682	
14527	0	33573	40248	32064	27460	
14528	0	35068	40028	31818	27240	
14529	0	36089	40528	31616	27021	
14530	0	36008	39964	31440	26824	
14531	0	35144	38844	31260	26641	
14532	0	34000	38885	31061	26465	
14533	0	33244	37824	30876	26306	
14534	0	32984	42005	30640	26152	
14535	0	38504	34464	30536	26013	
14536	0	38608	34436	30352	25885	
14537	0	40584	35700	30212	25776	
14538	0	38636	40600	30048	25668	
14539	0	38048	38448	29872	25572	
14540	0	35812	39684	29704	25478	
14541	0	35716	37112	29592	25398	
14542	0	37178	36644	29436	25318	
14543	0	35552	35932	29308	25244	
14544	0	36624	35924	29161	25178	
14545	0	36592	35137	29029	25120	
14546	0	35962	34793	28880	25057	
14547	0	35540	35209	28736	24993	
14548	0	34577	34420	28604	24938	
14549	0	34132	34562	28472	24866	
14550	0	33905	35589	28331	24793	
14551	0	33533	35024	28188	24721	
14552	0	33454	33980	28042	24658	
14553	0	33516	34400	27920	24568	
14554	0	33692	34220	27778	24491	
14555	0	34080	33960	27641	24396	
14556	0	33636	33777	27502	24308	
14557	0	33610	33801	27352	24212	
14558	0	33480	33864	27208	24108	
14559	0	33364	33753	27060	23980	
14560	0	33336	33585	26911	23881	
14561	0	33340	33460	26766	23736	
14562	0	33533	33497	26616	23628	
14563	0	33620	33778	26452	23488	
14564	0	33697	33073	26296	23328	
14565	0	33756	32912	26132	23174	
14566	0	33832	33369	26008	23024	
14567	0	34305	33493	25849	22876	
14568	0	34427	33584	25692	22708	
14569	0	34456	33576	25508	22556	
14570	0	34608	34100	25340	22400	
14571	0	34520	34229	25161	22236	
14572	0	34296	34376	24984	22064	
14573	0	33984	34516	24853	21908	
14574	0	33848	34736	24706	21748	
14575	0	33980	34472	24568	21593	
14576	0	34253	34528	24340	21446	
14577	0	34868	34254	24237	21296	
14578	0	35568	33952	24104	21164	
14579	0	36320	33609	23888	21020	
14580	0	36420	33612	23776	20902	
14581	0	36620	33314	23642	20780	
14582	0	36544	33146	23502	20682	
14583	0	46564	36162	23334	20576	
14584	0	56132	45748	23192	20488	
14585	0	32192	43532	23045	20408	
14586	0	22906	35980	22966	20345	
14587	0	17060	45076	22797	20281	
14588	0	38408	38256	22708	20228	
14589	0	37540	36713	22633	20204	
14590	0	38656	34436	22550	20174	
14591	0	35060	32572	22464	20164	
14592	0	34608	32416	22330	20173	
14593	0	34844	34076	22250	20201	
14594	0	35688	36420	22189	20222	
14595	0	36200	38137	22124	20277	
14596	0	35064	37856	22162	20334	
14597	0	35680	36972	22113	20398	
14598	0	35928	36900	22140	20494	
14599	0	36021	36908	22129	20612	
14600	0	35468	36964	22062	20708	
14601	0	35520	36744	22174	20848	
14602	0	35632	36208	22248	21002	
14603	0	35589	36200	22232	21180	
14604	0	35632	36281	22300	21376	
14605	0	35549	36532	22384	21581	
14606	0	35756	36530	22559	21802	
14607	0	35652	36688	22620	22004	
14608	0	35620	36512	22715	22234	
14609	0	35420	36250	22860	22476	
14610	0	35664	36976	23064	22776	
14611	0	35488	36644	23180	23009	
14612	0	35485	36780	23428	23288	
14613	0	35448	36640	23580	23554	
14614	0	35492	36808	23764	23836	
14615	0	35312	36948	23976	24148	
14616	0	35264	37156	24156	24424	
14617	0	35252	36994	24433	24800	
14618	0	35408	36656	24644	25069	
14619	0	35336	36716	24800	25352	
14620	0	35234	36708	25077	25668	
14621	0	35056	36996	25340	26000	
14622	0	34980	36968	25572	26320	
14623	0	35128	37072	25744	26604	
14624	0	35028	36928	26040	26916	
14625	0	35136	36992	26298	27244	
14626	0	35033	36632	26485	27553	
14627	0	35072	36944	26721	27944	
14628	0	34924	37424	26964	28189	
14629	0	34865	37192	27260	28544	
14630	0	34746	37305	27478	28861	
14631	0	34808	37293	27733	29174	
14632	0	35032	37228	27946	29424	
14633	0	34912	37156	28200	29718	
14634	0	34796	37186	28412	30024	
14635	0	34828	37360	28653	30316	
14636	0	34848	37312	28858	30640	
14637	0	34809	37304	29064	30888	
14638	0	34720	37248	29320	31196	
14639	0	34948	37153	29528	31528	
14640	0	34932	37280	29744	31778	
14641	0	34960	37264	29949	32048	
14642	0	34970	37216	30162	32240	
14643	0	34904	37356	30380	32480	
14644	0	34770	37410	30588	32748	
14645	0	34676	37512	30802	32992	
14646	0	34721	37404	31017	33237	
14647	0	35197	37240	31232	33476	
14648	0	35165	36868	31456	33756	
14649	0	35281	37024	31672	34040	
14650	0	35290	37156	31904	34284	
14651	0	34972	37440	32120	34468	
14652	0	34988	37797	32344	34666	
14653	0	35024	38025	32585	34904	
14654	0	35034	38032	32825	35094	
14655	0	35048	37565	33040	35408	
14656	0	34852	38160	33288	35584	
14657	0	35073	39016	33560	35776	
14658	0	35460	39480	33816	36064	
14659	0	35420	39256	34080	36309	
14660	0	35386	39672	34358	36548	
14661	0	35049	39675	34616	36733	
14662	0	34212	40388	34872	37025	
14663	0	34125	40428	35184	37225	
14664	0	33424	40972	35440	37500	
14665	0	33884	40024	35755	37736	
14666	0	33953	39813	36008	37984	
14667	0	34260	39476	36304	38308	
14668	0	35200	39656	36660	38600	
14669	0	34888	39680	36896	38804	
14670	0	35956	39576	37216	39144	
14671	0	37784	38668	37548	39376	
14672	0	38310	37646	37862	39640	
14673	0	37717	38896	38157	39901	
14674	0	37236	39208	38489	40317	
14675	0	38492	41184	38856	40592	
14676	0	39476	33384	39156	40912	
14677	0	39009	36352	39472	41073	
14678	0	38829	38088	39880	41508	
14679	0	37981	38992	40120	41832	
14680	0	37156	40214	40440	41986	
14681	0	36645	38356	40848	42300	
14682	0	36219	38344	41100	42708	
14683	0	36209	37334	41492	42920	
14684	0	36148	37112	41802	43196	
14685	0	35672	36512	42076	43468	
14686	0	35328	35906	42420	43760	
14687	0	34532	35596	42648	44064	
14688	0	34068	35708	43040	44292	
14689	0	33517	35696	43233	44492	
14690	0	33064	35552	43540	44736	
14691	0	32440	35644	43786	44976	
14692	0	32761	35342	44045	45209	
14693	0	32538	35364	44360	45352	
14694	0	32504	35418	44532	45536	
14695	0	32382	34776	44765	45668	
14696	0	32072	34112	44988	45818	
14697	0	32036	33980	45192	45980	
14698	0	31928	34105	45432	46088	
14699	0	31944	33752	45628	46140	
14700	0	32212	33524	45808	46200	
14701	0	32521	34040	45912	46216	
14702	0	32616	33796	46068	46292	
14703	0	32784	33764	46181	46252	
14704	0	32820	34264	46312	46314	
14705	0	33052	34088	46464	46304	
14706	0	33216	33968	46504	46188	
14707	0	33040	33964	46656	46128	
14708	0	33180	33800	46732	46124	
14709	0	33174	34000	46784	46016	
14710	0	33378	33978	46816	45890	
14711	0	33758	34305	46900	45841	
14712	0	33956	34384	46852	45688	
14713	0	34320	34352	46922	45596	
14714	0	34730	34164	46965	45404	
14715	0	35168	33997	46968	45248	
14716	0	35384	34241	46980	45170	
14717	0	35688	34049	46944	44992	
14718	0	36096	34272	46916	44864	
14719	0	35924	34261	46888	44692	
14720	0	35350	34084	46868	44512	
14721	0	35936	33144	46866	44360	
14722	0	55293	32708	46784	44252	
14723	0	45120	49030	46788	44092	
14724	0	26970	40124	46709	43888	
14725	0	16082	40384	46724	43732	
14726	0	33572	41020	46680	43608	
14727	0	40449	39490	46572	43444	
14728	0	39840	36588	46496	43320	
14729	0	38396	35396	46452	43217	
14730	0	33804	35876	46452	43140	
14731	0	31616	35248	46325	42968	
14732	0	35932	34958	46296	42838	
14733	0	38028	36048	46224	42716	
14734	0	36644	37004	46213	42617	
14735	0	34656	37257	46164	42584	
14736	0	34800	36520	46033	42464	
14737	0	35914	36272	46041	42401	
14738	0	36188	36228	45938	42224	
14739	0	35784	36404	45900	42148	
14740	0	35536	36177	45824	42128	
14741	0	35748	36476	45756	42012	
14742	0	35996	36176	45714	41888	
14743	0	35768	36428	45644	41864	
14744	0	35760	36848	45589	41717	
14745	0	35626	36668	45552	41644	
14746	0	35628	36464	45536	41612	
14747	0	35828	36500	45428	41432	
14748	0	35296	36481	45364	41368	
14749	0	35460	36568	45344	41284	
14750	0	35361	36689	45240	41124	
14751	0	35400	36436	45186	41028	
14752	0	35513	36772	45112	40916	
14753	0	35484	36752	45032	40838	
14754	0	35412	36609	44968	40633	
14755	0	35380	36776	44872	40496	
14756	0	35316	36976	44772	40392	
14757	0	35244	36900	44744	40220	
14758	0	35144	36920	44604	40092	
14759	0	35236	36928	44492	39898	
14760	0	35108	36798	44384	39780	
14761	0	35056	36993	44320	39540	
14762	0	35152	37140	44184	39429	
14763	0	34928	37280	43992	39224	
14764	0	35000	37042	43845	39040	
14765	0	34980	37157	43688	38824	
14766	0	34740	37216	43604	38609	
14767	0	34840	37280	43380	38465	
14768	0	34849	37208	43184	38209	
14769	0	34864	37300	43048	37992	
14770	0	34944	37340	42798	37821	
14771	0	34818	37234	42632	37584	
14772	0	34797	37416	42400	37368	
14773	0	34746	37524	42289	37140	
14774	0	34752	37412	41922	36876	
14775	0	34873	37396	41680	36673	
14776	0	34924	37408	41433	36450	
14777	0	34848	37425	41184	36160	
14778	0	34864	37432	40960	35928	
14779	0	34844	37328	40665	35710	
14780	0	34709	37209	40492	35444	
14781	0	34720	37120	40188	35228	
14782	0	34816	36880	39840	34944	
14783	0	35026	37000	39560	34732	
14784	0	34972	37066	39385	34484	
14785	0	35020	37100	38986	34216	
14786	0	35036	37288	38794	33980	
14787	0	34808	37244	38422	33753	
14788	0	34944	37260	38185	33532	
14789	0	35280	37081	37816	33282	
14790	0	35204	37292	37518	33076	
14791	0	35192	37377	37248	32840	
14792	0	35184	37835	37001	32670	
14793	0	35224	37408	36632	32428	
14794	0	34456	37621	36420	32234	
14795	0	34841	38044	36072	32032	
14796	0	35456	38962	35797	31856	
14797	0	35588	39172	35464	31664	
14798	0	35552	39018	35220	31476	
14799	0	35212	39204	34912	31316	
14800	0	34761	39472	34632	31144	
14801	0	34528	39660	34340	31009	
14802	0	34436	40160	34080	30854	
14803	0	34276	39608	33808	30692	
14804	0	33640	39520	33516	30552	
14805	0	33244	39600	33243	30420	
14806	0	34260	39064	32970	30308	
14807	0	34846	38552	32696	30176	
14808	0	35146	38700	32420	30080	
14809	0	35225	38609	32157	29964	
14810	0	36928	39290	31896	29914	
14811	0	36452	38044	31620	29762	
14812	0	37579	38504	31348	29728	
14813	0	36672	37748	31073	29656	
14814	0	36144	38372	30792	29528	
14815	0	35908	39072	30516	29458	
14816	0	38208	36736	30258	29448	
14817	0	38776	36122	29974	29342	
14818	0	38112	37536	29700	29281	
14819	0	37840	38816	29412	29249	
14820	0	36888	40042	29112	29180	
14821	0	36050	39362	28790	29216	
14822	0	35576	39168	28540	29089	
14823	0	35424	38280	28220	29097	
14824	0	35637	38240	27957	28980	
14825	0	35893	37592	27602	28968	
14826	0	35948	37204	27346	28880	
14827	0	35656	36657	26992	28844	
14828	0	35380	35977	26712	28732	
14829	0	35080	36005	26364	28732	
14830	0	34608	36109	26050	28590	
14831	0	34180	35720	25744	28500	
14832	0	33706	35932	25400	28412	
14833	0	33448	35833	25068	28324	
14834	0	33336	35504	24732	28200	
14835	0	33280	35700	24412	28088	
14836	0	32997	34916	24008	27961	
14837	0	32912	34512	23749	27797	
14838	0	32546	34568	23417	27652	
14839	0	32560	34181	23037	27497	
14840	0	32582	34168	22697	27315	
14841	0	32434	34256	22364	27152	
14842	0	32441	33824	22026	26985	
14843	0	32857	34122	21746	26787	
14844	0	32984	33824	21437	26594	
14845	0	33222	33936	21041	26392	
14846	0	33457	33746	20800	26153	
14847	0	33826	33580	20462	25948	
14848	0	33730	34032	20169	25696	
14849	0	33600	33844	19769	25476	
14850	0	34056	33820	19462	25268	
14851	0	34160	34326	19234	25004	
14852	0	34552	33974	18944	24802	
14853	0	34488	34836	18562	24480	
14854	0	34736	34906	18350	24352	
14855	0	34861	34981	18054	24064	
14856	0	35056	34840	17752	23866	
14857	0	35016	34580	17513	23586	
14858	0	35137	34337	17212	23338	
14859	0	35232	34040	16946	23108	
14860	0	35880	33956	16712	22880	
14861	0	36161	33838	16449	22648	
14862	0	36320	33516	16276	22437	
14863	0	36036	33052	16080	22236	
14864	0	48736	35037	15856	22034	
14865	0	56180	34024	15656	21873	
14866	0	21833	43336	15456	21581	
14867	0	22324	40090	15261	21488	
14868	0	18952	42880	15108	21228	
14869	0	37440	43468	14902	21174	
14870	0	40528	40848	14790	21048	
14871	0	40908	33620	14592	20882	
14872	0	34196	32824	14504	20781	
14873	0	32457	34636	14428	20676	
14874	0	33620	34308	14350	20587	
14875	0	37280	35560	14191	20452	
14876	0	37220	37297	14176	20392	
14877	0	35064	37088	14124	20364	
14878	0	34808	36704	14008	20414	
14879	0	35728	36572	14064	20337	
14880	0	36096	36424	14041	20360	
14881	0	35609	36584	14043	20352	
14882	0	35466	36457	14068	20366	
14883	0	35564	36360	14120	20400	
14884	0	35661	36481	14173	20467	
14885	0	35868	36488	14212	20565	
14886	0	35590	36524	14328	20587	
14887	0	35616	36836	14462	20664	
14888	0	35568	36666	14524	20760	
14889	0	35540	36776	14728	20904	
14890	0	35525	36696	14878	20960	
14891	0	35413	36728	15024	21172	
14892	0	35256	36808	15184	21336	
14893	0	35585	36776	15452	21421	
14894	0	35320	36696	15672	21536	
14895	0	35360	36716	15845	21696	
14896	0	35316	36844	16109	21904	
14897	0	35328	36992	16341	22002	
14898	0	35090	36816	16644	22200	
14899	0	35420	36988	16918	22442	
14900	0	35104	36792	17114	22630	
14901	0	35124	36884	17432	22864	
14902	0	35097	36888	17706	22946	
14903	0	34940	37052	17976	23207	
14904	0	34780	36832	18308	23424	
14905	0	34980	37058	18580	23648	
14906	0	35040	37068	18848	23834	
14907	0	34904	36860	19170	24000	
14908	0	34878	37140	19450	24264	
14909	0	34836	37313	19765	24437	
14910	0	34808	37344	20050	24628	
14911	0	34908	37116	20361	24877	
14912	0	34836	37240	20650	25138	
14913	0	34836	37244	21000	25269	
14914	0	34764	37240	21298	25489	
14915	0	34920	36972	21520	25717	
14916	0	34852	36996	21835	26024	
14917	0	34704	37264	22158	26197	
14918	0	34692	37502	22458	26400	
14919	0	34416	37756	22790	26632	
14920	0	34548	37732	23016	26824	
14921	0	34636	37760	23353	27010	
14922	0	34570	37480	23681	27252	
14923	0	34848	37344	23896	27470	
14924	0	34714	37017	24280	27696	
14925	0	34756	37092	24560	27920	
14926	0	34780	37152	24808	28140	
14927	0	34628	37572	25180	28352	
14928	0	34936	37692	25412	28592	
14929	0	34948	37698	25801	28808	
14930	0	34916	37664	26113	29040	
14931	0	34780	37344	26400	29280	
14932	0	34625	37568	26742	29580	
14933	0	34968	37525	27028	29828	
14934	0	34964	37456	27420	30073	
14935	0	34944	37608	27728	30321	
14936	0	34920	37872	28069	30506	
14937	0	35168	37464	28440	30780	
14938	0	34536	37696	28782	31036	
14939	0	34606	38697	29117	31364	
14940	0	35000	38824	29474	31610	
14941	0	35394	39044	29816	31908	
14942	0	34892	38964	30176	32153	
14943	0	34756	39428	30504	32452	
14944	0	35061	39464	30908	32740	
14945	0	34692	39672	31248	33077	
14946	0	34356	40104	31610	33362	
14947	0	33912	39924	32008	33668	
14948	0	33884	39820	32388	34040	
14949	0	33524	40008	32754	34376	
14950	0	33904	39933	33129	34624	
14951	0	35004	39440	33501	34956	
14952	0	34672	39312	33858	35356	
14953	0	34344	39380	34244	35648	
14954	0	34116	39484	34626	36000	
14955	0	36120	38649	35052	36380	
14956	0	37220	38532	35394	36716	
14957	0	37048	38412	35832	37048	
14958	0	36092	38780	36184	37336	
14959	0	35349	40368	36600	37684	
14960	0	39728	35416	36932	38021	
14961	0	39128	34866	37328	38368	
14962	0	38192	37076	37696	38576	
14963	0	38480	38282	38072	38881	
14964	0	37249	38880	38440	39233	
14965	0	36122	39049	38905	39632	
14966	0	35888	38388	39172	39876	
14967	0	35796	37905	39536	40120	
14968	0	35632	37700	39920	40464	
14969	0	35656	37604	40233	40720	
14970	0	35234	37276	40664	41077	
14971	0	34728	36994	41017	41329	
14972	0	34528	36560	41232	41640	
14973	0	34488	35900	41512	41920	
14974	0	33974	36305	41817	42073	
14975	0	33744	36044	42080	42296	
14976	0	33000	35601	42352	42660	
14977	0	32996	35964	42636	42776	
14978	0	32744	35588	42860	43052	
14979	0	33084	35320	43164	43164	
14980	0	32996	34804	43344	43364	
14981	0	33060	34436	43508	43516	
14982	0	32792	34248	43720	43532	
14983	0	32857	34033	43908	43677	
14984	0	32760	34226	44168	43760	
14985	0	32950	34048	44324	43744	
14986	0	33126	34152	44410	43816	
14987	0	33200	33925	44560	43792	
14988	0	33500	33844	44700	43736	
14989	0	33418	34049	44820	43661	
14990	0	33380	33676	44992	43645	
14991	0	33589	33714	45112	43480	
14992	0	33712	33916	45172	43408	
14993	0	33850	33928	45240	43296	
14994	0	34024	34208	45332	43112	
14995	0	34296	34177	45480	42869	
14996	0	34234	34085	45478	42700	
14997	0	34456	34276	45544	42528	
14998	0	34324	34456	45596	42240	
14999	0	34280	34884	45648	42044	
15000	0	34132	34992	45672	41780	
15001	0	34296	35280	45728	41512	
15002	0	34508	35200	45784	41276	
15003	0	34612	34912	45753	41028	
15004	0	34992	34668	45828	40725	
15005	0	35352	34366	45760	40458	
15006	0	35849	34040	45806	40244	
15007	0	36332	33784	45760	39992	
15008	0	36604	33560	45728	39712	
15009	0	36822	33368	45705	39489	
15010	0	36973	33396	45672	39232	
15011	0	36442	33640	45686	38992	
15012	0	50780	36480	45580	38764	
15013	0	56256	38986	45544	38544	
15014	0	26421	43312	45497	38336	
15015	0	24228	40962	45408	38116	
15016	0	18464	44616	45392	37936	
15017	0	36448	43720	45320	37760	
15018	0	42312	39880	45188	37568	
15019	0	37580	37093	45157	37386	
15020	0	37128	33440	45020	37220	
15021	0	34896	32530	44984	37106	
15022	0	31290	33384	44916	36929	
15023	0	36164	35064	44764	36828	
15024	0	38168	36674	44682	36672	
15025	0	36144	37488	44589	36569	
15026	0	34284	37524	44512	36450	
15027	0	34569	36224	44450	36365	
15028	0	36596	36672	44392	36280	
15029	0	36380	36692	44228	36204	
15030	0	35492	36272	44156	36116	
15031	0	35412	36065	44064	36065	
15032	0	35440	36100	44001	36008	
15033	0	35712	36184	43916	35968	
15034	0	35660	36468	43865	35881	
15035	0	35608	36637	43786	35845	
15036	0	35588	36376	43700	35812	
15037	0	35780	36632	43744	35778	
15038	0	35445	36624	43664	35716	
15039	0	35424	36708	43601	35664	
15040	0	35298	36644	43472	35603	
15041	0	35401	36724	43412	35556	
15042	0	35354	36700	43412	35488	
15043	0	35252	37115	43304	35400	
15044	0	35136	37113	43208	35322	
15045	0	35202	37048	43229	35254	
15046	0	35154	36920	43056	35180	
15047	0	35112	36816	43076	35065	
15048	0	35004	36922	42984	34958	
15049	0	34932	36852	42853	34856	
15050	0	35105	37216	42772	34688	
15051	0	35049	37028	42724	34538	
15052	0	34948	36800	42612	34441	
15053	0	34788	37208	42368	34256	
15054	0	34592	36964	42228	34112	
15055	0	34784	37557	42120	33941	
15056	0	34749	37554	41960	33728	
15057	0	34788	37221	41756	33532	
15058	0	34684	37216	41664	33320	
15059	0	34752	37272	41456	33060	
15060	0	34880	37232	41296	32864	
15061	0	34884	37184	41108	32626	
15062	0	35024	37184	40792	32401	
15063	0	34768	37262	40576	32126	
15064	0	34912	37384	40332	31885	
15065	0	34932	37360	40152	31632	
15066	0	34845	37532	39844	31344	
15067	0	34825	37596	39588	31042	
15068	0	34858	37504	39368	30768	
15069	0	34917	37264	39024	30484	
15070	0	34882	37104	38752	30188	
15071	0	35008	36963	38513	29832	
15072	0	35024	36580	38169	29580	
15073	0	35000	36580	37848	29280	
15074	0	35420	36356	37648	28989	
15075	0	34952	37204	37244	28632	
15076	0	34717	37770	36946	28353	
15077	0	34796	38165	36681	28109	
15078	0	34660	37980	36328	27802	
15079	0	34873	37502	36024	27540	
15080	0	34826	37336	35729	27261	
15081	0	35089	36785	35408	26973	
15082	0	35080	36460	35088	26752	
15083	0	35122	36296	34868	26506	
15084	0	35361	36148	34578	26285	
15085	0	34984	37025	34260	26032	
15086	0	35264	37930	33920	25837	
15087	0	35344	38524	33620	25634	
15088	0	35132	38432	33330	25434	
15089	0	34898	37837	33042	25248	
15090	0	35104	37108	32757	25066	
15091	0	35304	36904	32473	24896	
15092	0	35264	37549	32189	24741	
15093	0	35409	37856	31905	24593	
15094	0	35394	38040	31629	24433	
15095	0	35130	38282	31344	24301	
15096	0	35520	38748	31044	24160	
15097	0	35236	39193	30764	24065	
15098	0	35140	39688	30424	23956	
15099	0	34920	39584	30165	23853	
15100	0	35033	40004	29865	23776	
15101	0	34572	40104	29500	23680	
15102	0	33948	40228	29231	23632	
15103	0	34020	40552	28941	23562	
15104	0	33394	40089	28592	23537	
15105	0	34277	39512	28276	23502	
15106	0	34646	39017	27928	23488	
15107	0	34130	38732	27642	23488	
15108	0	34384	38504	27266	23501	
15109	0	34592	38382	26978	23524	
15110	0	35832	38000	26624	23556	
15111	0	36356	37420	26259	23606	
15112	0	35984	37488	25924	23666	
15113	0	35092	39032	25648	23760	
15114	0	34200	38764	25256	23816	
15115	0	34214	37457	24904	23900	
15116	0	38288	34738	24674	24024	
15117	0	38320	34690	24324	24098	
15118	0	38185	35800	23997	24220	
15119	0	38524	36464	23681	24372	
15120	0	38264	37316	23364	24432	
15121	0	37342	38452	23012	24605	
15122	0	36738	38692	22720	24669	
15123	0	36688	38164	22414	24836	
15124	0	36365	37440	22052	24920	
15125	0	36364	37861	21788	25059	
15126	0	36096	37004	21500	25156	
15127	0	35954	37056	21157	25260	
15128	0	36129	36442	20925	25346	
15129	0	36200	36256	20621	25401	
15130	0	36336	36224	20368	25533	
15131	0	36604	36456	20085	25570	
15132	0	35936	36736	19803	25588	
15133	0	34608	36808	19542	25706	
15134	0	33584	36208	19224	25762	
15135	0	32304	36108	19028	25724	
15136	0	32569	36008	18794	25804	
15137	0	32160	35984	18549	25818	
15138	0	32028	35685	18255	25796	
15139	0	32106	35096	18057	25742	
15140	0	32041	35412	17820	25746	
15141	0	31285	34112	17563	25726	
15142	0	31792	34972	17382	25648	
15143	0	30315	34344	17132	25661	
15144	0	30656	34616	16897	25542	
15145	0	31306	34756	16745	25494	
15146	0	31700	34808	16522	25430	
15147	0	31680	34570	16264	25368	
15148	0	31712	35688	16147	25272	
15149	0	31860	35152	15938	25206	
15150	0	32292	35194	15760	25112	
15151	0	32568	35040	15580	25032	
15152	0	33180	35000	15433	24985	
15153	0	33586	35200	15260	24920	
15154	0	33928	35576	15090	24822	
15155	0	34230	35520	14960	24820	
15156	0	34877	35756	14818	24796	
15157	0	35532	35601	14645	24780	
15158	0	36037	35401	14510	24738	
15159	0	36705	35216	14413	24712	
15160	0	37744	35108	14268	24680	
15161	0	38344	34598	14188	24674	
15162	0	39028	34125	14100	24573	
15163	0	39060	33742	13950	24654	
15164	0	38939	33376	13859	24682	
15165	0	45112	33284	13840	24692	
15166	0	50756	41424	13696	24642	
15167	0	56200	45508	13653	24736	
15168	0	27948	37418	13620	24813	
15169	0	13932	35448	13513	24804	
15170	0	21650	46604	13514	24836	
15171	0	39808	37524	13424	24940	
15172	0	38556	33457	13414	25016	
15173	0	36960	32880	13320	25056	
15174	0	33910	35712	13356	25176	
15175	0	35652	37676	13348	25282	
15176	0	36665	36936	13324	25290	
15177	0	35144	36653	13284	25476	
15178	0	35892	36240	13328	25594	
15179	0	35272	36342	13342	25681	
15180	0	35928	36428	13398	25753	
15181	0	35528	36672	13408	25952	
15182	0	35464	36448	13412	26080	
15183	0	35752	36456	13488	26212	
15184	0	35761	36772	13526	26361	
15185	0	35780	36450	13616	26532	
15186	0	35741	36572	13696	26676	
15187	0	35540	36456	13805	26800	
15188	0	35672	36793	13884	26904	
15189	0	35456	36928	14052	27018	
15190	0	35936	36644	14191	27251	
15191	0	35600	37008	14336	27409	
15192	0	35432	36704	14501	27538	
15193	0	35480	36724	14670	27702	
15194	0	35237	36730	14824	27842	
15195	0	35322	37224	15002	27980	
15196	0	35248	37025	15228	28084	
15197	0	35232	36776	15432	28236	
15198	0	35197	36948	15675	28272	
15199	0	35110	36944	15899	28462	
15200	0	35012	36968	16107	28536	
15201	0	34964	36964	16340	28685	
15202	0	35008	36876	16524	28756	
15203	0	34908	36872	16798	28859	
15204	0	34880	36912	16996	28892	
15205	0	35120	37173	17258	28945	
15206	0	34912	36952	17462	29012	
15207	0	34936	36916	17722	29012	
15208	0	34876	36908	17942	29068	
15209	0	34893	37168	18096	29092	
15210	0	34788	37168	18368	29080	
15211	0	34880	37216	18508	29088	
15212	0	34868	37328	18806	29064	
15213	0	34932	37444	18956	29080	
15214	0	34848	37580	19176	29000	
15215	0	34889	37465	19392	28988	
15216	0	35010	37344	19578	28930	
15217	0	35240	37328	19680	28908	
15218	0	35124	37116	19904	28788	
15219	0	35080	37116	20067	28733	
15220	0	34976	37288	20182	28649	
15221	0	35073	37248	20390	28552	
15222	0	35128	37124	20530	28500	
15223	0	35042	37040	20654	28440	
15224	0	35200	36908	20819	28300	
15225	0	35216	36800	20956	28236	
15226	0	35168	36806	21096	28222	
15227	0	35113	36760	21260	28157	
15228	0	35124	36810	21384	28092	
15229	0	35048	37146	21498	28036	
15230	0	35170	36876	21636	27968	
15231	0	35088	37344	21858	27950	
15232	0	35141	37066	21980	27915	
15233	0	35200	36920	22156	27901	
15234	0	35256	36896	22304	27892	
15235	0	35112	36932	22440	27904	
15236	0	35097	36956	22620	27900	
15237	0	35104	36968	22746	27912	
15238	0	35120	36866	22950	27953	
15239	0	34952	37440	23097	28017	
15240	0	35112	37152	23248	28049	
15241	0	34964	37277	23410	28132	
15242	0	34992	37184	23549	28194	
15243	0	34956	37281	23804	28380	
15244	0	35052	37409	23972	28400	
15245	0	35065	37633	24164	28530	
15246	0	35249	37709	24336	28654	
15247	0	35400	37677	24530	28780	
15248	0	35516	37928	24704	28918	
15249	0	35260	38241	24898	29104	
15250	0	35244	38640	25024	29284	
15251	0	35056	39000	25254	29400	
15252	0	34444	38752	25451	29604	
15253	0	35152	39140	25670	29770	
15254	0	34730	39852	25832	29960	
15255	0	34536	40882	26012	30156	
15256	0	35720	39872	26223	30368	
15257	0	35520	40888	26480	30582	
15258	0	35594	40920	26685	30850	
15259	0	34904	40760	26840	31009	
15260	0	34393	40812	27024	31234	
15261	0	34041	40962	27280	31460	
15262	0	34632	40656	27489	31744	
15263	0	34628	39984	27700	31916	
15264	0	35946	39168	27944	32228	
15265	0	37216	38348	28196	32428	
15266	0	37141	37841	28385	32644	
15267	0	36630	37216	28633	32928	
15268	0	35202	37074	28920	33172	
15269	0	34004	36056	29160	33532	
15270	0	33228	35802	29408	33708	
15271	0	33662	35698	29682	33969	
15272	0	33961	34418	29933	34220	
15273	0	33313	35628	30208	34504	
15274	0	35361	31424	30456	34780	
15275	0	34617	33770	30736	35008	
15276	0	33720	35432	31048	35340	
15277	0	33800	35476	31298	35520	
15278	0	33840	35644	31570	35856	
15279	0	33828	35632	31870	36064	
15280	0	33940	35257	32148	36290	
15281	0	34100	35176	32416	36460	
15282	0	34016	34752	32698	36740	
15283	0	34092	34616	33006	36956	
15284	0	34140	34772	33268	37072	
15285	0	34176	34852	33597	37244	
15286	0	34129	35368	33828	37446	
15287	0	34208	35248	34148	37641	
15288	0	34437	35448	34384	37888	
15289	0	34433	35932	34660	37944	
15290	0	34644	36016	34940	38122	
15291	0	35028	36372	35283	38252	
15292	0	35392	36762	35488	38384	
15293	0	35816	37128	35780	38625	
15294	0	36213	37637	36020	38752	
15295	0	36584	38161	36325	38832	
15296	0	36868	38480	36608	38916	
15297	0	37296	38900	36812	39074	
15298	0	37820	39249	37145	39264	
15299	0	38482	39344	37340	39350	
15300	0	39280	39380	37638	39424	
15301	0	39978	39289	37824	39632	
15302	0	40528	39368	38072	39684	
15303	0	40988	39417	38404	39844	
15304	0	41416	39384	38580	39976	
15305	0	41624	39188	38873	40064	
15306	0	41656	38964	39042	40104	
15307	0	41368	38648	39388	40168	
15308	0	41017	38352	39532	40376	
15309	0	40680	38309	39748	40376	
15310	0	40300	38120	39952	40492	
15311	0	39801	37856	40164	40625	
15312	0	39352	37770	40349	40788	
15313	0	38885	37920	40624	40800	
15314	0	37833	37396	40784	40896	
15315	0	37292	37340	40948	41036	
15316	0	36244	37364	41128	41220	
15317	0	35436	37366	41264	41186	
15318	0	36025	37336	41432	41328	
15319	0	36014	37368	41640	41398	
15320	0	36384	37440	41812	41572	
15321	0	36228	37344	41968	41680	
15322	0	35988	37056	42000	41770	
15323	0	35845	36768	42168	41722	
15324	0	36178	36728	42260	41936	
15325	0	36700	36520	42393	41996	
15326	0	36916	36624	42400	41992	
15327	0	37370	36386	42460	42026	
15328	0	37268	36266	42672	42194	
15329	0	37872	36180	42641	42128	
15330	0	38208	36136	42684	42269	
15331	0	38336	36136	42736	42240	
15332	0	38514	36904	42880	42368	
15333	0	37036	39008	42820	42420	
15334	0	26332	43809	42888	42456	
15335	0	24198	42946	42940	42452	
15336	0	34152	42728	42880	42369	
15337	0	34789	33472	42928	42492	
15338	0	35040	30144	43016	42465	
15339	0	47552	36500	42996	42424	
15340	0	28372	50488	42868	42340	
15341	0	37600	39360	42852	42412	
15342	0	29258	35353	42865	42298	
15343	0	31856	41028	42857	42281	
15344	0	33106	34136	42869	42224	
15345	0	34448	37816	42834	42289	
15346	0	33490	37652	42688	42132	
15347	0	34109	37328	42756	42072	
15348	0	34108	37644	42620	42120	
15349	0	33972	37024	42560	42072	
15350	0	34916	36908	42538	41984	
15351	0	34569	37024	42560	41884	
15352	0	34548	37290	42448	41836	
15353	0	34232	37312	42412	41668	
15354	0	34600	37565	42460	41676	
15355	0	34808	37525	42328	41440	
15356	0	34740	37345	42389	41400	
15357	0	34832	37520	42248	41228	
15358	0	34605	37328	42208	41180	
15359	0	34720	37076	42224	41052	
15360	0	34802	37304	42120	40876	
15361	0	34706	37142	42196	40825	
15362	0	34636	37428	42116	40724	
15363	0	34633	36956	42056	40588	
15364	0	34400	37010	41873	40320	
15365	0	34496	37348	41760	40225	
15366	0	34596	37280	41676	40152	
15367	0	34672	37212	41572	39905	
15368	0	34653	36709	41596	39709	
15369	0	34656	37144	41404	39544	
15370	0	34742	36740	41208	39392	
15371	0	34608	37284	41056	39272	
15372	0	34824	36768	40912	39036	
15373	0	35116	36704	40752	38857	
15374	0	34868	37546	40664	38776	
15375	0	34804	37196	40508	38594	
15376	0	34896	36320	40236	38337	
15377	0	35040	37404	40009	38192	
15378	0	35112	37344	39816	37960	
15379	0	34888	37004	39617	37866	
15380	0	34980	37410	39490	37646	
15381	0	35004	37320	39176	37392	
15382	0	34908	37032	38913	37216	
15383	0	35016	37028	38780	37104	
15384	0	34924	36888	38472	36930	
15385	0	34977	37124	38164	36716	
15386	0	34996	36681	37912	36556	
15387	0	34948	36852	37644	36368	
15388	0	34800	36921	37368	36097	
15389	0	34865	36860	37112	35964	
15390	0	35060	36905	36906	35820	
15391	0	35157	36766	36612	35649	
15392	0	35061	36603	36376	35420	
15393	0	34984	36568	36053	35240	
15394	0	35008	36840	35754	35080	
15395	0	34914	36880	35504	34936	
15396	0	34880	36922	35252	34780	
15397	0	35217	36896	34939	34656	
15398	0	35072	37088	34625	34525	
15399	0	35189	37228	34379	34336	
15400	0	35284	37362	34124	34112	
15401	0	35185	37540	33866	33984	
15402	0	35348	37812	33594	33816	
15403	0	35297	38164	33300	33692	
15404	0	35348	38617	33048	33544	
15405	0	35500	39516	32792	33492	
15406	0	35576	40156	32541	33353	
15407	0	35028	39880	32280	33204	
15408	0	35058	40201	32054	32993	
15409	0	34680	40458	31788	32872	
15410	0	34304	40664	31568	32760	
15411	0	34077	40720	31304	32680	
15412	0	34146	40832	31088	32572	
15413	0	34080	40041	30888	32450	
15414	0	34198	39588	30681	32288	
15415	0	34124	39416	30438	32194	
15416	0	34793	38820	30228	32076	
15417	0	35464	38932	30049	32076	
15418	0	36784	38898	29866	31928	
15419	0	36994	39080	29700	31855	
15420	0	35293	38620	29533	31881	
15421	0	34687	38694	29368	31842	
15422	0	31756	40212	29206	31764	
15423	0	37008	34082	29085	31712	
15424	0	36817	33789	28960	31700	
15425	0	37184	36472	28842	31700	
15426	0	36576	38248	28728	31713	
15427	0	36322	39285	28609	31724	
15428	0	36916	37990	28535	31796	
15429	0	35028	36697	28488	31792	
15430	0	34772	36732	28414	31878	
15431	0	35225	37008	28328	31920	
15432	0	36804	36441	28312	31941	
15433	0	37496	36640	28278	31994	
15434	0	37864	35828	28248	32072	
15435	0	37820	35424	28227	32124	
15436	0	37280	35484	28217	32213	
15437	0	37092	35284	28212	32308	
15438	0	36267	35573	28205	32336	
15439	0	36163	35372	28221	32420	
15440	0	35891	35161	28263	32512	
15441	0	36096	35328	28280	32644	
15442	0	35693	35384	28304	32696	
15443	0	35960	35228	28342	32764	
15444	0	35724	35322	28397	32865	
15445	0	35432	34912	28435	32932	
15446	0	35292	34880	28502	33050	
15447	0	35184	35064	28552	33081	
15448	0	35196	34488	28610	33160	
15449	0	35113	34008	28676	33312	
15450	0	34962	33856	28746	33360	
15451	0	35036	34024	28800	33410	
15452	0	34988	33472	28880	33482	
15453	0	35052	33533	28936	33557	
15454	0	35172	33008	29010	33728	
15455	0	35312	32952	29073	33734	
15456	0	35190	33060	29155	33784	
15457	0	35088	32965	29232	33848	
15458	0	34936	33232	29280	33940	
15459	0	34924	33152	29348	33968	
15460	0	34839	33572	29420	34113	
15461	0	34764	33520	29540	34096	
15462	0	34770	33760	29572	34162	
15463	0	34833	33868	29676	34321	
15464	0	34928	34160	29728	34276	
15465	0	34984	34216	29848	34337	
15466	0	35024	34124	29899	34432	
15467	0	34852	34272	30012	34520	
15468	0	34680	34337	30108	34556	
15469	0	34544	34376	30177	34626	
15470	0	34400	34344	30277	34685	
15471	0	34344	34304	30376	34772	
15472	0	34400	34348	30480	34892	
15473	0	34315	34456	30560	34973	
15474	0	34312	34496	30680	35024	
15475	0	34053	34496	30780	35076	
15476	0	33681	34478	30942	35128	
15477	0	45332	37840	31026	35224	
15478	0	56092	34096	31172	35304	
15479	0	31668	46576	31265	35396	
15480	0	21190	37584	31404	35476	
15481	0	24330	38972	31538	35564	
15482	0	22200	40970	31684	35672	
15483	0	42132	39552	31810	35808	
15484	0	36644	39008	31952	35872	
15485	0	37364	37412	32100	36040	
15486	0	36384	36896	32261	36069	
15487	0	36576	34584	32448	36132	
15488	0	30221	33676	32552	36252	
15489	0	34504	31928	32736	36346	
15490	0	34932	32776	32971	36460	
15491	0	37524	35848	33072	36569	
15492	0	36862	36885	33296	36680	
15493	0	35244	37780	33436	36789	
15494	0	34744	37665	33668	37012	
15495	0	35714	37144	33826	37088	
15496	0	36336	36784	34028	37220	
15497	0	36128	36548	34240	37276	
15498	0	35512	36168	34484	37476	
15499	0	35585	36016	34676	37516	
15500	0	35440	36308	34961	37724	
15501	0	35416	36688	35128	37906	
15502	0	36010	36720	35369	37932	
15503	0	35708	36640	35688	38176	
15504	0	35696	36416	35872	38364	
15505	0	35863	36568	36136	38370	
15506	0	35612	36384	36400	38596	
15507	0	35712	36340	36733	38648	
15508	0	35606	36576	37032	38748	
15509	0	35432	36676	37292	39026	
15510	0	35600	36493	37506	39018	
15511	0	35490	36476	37780	39084	
15512	0	35540	36841	38080	39280	
15513	0	35360	36800	38352	39384	
15514	0	35372	36864	38632	39398	
15515	0	35256	36692	38909	39544	
15516	0	35361	36640	39200	39612	
15517	0	35364	36674	39512	39580	
15518	0	35296	36929	39744	39657	
15519	0	35140	37026	40136	39692	
15520	0	35152	37084	40268	39752	
15521	0	35141	37228	40536	39714	
15522	0	35097	37092	40768	39776	
15523	0	34962	37152	41032	39706	
15524	0	35096	37124	41264	39736	
15525	0	35041	37009	41496	39612	
15526	0	34956	37108	41708	39680	
15527	0	34956	36961	41916	39564	
15528	0	34984	37140	42212	39544	
15529	0	35042	37132	42313	39388	
15530	0	34977	37108	42492	39360	
15531	0	35040	37168	42760	39220	
15532	0	35016	37234	42824	39196	
15533	0	34926	37434	43056	39016	
15534	0	34752	37460	43104	38968	
15535	0	34868	37532	43232	38828	
15536	0	34952	37432	43356	38673	
15537	0	34905	37460	43514	38528	
15538	0	34956	37304	43556	38392	
15539	0	34860	37136	43645	38288	
15540	0	35128	36880	43768	38128	
15541	0	34880	36764	43857	37984	
15542	0	35016	36924	43932	37856	
15543	0	34993	36948	43896	37698	
15544	0	35292	36705	43916	37553	
15545	0	35016	36960	44009	37404	
15546	0	35284	36812	44032	37256	
15547	0	35163	36762	44000	37116	
15548	0	35210	36876	43956	36968	
15549	0	35336	36892	43989	36832	
15550	0	35069	37584	43914	36684	
15551	0	35194	37050	43928	36548	
15552	0	34832	37488	43825	36424	
15553	0	35368	38356	43776	36280	
15554	0	35449	38501	43704	36164	
15555	0	35329	38280	43668	36032	
15556	0	35276	38044	43636	35900	
15557	0	35392	37780	43504	35744	
15558	0	35244	38336	43448	35620	
15559	0	35364	38416	43312	35504	
15560	0	35408	39048	43148	35392	
15561	0	35196	39716	43036	35264	
15562	0	35704	39656	42944	35152	
15563	0	35240	39860	42816	35040	
15564	0	34216	40528	42674	34960	
15565	0	34000	40586	42584	34844	
15566	0	34226	40985	42520	34716	
15567	0	34452	40370	42297	34632	
15568	0	34477	39528	42176	34532	
15569	0	34829	39690	42032	34448	
15570	0	34096	39456	42036	34349	
15571	0	34344	39064	41900	34248	
15572	0	35660	39490	41628	34160	
15573	0	38136	39780	41592	34104	
15574	0	37888	38348	41360	34008	
15575	0	37781	38344	41202	33909	
15576	0	36458	41936	41144	33824	
15577	0	40968	33668	41032	33756	
15578	0	39816	33648	40776	33696	
15579	0	37604	38056	40728	33628	
15580	0	36253	39997	40456	33512	
15581	0	35840	39941	40360	33432	
15582	0	35128	38508	40220	33364	
15583	0	35232	38164	39988	33250	
15584	0	35246	38044	39812	33177	
15585	0	35794	37652	39696	33066	
15586	0	35340	37128	39580	32988	
15587	0	35200	37080	39301	32876	
15588	0	34804	36368	39120	32756	
15589	0	34148	36772	38932	32652	
15590	0	33500	35980	38752	32532	
15591	0	32690	35792	38548	32404	
15592	0	32713	35976	38392	32250	
15593	0	32397	35804	38164	32122	
15594	0	32082	35248	38020	31978	
15595	0	32302	34948	37684	31826	
15596	0	32368	35120	37540	31660	
15597	0	32096	34505	37209	31492	
15598	0	31908	34984	36961	31314	
15599	0	31524	33738	36704	31132	
15600	0	32336	34202	36496	30936	
15601	0	32092	33696	36168	30726	
15602	0	32340	33534	35920	30520	
15603	0	32342	33632	35644	30297	
15604	0	32420	33473	35320	30066	
15605	0	32699	33065	34997	29844	
15606	0	32644	33296	34698	29605	
15607	0	33156	33952	34444	29371	
15608	0	33162	34020	34122	29136	
15609	0	33572	34452	33697	28880	
15610	0	33840	34218	33393	28637	
15611	0	34028	33860	33100	28408	
15612	0	34280	33976	32706	28164	
15613	0	34662	33804	32404	27920	
15614	0	34836	34284	31996	27676	
15615	0	35096	34536	31652	27428	
15616	0	35200	34441	31353	27204	
15617	0	35400	34332	30976	26972	
15618	0	35572	34226	30620	26744	
15619	0	35812	34156	30294	26530	
15620	0	36001	34080	29958	26310	
15621	0	36280	34026	29669	26096	
15622	0	36024	34138	29328	25897	
15623	0	38344	33968	29030	25704	
15624	0	55672	36320	28708	25526	
15625	0	46328	51498	28284	25360	
15626	0	22560	37125	28103	25186	
15627	0	15603	39832	27820	25028	
15628	0	31528	43304	27532	24838	
15629	0	43468	39556	27276	24689	
15630	0	37376	37508	27008	24553	
15631	0	41432	32392	26834	24425	
15632	0	31032	34172	26592	24300	
15633	0	31793	34246	26369	24206	
15634	0	36037	34728	26168	24078	
15635	0	37868	36652	25912	23976	
15636	0	36156	37681	25724	23890	
15637	0	34272	37221	25548	23840	
15638	0	34941	36356	25426	23744	
15639	0	35920	36580	25225	23724	
15640	0	35942	36649	25117	23654	
15641	0	35488	36650	24928	23612	
15642	0	35344	36400	24808	23598	
15643	0	35600	36084	24664	23588	
15644	0	35632	36260	24617	23568	
15645	0	35588	36428	24509	23576	
15646	0	35524	36644	24448	23621	
15647	0	35496	36404	24314	23604	
15648	0	35600	36748	24294	23666	
15649	0	35480	36868	24232	23688	
15650	0	35244	36906	24104	23709	
15651	0	35336	36792	24121	23728	
15652	0	35264	36976	24098	23765	
15653	0	35260	37064	24041	23800	
15654	0	35284	36824	24044	23880	
15655	0	35260	36948	23996	23890	
15656	0	34977	36717	23928	23917	
15657	0	35044	37012	23962	23926	
15658	0	34960	37064	23910	23976	
15659	0	35012	37004	23926	23989	
15660	0	35016	36800	23960	24020	
15661	0	34864	37040	23880	24058	
15662	0	34881	36716	23872	24051	
15663	0	34536	37088	23908	24062	
15664	0	34916	37124	23920	24036	
15665	0	34692	37388	23906	24032	
15666	0	34756	37308	23836	24058	
15667	0	34668	37380	23884	23988	
15668	0	34580	37288	23790	23972	
15669	0	34600	37317	23844	23964	
15670	0	34613	37150	23800	23912	
15671	0	34740	36900	23728	23812	
15672	0	34652	36992	23700	23772	
15673	0	34396	37416	23690	23692	
15674	0	34396	37924	23672	23630	
15675	0	34516	38084	23657	23564	
15676	0	34668	38180	23558	23464	
15677	0	34601	37976	23553	23384	
15678	0	34468	37700	23432	23269	
15679	0	34512	37664	23376	23168	
15680	0	34533	37500	23328	23122	
15681	0	34504	37170	23232	22980	
15682	0	34633	37044	23205	22873	
15683	0	34465	36764	23168	22764	
15684	0	34748	37252	23066	22696	
15685	0	34696	37728	23032	22554	
15686	0	34728	37720	22940	22448	
15687	0	34646	37580	22816	22356	
15688	0	34536	37432	22804	22260	
15689	0	34524	37488	22737	22166	
15690	0	34548	37544	22624	22092	
15691	0	34292	37556	22626	22065	
15692	0	34600	37792	22600	21960	
15693	0	36514	37432	22532	21928	
15694	0	34372	37064	22450	21888	
15695	0	35316	37640	22409	21860	
15696	0	34241	38004	22465	21849	
15697	0	34372	39044	22400	21816	
15698	0	34940	39320	22413	21809	
15699	0	34680	39460	22417	21852	
15700	0	35008	39192	22434	21868	
15701	0	34504	39232	22392	21889	
15702	0	34412	39952	22414	21956	
15703	0	34909	39976	22464	22032	
15704	0	34376	40186	22579	22073	
15705	0	34065	40322	22549	22162	
15706	0	33682	40136	22660	22262	
15707	0	33380	40376	22740	22339	
15708	0	33513	40353	22854	22482	
15709	0	34488	39241	22952	22616	
15710	0	35176	39106	23030	22804	
15711	0	35648	39632	23184	22936	
15712	0	35664	38745	23328	23120	
15713	0	36042	38824	23396	23313	
15714	0	38256	39560	23585	23521	
15715	0	37752	38816	23780	23728	
15716	0	37784	38672	23942	23970	
15717	0	37692	38608	24088	24212	
15718	0	40156	35876	24316	24457	
15719	0	39676	35568	24500	24752	
15720	0	37704	38068	24624	25025	
15721	0	36844	40472	24829	25328	
15722	0	35776	39008	25092	25641	
15723	0	34984	38400	25314	25952	
15724	0	34736	38126	25570	26348	
15725	0	34872	37720	25768	26672	
15726	0	34721	37017	26024	27004	
15727	0	34756	36576	26244	27296	
15728	0	34572	36504	26468	27713	
15729	0	34360	36384	26670	28024	
15730	0	33908	35580	26940	28340	
15731	0	33853	35424	27192	28688	
15732	0	33816	34904	27396	29020	
15733	0	33396	34964	27646	29412	
15734	0	33020	34592	27873	29681	
15735	0	32738	34381	28092	30009	
15736	0	32960	34348	28306	30360	
15737	0	32904	34360	28524	30636	
15738	0	32836	33867	28732	30934	
15739	0	33060	33558	28936	31244	
15740	0	33008	33972	29124	31568	
15741	0	32992	33184	29304	31760	
15742	0	32956	33312	29478	32012	
15743	0	33060	33916	29672	32284	
15744	0	33564	33322	29824	32500	
15745	0	33568	33068	29976	32720	
15746	0	33432	33524	30128	32904	
15747	0	33545	33941	30305	33173	
15748	0	33784	34352	30428	33308	
15749	0	33720	34241	30554	33532	
15750	0	33416	35019	30710	33664	
15751	0	33384	34892	30802	33832	
15752	0	33323	34896	30945	33980	
15753	0	33368	35250	31049	34068	
15754	0	33577	35496	31160	34234	
15755	0	33796	35456	31254	34333	
15756	0	34124	36608	31346	34560	
15757	0	34720	35512	31432	34560	
15758	0	35280	35924	31544	34780	
15759	0	35192	35664	31640	34845	
15760	0	35272	35760	31768	34968	
15761	0	35552	35416	31860	35056	
15762	0	35669	35000	31932	35180	
15763	0	35872	34452	32042	35188	
15764	0	36000	34180	32120	35285	
15765	0	35956	34120	32257	35373	
15766	0	35752	34180	32321	35477	
15767	0	41648	37628	32438	35596	
15768	0	55916	36752	32548	35753	
15769	0	35596	43512	32660	35837	
15770	0	24004	35421	32788	35920	
15771	0	21032	41424	32918	36072	
15772	0	31592	42204	33032	36192	
15773	0	39649	40480	33184	36280	
15774	0	36688	36908	33308	36332	
15775	0	36120	35532	33500	36444	
15776	0	37116	35088	33634	36628	
15777	0	33121	35020	33773	36672	
15778	0	34088	35136	33920	36794	
15779	0	35906	35376	34104	36920	
15780	0	36036	36296	34264	37130	
15781	0	35725	37164	34440	37281	
15782	0	35392	37580	34644	37304	
15783	0	35044	36784	34833	37464	
15784	0	34744	36933	35041	37648	
15785	0	35488	36481	35272	37664	
15786	0	36024	36336	35464	37872	
15787	0	35296	36480	35644	37944	
15788	0	35302	36444	35940	38104	
15789	0	35476	36864	36096	38216	
15790	0	35710	36656	36309	38468	
15791	0	35388	37084	36624	38473	
15792	0	35464	36992	36778	38576	
15793	0	35520	36792	37016	38824	
15794	0	35476	36892	37322	38848	
15795	0	35265	36908	37512	38956	
15796	0	35258	36540	37745	39146	
15797	0	35228	36768	38088	39172	
15798	0	35266	36672	38240	39300	
15799	0	35428	36764	38496	39410	
15800	0	35244	36736	38753	39620	
15801	0	35216	36704	39074	39632	
15802	0	35096	36692	39252	39808	
15803	0	35100	36640	39556	39784	
15804	0	35104	36852	39776	39884	
15805	0	34996	36728	39948	39952	
15806	0	35140	37004	40186	40020	
15807	0	35024	37080	40448	40088	
15808	0	34949	37112	40617	40168	
15809	0	34984	37006	40876	40292	
15810	0	34913	37113	41060	40392	
15811	0	34810	37232	41280	40416	
15812	0	34996	36985	41488	40452	
15813	0	34861	37364	41825	40480	
15814	0	34770	37250	41904	40580	
15815	0	34836	37456	42100	40653	
15816	0	34802	37378	42324	40586	
15817	0	34762	37465	42464	40716	
15818	0	34832	37464	42752	40716	
15819	0	34729	37492	42836	40744	
15820	0	34880	37388	42992	40828	
15821	0	34868	37184	43164	40781	
15822	0	34853	36988	43352	40794	
15823	0	34848	37004	43480	40882	
15824	0	34812	37234	43588	40882	
15825	0	34880	37512	43712	40892	
15826	0	34760	37676	43852	40892	
15827	0	34656	37708	43993	40880	
15828	0	34852	37472	44170	40952	
15829	0	34874	37292	44208	40968	
15830	0	34944	37080	44336	40952	
15831	0	34848	36812	44447	41060	
15832	0	34808	36754	44552	41032	
15833	0	34808	36736	44680	41064	
15834	0	35000	36888	44808	41080	
15835	0	35084	37152	44916	41184	
15836	0	35004	37436	44956	41152	
15837	0	34873	37568	45032	41264	
15838	0	34864	37412	45160	41314	
15839	0	34845	37512	45268	41368	
15840	0	35594	37169	45348	41374	
15841	0	34956	37089	45440	41432	
15842	0	34892	37304	45440	41472	
15843	0	35264	37320	45530	41596	
15844	0	34844	37536	45664	41584	
15845	0	34928	38160	45744	41684	
15846	0	34988	38324	45712	41812	
15847	0	35370	38192	45776	41825	
15848	0	35116	38208	45840	41864	
15849	0	35101	38304	45893	41952	
15850	0	34776	38600	45960	42016	
15851	0	35112	39040	46012	42084	
15852	0	34672	39649	46044	42224	
15853	0	34732	39436	46017	42276	
15854	0	34760	39476	46072	42360	
15855	0	33918	39400	46072	42418	
15856	0	33636	39272	46040	42416	
15857	0	33752	39008	46040	42522	
15858	0	33852	39036	46108	42496	
15859	0	34200	38984	46040	42596	
15860	0	34404	39064	46008	42636	
15861	0	34822	38840	45980	42680	
15862	0	34928	38112	45980	42700	
15863	0	35276	39072	45962	42688	
15864	0	36836	39044	45884	42792	
15865	0	36684	38056	45840	42808	
15866	0	36800	38752	45828	42740	
15867	0	36384	38925	45725	42816	
15868	0	36396	39354	45708	42769	
15869	0	36856	37588	45648	42809	
15870	0	39864	35452	45552	42740	
15871	0	38864	36184	45468	42736	
15872	0	38108	37705	45396	42680	
15873	0	37560	38840	45312	42588	
15874	0	36320	40328	45212	42492	
15875	0	35808	39397	45104	42409	
15876	0	35040	38752	45016	42354	
15877	0	35213	38312	44896	42272	
15878	0	35346	38064	44772	42128	
15879	0	35268	37352	44656	41912	
15880	0	35168	36984	44584	41832	
15881	0	34938	36628	44432	41697	
15882	0	34408	36420	44276	41512	
15883	0	33945	36576	44108	41248	
15884	0	33624	35896	43962	41133	
15885	0	33424	36272	43720	40882	
15886	0	33004	35792	43564	40684	
15887	0	32880	35926	43345	40490	
15888	0	32632	35114	43180	40212	
15889	0	32484	35128	42984	39900	
15890	0	32592	34692	42784	39656	
15891	0	32532	34752	42562	39404	
15892	0	32540	34528	42348	39132	
15893	0	32564	34552	42256	38888	
15894	0	32520	34752	41876	38636	
15895	0	32488	34280	41648	38337	
15896	0	32600	34324	41388	38064	
15897	0	32544	34208	41272	37782	
15898	0	32730	34232	40964	37476	
15899	0	32744	33824	40672	37121	
15900	0	32928	34160	40356	36840	
15901	0	33104	34092	40120	36578	
15902	0	33212	34174	39792	36204	
15903	0	33464	34952	39560	35936	
15904	0	33660	34556	39292	35596	
15905	0	34112	34370	38948	35304	
15906	0	34508	34348	38648	35060	
15907	0	34592	34368	38400	34764	
15908	0	34848	34364	38112	34454	
15909	0	35196	34408	37734	34108	
15910	0	35284	34809	37450	33824	
15911	0	35453	34548	37204	33528	
15912	0	35796	34764	36914	33260	
15913	0	35716	34585	36528	33040	
15914	0	35832	34480	36188	32704	
15915	0	36017	34557	35892	32428	
15916	0	36121	34546	35612	32168	
15917	0	35940	34544	35248	31904	
15918	0	46444	39064	34936	31648	
15919	0	56108	37056	34616	31424	
15920	0	27352	40504	34336	31156	
15921	0	23024	34940	34049	30964	
15922	0	23002	41332	33740	30688	
15923	0	31856	39768	33428	30466	
15924	0	41705	40520	33149	30240	
15925	0	36744	38392	32842	30056	
15926	0	38166	36520	32572	29796	
15927	0	35972	34960	32284	29604	
15928	0	31492	35804	32016	29433	
15929	0	34492	34792	31732	29210	
15930	0	37620	34416	31500	29016	
15931	0	37084	36097	31228	28837	
15932	0	35178	36752	30972	28713	
15933	0	34368	37396	30726	28550	
15934	0	35776	37056	30501	28368	
15935	0	36332	36672	30280	28216	
15936	0	35740	36280	30068	28124	
15937	0	35608	36292	29870	27984	
15938	0	35384	36216	29676	27849	
15939	0	35628	36376	29494	27752	
15940	0	35704	36316	29328	27592	
15941	0	35700	36404	29152	27514	
15942	0	35726	36652	28996	27420	
15943	0	35536	36572	28852	27300	
15944	0	35748	36936	28740	27240	
15945	0	35544	36536	28608	27105	
15946	0	35512	36800	28508	27020	
15947	0	35556	36440	28392	26964	
15948	0	35465	36540	28284	26852	
15949	0	35552	36848	28177	26782	
15950	0	35464	36729	28090	26689	
15951	0	35312	36800	27997	26557	
15952	0	35282	36688	27917	26457	
15953	0	35204	36602	27826	26369	
15954	0	35368	36464	27720	26268	
15955	0	35264	36816	27672	26158	
15956	0	35268	36848	27536	26048	
15957	0	35260	36960	27504	25926	
15958	0	35188	36960	27416	25857	
15959	0	35124	36996	27312	25700	
15960	0	34936	36820	27240	25582	
15961	0	35072	36996	27140	25449	
15962	0	34977	36976	27010	25312	
15963	0	35032	37032	26976	25181	
15964	0	35037	36984	26881	25078	
15965	0	34948	37048	26782	24909	
15966	0	34905	37092	26676	24794	
15967	0	34781	37292	26572	24612	
15968	0	35072	37359	26400	24456	
15969	0	35012	37284	26316	24344	
15970	0	34996	37016	26169	24152	
15971	0	34960	36944	26120	24016	
15972	0	35072	36928	25981	23852	
15973	0	34970	36864	25841	23684	
15974	0	35040	36929	25752	23516	
15975	0	35032	37072	25604	23361	
15976	0	34960	37196	25440	23196	
15977	0	34860	37276	25365	23066	
15978	0	34968	37256	25220	22892	
15979	0	34912	37144	25105	22754	
15980	0	34901	37045	24892	22594	
15981	0	35084	37021	24832	22459	
15982	0	35164	36857	24714	22328	
15983	0	35120	36896	24552	22204	
15984	0	34913	37044	24420	22072	
15985	0	34888	37092	24309	21956	
15986	0	35068	37250	24181	21868	
15987	0	34976	37320	24081	21757	
15988	0	35202	37396	23881	21662	
15989	0	35100	37532	23816	21571	
15990	0	35152	37948	23722	21512	
15991	0	35400	37926	23574	21442	
15992	0	34752	38096	23482	21406	
15993	0	34924	38832	23330	21337	
15994	0	35208	39322	23208	21305	
15995	0	35708	39354	23197	21272	
15996	0	35650	39344	23064	21268	
15997	0	35356	39452	22940	21250	
15998	0	34634	39653	22918	21272	
15999	0	34492	40128	22824	21292	
16000	0	34000	39752	22772	21340	
16001	0	33980	39852	22708	21390	
16002	0	34144	40004	22620	21426	
16003	0	34220	39628	22618	21480	
16004	0	34561	39360	22524	21570	
16005	0	34754	39552	22532	21668	
16006	0	35618	38796	22436	21798	
16007	0	36072	38304	22460	21930	
16008	0	36008	38362	22453	22109	
16009	0	35912	37812	22416	22252	
16010	0	36616	37884	22418	22427	
16011	0	36672	38408	22448	22612	
16012	0	38586	35504	22521	22817	
16013	0	39164	36509	22566	23048	
16014	0	37637	39244	22582	23261	
16015	0	37426	39984	22668	23552	
16016	0	36412	39808	22682	23750	
16017	0	36121	38804	22798	24000	
16018	0	36450	38672	22910	24245	
16019	0	36848	37916	23008	24520	
16020	0	37156	37634	23098	24810	
16021	0	36821	37152	23188	25085	
16022	0	36273	36992	23336	25333	
16023	0	35466	36233	23436	25576	
16024	0	34824	36442	23588	25852	
16025	0	34344	36636	23717	26165	
16026	0	33632	36300	23836	26340	
16027	0	33600	36192	23988	26592	
16028	0	32860	35613	24130	26884	
16029	0	32634	35288	24280	27068	
16030	0	32018	34920	24416	27286	
16031	0	31796	34749	24634	27523	
16032	0	31849	34636	24785	27736	
16033	0	31596	34552	24940	27948	
16034	0	31392	34709	25092	28148	
16035	0	31408	34965	25270	28340	
16036	0	31432	34836	25432	28525	
16037	0	31896	34768	25556	28772	
16038	0	31974	34433	25704	28952	
16039	0	32106	34540	25904	29048	
16040	0	32388	34256	26052	29221	
16041	0	32644	34496	26213	29440	
16042	0	33024	34512	26325	29512	
16043	0	33725	34472	26500	29689	
16044	0	34068	34536	26632	29804	
16045	0	34488	34584	26785	29952	
16046	0	34784	34899	26952	30114	
16047	0	35164	35150	27088	30208	
16048	0	35552	34992	27224	30369	
16049	0	35737	34916	27360	30456	
16050	0	36156	34728	27490	30581	
16051	0	36634	34441	27608	30696	
16052	0	36844	34024	27753	30850	
16053	0	37424	33476	27888	30919	
16054	0	37454	33248	28010	31088	
16055	0	37704	32868	28138	31160	
16056	0	37736	32684	28260	31280	
16057	0	37830	32504	28397	31489	
16058	0	49296	33098	28537	31522	
16059	0	56228	40801	28580	31633	
16060	0	53428	45161	28666	31798	
16061	0	21913	33028	28944	31916	
16062	0	19672	35908	29072	32024	
16063	0	34140	42128	29204	32168	
16064	0	36552	38778	29397	32362	
16065	0	38880	36178	29560	32441	
16066	0	32244	34356	29717	32608	
16067	0	38196	35293	29884	32752	
16068	0	33796	35652	30076	32916	
16069	0	35594	36429	30248	33090	
16070	0	35876	37636	30444	33286	
16071	0	34857	37264	30628	33436	
16072	0	34596	36640	30828	33688	
16073	0	35792	36560	31028	33776	
16074	0	35368	36660	31284	33988	
16075	0	35376	37021	31476	34164	
16076	0	35216	37136	31688	34369	
16077	0	35324	36960	31932	34606	
16078	0	35384	36850	32180	34808	
16079	0	35520	36544	32420	34944	
16080	0	35321	36704	32644	35140	
16081	0	35368	36600	32928	35328	
16082	0	35368	36936	33166	35564	
16083	0	35608	37108	33444	35744	
16084	0	35662	36776	33736	35992	
16085	0	35016	36796	34016	36064	
16086	0	35396	36808	34289	36272	
16087	0	35194	36608	34568	36517	
16088	0	35074	36868	34872	36629	
16089	0	34880	36928	35176	36792	
16090	0	35180	36904	35472	36892	
16091	0	35016	37009	35824	37028	
16092	0	35116	36928	36036	37164	
16093	0	34944	36928	36348	37392	
16094	0	34972	36541	36712	37393	
16095	0	34980	36864	36969	37568	
16096	0	35002	36900	37240	37660	
16097	0	34832	36912	37580	37785	
16098	0	34960	37036	37826	37809	
16099	0	34860	36826	38113	37880	
16100	0	35016	37384	38376	37884	
16101	0	34756	37120	38600	37981	
16102	0	34872	37264	38802	38000	
16103	0	34740	37025	39032	37980	
16104	0	34848	37116	39312	37993	
16105	0	34844	37100	39488	37968	
16106	0	34842	37076	39725	38048	
16107	0	34788	37208	39976	37984	
16108	0	34752	37220	40186	38008	
16109	0	34865	37224	40292	37972	
16110	0	34900	37021	40488	37984	
16111	0	34861	37156	40648	37890	
16112	0	35080	37284	40912	37904	
16113	0	34829	37368	41049	37892	
16114	0	34856	37584	41138	37848	
16115	0	34648	37300	41296	37776	
16116	0	34872	37240	41504	37804	
16117	0	34916	37112	41552	37742	
16118	0	34854	37074	41680	37736	
16119	0	34906	37088	41797	37696	
16120	0	34760	37312	41928	37626	
16121	0	34852	37392	42032	37612	
16122	0	34742	37468	42124	37588	
16123	0	34648	37324	42224	37544	
16124	0	34752	37368	42428	37584	
16125	0	34810	37204	42372	37512	
16126	0	34674	37208	42469	37512	
16127	0	34796	37280	42652	37553	
16128	0	34802	37472	42605	37500	
16129	0	34913	37640	42644	37536	
16130	0	34704	37956	42697	37520	
16131	0	34696	37760	42864	37512	
16132	0	34900	37824	42788	37544	
16133	0	34665	37712	42832	37524	
16134	0	34570	37760	42864	37536	
16135	0	34761	37740	42956	37592	
16136	0	34516	38016	42884	37564	
16137	0	35016	38478	42880	37570	
16138	0	34981	38656	42888	37616	
16139	0	35372	38764	42880	37592	
16140	0	34921	39500	42944	37589	
16141	0	35272	39588	42836	37604	
16142	0	35440	41032	42794	37600	
16143	0	35782	41145	42852	37648	
16144	0	35172	41732	42704	37641	
16145	0	34232	41877	42740	37596	
16146	0	33956	42160	42593	37632	
16147	0	33820	42284	42514	37577	
16148	0	32765	41445	42440	37562	
16149	0	33301	41416	42353	37564	
16150	0	34270	40700	42308	37524	
16151	0	34908	40813	42168	37532	
16152	0	35781	39408	42112	37468	
16153	0	36528	38881	41976	37468	
16154	0	36298	37584	41904	37356	
16155	0	34099	36456	41757	37362	
16156	0	32588	35504	41752	37272	
16157	0	32084	35025	41508	37212	
16158	0	32788	35788	41376	37214	
16159	0	35194	35834	41248	37076	
16160	0	33800	35396	41100	37072	
16161	0	37120	31738	40940	36952	
16162	0	35204	34116	40820	36897	
16163	0	34116	35533	40640	36740	
16164	0	33588	35984	40544	36620	
16165	0	34256	35620	40268	36532	
16166	0	33440	35312	40156	36444	
16167	0	33778	35584	39884	36313	
16168	0	34432	35288	39672	36176	
16169	0	35042	34824	39588	35977	
16170	0	35541	34662	39232	35837	
16171	0	36100	34675	39176	35666	
16172	0	36320	34800	38836	35505	
16173	0	36530	34992	38536	35328	
16174	0	36516	35468	38360	35204	
16175	0	36658	35524	38040	34993	
16176	0	36668	35736	37892	34872	
16177	0	36600	36138	37600	34700	
16178	0	36628	36388	37268	34448	
16179	0	36618	36888	37008	34321	
16180	0	36672	36920	36744	34104	
16181	0	37200	37088	36482	33945	
16182	0	37505	37364	36218	33788	
16183	0	37684	37672	36036	33616	
16184	0	37988	38092	35708	33454	
16185	0	38192	38460	35468	33304	
16186	0	38448	38713	35168	33116	
16187	0	38860	39036	34904	32981	
16188	0	39112	39306	34649	32816	
16189	0	39588	39664	34401	32705	
16190	0	40068	39990	34153	32608	
16191	0	40848	40152	33888	32485	
16192	0	41253	40444	33628	32266	
16193	0	41824	40108	33368	32152	
16194	0	41272	39904	33104	32044	
16195	0	41308	39928	32850	31924	
16196	0	41400	39072	32578	31778	
16197	0	41256	38376	32308	31720	
16198	0	41538	38177	32054	31568	
16199	0	41284	37392	31777	31469	
16200	0	40892	37064	31516	31370	
16201	0	39640	36865	31260	31289	
16202	0	39076	41124	30946	31193	
16203	0	38480	36576	30720	31104	
16204	0	38192	37405	30464	31032	
16205	0	34756	41532	30182	30968	
16206	0	31928	40884	29904	30873	
16207	0	29089	39432	29619	30852	
16208	0	37092	24048	29438	30736	
16209	0	42708	37320	29160	30674	
16210	0	33705	41938	28859	30668	
16211	0	28514	42984	28632	30580	
16212	0	37228	38009	28344	30496	
16213	0	31720	37272	28126	30462	
16214	0	32660	40956	27837	30486	
16215	0	33072	36788	27700	30368	
16216	0	34372	37296	27448	30328	
16217	0	34172	37042	27216	30293	
16218	0	33532	36840	26977	30324	
16219	0	32772	37689	26768	30233	
16220	0	33082	37458	26604	30210	
16221	0	34032	37652	26441	30192	
16222	0	34112	37304	26269	30180	
16223	0	34400	37186	26092	30168	
16224	0	34312	37562	25949	30176	
16225	0	33924	37525	25780	30228	
16226	0	33968	37480	25661	30152	
16227	0	34032	37568	25464	30210	
16228	0	34130	37628	25432	30157	
16229	0	34200	37628	25305	30148	
16230	0	34132	37904	25201	30141	
16231	0	34260	37736	25076	30124	
16232	0	34464	37653	25053	30066	
16233	0	34160	37789	24930	30049	
16234	0	34540	37340	24900	30016	
16235	0	34368	36952	24861	30001	
16236	0	34884	36720	24784	29908	
16237	0	35356	36410	24717	29856	
16238	0	34760	36940	24716	29796	
16239	0	34268	37356	24618	29748	
16240	0	34426	37380	24656	29725	
16241	0	34640	37248	24625	29600	
16242	0	34692	37089	24582	29520	
16243	0	34592	36860	24570	29432	
16244	0	34980	36840	24568	29324	
16245	0	34838	36770	24524	29272	
16246	0	34768	36964	24532	29152	
16247	0	34744	37354	24496	29096	
16248	0	34757	37698	24493	28980	
16249	0	34672	37612	24469	28889	
16250	0	34605	37488	24489	28834	
16251	0	34861	37174	24412	28708	
16252	0	34792	36960	24422	28600	
16253	0	34779	36948	24394	28502	
16254	0	34853	36928	24456	28432	
16255	0	34860	37460	24396	28356	
16256	0	34585	37232	24448	28256	
16257	0	34808	37328	24444	28162	
16258	0	34636	37105	24414	28088	
16259	0	34844	37268	24468	28091	
16260	0	34880	37272	24476	27996	
16261	0	34516	37112	24405	27856	
16262	0	34956	37344	24484	27813	
16263	0	34776	37361	24464	27756	
16264	0	34829	37404	24445	27676	
16265	0	34701	37414	24418	27677	
16266	0	34812	37560	24420	27645	
16267	0	34396	36572	24482	27592	
16268	0	34960	36516	24476	27520	
16269	0	34560	36456	24342	27493	
16270	0	34912	36512	24525	27410	
16271	0	35060	36528	24532	27405	
16272	0	35033	36676	24532	27372	
16273	0	34824	36428	24564	27361	
16274	0	35068	35920	24588	27350	
16275	0	35212	36754	24592	27384	
16276	0	34877	37152	24548	27328	
16277	0	34900	37420	24574	27353	
16278	0	34888	37472	24636	27340	
16279	0	35136	37160	24724	27360	
16280	0	35404	36844	24706	27440	
16281	0	35249	36344	24736	27400	
16282	0	35405	36876	24792	27424	
16283	0	35364	36700	24898	27468	
16284	0	35040	37772	24976	27528	
16285	0	35300	37936	25006	27541	
16286	0	35464	38688	25114	27638	
16287	0	35224	39310	25153	27633	
16288	0	35000	39656	25214	27696	
16289	0	34960	40016	25361	27770	
16290	0	35036	40068	25452	27840	
16291	0	35380	40392	25568	27890	
16292	0	35617	40520	25734	27986	
16293	0	35420	41248	25836	28130	
16294	0	35352	41160	26068	28141	
16295	0	35044	41240	26209	28280	
16296	0	34752	41461	26369	28416	
16297	0	34137	41088	26596	28480	
16298	0	33766	40365	26736	28612	
16299	0	33656	39553	26965	28738	
16300	0	34284	39205	27224	28958	
16301	0	34724	39440	27436	29080	
16302	0	35124	39804	27700	29228	
16303	0	36432	39308	27962	29425	
16304	0	35644	40113	28182	29640	
16305	0	36569	39608	28440	29792	
16306	0	33976	39472	28786	29998	
16307	0	33004	39988	29042	30216	
16308	0	39656	35360	29376	30524	
16309	0	39120	35052	29664	30690	
16310	0	39574	38580	29972	30916	
16311	0	38660	38800	30248	31204	
16312	0	37288	39496	30572	31397	
16313	0	37162	38216	30888	31700	
16314	0	37153	37972	31197	31880	
16315	0	37068	36704	31524	32210	
16316	0	37429	36116	31834	32456	
16317	0	37930	36080	32124	32612	
16318	0	37824	35477	32416	32856	
16319	0	37353	34932	32688	33096	
16320	0	36768	34332	33020	33338	
16321	0	36232	33900	33336	33596	
16322	0	35884	33952	33552	33789	
16323	0	35452	33704	33812	33989	
16324	0	35081	33568	34104	34113	
16325	0	34917	33452	34316	34308	
16326	0	34698	33504	34618	34593	
16327	0	34772	33480	34784	34674	
16328	0	34882	33680	35064	34956	
16329	0	34784	33424	35194	35044	
16330	0	34762	33488	35460	35200	
16331	0	34736	33505	35580	35304	
16332	0	34896	33728	35730	35484	
16333	0	35216	33588	35888	35576	
16334	0	35424	33496	36068	35780	
16335	0	35600	33176	36148	35792	
16336	0	35754	32953	36296	35940	
16337	0	35968	33004	36404	36100	
16338	0	35952	33220	36428	36127	
16339	0	35928	33224	36497	36216	
16340	0	35872	33108	36561	36264	
16341	0	35772	32928	36596	36396	
16342	0	35932	32640	36640	36426	
16343	0	36016	32448	36658	36434	
16344	0	36172	32484	36728	36386	
16345	0	36416	32946	36688	36444	
16346	0	36496	33000	36700	36408	
16347	0	36644	33112	36689	36548	
16348	0	36636	33105	36676	36552	
16349	0	36824	33168	36644	36428	
16350	0	36457	33644	36728	36464	
16351	0	36584	33116	36628	36424	
16352	0	40033	35870	36554	36412	
16353	0	55768	33176	36644	36432	
16354	0	34448	47388	36552	36400	
16355	0	23150	37756	36500	36388	
16356	0	15408	38160	36436	36420	
16357	0	34224	42248	36424	36484	
16358	0	43601	41800	36368	36440	
16359	0	38824	37572	36349	36377	
16360	0	37234	37184	36401	36460	
16361	0	34004	37978	36376	36409	
16362	0	32708	36424	36332	36484	
16363	0	34836	34736	36432	36553	
16364	0	38216	33604	36360	36480	
16365	0	36912	34865	36492	36620	
16366	0	35218	36016	36521	36650	
16367	0	34848	36404	36544	36762	
16368	0	34944	36768	36552	36704	
16369	0	35980	36398	36652	36800	
16370	0	36160	36536	36684	36960	
16371	0	35860	36704	36797	36952	
16372	0	35692	36530	36900	37036	
16373	0	35744	36108	37065	37184	
16374	0	35504	36112	37120	37250	
16375	0	35508	36276	37256	37280	
16376	0	35512	36868	37396	37440	
16377	0	35536	36948	37560	37464	
16378	0	35688	36836	37736	37652	
16379	0	35572	36832	37921	37746	
16380	0	35512	36744	38147	37880	
16381	0	35520	36708	38202	37936	
16382	0	35437	36796	38396	37964	
16383	0	35528	36673	38584	38136	
16384	0	35345	36460	38852	38098	
16385	0	35544	36858	38960	38292	
16386	0	35188	36988	39272	38256	
16387	0	35168	36824	39456	38368	
16388	0	35352	36960	39636	38457	
16389	0	35178	36928	39768	38520	
16390	0	35085	36968	40000	38556	
16391	0	34937	37202	40172	38708	
16392	0	34884	37124	40392	38708	
16393	0	34944	37280	40609	38828	
16394	0	34984	37184	40796	38848	
16395	0	34972	37276	41004	38844	
16396	0	34948	37016	41204	38932	
16397	0	34892	37242	41408	38928	
16398	0	34836	37000	41612	39000	
16399	0	34976	37280	41928	39008	
16400	0	34685	37156	42004	39064	
16401	0	34720	37680	42201	39076	
16402	0	34286	37901	42384	39188	
16403	0	34365	37320	42688	39180	
16404	0	34761	37124	42860	39232	
16405	0	35156	37061	42936	39204	
16406	0	34880	37450	43152	39298	
16407	0	34836	37393	43236	39304	
16408	0	34696	37452	43428	39346	
16409	0	34457	37644	43537	39312	
16410	0	34992	37724	43756	39336	
16411	0	34706	37662	43873	39408	
16412	0	34968	37752	43956	39420	
16413	0	34784	37954	44089	39448	
16414	0	34880	37800	44224	39484	
16415	0	34688	37665	44336	39512	
16416	0	34800	37941	44432	39576	
16417	0	35072	37856	44605	39664	
16418	0	34993	37916	44656	39698	
16419	0	35306	38074	44820	39753	
16420	0	34937	38400	44916	39844	
16421	0	34984	38384	44980	39920	
16422	0	34752	38056	45080	40000	
16423	0	34836	38733	45236	40092	
16424	0	35452	39320	45320	40160	
16425	0	35680	39781	45416	40252	
16426	0	35464	39931	45512	40404	
16427	0	35464	40392	45624	40496	
16428	0	34267	40750	45793	40632	
16429	0	33900	41040	45840	40704	
16430	0	33404	41836	45946	40864	
16431	0	33104	41369	46100	40996	
16432	0	33909	40726	46240	41100	
16433	0	34698	40336	46368	41272	
16434	0	35202	40164	46496	41416	
16435	0	36828	39461	46612	41568	
16436	0	38904	39340	46810	41728	
16437	0	40300	39484	46952	41864	
16438	0	38400	38584	47096	42048	
16439	0	39648	41876	47189	42257	
16440	0	43348	35645	47360	42432	
16441	0	40736	36402	47568	42584	
16442	0	38712	39852	47700	42744	
16443	0	38444	38958	47864	42952	
16444	0	36140	39044	48092	43165	
16445	0	35272	39032	48204	43280	
16446	0	34398	37992	48360	43500	
16447	0	34017	37440	48569	43618	
16448	0	34186	37496	48778	43828	
16449	0	33280	36316	48889	43968	
16450	0	33400	36140	49104	44089	
16451	0	32824	35256	49280	44260	
16452	0	32800	35404	49440	44348	
16453	0	32272	35336	49620	44496	
16454	0	32256	34604	49824	44601	
16455	0	32173	34688	49936	44632	
16456	0	32168	34008	50064	44712	
16457	0	32145	33788	50268	44800	
16458	0	32162	34180	50424	44820	
16459	0	31773	34349	50548	44876	
16460	0	31632	33603	50592	44856	
16461	0	31940	33448	50680	44832	
16462	0	32313	33336	50800	44824	
16463	0	32429	33252	50904	44768	
16464	0	32425	32864	50988	44732	
16465	0	32677	33566	51016	44646	
16466	0	32450	33528	51120	44553	
16467	0	32608	33644	51160	44428	
16468	0	32788	33864	51108	44280	
16469	0	33124	33697	51096	44144	
16470	0	33372	34012	51140	43961	
16471	0	33960	33650	51092	43800	
16472	0	34416	33874	51036	43578	
16473	0	34768	33916	51004	43392	
16474	0	34762	34489	50992	43144	
16475	0	35224	33969	50924	42917	
16476	0	35488	34540	50744	42664	
16477	0	35768	33744	50684	42418	
16478	0	36244	33608	50524	42168	
16479	0	36880	33652	50436	41900	
16480	0	36309	33504	50265	41658	
16481	0	35626	33211	50124	41354	
16482	0	34448	32441	50010	41124	
16483	0	49688	32948	49792	40840	
16484	0	56188	34962	49649	40540	
16485	0	23068	44029	49412	40269	
16486	0	10239	44200	49256	40080	
16487	0	29408	43640	49120	39762	
16488	0	39096	45588	48848	39517	
16489	0	42108	36708	48692	39320	
16490	0	40032	34696	48536	39040	
16491	0	32372	35010	48332	38844	
16492	0	30820	32750	48060	38564	
16493	0	37298	34564	47864	38364	
16494	0	37980	37192	47676	38208	
16495	0	36004	38208	47512	38008	
16496	0	34136	37004	47268	37778	
16497	0	35760	36048	47088	37536	
16498	0	36220	36689	46928	37337	
16499	0	35588	36608	46720	37152	
16500	0	35504	36872	46445	36992	
16501	0	35676	36444	46252	36840	
16502	0	35921	36513	46092	36673	
16503	0	35704	36308	45828	36532	
16504	0	35616	36400	45636	36288	
16505	0	35676	36724	45408	36148	
16506	0	35732	36736	45248	36008	
16507	0	35740	36732	44992	35848	
16508	0	35533	36488	44784	35600	
16509	0	35504	36852	44544	35440	
16510	0	35422	36956	44317	35272	
16511	0	35472	37044	44106	35064	
16512	0	35594	37024	43876	34893	
16513	0	35240	36910	43628	34680	
16514	0	35160	36888	43400	34440	
16515	0	35284	36672	43150	34296	
16516	0	35216	36712	42898	34044	
16517	0	35218	36656	42756	33821	
16518	0	35208	36600	42372	33548	
16519	0	35268	36792	42092	33352	
16520	0	35140	36997	41810	33132	
16521	0	35128	37192	41548	32824	
16522	0	35032	37116	41369	32608	
16523	0	35010	37012	41056	32344	
16524	0	35044	36896	40680	32077	
16525	0	35056	36972	40456	31804	
16526	0	35160	37068	40017	31546	
16527	0	35220	37028	39700	31312	
16528	0	35184	37188	39453	31012	
16529	0	35008	37306	39056	30693	
16530	0	34896	37332	38664	30448	
16531	0	35016	37288	38288	30144	
16532	0	34916	37288	37928	29888	
16533	0	34976	37417	37604	29580	
16534	0	35161	36949	37240	29290	
16535	0	35281	36972	36825	28985	
16536	0	35153	36892	36384	28694	
16537	0	35128	37050	35992	28408	
16538	0	35104	37253	35601	28117	
16539	0	35028	37216	35192	27804	
16540	0	34940	37372	34796	27532	
16541	0	35213	37184	34368	27266	
16542	0	35600	36980	33948	26992	
16543	0	35316	37116	33524	26724	
16544	0	35313	37316	33112	26464	
16545	0	35228	37448	32729	26200	
16546	0	35156	37497	32298	25968	
16547	0	35432	37738	31876	25714	
16548	0	34824	38360	31464	25520	
16549	0	35228	39152	31066	25294	
16550	0	35912	39877	30662	25080	
16551	0	36069	39696	30202	24898	
16552	0	35664	39888	29840	24729	
16553	0	34784	40400	29462	24565	
16554	0	34296	41432	29056	24413	
16555	0	34034	41244	28632	24272	
16556	0	34332	40696	28305	24146	
16557	0	34428	40352	27888	24028	
16558	0	34792	39949	27544	23936	
16559	0	35248	39498	27236	23845	
16560	0	35742	39568	26916	23772	
16561	0	36426	39009	26633	23724	
16562	0	37864	38464	26248	23688	
16563	0	37276	39125	26012	23652	
16564	0	38701	39820	25704	23648	
16565	0	37248	40368	25397	23656	
16566	0	38880	35152	25176	23652	
16567	0	38544	35556	24958	23692	
16568	0	37532	37973	24722	23737	
16569	0	36712	39304	24497	23844	
16570	0	36388	39820	24289	23874	
16571	0	35824	38266	24064	23936	
16572	0	35672	38561	23852	24033	
16573	0	35728	37968	23733	24114	
16574	0	35328	37208	23547	24205	
16575	0	35453	36564	23397	24306	
16576	0	35200	36348	23258	24368	
16577	0	34601	36080	23128	24481	
16578	0	33874	35596	22994	24568	
16579	0	33296	35965	22868	24677	
16580	0	32724	36048	22747	24712	
16581	0	32572	35476	22658	24792	
16582	0	32594	35237	22526	24856	
16583	0	32436	35032	22424	24904	
16584	0	32401	35134	22282	24974	
16585	0	32196	35036	22189	24980	
16586	0	31732	34916	22048	24956	
16587	0	32068	34564	21912	24993	
16588	0	32176	33892	21816	24960	
16589	0	32425	33988	21666	24912	
16590	0	32386	34072	21546	24883	
16591	0	32652	33544	21380	24802	
16592	0	32856	34112	21249	24752	
16593	0	32888	33864	21068	24652	
16594	0	33041	33544	20838	24572	
16595	0	33313	33704	20757	24484	
16596	0	33412	33476	20552	24402	
16597	0	33464	33384	20325	24212	
16598	0	33568	33744	20196	24139	
16599	0	33452	33808	20018	23988	
16600	0	33760	34269	19801	23840	
16601	0	33960	34188	19587	23718	
16602	0	34464	34496	19382	23540	
16603	0	34908	34404	19200	23416	
16604	0	35116	34512	18958	23228	
16605	0	35680	34365	18750	23132	
16606	0	35872	34628	18533	22900	
16607	0	36600	34016	18340	22770	
16608	0	37113	34068	18083	22572	
16609	0	37508	33728	17872	22430	
16610	0	37700	33316	17741	22234	
16611	0	41500	34160	17516	22072	
16612	0	55656	31009	17252	21928	
16613	0	54632	47752	17088	21770	
16614	0	25216	34172	16906	21674	
16615	0	20324	38572	16740	21536	
16616	0	25176	42760	16563	21360	
16617	0	41152	42152	16354	21269	
16618	0	40492	38932	16216	21152	
16619	0	38956	34153	16052	21028	
16620	0	31888	33495	15965	20940	
16621	0	32406	34212	15782	20816	
16622	0	36108	34729	15672	20770	
16623	0	38004	36508	15565	20748	
16624	0	35865	37594	15475	20630	
16625	0	34200	37132	15335	20590	
16626	0	35260	36288	15278	20562	
16627	0	36153	36320	15186	20524	
16628	0	35825	36800	15160	20508	
16629	0	35236	36580	15109	20512	
16630	0	35604	36448	15072	20560	
16631	0	35621	36412	15045	20576	
16632	0	35756	36384	15048	20534	
16633	0	35660	36364	15025	20556	
16634	0	35716	36512	15072	20674	
16635	0	35712	36704	15106	20778	
16636	0	35784	36572	15131	20850	
16637	0	35384	36364	15163	20948	
16638	0	35584	36960	15268	21090	
16639	0	35352	36560	15364	21181	
16640	0	35388	36758	15417	21333	
16641	0	35316	36792	15563	21533	
16642	0	35384	37064	15635	21605	
16643	0	35308	37038	15730	21862	
16644	0	35308	37000	15891	22005	
16645	0	35176	37052	16034	22173	
16646	0	35224	37056	16208	22397	
16647	0	35138	36736	16356	22682	
16648	0	35092	36865	16492	22864	
16649	0	34856	36944	16642	23093	
16650	0	35056	36912	16810	23362	
16651	0	35120	37400	17022	23530	
16652	0	34876	37354	17228	23768	
16653	0	34985	37012	17421	24036	
16654	0	34848	37212	17548	24249	
16655	0	34664	37092	17793	24504	
16656	0	34793	37032	17960	24768	
16657	0	34892	37424	18152	24972	
16658	0	34732	37426	18329	25172	
16659	0	34864	37472	18532	25453	
16660	0	34712	37416	18672	25681	
16661	0	34504	37476	18875	25974	
16662	0	34696	37376	18993	26160	
16663	0	34772	37348	19216	26357	
16664	0	34716	37268	19436	26608	
16665	0	34717	37140	19603	26748	
16666	0	34692	37024	19756	26976	
16667	0	34817	37072	19939	27264	
16668	0	34872	37416	20101	27462	
16669	0	34698	37600	20214	27661	
16670	0	34757	37654	20424	27872	
16671	0	34824	37264	20501	28084	
16672	0	34804	37196	20708	28344	
16673	0	35020	37006	20886	28508	
16674	0	34660	37256	21077	28738	
16675	0	34856	37160	21168	28920	
16676	0	35044	37112	21400	29144	
16677	0	34961	37194	21506	29360	
16678	0	34973	37464	21740	29592	
16679	0	35204	37451	21857	29800	
16680	0	34836	37872	22061	30065	
16681	0	35256	38304	22180	30297	
16682	0	35257	38700	22411	30560	
16683	0	34984	38584	22625	30784	
16684	0	34472	38564	22830	31076	
16685	0	35147	39856	23012	31316	
16686	0	35392	40416	23208	31614	
16687	0	35312	40388	23362	31901	
16688	0	34522	40568	23637	32157	
16689	0	33918	40740	23836	32456	
16690	0	33780	41056	24008	32777	
16691	0	33001	41138	24272	33094	
16692	0	33244	41080	24496	33378	
16693	0	33709	39800	24738	33736	
16694	0	35404	39924	24968	34101	
16695	0	36456	39812	25234	34454	
16696	0	36653	38700	25490	34788	
16697	0	38084	38368	25772	35205	
16698	0	38708	38330	26009	35528	
16699	0	37464	38261	26234	35944	
16700	0	36792	40444	26568	36344	
16701	0	40696	36121	26821	36786	
16702	0	39940	34512	27128	37192	
16703	0	38044	38240	27378	37564	
16704	0	37452	39228	27616	37904	
16705	0	36460	37953	27925	38308	
16706	0	35445	38988	28248	38700	
16707	0	34788	38789	28538	39168	
16708	0	34888	38224	28852	39536	
16709	0	34882	37728	29144	39835	
16710	0	35088	37212	29434	40172	
16711	0	35168	36536	29728	40604	
16712	0	35032	36332	30024	40948	
16713	0	34812	35748	30304	41268	
16714	0	34680	35844	30596	41649	
16715	0	34268	35761	30874	41928	
16716	0	33680	35332	31140	42213	
16717	0	33952	35436	31464	42424	
16718	0	33396	35508	31720	42732	
16719	0	33556	34669	32036	42952	
16720	0	33624	34536	32246	43118	
16721	0	33473	34335	32536	43252	
16722	0	33696	34096	32816	43464	
16723	0	33568	34228	33048	43585	
16724	0	33360	34208	33296	43732	
16725	0	33169	33613	33640	43848	
16726	0	33416	33519	33874	43938	
16727	0	33134	33541	34092	43968	
16728	0	33146	33394	34364	44040	
16729	0	33346	33244	34516	44025	
16730	0	33573	33348	34748	44056	
16731	0	33646	33224	34976	44073	
16732	0	33788	33440	35288	44032	
16733	0	33872	33632	35398	43965	
16734	0	33924	33608	35653	43920	
16735	0	33881	33848	35876	43908	
16736	0	34004	34093	36024	43848	
16737	0	34088	34536	36288	43732	
16738	0	34237	35156	36480	43616	
16739	0	34536	34780	36688	43514	
16740	0	35010	34860	36809	43488	
16741	0	35044	34628	37106	43300	
16742	0	35292	34826	37180	43248	
16743	0	35576	34676	37364	43192	
16744	0	35905	34968	37620	42988	
16745	0	36024	34552	37744	42890	
16746	0	36276	34352	38026	42880	
16747	0	36290	34216	38240	42708	
16748	0	36128	34220	38304	42660	
16749	0	35996	34056	38492	42484	
16750	0	35500	33856	38664	42412	
16751	0	48304	39584	38832	42268	
16752	0	56164	36612	39026	42282	
16753	0	32965	41948	39200	42256	
16754	0	22552	37652	39445	42069	
16755	0	23056	42316	39513	42000	
16756	0	28845	41756	39692	42068	
16757	0	41572	39880	39852	41912	
16758	0	35968	36024	40096	41964	
16759	0	38137	33460	40204	41828	
16760	0	33176	33552	40396	41792	
16761	0	33730	33848	40496	41696	
16762	0	36844	35560	40588	41724	
16763	0	36204	37744	40709	41804	
16764	0	35433	37569	40832	41632	
16765	0	34304	36936	41049	41600	
16766	0	35508	36512	41048	41580	
16767	0	36544	36710	41152	41648	
16768	0	35817	36828	41236	41548	
16769	0	35449	36965	41324	41597	
16770	0	35428	36829	41504	41596	
16771	0	35640	36360	41584	41584	
16772	0	35504	36544	41538	41444	
16773	0	35276	36652	41724	41497	
16774	0	35460	37156	41692	41362	
16775	0	35392	36737	41668	41370	
16776	0	35517	36660	41760	41156	
16777	0	35364	36668	41836	41088	
16778	0	35445	36896	41776	41024	
16779	0	35296	36720	41692	40932	
16780	0	35392	36820	41660	40771	
16781	0	35212	36824	41641	40708	
16782	0	35152	36896	41656	40472	
16783	0	35176	36732	41520	40324	
16784	0	35004	36848	41444	40152	
16785	0	35092	36560	41356	39848	
16786	0	35038	36520	41348	39620	
16787	0	35016	36852	41216	39456	
16788	0	34868	37020	40984	39228	
16789	0	34888	37088	40928	38864	
16790	0	34872	37040	40802	38688	
16791	0	34624	37128	40480	38324	
16792	0	34824	37353	40292	38036	
16793	0	34768	37062	40088	37710	
16794	0	34846	37450	39992	37348	
16795	0	34717	37336	39626	37038	
16796	0	34753	37201	39388	36636	
16797	0	34612	37008	39116	36276	
16798	0	34592	37021	38936	35941	
16799	0	34989	37160	38600	35608	
16800	0	34080	37608	38344	35148	
16801	0	34484	38144	37981	34795	
16802	0	34120	38304	37660	34360	
16803	0	34624	38096	37320	33962	
16804	0	34529	37780	37012	33596	
16805	0	34681	37832	36749	33156	
16806	0	34585	37596	36386	32724	
16807	0	34880	37348	35996	32316	
16808	0	34636	37560	35636	31945	
16809	0	34640	37945	35284	31501	
16810	0	34576	37914	34928	31096	
16811	0	34444	37820	34589	30728	
16812	0	34832	37736	34241	30328	
16813	0	34776	37560	33878	29920	
16814	0	34893	37688	33528	29558	
16815	0	34736	37992	33146	29178	
16816	0	34832	38061	32848	28816	
16817	0	34432	38316	32472	28496	
16818	0	35040	38508	32148	28152	
16819	0	34832	39124	31816	27852	
16820	0	34948	38828	31492	27552	
16821	0	33988	39022	31184	27246	
16822	0	34104	39812	30874	26984	
16823	0	34936	40681	30536	26738	
16824	0	34730	40588	30288	26494	
16825	0	34150	40416	30028	26274	
16826	0	33524	40828	29788	26079	
16827	0	33166	40792	29537	25883	
16828	0	33316	41452	29270	25705	
16829	0	33976	40168	29080	25560	
16830	0	33937	39900	28850	25426	
16831	0	34716	40130	28642	25300	
16832	0	35282	39656	28420	25188	
16833	0	36872	40044	28274	25100	
16834	0	37244	39696	28132	25029	
16835	0	36092	38897	28004	24989	
16836	0	36380	39417	27866	24960	
16837	0	39012	38829	27714	24940	
16838	0	42120	32980	27680	24946	
16839	0	40416	37824	27545	24996	
16840	0	38084	39457	27506	25029	
16841	0	37508	40544	27437	25042	
16842	0	36705	38600	27340	25108	
16843	0	35712	38464	27348	25168	
16844	0	35240	38152	27320	25248	
16845	0	35104	38360	27268	25324	
16846	0	35361	38284	27257	25424	
16847	0	35308	37632	27250	25504	
16848	0	34688	36856	27213	25610	
16849	0	34426	36664	27240	25720	
16850	0	34113	36408	27248	25752	
16851	0	33558	36048	27236	25824	
16852	0	32584	35980	27220	25880	
16853	0	31942	35513	27205	25964	
16854	0	31921	35658	27229	25969	
16855	0	31625	34888	27210	25992	
16856	0	32128	35656	27194	25993	
16857	0	31868	34522	27156	25992	
16858	0	32152	33664	27145	25964	
16859	0	32328	33732	27104	25920	
16860	0	32208	33664	27049	25876	
16861	0	32072	34016	26994	25792	
16862	0	32100	33681	26925	25688	
16863	0	32416	34180	26833	25629	
16864	0	32524	33848	26745	25513	
16865	0	32876	33836	26628	25346	
16866	0	33001	33704	26536	25200	
16867	0	33424	33808	26380	25056	
16868	0	33472	33745	26256	24910	
16869	0	33612	34628	26132	24756	
16870	0	33908	34520	25974	24596	
16871	0	34269	35040	25808	24438	
16872	0	34688	35322	25585	24210	
16873	0	35060	35500	25460	24044	
16874	0	35413	35669	25265	23874	
16875	0	35848	35785	25098	23665	
16876	0	36004	35668	24894	23489	
16877	0	36264	35378	24680	23313	
16878	0	36680	35036	24514	23168	
16879	0	37104	34764	24290	23002	
16880	0	37564	34552	24066	22809	
16881	0	37780	34373	23913	22644	
16882	0	38092	34262	23709	22544	
16883	0	37680	33936	23486	22368	
16884	0	38266	33685	23370	22232	
16885	0	38132	33272	23128	22112	
16886	0	37328	32708	22993	22029	
16887	0	33534	34116	22828	21889	
16888	0	54812	41592	22608	21792	
16889	0	56336	49252	22380	21702	
16890	0	19080	43050	22266	21661	
16891	0	11185	32961	22213	21556	
16892	0	34668	38864	22045	21508	
16893	0	42524	28680	21980	21473	
16894	0	35392	36369	21769	21420	
16895	0	34784	36633	21678	21400	
16896	0	34736	37080	21568	21386	
16897	0	35832	36768	21541	21412	
16898	0	36184	37584	21498	21394	
16899	0	34677	36905	21453	21416	
16900	0	35776	36588	21420	21449	
16901	0	35420	36653	21404	21488	
16902	0	34938	36888	21340	21540	
16903	0	35536	36560	21392	21612	
16904	0	35437	36530	21412	21680	
16905	0	35458	36780	21416	21740	
16906	0	35394	36861	21503	21874	
16907	0	35400	36834	21616	22008	
16908	0	35444	36658	21749	22082	
16909	0	35161	36402	21789	22224	
16910	0	35212	36642	21994	22368	
16911	0	35381	36720	22100	22512	
16912	0	35260	36769	22348	22654	
16913	0	35284	36964	22485	22816	
16914	0	35230	36861	22760	23040	
16915	0	35176	36837	22954	23228	
16916	0	35192	36772	23192	23340	
16917	0	34984	36868	23460	23528	
16918	0	35198	36761	23714	23740	
16919	0	35192	36905	23944	23936	
16920	0	35040	36944	24180	24125	
16921	0	35076	37024	24472	24301	
16922	0	34980	36944	24781	24552	
16923	0	34928	36994	24990	24696	
16924	0	34848	36960	25326	24896	
16925	0	34888	37008	25600	25133	
16926	0	34985	36888	25820	25285	
16927	0	34948	37220	26125	25483	
16928	0	34872	37276	26404	25664	
16929	0	34948	37432	26652	25850	
16930	0	34836	37050	26936	26048	
16931	0	34844	37196	27149	26228	
16932	0	34920	37349	27401	26432	
16933	0	34788	37244	27660	26624	
16934	0	34816	37316	27896	26780	
16935	0	34924	37240	28117	26952	
16936	0	34804	37252	28312	27125	
16937	0	34836	37145	28541	27304	
16938	0	34936	37186	28748	27469	
16939	0	34920	37160	28924	27640	
16940	0	34938	37200	29132	27812	
16941	0	34944	37292	29332	27961	
16942	0	34926	37252	29520	28121	
16943	0	34917	37216	29688	28328	
16944	0	34984	37253	29865	28444	
16945	0	35032	37232	30044	28604	
16946	0	34900	37186	30214	28760	
16947	0	34909	37160	30393	28972	
16948	0	34776	37000	30548	29084	
16949	0	34917	37249	30717	29240	
16950	0	35025	37836	30881	29408	
16951	0	35060	37648	31058	29634	
16952	0	34826	37324	31236	29744	
16953	0	34689	37160	31404	29924	
16954	0	34770	37184	31576	30112	
16955	0	34854	37236	31752	30272	
16956	0	34932	37408	31925	30505	
16957	0	35016	37316	32108	30657	
16958	0	34952	37418	32292	30848	
16959	0	34924	37612	32472	31048	
16960	0	34930	37696	32680	31248	
16961	0	35205	37696	32865	31468	
16962	0	35360	37996	33032	31672	
16963	0	35436	38600	33241	31876	
16964	0	35040	39048	33416	32116	
16965	0	35188	39589	33612	32406	
16966	0	35260	39468	33804	32624	
16967	0	34980	39680	33992	32776	
16968	0	34852	39868	34189	33024	
16969	0	35488	40280	34374	33336	
16970	0	35512	40406	34566	33528	
16971	0	35757	40489	34768	33742	
16972	0	35280	40840	34940	33952	
16973	0	34378	40761	35160	34177	
16974	0	33992	40540	35309	34468	
16975	0	35072	40468	35529	34668	
16976	0	35144	40244	35708	35012	
16977	0	35168	39448	35884	35220	
16978	0	36176	39198	36110	35516	
16979	0	36250	38445	36312	35788	
16980	0	36276	38834	36452	35933	
16981	0	35026	38056	36680	36308	
16982	0	33884	37333	36912	36504	
16983	0	33160	35336	37192	36820	
16984	0	33800	35644	37328	37100	
16985	0	33892	35916	37492	37328	
16986	0	34408	36140	37733	37586	
16987	0	33236	34484	38004	37872	
16988	0	35660	33384	38132	38096	
16989	0	33932	35040	38397	38356	
16990	0	33094	36669	38568	38488	
16991	0	32936	36274	38780	38809	
16992	0	33010	35776	38980	38962	
16993	0	33192	35436	39188	39120	
16994	0	33396	35104	39476	39388	
16995	0	33896	34836	39648	39496	
16996	0	34194	34601	39820	39657	
16997	0	34416	34572	40012	39880	
16998	0	34864	34694	40176	40004	
16999	0	35448	34896	40504	40212	
17000	0	35732	34977	40604	40292	
17001	0	36114	35192	40794	40452	
17002	0	36324	35592	40980	40562	
17003	0	36340	35848	41264	40580	
17004	0	36608	36097	41366	40668	
17005	0	36970	36304	41528	40833	
17006	0	37242	36836	41732	40932	
17007	0	37369	37352	41952	41048	
17008	0	37752	37700	42152	41129	
17009	0	38283	37616	42240	41200	
17010	0	38604	37648	42384	41264	
17011	0	38728	37880	42552	41336	
17012	0	39392	38098	42802	41280	
17013	0	39648	38204	42857	41473	
17014	0	40129	38356	43073	41472	
17015	0	40408	38656	43192	41464	
17016	0	40852	38540	43312	41604	
17017	0	40956	38828	43452	41600	
17018	0	41104	38472	43612	41672	
17019	0	40786	38712	43752	41792	
17020	0	40561	38740	43860	41780	
17021	0	40168	38820	44028	41804	
17022	0	39680	38768	44136	41828	
17023	0	39052	38746	44228	41916	
17024	0	38412	38840	44360	41900	
17025	0	37764	38728	44524	42020	
17026	0	38212	38708	44584	41976	
17027	0	38320	38372	44700	42034	
17028	0	38380	37984	44832	42128	
17029	0	38865	37684	44944	42114	
17030	0	38520	37076	44976	42133	
17031	0	38672	36648	45076	42226	
17032	0	38889	36304	45192	42194	
17033	0	39233	35876	45221	42192	
17034	0	39116	35588	45372	42292	
17035	0	39328	35722	45420	42314	
17036	0	39740	35694	45428	42248	
17037	0	40301	35646	45480	42280	
17038	0	40216	35684	45536	42304	
17039	0	39890	35828	45588	42312	
17040	0	36104	49532	45602	42372	
17041	0	24596	42052	45688	42376	
17042	0	20416	43580	45721	42376	
17043	0	29442	42772	45752	42328	
17044	0	39969	31237	45764	42376	
17045	0	40592	34504	45732	42300	
17046	0	32906	39872	45692	42328	
17047	0	30760	44624	45684	42273	
17048	0	35754	35800	45756	42256	
17049	0	33394	38352	45660	42232	
17050	0	32804	38508	45628	42228	
17051	0	34228	36618	45612	42196	
17052	0	33856	37152	45584	42080	
17053	0	33952	37290	45552	42045	
17054	0	33754	37472	45520	42048	
17055	0	33681	37171	45436	41944	
17056	0	33944	37733	45344	41832	
17057	0	33952	37564	45277	41752	
17058	0	33940	37674	45284	41660	
17059	0	34224	37506	45205	41620	
17060	0	34201	37453	45116	41547	
17061	0	34312	37340	45068	41376	
17062	0	34144	37410	44930	41281	
17063	0	34166	37524	44896	41129	
17064	0	34092	37580	44760	41024	
17065	0	34060	37626	44744	40904	
17066	0	34180	37616	44584	40708	
17067	0	34220	37540	44476	40536	
17068	0	34324	37516	44420	40352	
17069	0	34309	37556	44280	40174	
17070	0	34284	37288	44100	39988	
17071	0	34292	37290	43960	39824	
17072	0	34236	37332	43796	39636	
17073	0	34224	37472	43628	39412	
17074	0	34248	37440	43536	39152	
17075	0	34220	37644	43356	38936	
17076	0	34228	37476	43081	38648	
17077	0	34376	37372	42876	38452	
17078	0	34364	37297	42776	38194	
17079	0	34269	37516	42464	37872	
17080	0	34352	37228	42345	37616	
17081	0	34432	37357	42042	37344	
17082	0	34316	37434	41772	37096	
17083	0	34388	37525	41584	36784	
17084	0	34516	37216	41240	36480	
17085	0	34132	37692	41044	36216	
17086	0	34592	37529	40706	35901	
17087	0	34312	37624	40548	35626	
17088	0	34545	37448	40164	35354	
17089	0	34317	37476	39886	35034	
17090	0	34360	37484	39708	34758	
17091	0	34348	37249	39316	34448	
17092	0	34449	37880	39124	34164	
17093	0	34130	37146	38772	33858	
17094	0	34436	37338	38514	33594	
17095	0	34398	37472	38164	33308	
17096	0	34405	37372	37913	33026	
17097	0	34450	37410	37532	32748	
17098	0	34436	37156	37224	32506	
17099	0	34428	37264	36928	32221	
17100	0	34516	37364	36696	31974	
17101	0	34396	37698	36312	31717	
17102	0	34520	37644	36004	31481	
17103	0	34548	37796	35724	31248	
17104	0	34624	38012	35364	31041	
17105	0	34688	38132	35120	30797	
17106	0	34776	38624	34788	30592	
17107	0	34768	38792	34464	30401	
17108	0	34084	38696	34177	30228	
17109	0	34544	39228	33872	30008	
17110	0	34425	39700	33577	29864	
17111	0	34800	40192	33296	29672	
17112	0	34552	40276	32996	29517	
17113	0	34688	40328	32700	29349	
17114	0	34192	40868	32424	29200	
17115	0	33792	41080	32096	29058	
17116	0	33641	40936	31818	28932	
17117	0	33476	40856	31504	28794	
17118	0	33208	40376	31248	28692	
17119	0	33464	40152	30964	28576	
17120	0	34204	39838	30680	28480	
17121	0	34436	40356	30384	28416	
17122	0	34474	39888	30101	28316	
17123	0	35172	39416	29901	28301	
17124	0	37298	39796	29579	28212	
17125	0	36432	39788	29316	28192	
17126	0	34142	38784	29033	28164	
17127	0	33448	37928	28764	28141	
17128	0	36412	36168	28572	28192	
17129	0	38220	35368	28309	28210	
17130	0	39492	33688	28090	28176	
17131	0	40144	38144	27812	28216	
17132	0	38650	39088	27556	28248	
17133	0	38177	39352	27416	28294	
17134	0	37672	37294	27196	28342	
17135	0	37044	36916	26946	28388	
17136	0	36296	36058	26788	28452	
17137	0	36864	36436	26546	28526	
17138	0	36884	35728	26384	28540	
17139	0	36704	35626	26181	28605	
17140	0	36812	35296	25992	28645	
17141	0	36340	34969	25788	28700	
17142	0	35980	35089	25542	28716	
17143	0	35329	34696	25375	28744	
17144	0	34816	34497	25169	28768	
17145	0	34553	34696	25020	28794	
17146	0	34392	34769	24840	28784	
17147	0	34288	34456	24589	28784	
17148	0	34242	34184	24466	28777	
17149	0	33776	33988	24221	28820	
17150	0	33948	33761	24033	28721	
17151	0	33676	33590	23894	28660	
17152	0	33862	33268	23656	28622	
17153	0	33876	33226	23456	28600	
17154	0	34204	33004	23288	28520	
17155	0	34172	32928	23100	28397	
17156	0	34260	32760	22916	28332	
17157	0	34376	32629	22696	28249	
17158	0	34413	32626	22515	28154	
17159	0	34384	32684	22321	28029	
17160	0	34600	32866	22104	27910	
17161	0	34738	32968	21920	27816	
17162	0	34884	33084	21667	27654	
17163	0	35184	33428	21436	27608	
17164	0	35340	33368	21276	27437	
17165	0	35472	33473	21108	27292	
17166	0	35602	33761	20876	27192	
17167	0	35428	34092	20639	27000	
17168	0	35248	34152	20540	26912	
17169	0	35324	34221	20315	26789	
17170	0	35364	34205	20149	26678	
17171	0	35829	34236	19972	26548	
17172	0	36121	34072	19792	26438	
17173	0	36448	34258	19664	26339	
17174	0	36584	34256	19406	26216	
17175	0	36736	34177	19340	26196	
17176	0	36169	33849	19200	26021	
17177	0	49452	39362	19024	25981	
17178	0	56241	33208	18892	25868	
17179	0	28472	42200	18721	25856	
17180	0	24120	44705	18646	25789	
17181	0	22112	42372	18564	25732	
17182	0	32649	43628	18422	25744	
17183	0	39336	39136	18412	25760	
17184	0	37624	31832	18369	25708	
17185	0	37937	31128	18317	25728	
17186	0	34336	33625	18284	25784	
17187	0	34600	34916	18158	25800	
17188	0	36016	36820	18196	25828	
17189	0	36866	37972	18154	25938	
17190	0	35256	37476	18153	26009	
17191	0	35356	36689	18215	26116	
17192	0	35924	36250	18222	26256	
17193	0	35948	36337	18249	26286	
17194	0	35612	36440	18378	26537	
17195	0	35580	36400	18371	26678	
17196	0	35676	36520	18478	26912	
17197	0	35776	36448	18578	27112	
17198	0	35680	36388	18764	27320	
17199	0	35668	36404	18889	27490	
17200	0	35808	36428	19003	27794	
17201	0	35804	36528	19132	28016	
17202	0	35508	36624	19403	28265	
17203	0	35536	36761	19586	28564	
17204	0	35369	36728	19717	28812	
17205	0	35497	36861	20020	29112	
17206	0	35572	36716	20218	29356	
17207	0	35380	36572	20494	29612	
17208	0	35538	36772	20680	29973	
17209	0	35264	36808	20933	30208	
17210	0	35284	36842	21272	30496	
17211	0	35305	36677	21564	30773	
17212	0	35284	36936	21828	31054	
17213	0	35228	36640	22096	31296	
17214	0	35164	36620	22382	31568	
17215	0	35220	36704	22736	31773	
17216	0	35050	37092	22984	32057	
17217	0	35048	37025	23357	32276	
17218	0	35008	37064	23599	32513	
17219	0	34968	37056	23957	32704	
17220	0	34820	37226	24218	32948	
17221	0	34856	37088	24608	33120	
17222	0	34892	36964	24844	33348	
17223	0	35066	37348	25224	33514	
17224	0	34944	37348	25484	33664	
17225	0	34728	37561	25820	33796	
17226	0	34836	37393	26098	33949	
17227	0	34660	37274	26405	34122	
17228	0	34745	37146	26660	34260	
17229	0	34780	37186	26956	34376	
17230	0	34944	37384	27248	34500	
17231	0	35032	37577	27522	34612	
17232	0	34932	37720	27778	34724	
17233	0	34768	37716	28004	34844	
17234	0	34608	37468	28304	34976	
17235	0	34660	37476	28536	35034	
17236	0	34954	37060	28793	35169	
17237	0	34880	36994	29048	35274	
17238	0	35056	36787	29285	35322	
17239	0	35068	36992	29532	35415	
17240	0	34945	37184	29760	35496	
17241	0	35045	37234	30000	35680	
17242	0	34748	37636	30213	35778	
17243	0	34784	37384	30456	35869	
17244	0	35028	37114	30678	36032	
17245	0	35176	37104	30892	36128	
17246	0	35012	37168	31114	36280	
17247	0	35056	37484	31346	36444	
17248	0	35025	37805	31564	36553	
17249	0	34976	37782	31780	36712	
17250	0	34668	38176	32004	36888	
17251	0	35040	38740	32226	37068	
17252	0	35420	39276	32449	37216	
17253	0	35528	39428	32676	37373	
17254	0	35209	39676	32908	37688	
17255	0	34664	39549	33133	37860	
17256	0	33970	40293	33360	38080	
17257	0	33952	40288	33592	38304	
17258	0	33538	40288	33812	38506	
17259	0	33044	40728	34056	38600	
17260	0	33724	39890	34273	38961	
17261	0	34292	39286	34504	39112	
17262	0	34692	40006	34784	39344	
17263	0	35404	39518	35008	39585	
17264	0	35680	39216	35243	39936	
17265	0	37436	39688	35528	40165	
17266	0	37764	38568	35808	40324	
17267	0	36912	39069	36064	40668	
17268	0	37500	40528	36274	40896	
17269	0	40080	36472	36640	41152	
17270	0	39592	37780	36865	41449	
17271	0	38398	39417	37097	41772	
17272	0	38225	39720	37388	42084	
17273	0	36888	39552	37732	42418	
17274	0	35800	39720	37986	42645	
17275	0	35185	39148	38216	42928	
17276	0	35540	38541	38520	43208	
17277	0	35756	37708	38880	43508	
17278	0	35632	37396	39116	43753	
17279	0	35088	37460	39456	44012	
17280	0	35024	36325	39754	44248	
17281	0	34040	36456	39956	44476	
17282	0	34272	36141	40244	44696	
17283	0	33410	36464	40500	44912	
17284	0	33496	35548	40852	45132	
17285	0	33469	35680	41072	45320	
17286	0	33057	35336	41304	45434	
17287	0	32786	35122	41580	45596	
17288	0	32636	35008	41816	45704	
17289	0	32413	34508	42168	45824	
17290	0	32288	34336	42368	45948	
17291	0	32248	33957	42520	45980	
17292	0	32396	33520	42780	46032	
17293	0	32434	33521	42956	46084	
17294	0	32552	33330	43152	46080	
17295	0	32602	32948	43328	46049	
17296	0	32472	33200	43528	46016	
17297	0	32768	33192	43712	45953	
17298	0	33056	33241	43852	45928	
17299	0	33132	33310	44028	45824	
17300	0	33105	33418	44160	45720	
17301	0	32984	33693	44190	45568	
17302	0	33213	34606	44377	45436	
17303	0	33460	34008	44412	45296	
17304	0	33732	34612	44480	45104	
17305	0	33881	34189	44564	44888	
17306	0	33942	34448	44624	44744	
17307	0	34148	34480	44744	44532	
17308	0	34640	34488	44746	44276	
17309	0	35314	34368	44824	44128	
17310	0	36036	34309	44824	43885	
17311	0	36368	34176	44904	43648	
17312	0	36984	33852	44953	43376	
17313	0	36836	33520	44897	43106	
17314	0	35676	33024	44912	42964	
17315	0	48264	38036	44920	42640	
17316	0	56128	32130	45004	42400	
17317	0	34112	49792	44936	42172	
17318	0	20156	40924	45012	42024	
17319	0	17680	44720	44952	41792	
17320	0	39824	41236	45048	41560	
17321	0	40741	32330	44996	41244	
17322	0	37096	30376	44988	41084	
17323	0	35116	32953	45050	40880	
17324	0	33304	35984	45002	40656	
17325	0	36040	37052	44996	40409	
17326	0	36450	37529	45050	40228	
17327	0	36184	37216	45008	40020	
17328	0	35084	36936	45080	39812	
17329	0	35580	36768	45068	39636	
17330	0	36012	36901	45008	39424	
17331	0	35632	36500	45028	39256	
17332	0	35434	36120	44992	39076	
17333	0	35680	36124	44992	38916	
17334	0	35736	36564	44964	38720	
17335	0	35753	36644	44948	38560	
17336	0	35680	36552	44930	38378	
17337	0	35820	36656	44972	38194	
17338	0	35648	36792	44858	38028	
17339	0	35508	36624	44864	37841	
17340	0	35600	36796	44776	37672	
17341	0	35441	36665	44688	37474	
17342	0	35356	36628	44633	37298	
17343	0	35388	36720	44580	37088	
17344	0	35232	36648	44480	36900	
17345	0	35210	36884	44324	36708	
17346	0	35188	36732	44249	36516	
17347	0	35322	36630	44057	36296	
17348	0	35128	36888	43897	36072	
17349	0	35100	36872	43828	35856	
17350	0	35092	36680	43568	35640	
17351	0	35088	36810	43364	35421	
17352	0	35000	36976	43180	35188	
17353	0	35049	36945	42929	34936	
17354	0	34932	37172	42776	34676	
17355	0	34689	37168	42568	34464	
17356	0	34797	37170	42280	34162	
17357	0	34744	37184	41924	33917	
17358	0	34776	37344	41652	33636	
17359	0	34770	36994	41437	33370	
17360	0	34668	36976	41032	33108	
17361	0	34772	37074	40716	32844	
17362	0	34740	37220	40484	32534	
17363	0	34849	37524	40068	32248	
17364	0	34776	37560	39780	31972	
17365	0	34762	37604	39336	31656	
17366	0	34730	37612	39080	31376	
17367	0	34628	37558	38620	31026	
17368	0	34624	37368	38284	30728	
17369	0	34464	37332	37824	30428	
17370	0	34802	37256	37448	30124	
17371	0	34824	37516	37028	29852	
17372	0	34204	37788	36620	29528	
17373	0	34424	37920	36204	29200	
17374	0	34808	38060	35812	28920	
17375	0	34712	37697	35460	28616	
17376	0	34584	37268	35072	28298	
17377	0	34688	37128	34692	28030	
17378	0	35185	37044	34244	27736	
17379	0	34352	36976	33856	27464	
17380	0	34757	37352	33472	27184	
17381	0	34684	37248	33108	26920	
17382	0	34948	37612	32761	26678	
17383	0	34852	37616	32400	26432	
17384	0	34713	37860	32024	26187	
17385	0	34848	37701	31688	25963	
17386	0	34828	37885	31339	25736	
17387	0	34962	37872	31004	25530	
17388	0	34954	37757	30680	25326	
17389	0	34844	38160	30346	25141	
17390	0	35184	38796	30060	24948	
17391	0	35256	39092	29762	24778	
17392	0	35144	39278	29476	24612	
17393	0	34360	39556	29186	24460	
17394	0	34580	39978	28898	24315	
17395	0	34456	40024	28628	24164	
17396	0	33908	40340	28352	24034	
17397	0	33748	40704	28088	23914	
17398	0	33704	40136	27872	23804	
17399	0	33218	39950	27692	23705	
17400	0	33144	40032	27462	23616	
17401	0	33984	39208	27273	23536	
17402	0	34272	38908	27072	23458	
17403	0	35577	38956	26860	23404	
17404	0	36408	39048	26748	23344	
17405	0	36944	39100	26500	23291	
17406	0	37076	38144	26356	23268	
17407	0	37584	38528	26244	23253	
17408	0	37548	38528	26112	23241	
17409	0	37424	38636	25948	23248	
17410	0	39484	38448	25872	23268	
17411	0	39976	37104	25785	23284	
17412	0	39490	37140	25682	23316	
17413	0	38376	37276	25592	23360	
17414	0	37073	38696	25514	23392	
17415	0	36376	38612	25362	23474	
17416	0	35252	38628	25360	23517	
17417	0	34624	38316	25240	23546	
17418	0	34228	37728	25254	23618	
17419	0	34024	37072	25131	23688	
17420	0	34588	37020	25136	23716	
17421	0	34488	35840	25132	23800	
17422	0	34677	36000	25064	23840	
17423	0	34402	35440	25024	23900	
17424	0	34136	35444	24980	23912	
17425	0	34109	34884	24914	23944	
17426	0	33516	34648	24947	24001	
17427	0	33420	34794	24894	24021	
17428	0	33162	34300	24808	24060	
17429	0	33192	34560	24752	24044	
17430	0	33376	34084	24706	24045	
17431	0	33304	34360	24652	24036	
17432	0	33030	33720	24650	24016	
17433	0	33248	33704	24584	24000	
17434	0	33208	33672	24516	23960	
17435	0	32985	33829	24430	23948	
17436	0	33014	33976	24302	23872	
17437	0	32560	33781	24240	23844	
17438	0	32728	34057	24192	23760	
17439	0	32729	33569	24088	23684	
17440	0	32900	34112	24013	23636	
17441	0	32831	34080	23888	23504	
17442	0	33088	34193	23808	23432	
17443	0	33436	34369	23628	23346	
17444	0	34276	34248	23552	23276	
17445	0	34545	34313	23484	23148	
17446	0	34840	34804	23368	23040	
17447	0	35184	34553	23240	23004	
17448	0	35532	35000	23128	22885	
17449	0	35932	35256	22986	22816	
17450	0	36128	35332	22860	22724	
17451	0	36196	35212	22713	22608	
17452	0	36100	34984	22572	22536	
17453	0	36156	34856	22508	22398	
17454	0	36248	34752	22374	22324	
17455	0	36432	34452	22280	22270	
17456	0	36576	34021	22153	22217	
17457	0	36616	33616	22068	22126	
17458	0	36480	33436	21944	22076	
17459	0	45185	36376	21850	22024	
17460	0	55596	32349	21772	22016	
17461	0	33616	43865	21580	21938	
17462	0	29112	40440	21572	21936	
17463	0	23085	43600	21436	21872	
17464	0	37020	41192	21402	21922	
17465	0	38184	38936	21348	21852	
17466	0	36100	36274	21344	21885	
17467	0	36084	34692	21208	21882	
17468	0	35212	34476	21248	21962	
17469	0	34797	34340	21248	21964	
17470	0	35632	34818	21204	21986	
17471	0	35452	35088	21194	22050	
17472	0	35536	37012	21244	22168	
17473	0	35850	37536	21264	22196	
17474	0	35416	37556	21232	22272	
17475	0	35660	37040	21332	22384	
17476	0	35620	36684	21370	22485	
17477	0	35700	36744	21456	22616	
17478	0	35452	36608	21573	22788	
17479	0	35460	36572	21648	22924	
17480	0	35536	36508	21801	23128	
17481	0	35768	36288	21905	23264	
17482	0	35609	36544	22068	23432	
17483	0	35576	36608	22267	23644	
17484	0	35640	36785	22432	23849	
17485	0	35616	36832	22616	24073	
17486	0	35480	36892	22776	24286	
17487	0	35413	36748	22980	24576	
17488	0	35768	36896	23184	24741	
17489	0	35648	36968	23433	25052	
17490	0	35562	36672	23628	25252	
17491	0	35552	36618	23820	25472	
17492	0	35648	36880	24113	25733	
17493	0	35485	36580	24337	25978	
17494	0	35568	36824	24597	26226	
17495	0	35428	36565	24856	26498	
17496	0	35420	36681	25108	26759	
17497	0	35297	36784	25329	27012	
17498	0	35460	36764	25604	27328	
17499	0	35264	36904	25856	27540	
17500	0	35268	37092	26116	27792	
17501	0	35333	37144	26376	28066	
17502	0	35280	36960	26626	28316	
17503	0	35004	37020	26850	28592	
17504	0	34912	36952	27128	28848	
17505	0	35032	36861	27338	29131	
17506	0	34868	36780	27596	29357	
17507	0	34860	37132	27861	29612	
17508	0	34898	36912	28112	29916	
17509	0	34928	37006	28328	30130	
17510	0	34986	37044	28600	30372	
17511	0	34804	36932	28852	30668	
17512	0	34880	36897	29068	30861	
17513	0	34929	36896	29309	31152	
17514	0	34964	36765	29536	31316	
17515	0	34704	36772	29746	31636	
17516	0	34952	37036	29972	31769	
17517	0	35024	37228	30200	32016	
17518	0	34970	37556	30405	32192	
17519	0	35020	37340	30615	32402	
17520	0	34922	37400	30824	32633	
17521	0	35128	37301	31038	32808	
17522	0	34856	37546	31244	33006	
17523	0	35304	37576	31432	33198	
17524	0	34720	37705	31648	33464	
17525	0	35228	37652	31832	33592	
17526	0	35472	37644	32042	33772	
17527	0	35308	37840	32249	33940	
17528	0	35288	38252	32440	34137	
17529	0	35564	38112	32652	34337	
17530	0	34785	38512	32888	34532	
17531	0	34742	39249	33092	34800	
17532	0	35448	39568	33300	34920	
17533	0	35745	39346	33548	35180	
17534	0	35332	39328	33750	35296	
17535	0	35037	39834	34008	35553	
17536	0	34380	40136	34248	35782	
17537	0	33888	40290	34480	36074	
17538	0	33716	40172	34744	36200	
17539	0	33860	40585	34977	36492	
17540	0	34781	39905	35244	36768	
17541	0	34846	39344	35509	36952	
17542	0	35497	39768	35808	37268	
17543	0	36116	39269	36060	37488	
17544	0	36516	38772	36354	37710	
17545	0	37848	37916	36644	38048	
17546	0	37266	37076	36876	38328	
17547	0	37468	38848	37144	38608	
17548	0	36096	40828	37468	38924	
17549	0	41787	31104	37714	39112	
17550	0	39444	35665	38112	39496	
17551	0	37860	37296	38356	39824	
17552	0	36852	39417	38552	40092	
17553	0	36434	38896	38824	40360	
17554	0	35520	38588	39146	40668	
17555	0	34986	38640	39360	40936	
17556	0	35008	37868	39716	41168	
17557	0	35448	37512	39896	41392	
17558	0	35714	36896	40144	41666	
17559	0	36249	36544	40468	41964	
17560	0	35906	35976	40672	42200	
17561	0	35324	35928	40888	42460	
17562	0	34816	35648	41154	42702	
17563	0	34092	35544	41340	42884	
17564	0	33584	35636	41644	43100	
17565	0	33176	35657	41892	43328	
17566	0	32722	34892	41988	43480	
17567	0	32924	34872	42256	43632	
17568	0	32660	34928	42384	43776	
17569	0	32449	34424	42624	43972	
17570	0	32326	34988	42744	44088	
17571	0	31892	34208	43012	44180	
17572	0	32169	34621	43072	44300	
17573	0	32168	34097	43232	44320	
17574	0	32316	34124	43360	44394	
17575	0	32432	34696	43488	44436	
17576	0	32548	34358	43616	44520	
17577	0	32872	34688	43728	44548	
17578	0	33104	34478	43872	44552	
17579	0	33756	34840	43920	44496	
17580	0	34376	34637	44006	44468	
17581	0	34755	34267	44074	44480	
17582	0	35048	34016	44168	44404	
17583	0	35008	34376	44240	44352	
17584	0	34892	34436	44276	44272	
17585	0	34634	34112	44288	44228	
17586	0	34362	34156	44268	44152	
17587	0	34036	33856	44288	44017	
17588	0	33713	33845	44340	43880	
17589	0	33692	33376	44336	43769	
17590	0	34152	33516	44264	43652	
17591	0	34460	33752	44317	43512	
17592	0	34478	33796	44200	43336	
17593	0	34476	33608	44237	43240	
17594	0	34118	33010	44172	43132	
17595	0	53873	36073	44050	42896	
17596	0	56300	46480	44000	42729	
17597	0	30128	38336	43948	42620	
17598	0	18364	36796	43896	42504	
17599	0	14821	46752	43788	42236	
17600	0	41552	39858	43800	42176	
17601	0	37152	37972	43676	42004	
17602	0	38856	33976	43612	41796	
17603	0	35076	32912	43616	41614	
17604	0	33882	33312	43457	41441	
17605	0	34924	34249	43396	41288	
17606	0	35872	35364	43320	41188	
17607	0	36544	37386	43290	41072	
17608	0	35296	37569	43144	40924	
17609	0	35412	37096	43040	40770	
17610	0	35794	36300	43074	40596	
17611	0	36104	36644	43008	40384	
17612	0	35741	36745	42842	40216	
17613	0	35794	36672	42849	40156	
17614	0	35504	36200	42656	40000	
17615	0	35598	35948	42641	39760	
17616	0	35820	36140	42560	39652	
17617	0	35628	36352	42424	39458	
17618	0	35768	36545	42324	39328	
17619	0	35768	36825	42286	39192	
17620	0	35760	36800	42228	39024	
17621	0	35744	36714	42072	38796	
17622	0	35456	36444	42032	38624	
17623	0	35716	36712	41920	38424	
17624	0	35616	36560	41922	38268	
17625	0	35328	36586	41688	38074	
17626	0	35548	36612	41592	37824	
17627	0	35532	36584	41596	37616	
17628	0	35492	36608	41362	37401	
17629	0	35630	36608	41236	37116	
17630	0	35384	36601	41121	36900	
17631	0	35504	36624	40984	36676	
17632	0	35352	36724	40848	36436	
17633	0	35392	36577	40805	36148	
17634	0	35232	36796	40626	35916	
17635	0	35292	36692	40434	35640	
17636	0	35344	36872	40352	35352	
17637	0	35068	36884	40184	35094	
17638	0	35208	36856	39916	34806	
17639	0	35216	36984	39848	34528	
17640	0	35044	37098	39528	34233	
17641	0	35041	37176	39412	33942	
17642	0	34969	37160	39244	33640	
17643	0	34936	37276	38933	33362	
17644	0	34937	37480	38734	33076	
17645	0	34932	37284	38493	32780	
17646	0	34956	37288	38312	32488	
17647	0	34962	37144	38020	32196	
17648	0	34992	37184	37872	31892	
17649	0	35008	37193	37596	31602	
17650	0	34977	37524	37340	31308	
17651	0	35120	37640	36973	31024	
17652	0	34988	37624	36700	30736	
17653	0	34996	37692	36444	30440	
17654	0	34932	37378	36144	30172	
17655	0	34872	37196	35824	29906	
17656	0	35072	36892	35540	29641	
17657	0	35312	36304	35248	29372	
17658	0	35592	36465	34897	29112	
17659	0	35244	36698	34568	28872	
17660	0	35230	37056	34296	28632	
17661	0	35349	37408	33940	28388	
17662	0	35240	36856	33632	28165	
17663	0	35284	37304	33313	27950	
17664	0	35382	37636	33038	27753	
17665	0	35532	37776	32704	27548	
17666	0	35232	38052	32400	27357	
17667	0	35488	37480	32110	27179	
17668	0	35282	38413	31808	27009	
17669	0	35776	38921	31496	26844	
17670	0	35908	39192	31220	26690	
17671	0	35572	39024	30938	26552	
17672	0	35476	39320	30653	26428	
17673	0	35320	39356	30362	26304	
17674	0	34736	40188	30058	26197	
17675	0	34400	40644	29846	26101	
17676	0	34464	40333	29592	26018	
17677	0	33420	40744	29376	25952	
17678	0	34468	39960	29089	25899	
17679	0	34137	39657	28852	25864	
17680	0	35000	39588	28717	25844	
17681	0	35378	39884	28472	25828	
17682	0	35922	39138	28296	25836	
17683	0	36192	38984	28072	25838	
17684	0	37512	38360	27957	25916	
17685	0	37452	39016	27738	25949	
17686	0	36720	38280	27632	26006	
17687	0	37294	38570	27460	26070	
17688	0	41544	37096	27338	26132	
17689	0	40368	36340	27280	26228	
17690	0	40164	37384	27132	26312	
17691	0	39244	39253	26968	26472	
17692	0	37716	39268	26908	26525	
17693	0	37060	38704	26844	26649	
17694	0	37068	38586	26705	26817	
17695	0	37370	37696	26690	26864	
17696	0	36984	37312	26592	27008	
17697	0	36100	37048	26547	27092	
17698	0	35422	36880	26424	27180	
17699	0	34192	35836	26388	27272	
17700	0	34104	36160	26372	27362	
17701	0	33212	35964	26296	27428	
17702	0	33086	35268	26218	27550	
17703	0	32456	35172	26190	27540	
17704	0	31328	34992	26136	27618	
17705	0	31458	34628	26057	27584	
17706	0	31041	34304	26008	27601	
17707	0	31456	34680	25900	27596	
17708	0	31336	34236	25861	27573	
17709	0	31521	33984	25789	27608	
17710	0	31776	34192	25716	27536	
17711	0	32184	33996	25617	27448	
17712	0	32313	33964	25532	27384	
17713	0	32796	33960	25440	27348	
17714	0	33244	33977	25342	27206	
17715	0	33464	34100	25232	27110	
17716	0	34088	34010	25113	26984	
17717	0	34152	34356	24940	26885	
17718	0	34568	34500	24800	26736	
17719	0	35092	34556	24684	26602	
17720	0	35360	34648	24556	26472	
17721	0	35523	34777	24424	26337	
17722	0	35856	34800	24292	26208	
17723	0	36309	34984	24140	26064	
17724	0	36624	35305	23972	25892	
17725	0	36588	35288	23832	25744	
17726	0	36544	35420	23605	25570	
17727	0	36644	35336	23498	25479	
17728	0	36536	35040	23354	25264	
17729	0	36488	34744	23172	25168	
17730	0	36396	34560	22956	24948	
17731	0	35868	34272	22856	24785	
17732	0	35776	33840	22698	24638	
17733	0	35632	33312	22480	24524	
17734	0	35040	32864	22406	24440	
17735	0	42136	33085	22256	24264	
17736	0	55418	44592	22048	24185	
17737	0	44944	47864	21931	24029	
17738	0	13400	40381	21804	23928	
17739	0	35596	37284	21698	23802	
17740	0	39344	37160	21502	23754	
17741	0	32956	32612	21428	23697	
17742	0	36792	36065	21348	23602	
17743	0	36252	36272	21273	23576	
17744	0	36726	33749	21161	23540	
17745	0	34042	37020	21120	23522	
17746	0	38137	37756	21049	23504	
17747	0	35152	36217	20976	23489	
17748	0	35228	35952	20961	23536	
17749	0	35854	36528	20936	23560	
17750	0	36110	36368	20948	23677	
17751	0	35889	35905	20884	23744	
17752	0	35065	36401	20976	23748	
17753	0	35732	36672	20968	23936	
17754	0	35884	36645	21072	23978	
17755	0	35984	36226	21146	24178	
17756	0	35860	36378	21207	24276	
17757	0	35568	36384	21253	24474	
17758	0	35780	36280	21464	24680	
17759	0	35778	36800	21621	24838	
17760	0	35740	36582	21778	25024	
17761	0	35582	36633	21932	25225	
17762	0	35532	36848	22146	25456	
17763	0	35329	37025	22313	25673	
17764	0	36152	36401	22573	25914	
17765	0	35129	37112	22784	26156	
17766	0	35408	36800	23019	26408	
17767	0	35336	36644	23258	26634	
17768	0	35356	36817	23514	26866	
17769	0	35244	36730	23780	27122	
17770	0	35272	36708	24074	27352	
17771	0	35276	37112	24313	27592	
17772	0	35184	36980	24608	27808	
17773	0	35080	36939	24801	28028	
17774	0	35192	36920	25108	28256	
17775	0	35082	37068	25384	28482	
17776	0	35032	37000	25664	28720	
17777	0	35001	37272	25954	28874	
17778	0	35052	37064	26192	29120	
17779	0	35044	37164	26402	29268	
17780	0	34912	37092	26721	29499	
17781	0	34960	37064	26913	29632	
17782	0	35044	37224	27164	29784	
17783	0	34996	37242	27444	29957	
17784	0	34976	37316	27664	30108	
17785	0	34894	37780	27897	30272	
17786	0	34932	37280	28120	30409	
17787	0	34948	37304	28329	30600	
17788	0	34912	37128	28497	30696	
17789	0	34897	37096	28744	30862	
17790	0	35036	36964	28900	30981	
17791	0	34954	37106	29112	31117	
17792	0	34844	37148	29300	31263	
17793	0	34840	37210	29470	31377	
17794	0	34956	37042	29676	31546	
17795	0	34912	37024	29836	31684	
17796	0	35000	36937	30032	31808	
17797	0	34912	36882	30200	31984	
17798	0	34853	36857	30381	32080	
17799	0	34780	36964	30558	32257	
17800	0	34836	37248	30728	32378	
17801	0	34888	37240	30904	32588	
17802	0	34712	37348	31081	32778	
17803	0	34816	37156	31252	32861	
17804	0	34868	37112	31432	33052	
17805	0	34784	37064	31632	33210	
17806	0	34810	37153	31788	33429	
17807	0	34704	37296	32008	33625	
17808	0	34724	37413	32160	33852	
17809	0	34920	37680	32349	33996	
17810	0	35092	37840	32540	34160	
17811	0	34788	37209	32764	34360	
17812	0	34776	37328	32921	34565	
17813	0	34472	37304	33116	34784	
17814	0	35201	37160	33304	34977	
17815	0	34392	37000	33566	35192	
17816	0	34680	37016	33721	35460	
17817	0	34552	36944	33964	35648	
17818	0	34528	36880	34165	35860	
17819	0	34512	36680	34364	36132	
17820	0	34832	36616	34512	36368	
17821	0	34596	37024	34708	36546	
17822	0	34452	37277	34976	36850	
17823	0	34312	37620	35120	37033	
17824	0	34313	37617	35380	37312	
17825	0	34572	37544	35532	37472	
17826	0	34592	37376	35752	37745	
17827	0	34776	37544	35948	37948	
17828	0	34744	37320	36188	38140	
17829	0	34612	37316	36345	38480	
17830	0	34385	37238	36586	38572	
17831	0	34500	37184	36744	38792	
17832	0	34380	37033	36940	38992	
17833	0	34572	37252	37128	39260	
17834	0	34520	37332	37324	39364	
17835	0	34698	37353	37564	39516	
17836	0	34996	37353	37780	39724	
17837	0	35224	37240	37889	39881	
17838	0	35192	37120	38045	40152	
17839	0	35232	36992	38220	40281	
17840	0	35244	36928	38424	40330	
17841	0	35126	36796	38592	40545	
17842	0	35108	36820	38840	40636	
17843	0	35016	36850	38925	40800	
17844	0	34932	36868	39049	40892	
17845	0	34916	36868	39200	41140	
17846	0	34790	36984	39472	41232	
17847	0	34640	36980	39517	41253	
17848	0	34492	36956	39802	41504	
17849	0	34452	36929	39832	41608	
17850	0	34504	36914	39964	41640	
17851	0	34233	36904	40120	41768	
17852	0	34196	36852	40266	41760	
17853	0	34128	37030	40468	41892	
17854	0	34148	37140	40656	41988	
17855	0	33904	37192	40680	42136	
17856	0	33848	37302	40932	42188	
17857	0	33732	37276	40932	42300	
17858	0	33461	37316	41064	42260	
17859	0	33636	37420	41176	42362	
17860	0	33320	37400	41296	42376	
17861	0	33437	37441	41428	42476	
17862	0	33640	37344	41504	42488	
17863	0	33464	37453	41728	42536	
17864	0	33328	37348	41716	42553	
17865	0	33128	37456	41840	42592	
17866	0	33072	37356	41848	42712	
17867	0	33178	37296	41920	42692	
17868	0	33186	37220	41980	42664	
17869	0	32984	37384	42092	42696	
17870	0	32829	37466	42209	42732	
17871	0	32380	37980	42130	42624	
17872	0	33265	37188	42148	42644	
17873	0	34080	37536	42168	42508	
17874	0	34628	37356	42224	42508	
17875	0	34456	37434	42328	42512	
17876	0	34041	37456	42276	42469	
17877	0	33964	37378	42200	42346	
17878	0	34404	37476	42273	42296	
17879	0	34337	37592	42200	42224	
17880	0	34257	37676	42228	41980	
17881	0	34144	37723	42060	41992	
17882	0	33928	37676	42020	41812	
17883	0	33880	37664	41932	41748	
17884	0	33980	37600	41968	41596	
17885	0	33984	37492	41836	41340	
17886	0	34020	37456	41688	41169	
17887	0	34068	37408	41632	41009	
17888	0	34040	37360	41488	40860	
17889	0	34128	37456	41404	40800	
17890	0	34061	37376	41384	40544	
17891	0	34048	37321	41116	40308	
17892	0	33997	37312	41012	40193	
17893	0	33964	37384	40944	39914	
17894	0	34034	37364	40672	39729	
17895	0	34000	37410	40652	39524	
17896	0	34000	37400	40392	39420	
17897	0	34076	37320	40176	39096	
17898	0	34088	37268	40144	38876	
17899	0	34098	37204	39820	38776	
17900	0	34088	37260	39640	38429	
17901	0	34108	37280	39536	38272	
17902	0	34138	37340	39328	38056	
17903	0	34085	37408	39132	37844	
17904	0	34084	37384	38850	37524	
17905	0	34096	37396	38665	37280	
17906	0	34030	37321	38440	37160	
17907	0	34084	37290	38260	36900	
17908	0	34088	37272	38032	36584	
17909	0	34114	37308	37824	36333	
17910	0	34104	37320	37660	36186	
17911	0	34128	37368	37488	35892	
17912	0	34108	37360	37200	35668	
17913	0	34106	37416	36964	35464	
17914	0	34100	37408	36840	35128	
17915	0	34054	37405	36612	34920	
17916	0	34128	37356	36412	34748	
17917	0	34128	37336	36140	34436	
17918	0	34128	37322	36016	34176	
17919	0	34130	37320	35744	33950	
17920	0	34124	37354	35620	33789	
17921	0	34140	37372	35348	33484	
17922	0	34148	37348	35172	33284	
17923	0	34152	37352	34988	33008	
17924	0	34128	37356	34796	32801	
17925	0	34116	37368	34632	32560	
17926	0	34164	37340	34488	32404	
17927	0	34156	37312	34281	32121	
17928	0	34157	37290	34112	31969	
17929	0	34144	37284	33960	31748	
17930	0	34178	37396	33768	31484	
17931	0	34154	37312	33634	31316	
17932	0	34160	37376	33516	31068	
17933	0	34156	37340	33336	30880	
17934	0	34144	37328	33184	30670	
17935	0	34152	37322	33033	30512	
17936	0	34210	37310	32892	30312	
17937	0	34160	37309	32756	30169	
17938	0	34168	37346	32660	30000	
17939	0	34192	37337	32516	29796	
17940	0	34190	37408	32388	29621	
17941	0	34158	37368	32276	29472	
17942	0	34153	37376	32146	29296	
17943	0	34153	37344	32036	29146	
17944	0	34164	37308	31910	28997	
17945	0	34172	37324	31802	28864	
17946	0	34192	37300	31684	28716	
17947	0	34192	37308	31593	28584	
17948	0	34176	37312	31486	28452	
17949	0	34168	37308	31388	28356	
17950	0	34152	37312	31280	28206	
17951	0	34136	37344	31178	28108	
17952	0	34168	37328	31096	27978	
17953	0	34156	37328	30996	27878	
17954	0	34184	37336	30912	27792	
17955	0	34216	37321	30832	27676	
17956	0	34188	37304	30736	27586	
17957	0	34214	37300	30652	27523	
17958	0	34212	37322	30569	27424	
17959	0	34208	37328	30496	27336	
17960	0	34205	37332	30416	27284	
17961	0	34168	37332	30344	27209	
17962	0	34220	37312	30276	27129	
17963	0	34212	37321	30205	27072	
17964	0	34212	37332	30132	27002	
17965	0	34204	37282	30068	26974	
17966	0	34232	37320	30008	26908	
17967	0	34208	37296	29938	26864	
17968	0	34233	37256	29868	26824	
17969	0	34212	37337	29820	26808	
17970	0	34212	37306	29764	26764	
17971	0	34208	37324	29729	26738	
17972	0	34232	37316	29665	26708	
17973	0	34202	37364	29624	26692	
17974	0	34241	37277	29600	26680	
17975	0	34250	37308	29577	26672	
17976	0	34256	37236	29548	26661	
17977	0	34325	37332	29501	26673	
17978	0	34288	37308	29484	26672	
17979	0	34241	37321	29468	26684	
17980	0	34192	37356	29458	26696	
17981	0	34304	37356	29460	26718	
17982	0	34252	37348	29452	26752	
17983	0	34280	37314	29454	26756	
17984	0	34292	37292	29448	26777	
17985	0	34240	37292	29473	26844	
17986	0	34260	37272	29488	26844	
17987	0	34282	37280	29496	26914	
17988	0	34249	37304	29537	26936	
17989	0	34266	37332	29573	26992	
17990	0	34252	37312	29592	27085	
17991	0	34280	37292	29628	27096	
17992	0	34284	37280	29677	27154	
17993	0	34320	37284	29720	27208	
17994	0	34292	37252	29764	27294	
17995	0	34332	37308	29828	27368	
17996	0	34284	37328	29880	27400	
17997	0	34284	37316	29930	27492	
17998	0	34304	37350	30000	27578	
17999	0	34306	37332	30074	27614	
18000	0	34304	37308	30140	27684	
18001	0	34320	37304	30234	27764	
18002	0	34312	37277	30301	27840	
18003	0	34304	37268	30400	27926	
18004	0	34312	37280	30488	28017	
18005	0	34332	37286	30584	28099	
18006	0	34368	37240	30668	28172	
18007	0	34364	37296	30772	28304	
18008	0	34384	37306	30868	28368	
18009	0	34332	37308	30980	28480	
18010	0	34356	37296	31076	28532	
18011	0	34337	37300	31137	28620	
18012	0	34313	37250	31288	28756	
18013	0	34316	37229	31400	28841	
18014	0	34336	37232	31508	28950	
18015	0	34361	37284	31644	29024	
18016	0	34364	37266	31740	29132	
18017	0	34376	37288	31850	29240	
18018	0	34376	37280	31988	29356	
18019	0	34316	37256	32090	29404	
18020	0	34380	37304	32196	29508	
18021	0	34388	37305	32348	29629	
18022	0	34392	37290	32432	29708	
18023	0	34356	37260	32548	29842	
18024	0	34370	37256	32660	29898	
18025	0	34404	37250	32772	30032	
18026	0	34401	37292	32896	30084	
18027	0	34428	37289	32996	30177	
18028	0	34408	37248	33100	30272	
18029	0	34432	37249	33196	30344	
18030	0	34390	37250	33354	30432	
18031	0	34444	37257	33408	30520	
18032	0	34436	37258	33530	30610	
18033	0	34456	37232	33597	30704	
18034	0	34444	37276	33730	30817	
18035	0	34488	37264	33776	30886	
18036	0	34464	37280	33920	30978	
18037	0	34412	37192	33981	31012	
18038	0	34484	37284	34000	31072	
18039	0	34464	37277	34073	31196	
18040	0	34508	37284	34136	31272	
18041	0	34420	37252	34192	31281	
18042	0	34488	37244	34272	31332	
18043	0	34512	37197	34360	31396	
18044	0	34504	37224	34416	31456	
18045	0	34522	37178	34448	31548	
18046	0	34588	37226	34472	31560	
18047	0	34525	37213	34504	31613	
18048	0	34537	37212	34516	31652	
18049	0	34540	37244	34520	31694	
18050	0	34520	37236	34553	31741	
18051	0	34556	37240	34592	31812	
18052	0	34544	37276	34584	31837	
18053	0	34508	37248	34580	31860	
18054	0	34560	37256	34594	31890	
18055	0	34592	37194	34612	31965	
18056	0	34532	37200	34656	31913	
18057	0	34586	37218	34584	31989	
18058	0	34576	37232	34581	32025	
18059	0	34576	37168	34568	32004	
18060	0	34576	37190	34548	32012	
18061	0	34556	37220	34536	32044	
18062	0	34562	37220	34516	32056	
18063	0	34608	37228	34496	32056	
18064	0	34544	37220	34468	32097	
18065	0	34628	37208	34442	32108	
18066	0	34608	37189	34424	32072	
18067	0	34776	37540	34368	32060	
18068	0	34640	37192	34334	32056	
18069	0	34568	37192	34305	32072	
18070	0	34580	37217	34310	32108	
18071	0	34596	37196	34216	32040	
18072	0	34620	37184	34197	32068	
18073	0	34618	37200	34144	32024	
18074	0	34628	37252	34132	32040	
18075	0	34612	37240	34080	32092	
18076	0	34618	37242	34004	32000	
18077	0	34592	37184	33928	32000	
18078	0	34649	37161	33868	32024	
18079	0	34642	37115	33820	32004	
18080	0	34640	37162	33768	32004	
18081	0	34644	37216	33705	31968	
18082	0	34656	37224	33653	31944	
18083	0	34636	37237	33616	31962	
18084	0	34594	37238	33540	32001	
18085	0	34656	37216	33504	31978	
18086	0	34624	37188	33428	31912	
18087	0	34672	37200	33380	31904	
18088	0	34634	37164	33339	31968	
18089	0	34664	37188	33248	31912	
18090	0	34645	37152	33188	31904	
18091	0	34644	37172	33124	31884	
18092	0	34686	37232	33057	31880	
18093	0	34688	37193	33000	31870	
18094	0	34672	37168	32968	31860	
18095	0	34694	37164	32872	31928	
18096	0	34696	37160	32817	31852	
18097	0	34730	37140	32748	31921	
18098	0	34734	37172	32720	31852	
18099	0	34712	37168	32620	31862	
18100	0	34700	37168	32556	31820	
18101	0	34752	37185	32522	31840	
18102	0	34698	37145	32416	31802	
18103	0	34697	37204	32357	31816	
18104	0	34752	37152	32288	31796	
18105	0	34756	37156	32228	31808	
18106	0	34712	37157	32174	31808	
18107	0	34724	37164	32096	31880	
18108	0	34716	37184	32052	31803	
18109	0	34754	37210	31969	31787	
18110	0	34752	37176	31904	31780	
18111	0	34720	37176	31848	31794	
18112	0	34724	37144	31804	31788	
18113	0	34709	37164	31714	31780	
18114	0	34752	37108	31672	31810	
18115	0	34744	37120	31585	31836	
18116	0	34748	37130	31541	31860	
18117	0	34752	37160	31488	31832	
18118	0	34740	37168	31424	31833	
18119	0	34772	37196	31362	31837	
18120	0	34785	37184	31296	31824	
18121	0	34760	37161	31240	31786	
18122	0	34792	37132	31182	31785	
18123	0	34784	37161	31120	31800	
18124	0	34784	37141	31056	31808	
18125	0	34792	37174	31012	31829	
18126	0	34792	37184	30940	31872	
18127	0	34788	37146	30888	31840	
18128	0	34785	37160	30832	31928	
18129	0	34817	37148	30776	31901	
18130	0	34770	37144	30721	31914	
18131	0	34800	37152	30658	31865	
18132	0	34822	37136	30609	31856	
18133	0	34812	37157	30552	31901	
18134	0	34846	37156	30500	31916	
18135	0	34770	37140	30448	31884	
18136	0	34841	37172	30396	31884	
18137	0	34808	37148	30337	31924	
18138	0	34808	37144	30280	31900	
18139	0	34816	37136	30233	31944	
18140	0	34833	37152	30185	31962	
18141	0	34840	37136	30128	31930	
18142	0	34832	37152	30094	31922	
18143	0	34817	37168	30049	31940	
18144	0	34848	37153	29988	31998	
18145	0	34824	37176	29956	32024	
18146	0	34820	37184	29908	31922	
18147	0	34852	37144	29869	31936	
18148	0	34845	37148	29824	31933	
18149	0	34881	37136	29785	31932	
18150	0	34832	37113	29753	31932	
18151	0	34816	37124	29713	31920	
18152	0	34844	37120	29672	31970	
18153	0	34869	37148	29636	31940	
18154	0	34860	37116	29576	31920	
18155	0	34846	37136	29564	31904	
18156	0	34844	37128	29520	31970	
18157	0	34864	37161	29482	31936	
18158	0	34846	37132	29449	31904	
18159	0	34873	37128	29410	31948	
18160	0	34888	37116	29376	31954	
18161	0	34880	37080	29340	31884	
18162	0	34876	37061	29334	31864	
18163	0	34854	37080	29316	31836	
18164	0	34880	37112	29280	31825	
18165	0	34912	37148	29226	31841	
18166	0	34880	37150	29217	31812	
18167	0	34852	37120	29200	31800	
18168	0	34908	37121	29176	31792	
18169	0	34900	37101	29136	31836	
18170	0	34932	37096	29132	31834	
18171	0	34944	37075	29101	31802	
18172	0	34922	37077	29072	31838	
18173	0	34897	37072	29085	31768	
18174	0	34912	37088	29072	31744	
18175	0	34917	37096	29050	31744	
18176	0	34912	37140	29048	31792	
18177	0	34889	37148	29025	31778	
18178	0	34937	37112	29004	31745	
18179	0	34897	37096	29024	31740	
18180	0	34937	37064	29024	31792	
18181	0	34937	37049	29004	31732	
18182	0	34944	37048	29020	31754	
18183	0	34964	37032	29001	31768	
18184	0	34976	37068	29008	31693	
18185	0	34938	37094	28984	31716	
18186	0	34956	37140	28996	31770	
18187	0	34940	37136	28994	31668	
18188	0	34936	37112	29013	31676	
18189	0	34945	37065	29032	31700	
18190	0	34937	37018	29056	31640	
18191	0	34977	37028	29061	31632	
18192	0	34968	37033	29054	31673	
18193	0	34976	37028	29073	31624	
18194	0	34972	37034	29112	31645	
18195	0	34972	37060	29124	31612	
18196	0	34960	37080	29137	31696	
18197	0	34992	37072	29156	31593	
18198	0	34988	37076	29146	31593	
18199	0	34964	37049	29193	31608	
18200	0	34977	37040	29193	31584	
18201	0	34986	37014	29248	31560	
18202	0	34977	37048	29267	31553	
18203	0	35024	37052	29292	31544	
18204	0	35004	37048	29300	31608	
18205	0	35016	37028	29326	31528	
18206	0	35026	37058	29385	31588	
18207	0	34996	37037	29404	31504	
18208	0	34988	37064	29436	31549	
18209	0	35028	37062	29470	31504	
18210	0	35024	37060	29496	31554	
18211	0	35009	37036	29512	31484	
18212	0	35002	37036	29565	31499	
18213	0	35020	37049	29584	31520	
18214	0	35000	37014	29605	31468	
18215	0	35044	37024	29660	31466	
18216	0	35040	37028	29693	31461	
18217	0	35028	37040	29712	31520	
18218	0	35013	37072	29752	31464	
18219	0	35020	37064	29792	31492	
18220	0	35025	37048	29812	31528	
18221	0	35004	37020	29844	31489	
18222	0	35037	36996	29880	31549	
18223	0	35032	36985	29932	31470	
18224	0	35032	37012	29952	31482	
